<?xml version='1.0' encoding='utf-8'?>
<kml xmlns="http://www.opengis.net/kml/2.2">
  <Document>
    <name>Klang River Equipment (from Database)</name>
    <description>Exported from database on 2025-12-14 04:49</description>
    <Style id="boom_trap">
      <IconStyle>
        <color>ff356bff</color>
        <scale>0.8</scale>
        <Icon>
          <href>http://maps.google.com/mapfiles/kml/paddle/wht-blank.png</href>
        </Icon>
      </IconStyle>
      <LabelStyle>
        <scale>0</scale>
      </LabelStyle>
    </Style>
    <Style id="water_quality">
      <IconStyle>
        <color>ffc4cd4e</color>
        <scale>0.8</scale>
        <Icon>
          <href>http://maps.google.com/mapfiles/kml/paddle/wht-blank.png</href>
        </Icon>
      </IconStyle>
      <LabelStyle>
        <scale>0</scale>
      </LabelStyle>
    </Style>
    <Style id="biodiversity">
      <IconStyle>
        <color>ff00ff00</color>
        <scale>0.8</scale>
        <Icon>
          <href>http://maps.google.com/mapfiles/kml/paddle/wht-blank.png</href>
        </Icon>
      </IconStyle>
      <LabelStyle>
        <scale>0</scale>
      </LabelStyle>
    </Style>
    <Style id="wildlife_camera">
      <IconStyle>
        <color>ff00ff00</color>
        <scale>0.8</scale>
        <Icon>
          <href>http://maps.google.com/mapfiles/kml/paddle/wht-blank.png</href>
        </Icon>
      </IconStyle>
      <LabelStyle>
        <scale>0</scale>
      </LabelStyle>
    </Style>
    <Style id="biochar">
      <IconStyle>
        <color>ffd9ed99</color>
        <scale>0.8</scale>
        <Icon>
          <href>http://maps.google.com/mapfiles/kml/paddle/wht-blank.png</href>
        </Icon>
      </IconStyle>
      <LabelStyle>
        <scale>0</scale>
      </LabelStyle>
    </Style>
    <Style id="mrf">
      <IconStyle>
        <color>ffccbfff</color>
        <scale>0.8</scale>
        <Icon>
          <href>http://maps.google.com/mapfiles/kml/paddle/wht-blank.png</href>
        </Icon>
      </IconStyle>
      <LabelStyle>
        <scale>0</scale>
      </LabelStyle>
    </Style>
    <Style id="pollutant_sensor">
      <IconStyle>
        <color>ffd796ab</color>
        <scale>0.8</scale>
        <Icon>
          <href>http://maps.google.com/mapfiles/kml/paddle/wht-blank.png</href>
        </Icon>
      </IconStyle>
      <LabelStyle>
        <scale>0</scale>
      </LabelStyle>
    </Style>
    <Style id="flood_monitor">
      <IconStyle>
        <color>ffd59d5d</color>
        <scale>0.8</scale>
        <Icon>
          <href>http://maps.google.com/mapfiles/kml/paddle/wht-blank.png</href>
        </Icon>
      </IconStyle>
      <LabelStyle>
        <scale>0</scale>
      </LabelStyle>
    </Style>
    <Style id="mangrove_islet">
      <IconStyle>
        <color>ff5ec522</color>
        <scale>0.8</scale>
        <Icon>
          <href>http://maps.google.com/mapfiles/kml/paddle/wht-blank.png</href>
        </Icon>
      </IconStyle>
      <LabelStyle>
        <scale>0</scale>
      </LabelStyle>
    </Style>
    <Placemark>
      <name />
      <styleUrl>#biochar</styleUrl>
      <description>&lt;![CDATA[
&lt;div style="font-family: Arial, sans-serif; width: 350px; padding: 15px;"&gt;
    &lt;h2 style="color: #2c5364; margin: 0 0 15px 0; font-size: 20px; border-bottom: 2px solid #4fc3f7; padding-bottom: 10px;"&gt;
        BIOCHAR_001
    &lt;/h2&gt;
    &lt;table style="width: 100%; border-collapse: collapse; margin-bottom: 15px;"&gt;
        &lt;tr style="background: #f0f0f0;"&gt;
            &lt;td style="padding: 10px; font-weight: bold; width: 40%;"&gt;Type:&lt;/td&gt;
            &lt;td style="padding: 10px;"&gt;Biochar Filter&lt;/td&gt;
        &lt;/tr&gt;
        &lt;tr&gt;
            &lt;td style="padding: 10px; font-weight: bold;"&gt;Location:&lt;/td&gt;
            &lt;td style="padding: 10px; font-size: 12px;"&gt;3.044871°N&lt;br&gt;101.489124°E&lt;/td&gt;
        &lt;/tr&gt;
    &lt;/table&gt;
    
&lt;div style="background: #f8f9fa; padding: 15px; border-radius: 8px; margin-top: 10px;"&gt;
    &lt;h3 style="color: #2c5364; margin: 0 0 15px 0; font-size: 16px;"&gt;📊 Active Sensors (8)&lt;/h3&gt;
    &lt;table style="width: 100%; border-collapse: collapse;"&gt;

        &lt;tr style="background: #ffffff;"&gt;
            &lt;td style="padding: 10px; vertical-align: top;"&gt;
                &lt;div style="font-weight: bold; margin-bottom: 5px;"&gt;
                    Conductivity &lt;span style="font-size: 14px;"&gt;↗️ &lt;span style="color: #666; font-size: 11px;"&gt;+33%&lt;/span&gt;&lt;/span&gt;
                &lt;/div&gt;
                &lt;div style="background: #ddd; border-radius: 10px; height: 8px; overflow: hidden;"&gt;
                    &lt;div style="background: #2196f3; height: 100%; width: 100%; transition: width 0.3s;"&gt;&lt;/div&gt;
                &lt;/div&gt;
                &lt;div style="font-size: 10px; color: #999; margin-top: 3px;"&gt;7d avg: 489.08 μS/cm&lt;/div&gt;
            &lt;/td&gt;
            &lt;td style="padding: 10px; text-align: right; vertical-align: top;"&gt;
                &lt;span style="color: #2196f3; font-size: 18px; font-weight: bold;"&gt;652.11&lt;/span&gt;
                &lt;span style="color: #666; font-size: 12px; display: block; margin-top: 2px;"&gt;μS/cm&lt;/span&gt;
            &lt;/td&gt;
        &lt;/tr&gt;

        &lt;tr style="background: #f0f0f0;"&gt;
            &lt;td style="padding: 10px; vertical-align: top;"&gt;
                &lt;div style="font-weight: bold; margin-bottom: 5px;"&gt;
                    Depth Gauge &lt;span style="font-size: 14px;"&gt;→ &lt;span style="color: #666; font-size: 11px;"&gt;stable&lt;/span&gt;&lt;/span&gt;
                &lt;/div&gt;
                &lt;div style="background: #ddd; border-radius: 10px; height: 8px; overflow: hidden;"&gt;
                    &lt;div style="background: #2196f3; height: 100%; width: 4.389630502061587%; transition: width 0.3s;"&gt;&lt;/div&gt;
                &lt;/div&gt;
                &lt;div style="font-size: 10px; color: #999; margin-top: 3px;"&gt;7d avg: 4.40 m&lt;/div&gt;
            &lt;/td&gt;
            &lt;td style="padding: 10px; text-align: right; vertical-align: top;"&gt;
                &lt;span style="color: #2196f3; font-size: 18px; font-weight: bold;"&gt;4.39&lt;/span&gt;
                &lt;span style="color: #666; font-size: 12px; display: block; margin-top: 2px;"&gt;m&lt;/span&gt;
            &lt;/td&gt;
        &lt;/tr&gt;

        &lt;tr style="background: #ffffff;"&gt;
            &lt;td style="padding: 10px; vertical-align: top;"&gt;
                &lt;div style="font-weight: bold; margin-bottom: 5px;"&gt;
                    Dissolved Oxygen &lt;span style="font-size: 14px;"&gt;→ &lt;span style="color: #666; font-size: 11px;"&gt;stable&lt;/span&gt;&lt;/span&gt;
                &lt;/div&gt;
                &lt;div style="background: #ddd; border-radius: 10px; height: 8px; overflow: hidden;"&gt;
                    &lt;div style="background: #2196f3; height: 100%; width: 12.093550917634554%; transition: width 0.3s;"&gt;&lt;/div&gt;
                &lt;/div&gt;
                &lt;div style="font-size: 10px; color: #999; margin-top: 3px;"&gt;7d avg: 12.09 mg/L&lt;/div&gt;
            &lt;/td&gt;
            &lt;td style="padding: 10px; text-align: right; vertical-align: top;"&gt;
                &lt;span style="color: #2196f3; font-size: 18px; font-weight: bold;"&gt;12.09&lt;/span&gt;
                &lt;span style="color: #666; font-size: 12px; display: block; margin-top: 2px;"&gt;mg/L&lt;/span&gt;
            &lt;/td&gt;
        &lt;/tr&gt;

        &lt;tr style="background: #f0f0f0;"&gt;
            &lt;td style="padding: 10px; vertical-align: top;"&gt;
                &lt;div style="font-weight: bold; margin-bottom: 5px;"&gt;
                    Flow Meter &lt;span style="font-size: 14px;"&gt;↗️ &lt;span style="color: #666; font-size: 11px;"&gt;+11%&lt;/span&gt;&lt;/span&gt;
                &lt;/div&gt;
                &lt;div style="background: #ddd; border-radius: 10px; height: 8px; overflow: hidden;"&gt;
                    &lt;div style="background: #2196f3; height: 100%; width: 2.014072359960154%; transition: width 0.3s;"&gt;&lt;/div&gt;
                &lt;/div&gt;
                &lt;div style="font-size: 10px; color: #999; margin-top: 3px;"&gt;7d avg: 1.81 m3/s&lt;/div&gt;
            &lt;/td&gt;
            &lt;td style="padding: 10px; text-align: right; vertical-align: top;"&gt;
                &lt;span style="color: #2196f3; font-size: 18px; font-weight: bold;"&gt;2.01&lt;/span&gt;
                &lt;span style="color: #666; font-size: 12px; display: block; margin-top: 2px;"&gt;m3/s&lt;/span&gt;
            &lt;/td&gt;
        &lt;/tr&gt;

        &lt;tr style="background: #ffffff;"&gt;
            &lt;td style="padding: 10px; vertical-align: top;"&gt;
                &lt;div style="font-weight: bold; margin-bottom: 5px;"&gt;
                    Ph Sensor &lt;span style="font-size: 14px;"&gt;↘️ &lt;span style="color: #666; font-size: 11px;"&gt;-6%&lt;/span&gt;&lt;/span&gt;
                &lt;/div&gt;
                &lt;div style="background: #ddd; border-radius: 10px; height: 8px; overflow: hidden;"&gt;
                    &lt;div style="background: #2196f3; height: 100%; width: 4.557474238974402%; transition: width 0.3s;"&gt;&lt;/div&gt;
                &lt;/div&gt;
                &lt;div style="font-size: 10px; color: #999; margin-top: 3px;"&gt;7d avg: 4.85 pH&lt;/div&gt;
            &lt;/td&gt;
            &lt;td style="padding: 10px; text-align: right; vertical-align: top;"&gt;
                &lt;span style="color: #2196f3; font-size: 18px; font-weight: bold;"&gt;4.56&lt;/span&gt;
                &lt;span style="color: #666; font-size: 12px; display: block; margin-top: 2px;"&gt;pH&lt;/span&gt;
            &lt;/td&gt;
        &lt;/tr&gt;

        &lt;tr style="background: #f0f0f0;"&gt;
            &lt;td style="padding: 10px; vertical-align: top;"&gt;
                &lt;div style="font-weight: bold; margin-bottom: 5px;"&gt;
                    Temperature &lt;span style="font-size: 14px;"&gt;→ &lt;span style="color: #666; font-size: 11px;"&gt;stable&lt;/span&gt;&lt;/span&gt;
                &lt;/div&gt;
                &lt;div style="background: #ddd; border-radius: 10px; height: 8px; overflow: hidden;"&gt;
                    &lt;div style="background: #2196f3; height: 100%; width: 16.865022407628707%; transition: width 0.3s;"&gt;&lt;/div&gt;
                &lt;/div&gt;
                &lt;div style="font-size: 10px; color: #999; margin-top: 3px;"&gt;7d avg: 17.22 °C&lt;/div&gt;
            &lt;/td&gt;
            &lt;td style="padding: 10px; text-align: right; vertical-align: top;"&gt;
                &lt;span style="color: #2196f3; font-size: 18px; font-weight: bold;"&gt;16.87&lt;/span&gt;
                &lt;span style="color: #666; font-size: 12px; display: block; margin-top: 2px;"&gt;°C&lt;/span&gt;
            &lt;/td&gt;
        &lt;/tr&gt;

        &lt;tr style="background: #ffffff;"&gt;
            &lt;td style="padding: 10px; vertical-align: top;"&gt;
                &lt;div style="font-weight: bold; margin-bottom: 5px;"&gt;
                    Turbidity &lt;span style="font-size: 14px;"&gt;↗️ &lt;span style="color: #666; font-size: 11px;"&gt;+33%&lt;/span&gt;&lt;/span&gt;
                &lt;/div&gt;
                &lt;div style="background: #ddd; border-radius: 10px; height: 8px; overflow: hidden;"&gt;
                    &lt;div style="background: #2196f3; height: 100%; width: 94.34812446282058%; transition: width 0.3s;"&gt;&lt;/div&gt;
                &lt;/div&gt;
                &lt;div style="font-size: 10px; color: #999; margin-top: 3px;"&gt;7d avg: 70.76 NTU&lt;/div&gt;
            &lt;/td&gt;
            &lt;td style="padding: 10px; text-align: right; vertical-align: top;"&gt;
                &lt;span style="color: #2196f3; font-size: 18px; font-weight: bold;"&gt;94.35&lt;/span&gt;
                &lt;span style="color: #666; font-size: 12px; display: block; margin-top: 2px;"&gt;NTU&lt;/span&gt;
            &lt;/td&gt;
        &lt;/tr&gt;

        &lt;tr style="background: #f0f0f0;"&gt;
            &lt;td style="padding: 10px; vertical-align: top;"&gt;
                &lt;div style="font-weight: bold; margin-bottom: 5px;"&gt;
                    Water Quality &lt;span style="font-size: 14px;"&gt;↘️ &lt;span style="color: #666; font-size: 11px;"&gt;-5%&lt;/span&gt;&lt;/span&gt;
                &lt;/div&gt;
                &lt;div style="background: #ddd; border-radius: 10px; height: 8px; overflow: hidden;"&gt;
                    &lt;div style="background: #2196f3; height: 100%; width: 5.890469908576522%; transition: width 0.3s;"&gt;&lt;/div&gt;
                &lt;/div&gt;
                &lt;div style="font-size: 10px; color: #999; margin-top: 3px;"&gt;7d avg: 6.21 index&lt;/div&gt;
            &lt;/td&gt;
            &lt;td style="padding: 10px; text-align: right; vertical-align: top;"&gt;
                &lt;span style="color: #2196f3; font-size: 18px; font-weight: bold;"&gt;5.89&lt;/span&gt;
                &lt;span style="color: #666; font-size: 12px; display: block; margin-top: 2px;"&gt;index&lt;/span&gt;
            &lt;/td&gt;
        &lt;/tr&gt;

    &lt;/table&gt;
&lt;/div&gt;
&lt;/div&gt;]]&gt;</description>
      <Point>
        <coordinates>101.48912372,3.04487088,0</coordinates>
      </Point>
    </Placemark>
    <Placemark>
      <name />
      <styleUrl>#biochar</styleUrl>
      <description>&lt;![CDATA[
&lt;div style="font-family: Arial, sans-serif; width: 350px; padding: 15px;"&gt;
    &lt;h2 style="color: #2c5364; margin: 0 0 15px 0; font-size: 20px; border-bottom: 2px solid #4fc3f7; padding-bottom: 10px;"&gt;
        BIOCHAR_002
    &lt;/h2&gt;
    &lt;table style="width: 100%; border-collapse: collapse; margin-bottom: 15px;"&gt;
        &lt;tr style="background: #f0f0f0;"&gt;
            &lt;td style="padding: 10px; font-weight: bold; width: 40%;"&gt;Type:&lt;/td&gt;
            &lt;td style="padding: 10px;"&gt;Biochar Filter&lt;/td&gt;
        &lt;/tr&gt;
        &lt;tr&gt;
            &lt;td style="padding: 10px; font-weight: bold;"&gt;Location:&lt;/td&gt;
            &lt;td style="padding: 10px; font-size: 12px;"&gt;3.081402°N&lt;br&gt;101.664616°E&lt;/td&gt;
        &lt;/tr&gt;
    &lt;/table&gt;
    
&lt;div style="background: #f8f9fa; padding: 15px; border-radius: 8px; margin-top: 10px;"&gt;
    &lt;h3 style="color: #2c5364; margin: 0 0 15px 0; font-size: 16px;"&gt;📊 Active Sensors (8)&lt;/h3&gt;
    &lt;table style="width: 100%; border-collapse: collapse;"&gt;

        &lt;tr style="background: #ffffff;"&gt;
            &lt;td style="padding: 10px; vertical-align: top;"&gt;
                &lt;div style="font-weight: bold; margin-bottom: 5px;"&gt;
                    Conductivity &lt;span style="font-size: 14px;"&gt;↗️ &lt;span style="color: #666; font-size: 11px;"&gt;+33%&lt;/span&gt;&lt;/span&gt;
                &lt;/div&gt;
                &lt;div style="background: #ddd; border-radius: 10px; height: 8px; overflow: hidden;"&gt;
                    &lt;div style="background: #2196f3; height: 100%; width: 100%; transition: width 0.3s;"&gt;&lt;/div&gt;
                &lt;/div&gt;
                &lt;div style="font-size: 10px; color: #999; margin-top: 3px;"&gt;7d avg: 668.94 μS/cm&lt;/div&gt;
            &lt;/td&gt;
            &lt;td style="padding: 10px; text-align: right; vertical-align: top;"&gt;
                &lt;span style="color: #2196f3; font-size: 18px; font-weight: bold;"&gt;891.92&lt;/span&gt;
                &lt;span style="color: #666; font-size: 12px; display: block; margin-top: 2px;"&gt;μS/cm&lt;/span&gt;
            &lt;/td&gt;
        &lt;/tr&gt;

        &lt;tr style="background: #f0f0f0;"&gt;
            &lt;td style="padding: 10px; vertical-align: top;"&gt;
                &lt;div style="font-weight: bold; margin-bottom: 5px;"&gt;
                    Depth Gauge &lt;span style="font-size: 14px;"&gt;→ &lt;span style="color: #666; font-size: 11px;"&gt;stable&lt;/span&gt;&lt;/span&gt;
                &lt;/div&gt;
                &lt;div style="background: #ddd; border-radius: 10px; height: 8px; overflow: hidden;"&gt;
                    &lt;div style="background: #2196f3; height: 100%; width: 5.84810142517481%; transition: width 0.3s;"&gt;&lt;/div&gt;
                &lt;/div&gt;
                &lt;div style="font-size: 10px; color: #999; margin-top: 3px;"&gt;7d avg: 5.89 m&lt;/div&gt;
            &lt;/td&gt;
            &lt;td style="padding: 10px; text-align: right; vertical-align: top;"&gt;
                &lt;span style="color: #2196f3; font-size: 18px; font-weight: bold;"&gt;5.85&lt;/span&gt;
                &lt;span style="color: #666; font-size: 12px; display: block; margin-top: 2px;"&gt;m&lt;/span&gt;
            &lt;/td&gt;
        &lt;/tr&gt;

        &lt;tr style="background: #ffffff;"&gt;
            &lt;td style="padding: 10px; vertical-align: top;"&gt;
                &lt;div style="font-weight: bold; margin-bottom: 5px;"&gt;
                    Dissolved Oxygen &lt;span style="font-size: 14px;"&gt;↘️ &lt;span style="color: #666; font-size: 11px;"&gt;-5%&lt;/span&gt;&lt;/span&gt;
                &lt;/div&gt;
                &lt;div style="background: #ddd; border-radius: 10px; height: 8px; overflow: hidden;"&gt;
                    &lt;div style="background: #2196f3; height: 100%; width: 5.299687682215286%; transition: width 0.3s;"&gt;&lt;/div&gt;
                &lt;/div&gt;
                &lt;div style="font-size: 10px; color: #999; margin-top: 3px;"&gt;7d avg: 5.59 mg/L&lt;/div&gt;
            &lt;/td&gt;
            &lt;td style="padding: 10px; text-align: right; vertical-align: top;"&gt;
                &lt;span style="color: #2196f3; font-size: 18px; font-weight: bold;"&gt;5.30&lt;/span&gt;
                &lt;span style="color: #666; font-size: 12px; display: block; margin-top: 2px;"&gt;mg/L&lt;/span&gt;
            &lt;/td&gt;
        &lt;/tr&gt;

        &lt;tr style="background: #f0f0f0;"&gt;
            &lt;td style="padding: 10px; vertical-align: top;"&gt;
                &lt;div style="font-weight: bold; margin-bottom: 5px;"&gt;
                    Flow Meter &lt;span style="font-size: 14px;"&gt;→ &lt;span style="color: #666; font-size: 11px;"&gt;stable&lt;/span&gt;&lt;/span&gt;
                &lt;/div&gt;
                &lt;div style="background: #ddd; border-radius: 10px; height: 8px; overflow: hidden;"&gt;
                    &lt;div style="background: #2196f3; height: 100%; width: 2.8073088952282585%; transition: width 0.3s;"&gt;&lt;/div&gt;
                &lt;/div&gt;
                &lt;div style="font-size: 10px; color: #999; margin-top: 3px;"&gt;7d avg: 2.76 m3/s&lt;/div&gt;
            &lt;/td&gt;
            &lt;td style="padding: 10px; text-align: right; vertical-align: top;"&gt;
                &lt;span style="color: #2196f3; font-size: 18px; font-weight: bold;"&gt;2.81&lt;/span&gt;
                &lt;span style="color: #666; font-size: 12px; display: block; margin-top: 2px;"&gt;m3/s&lt;/span&gt;
            &lt;/td&gt;
        &lt;/tr&gt;

        &lt;tr style="background: #ffffff;"&gt;
            &lt;td style="padding: 10px; vertical-align: top;"&gt;
                &lt;div style="font-weight: bold; margin-bottom: 5px;"&gt;
                    Ph Sensor &lt;span style="font-size: 14px;"&gt;↗️ &lt;span style="color: #666; font-size: 11px;"&gt;+6%&lt;/span&gt;&lt;/span&gt;
                &lt;/div&gt;
                &lt;div style="background: #ddd; border-radius: 10px; height: 8px; overflow: hidden;"&gt;
                    &lt;div style="background: #2196f3; height: 100%; width: 9.302583272382492%; transition: width 0.3s;"&gt;&lt;/div&gt;
                &lt;/div&gt;
                &lt;div style="font-size: 10px; color: #999; margin-top: 3px;"&gt;7d avg: 8.80 pH&lt;/div&gt;
            &lt;/td&gt;
            &lt;td style="padding: 10px; text-align: right; vertical-align: top;"&gt;
                &lt;span style="color: #2196f3; font-size: 18px; font-weight: bold;"&gt;9.30&lt;/span&gt;
                &lt;span style="color: #666; font-size: 12px; display: block; margin-top: 2px;"&gt;pH&lt;/span&gt;
            &lt;/td&gt;
        &lt;/tr&gt;

        &lt;tr style="background: #f0f0f0;"&gt;
            &lt;td style="padding: 10px; vertical-align: top;"&gt;
                &lt;div style="font-weight: bold; margin-bottom: 5px;"&gt;
                    Temperature &lt;span style="font-size: 14px;"&gt;→ &lt;span style="color: #666; font-size: 11px;"&gt;stable&lt;/span&gt;&lt;/span&gt;
                &lt;/div&gt;
                &lt;div style="background: #ddd; border-radius: 10px; height: 8px; overflow: hidden;"&gt;
                    &lt;div style="background: #2196f3; height: 100%; width: 32.17341975389882%; transition: width 0.3s;"&gt;&lt;/div&gt;
                &lt;/div&gt;
                &lt;div style="font-size: 10px; color: #999; margin-top: 3px;"&gt;7d avg: 32.60 °C&lt;/div&gt;
            &lt;/td&gt;
            &lt;td style="padding: 10px; text-align: right; vertical-align: top;"&gt;
                &lt;span style="color: #2196f3; font-size: 18px; font-weight: bold;"&gt;32.17&lt;/span&gt;
                &lt;span style="color: #666; font-size: 12px; display: block; margin-top: 2px;"&gt;°C&lt;/span&gt;
            &lt;/td&gt;
        &lt;/tr&gt;

        &lt;tr style="background: #ffffff;"&gt;
            &lt;td style="padding: 10px; vertical-align: top;"&gt;
                &lt;div style="font-weight: bold; margin-bottom: 5px;"&gt;
                    Turbidity &lt;span style="font-size: 14px;"&gt;↗️ &lt;span style="color: #666; font-size: 11px;"&gt;+33%&lt;/span&gt;&lt;/span&gt;
                &lt;/div&gt;
                &lt;div style="background: #ddd; border-radius: 10px; height: 8px; overflow: hidden;"&gt;
                    &lt;div style="background: #2196f3; height: 100%; width: 97.68743761608141%; transition: width 0.3s;"&gt;&lt;/div&gt;
                &lt;/div&gt;
                &lt;div style="font-size: 10px; color: #999; margin-top: 3px;"&gt;7d avg: 73.27 NTU&lt;/div&gt;
            &lt;/td&gt;
            &lt;td style="padding: 10px; text-align: right; vertical-align: top;"&gt;
                &lt;span style="color: #2196f3; font-size: 18px; font-weight: bold;"&gt;97.69&lt;/span&gt;
                &lt;span style="color: #666; font-size: 12px; display: block; margin-top: 2px;"&gt;NTU&lt;/span&gt;
            &lt;/td&gt;
        &lt;/tr&gt;

        &lt;tr style="background: #f0f0f0;"&gt;
            &lt;td style="padding: 10px; vertical-align: top;"&gt;
                &lt;div style="font-weight: bold; margin-bottom: 5px;"&gt;
                    Water Quality &lt;span style="font-size: 14px;"&gt;→ &lt;span style="color: #666; font-size: 11px;"&gt;stable&lt;/span&gt;&lt;/span&gt;
                &lt;/div&gt;
                &lt;div style="background: #ddd; border-radius: 10px; height: 8px; overflow: hidden;"&gt;
                    &lt;div style="background: #2196f3; height: 100%; width: 4.282375451378007%; transition: width 0.3s;"&gt;&lt;/div&gt;
                &lt;/div&gt;
                &lt;div style="font-size: 10px; color: #999; margin-top: 3px;"&gt;7d avg: 4.32 index&lt;/div&gt;
            &lt;/td&gt;
            &lt;td style="padding: 10px; text-align: right; vertical-align: top;"&gt;
                &lt;span style="color: #2196f3; font-size: 18px; font-weight: bold;"&gt;4.28&lt;/span&gt;
                &lt;span style="color: #666; font-size: 12px; display: block; margin-top: 2px;"&gt;index&lt;/span&gt;
            &lt;/td&gt;
        &lt;/tr&gt;

    &lt;/table&gt;
&lt;/div&gt;
&lt;/div&gt;]]&gt;</description>
      <Point>
        <coordinates>101.66461599,3.08140172,0</coordinates>
      </Point>
    </Placemark>
    <Placemark>
      <name />
      <styleUrl>#biochar</styleUrl>
      <description>&lt;![CDATA[
&lt;div style="font-family: Arial, sans-serif; width: 350px; padding: 15px;"&gt;
    &lt;h2 style="color: #2c5364; margin: 0 0 15px 0; font-size: 20px; border-bottom: 2px solid #4fc3f7; padding-bottom: 10px;"&gt;
        BIOCHAR_003
    &lt;/h2&gt;
    &lt;table style="width: 100%; border-collapse: collapse; margin-bottom: 15px;"&gt;
        &lt;tr style="background: #f0f0f0;"&gt;
            &lt;td style="padding: 10px; font-weight: bold; width: 40%;"&gt;Type:&lt;/td&gt;
            &lt;td style="padding: 10px;"&gt;Biochar Filter&lt;/td&gt;
        &lt;/tr&gt;
        &lt;tr&gt;
            &lt;td style="padding: 10px; font-weight: bold;"&gt;Location:&lt;/td&gt;
            &lt;td style="padding: 10px; font-size: 12px;"&gt;3.223809°N&lt;br&gt;101.750874°E&lt;/td&gt;
        &lt;/tr&gt;
    &lt;/table&gt;
    
&lt;div style="background: #f8f9fa; padding: 15px; border-radius: 8px; margin-top: 10px;"&gt;
    &lt;h3 style="color: #2c5364; margin: 0 0 15px 0; font-size: 16px;"&gt;📊 Active Sensors (8)&lt;/h3&gt;
    &lt;table style="width: 100%; border-collapse: collapse;"&gt;

        &lt;tr style="background: #ffffff;"&gt;
            &lt;td style="padding: 10px; vertical-align: top;"&gt;
                &lt;div style="font-weight: bold; margin-bottom: 5px;"&gt;
                    Conductivity &lt;span style="font-size: 14px;"&gt;↗️ &lt;span style="color: #666; font-size: 11px;"&gt;+33%&lt;/span&gt;&lt;/span&gt;
                &lt;/div&gt;
                &lt;div style="background: #ddd; border-radius: 10px; height: 8px; overflow: hidden;"&gt;
                    &lt;div style="background: #2196f3; height: 100%; width: 100%; transition: width 0.3s;"&gt;&lt;/div&gt;
                &lt;/div&gt;
                &lt;div style="font-size: 10px; color: #999; margin-top: 3px;"&gt;7d avg: 720.43 μS/cm&lt;/div&gt;
            &lt;/td&gt;
            &lt;td style="padding: 10px; text-align: right; vertical-align: top;"&gt;
                &lt;span style="color: #2196f3; font-size: 18px; font-weight: bold;"&gt;960.57&lt;/span&gt;
                &lt;span style="color: #666; font-size: 12px; display: block; margin-top: 2px;"&gt;μS/cm&lt;/span&gt;
            &lt;/td&gt;
        &lt;/tr&gt;

        &lt;tr style="background: #f0f0f0;"&gt;
            &lt;td style="padding: 10px; vertical-align: top;"&gt;
                &lt;div style="font-weight: bold; margin-bottom: 5px;"&gt;
                    Depth Gauge &lt;span style="font-size: 14px;"&gt;→ &lt;span style="color: #666; font-size: 11px;"&gt;stable&lt;/span&gt;&lt;/span&gt;
                &lt;/div&gt;
                &lt;div style="background: #ddd; border-radius: 10px; height: 8px; overflow: hidden;"&gt;
                    &lt;div style="background: #2196f3; height: 100%; width: 2.1441908826465723%; transition: width 0.3s;"&gt;&lt;/div&gt;
                &lt;/div&gt;
                &lt;div style="font-size: 10px; color: #999; margin-top: 3px;"&gt;7d avg: 2.08 m&lt;/div&gt;
            &lt;/td&gt;
            &lt;td style="padding: 10px; text-align: right; vertical-align: top;"&gt;
                &lt;span style="color: #2196f3; font-size: 18px; font-weight: bold;"&gt;2.14&lt;/span&gt;
                &lt;span style="color: #666; font-size: 12px; display: block; margin-top: 2px;"&gt;m&lt;/span&gt;
            &lt;/td&gt;
        &lt;/tr&gt;

        &lt;tr style="background: #ffffff;"&gt;
            &lt;td style="padding: 10px; vertical-align: top;"&gt;
                &lt;div style="font-weight: bold; margin-bottom: 5px;"&gt;
                    Dissolved Oxygen &lt;span style="font-size: 14px;"&gt;↗️ &lt;span style="color: #666; font-size: 11px;"&gt;+8%&lt;/span&gt;&lt;/span&gt;
                &lt;/div&gt;
                &lt;div style="background: #ddd; border-radius: 10px; height: 8px; overflow: hidden;"&gt;
                    &lt;div style="background: #2196f3; height: 100%; width: 12.632671151490882%; transition: width 0.3s;"&gt;&lt;/div&gt;
                &lt;/div&gt;
                &lt;div style="font-size: 10px; color: #999; margin-top: 3px;"&gt;7d avg: 11.66 mg/L&lt;/div&gt;
            &lt;/td&gt;
            &lt;td style="padding: 10px; text-align: right; vertical-align: top;"&gt;
                &lt;span style="color: #2196f3; font-size: 18px; font-weight: bold;"&gt;12.63&lt;/span&gt;
                &lt;span style="color: #666; font-size: 12px; display: block; margin-top: 2px;"&gt;mg/L&lt;/span&gt;
            &lt;/td&gt;
        &lt;/tr&gt;

        &lt;tr style="background: #f0f0f0;"&gt;
            &lt;td style="padding: 10px; vertical-align: top;"&gt;
                &lt;div style="font-weight: bold; margin-bottom: 5px;"&gt;
                    Flow Meter &lt;span style="font-size: 14px;"&gt;→ &lt;span style="color: #666; font-size: 11px;"&gt;stable&lt;/span&gt;&lt;/span&gt;
                &lt;/div&gt;
                &lt;div style="background: #ddd; border-radius: 10px; height: 8px; overflow: hidden;"&gt;
                    &lt;div style="background: #2196f3; height: 100%; width: 2.006929469137969%; transition: width 0.3s;"&gt;&lt;/div&gt;
                &lt;/div&gt;
                &lt;div style="font-size: 10px; color: #999; margin-top: 3px;"&gt;7d avg: 1.99 m3/s&lt;/div&gt;
            &lt;/td&gt;
            &lt;td style="padding: 10px; text-align: right; vertical-align: top;"&gt;
                &lt;span style="color: #2196f3; font-size: 18px; font-weight: bold;"&gt;2.01&lt;/span&gt;
                &lt;span style="color: #666; font-size: 12px; display: block; margin-top: 2px;"&gt;m3/s&lt;/span&gt;
            &lt;/td&gt;
        &lt;/tr&gt;

        &lt;tr style="background: #ffffff;"&gt;
            &lt;td style="padding: 10px; vertical-align: top;"&gt;
                &lt;div style="font-weight: bold; margin-bottom: 5px;"&gt;
                    Ph Sensor &lt;span style="font-size: 14px;"&gt;→ &lt;span style="color: #666; font-size: 11px;"&gt;stable&lt;/span&gt;&lt;/span&gt;
                &lt;/div&gt;
                &lt;div style="background: #ddd; border-radius: 10px; height: 8px; overflow: hidden;"&gt;
                    &lt;div style="background: #2196f3; height: 100%; width: 11.323530206051537%; transition: width 0.3s;"&gt;&lt;/div&gt;
                &lt;/div&gt;
                &lt;div style="font-size: 10px; color: #999; margin-top: 3px;"&gt;7d avg: 11.21 pH&lt;/div&gt;
            &lt;/td&gt;
            &lt;td style="padding: 10px; text-align: right; vertical-align: top;"&gt;
                &lt;span style="color: #2196f3; font-size: 18px; font-weight: bold;"&gt;11.32&lt;/span&gt;
                &lt;span style="color: #666; font-size: 12px; display: block; margin-top: 2px;"&gt;pH&lt;/span&gt;
            &lt;/td&gt;
        &lt;/tr&gt;

        &lt;tr style="background: #f0f0f0;"&gt;
            &lt;td style="padding: 10px; vertical-align: top;"&gt;
                &lt;div style="font-weight: bold; margin-bottom: 5px;"&gt;
                    Temperature &lt;span style="font-size: 14px;"&gt;→ &lt;span style="color: #666; font-size: 11px;"&gt;stable&lt;/span&gt;&lt;/span&gt;
                &lt;/div&gt;
                &lt;div style="background: #ddd; border-radius: 10px; height: 8px; overflow: hidden;"&gt;
                    &lt;div style="background: #2196f3; height: 100%; width: 19.475339003229582%; transition: width 0.3s;"&gt;&lt;/div&gt;
                &lt;/div&gt;
                &lt;div style="font-size: 10px; color: #999; margin-top: 3px;"&gt;7d avg: 19.20 °C&lt;/div&gt;
            &lt;/td&gt;
            &lt;td style="padding: 10px; text-align: right; vertical-align: top;"&gt;
                &lt;span style="color: #2196f3; font-size: 18px; font-weight: bold;"&gt;19.48&lt;/span&gt;
                &lt;span style="color: #666; font-size: 12px; display: block; margin-top: 2px;"&gt;°C&lt;/span&gt;
            &lt;/td&gt;
        &lt;/tr&gt;

        &lt;tr style="background: #ffffff;"&gt;
            &lt;td style="padding: 10px; vertical-align: top;"&gt;
                &lt;div style="font-weight: bold; margin-bottom: 5px;"&gt;
                    Turbidity &lt;span style="font-size: 14px;"&gt;↗️ &lt;span style="color: #666; font-size: 11px;"&gt;+33%&lt;/span&gt;&lt;/span&gt;
                &lt;/div&gt;
                &lt;div style="background: #ddd; border-radius: 10px; height: 8px; overflow: hidden;"&gt;
                    &lt;div style="background: #2196f3; height: 100%; width: 87.76270063425878%; transition: width 0.3s;"&gt;&lt;/div&gt;
                &lt;/div&gt;
                &lt;div style="font-size: 10px; color: #999; margin-top: 3px;"&gt;7d avg: 65.82 NTU&lt;/div&gt;
            &lt;/td&gt;
            &lt;td style="padding: 10px; text-align: right; vertical-align: top;"&gt;
                &lt;span style="color: #2196f3; font-size: 18px; font-weight: bold;"&gt;87.76&lt;/span&gt;
                &lt;span style="color: #666; font-size: 12px; display: block; margin-top: 2px;"&gt;NTU&lt;/span&gt;
            &lt;/td&gt;
        &lt;/tr&gt;

        &lt;tr style="background: #f0f0f0;"&gt;
            &lt;td style="padding: 10px; vertical-align: top;"&gt;
                &lt;div style="font-weight: bold; margin-bottom: 5px;"&gt;
                    Water Quality &lt;span style="font-size: 14px;"&gt;→ &lt;span style="color: #666; font-size: 11px;"&gt;stable&lt;/span&gt;&lt;/span&gt;
                &lt;/div&gt;
                &lt;div style="background: #ddd; border-radius: 10px; height: 8px; overflow: hidden;"&gt;
                    &lt;div style="background: #2196f3; height: 100%; width: 6.502788039098721%; transition: width 0.3s;"&gt;&lt;/div&gt;
                &lt;/div&gt;
                &lt;div style="font-size: 10px; color: #999; margin-top: 3px;"&gt;7d avg: 6.55 index&lt;/div&gt;
            &lt;/td&gt;
            &lt;td style="padding: 10px; text-align: right; vertical-align: top;"&gt;
                &lt;span style="color: #2196f3; font-size: 18px; font-weight: bold;"&gt;6.50&lt;/span&gt;
                &lt;span style="color: #666; font-size: 12px; display: block; margin-top: 2px;"&gt;index&lt;/span&gt;
            &lt;/td&gt;
        &lt;/tr&gt;

    &lt;/table&gt;
&lt;/div&gt;
&lt;/div&gt;]]&gt;</description>
      <Point>
        <coordinates>101.75087412,3.22380914,0</coordinates>
      </Point>
    </Placemark>
    <Placemark>
      <name />
      <styleUrl>#biodiversity</styleUrl>
      <description>&lt;![CDATA[
&lt;div style="font-family: Arial, sans-serif; width: 350px; padding: 15px;"&gt;
    &lt;h2 style="color: #2c5364; margin: 0 0 15px 0; font-size: 20px; border-bottom: 2px solid #4fc3f7; padding-bottom: 10px;"&gt;
        BIODIVERSITY_001
    &lt;/h2&gt;
    &lt;table style="width: 100%; border-collapse: collapse; margin-bottom: 15px;"&gt;
        &lt;tr style="background: #f0f0f0;"&gt;
            &lt;td style="padding: 10px; font-weight: bold; width: 40%;"&gt;Type:&lt;/td&gt;
            &lt;td style="padding: 10px;"&gt;Biodiversity&lt;/td&gt;
        &lt;/tr&gt;
        &lt;tr&gt;
            &lt;td style="padding: 10px; font-weight: bold;"&gt;Location:&lt;/td&gt;
            &lt;td style="padding: 10px; font-size: 12px;"&gt;3.008345°N&lt;br&gt;101.389105°E&lt;/td&gt;
        &lt;/tr&gt;
    &lt;/table&gt;
    
&lt;div style="background: #f8f9fa; padding: 15px; border-radius: 8px; margin-top: 10px;"&gt;
    &lt;h3 style="color: #2c5364; margin: 0 0 15px 0; font-size: 16px;"&gt;📊 Active Sensors (8)&lt;/h3&gt;
    &lt;table style="width: 100%; border-collapse: collapse;"&gt;

        &lt;tr style="background: #ffffff;"&gt;
            &lt;td style="padding: 10px; vertical-align: top;"&gt;
                &lt;div style="font-weight: bold; margin-bottom: 5px;"&gt;
                    Conductivity &lt;span style="font-size: 14px;"&gt;↗️ &lt;span style="color: #666; font-size: 11px;"&gt;+33%&lt;/span&gt;&lt;/span&gt;
                &lt;/div&gt;
                &lt;div style="background: #ddd; border-radius: 10px; height: 8px; overflow: hidden;"&gt;
                    &lt;div style="background: #2196f3; height: 100%; width: 100%; transition: width 0.3s;"&gt;&lt;/div&gt;
                &lt;/div&gt;
                &lt;div style="font-size: 10px; color: #999; margin-top: 3px;"&gt;7d avg: 396.14 μS/cm&lt;/div&gt;
            &lt;/td&gt;
            &lt;td style="padding: 10px; text-align: right; vertical-align: top;"&gt;
                &lt;span style="color: #2196f3; font-size: 18px; font-weight: bold;"&gt;528.19&lt;/span&gt;
                &lt;span style="color: #666; font-size: 12px; display: block; margin-top: 2px;"&gt;μS/cm&lt;/span&gt;
            &lt;/td&gt;
        &lt;/tr&gt;

        &lt;tr style="background: #f0f0f0;"&gt;
            &lt;td style="padding: 10px; vertical-align: top;"&gt;
                &lt;div style="font-weight: bold; margin-bottom: 5px;"&gt;
                    Depth Gauge &lt;span style="font-size: 14px;"&gt;↗️ &lt;span style="color: #666; font-size: 11px;"&gt;+6%&lt;/span&gt;&lt;/span&gt;
                &lt;/div&gt;
                &lt;div style="background: #ddd; border-radius: 10px; height: 8px; overflow: hidden;"&gt;
                    &lt;div style="background: #2196f3; height: 100%; width: 4.461283487977396%; transition: width 0.3s;"&gt;&lt;/div&gt;
                &lt;/div&gt;
                &lt;div style="font-size: 10px; color: #999; margin-top: 3px;"&gt;7d avg: 4.22 m&lt;/div&gt;
            &lt;/td&gt;
            &lt;td style="padding: 10px; text-align: right; vertical-align: top;"&gt;
                &lt;span style="color: #2196f3; font-size: 18px; font-weight: bold;"&gt;4.46&lt;/span&gt;
                &lt;span style="color: #666; font-size: 12px; display: block; margin-top: 2px;"&gt;m&lt;/span&gt;
            &lt;/td&gt;
        &lt;/tr&gt;

        &lt;tr style="background: #ffffff;"&gt;
            &lt;td style="padding: 10px; vertical-align: top;"&gt;
                &lt;div style="font-weight: bold; margin-bottom: 5px;"&gt;
                    Dissolved Oxygen &lt;span style="font-size: 14px;"&gt;↘️ &lt;span style="color: #666; font-size: 11px;"&gt;-7%&lt;/span&gt;&lt;/span&gt;
                &lt;/div&gt;
                &lt;div style="background: #ddd; border-radius: 10px; height: 8px; overflow: hidden;"&gt;
                    &lt;div style="background: #2196f3; height: 100%; width: 9.656236541953199%; transition: width 0.3s;"&gt;&lt;/div&gt;
                &lt;/div&gt;
                &lt;div style="font-size: 10px; color: #999; margin-top: 3px;"&gt;7d avg: 10.34 mg/L&lt;/div&gt;
            &lt;/td&gt;
            &lt;td style="padding: 10px; text-align: right; vertical-align: top;"&gt;
                &lt;span style="color: #2196f3; font-size: 18px; font-weight: bold;"&gt;9.66&lt;/span&gt;
                &lt;span style="color: #666; font-size: 12px; display: block; margin-top: 2px;"&gt;mg/L&lt;/span&gt;
            &lt;/td&gt;
        &lt;/tr&gt;

        &lt;tr style="background: #f0f0f0;"&gt;
            &lt;td style="padding: 10px; vertical-align: top;"&gt;
                &lt;div style="font-weight: bold; margin-bottom: 5px;"&gt;
                    Flow Meter &lt;span style="font-size: 14px;"&gt;→ &lt;span style="color: #666; font-size: 11px;"&gt;stable&lt;/span&gt;&lt;/span&gt;
                &lt;/div&gt;
                &lt;div style="background: #ddd; border-radius: 10px; height: 8px; overflow: hidden;"&gt;
                    &lt;div style="background: #2196f3; height: 100%; width: 1.862532823109208%; transition: width 0.3s;"&gt;&lt;/div&gt;
                &lt;/div&gt;
                &lt;div style="font-size: 10px; color: #999; margin-top: 3px;"&gt;7d avg: 1.84 m3/s&lt;/div&gt;
            &lt;/td&gt;
            &lt;td style="padding: 10px; text-align: right; vertical-align: top;"&gt;
                &lt;span style="color: #2196f3; font-size: 18px; font-weight: bold;"&gt;1.86&lt;/span&gt;
                &lt;span style="color: #666; font-size: 12px; display: block; margin-top: 2px;"&gt;m3/s&lt;/span&gt;
            &lt;/td&gt;
        &lt;/tr&gt;

        &lt;tr style="background: #ffffff;"&gt;
            &lt;td style="padding: 10px; vertical-align: top;"&gt;
                &lt;div style="font-weight: bold; margin-bottom: 5px;"&gt;
                    Ph Sensor &lt;span style="font-size: 14px;"&gt;↘️ &lt;span style="color: #666; font-size: 11px;"&gt;-10%&lt;/span&gt;&lt;/span&gt;
                &lt;/div&gt;
                &lt;div style="background: #ddd; border-radius: 10px; height: 8px; overflow: hidden;"&gt;
                    &lt;div style="background: #2196f3; height: 100%; width: 5.01325003405289%; transition: width 0.3s;"&gt;&lt;/div&gt;
                &lt;/div&gt;
                &lt;div style="font-size: 10px; color: #999; margin-top: 3px;"&gt;7d avg: 5.58 pH&lt;/div&gt;
            &lt;/td&gt;
            &lt;td style="padding: 10px; text-align: right; vertical-align: top;"&gt;
                &lt;span style="color: #2196f3; font-size: 18px; font-weight: bold;"&gt;5.01&lt;/span&gt;
                &lt;span style="color: #666; font-size: 12px; display: block; margin-top: 2px;"&gt;pH&lt;/span&gt;
            &lt;/td&gt;
        &lt;/tr&gt;

        &lt;tr style="background: #f0f0f0;"&gt;
            &lt;td style="padding: 10px; vertical-align: top;"&gt;
                &lt;div style="font-weight: bold; margin-bottom: 5px;"&gt;
                    Temperature &lt;span style="font-size: 14px;"&gt;→ &lt;span style="color: #666; font-size: 11px;"&gt;stable&lt;/span&gt;&lt;/span&gt;
                &lt;/div&gt;
                &lt;div style="background: #ddd; border-radius: 10px; height: 8px; overflow: hidden;"&gt;
                    &lt;div style="background: #2196f3; height: 100%; width: 19.55239226754129%; transition: width 0.3s;"&gt;&lt;/div&gt;
                &lt;/div&gt;
                &lt;div style="font-size: 10px; color: #999; margin-top: 3px;"&gt;7d avg: 20.56 °C&lt;/div&gt;
            &lt;/td&gt;
            &lt;td style="padding: 10px; text-align: right; vertical-align: top;"&gt;
                &lt;span style="color: #2196f3; font-size: 18px; font-weight: bold;"&gt;19.55&lt;/span&gt;
                &lt;span style="color: #666; font-size: 12px; display: block; margin-top: 2px;"&gt;°C&lt;/span&gt;
            &lt;/td&gt;
        &lt;/tr&gt;

        &lt;tr style="background: #ffffff;"&gt;
            &lt;td style="padding: 10px; vertical-align: top;"&gt;
                &lt;div style="font-weight: bold; margin-bottom: 5px;"&gt;
                    Turbidity &lt;span style="font-size: 14px;"&gt;↗️ &lt;span style="color: #666; font-size: 11px;"&gt;+33%&lt;/span&gt;&lt;/span&gt;
                &lt;/div&gt;
                &lt;div style="background: #ddd; border-radius: 10px; height: 8px; overflow: hidden;"&gt;
                    &lt;div style="background: #2196f3; height: 100%; width: 92.2558807385307%; transition: width 0.3s;"&gt;&lt;/div&gt;
                &lt;/div&gt;
                &lt;div style="font-size: 10px; color: #999; margin-top: 3px;"&gt;7d avg: 69.19 NTU&lt;/div&gt;
            &lt;/td&gt;
            &lt;td style="padding: 10px; text-align: right; vertical-align: top;"&gt;
                &lt;span style="color: #2196f3; font-size: 18px; font-weight: bold;"&gt;92.26&lt;/span&gt;
                &lt;span style="color: #666; font-size: 12px; display: block; margin-top: 2px;"&gt;NTU&lt;/span&gt;
            &lt;/td&gt;
        &lt;/tr&gt;

        &lt;tr style="background: #f0f0f0;"&gt;
            &lt;td style="padding: 10px; vertical-align: top;"&gt;
                &lt;div style="font-weight: bold; margin-bottom: 5px;"&gt;
                    Water Quality &lt;span style="font-size: 14px;"&gt;↘️ &lt;span style="color: #666; font-size: 11px;"&gt;-10%&lt;/span&gt;&lt;/span&gt;
                &lt;/div&gt;
                &lt;div style="background: #ddd; border-radius: 10px; height: 8px; overflow: hidden;"&gt;
                    &lt;div style="background: #2196f3; height: 100%; width: 7.994434841818913%; transition: width 0.3s;"&gt;&lt;/div&gt;
                &lt;/div&gt;
                &lt;div style="font-size: 10px; color: #999; margin-top: 3px;"&gt;7d avg: 8.89 index&lt;/div&gt;
            &lt;/td&gt;
            &lt;td style="padding: 10px; text-align: right; vertical-align: top;"&gt;
                &lt;span style="color: #2196f3; font-size: 18px; font-weight: bold;"&gt;7.99&lt;/span&gt;
                &lt;span style="color: #666; font-size: 12px; display: block; margin-top: 2px;"&gt;index&lt;/span&gt;
            &lt;/td&gt;
        &lt;/tr&gt;

    &lt;/table&gt;
&lt;/div&gt;
&lt;/div&gt;]]&gt;</description>
      <Point>
        <coordinates>101.38910471,3.00834501,0</coordinates>
      </Point>
    </Placemark>
    <Placemark>
      <name />
      <styleUrl>#biodiversity</styleUrl>
      <description>&lt;![CDATA[
&lt;div style="font-family: Arial, sans-serif; width: 350px; padding: 15px;"&gt;
    &lt;h2 style="color: #2c5364; margin: 0 0 15px 0; font-size: 20px; border-bottom: 2px solid #4fc3f7; padding-bottom: 10px;"&gt;
        BIODIVERSITY_002
    &lt;/h2&gt;
    &lt;table style="width: 100%; border-collapse: collapse; margin-bottom: 15px;"&gt;
        &lt;tr style="background: #f0f0f0;"&gt;
            &lt;td style="padding: 10px; font-weight: bold; width: 40%;"&gt;Type:&lt;/td&gt;
            &lt;td style="padding: 10px;"&gt;Biodiversity&lt;/td&gt;
        &lt;/tr&gt;
        &lt;tr&gt;
            &lt;td style="padding: 10px; font-weight: bold;"&gt;Location:&lt;/td&gt;
            &lt;td style="padding: 10px; font-size: 12px;"&gt;3.039416°N&lt;br&gt;101.506695°E&lt;/td&gt;
        &lt;/tr&gt;
    &lt;/table&gt;
    
&lt;div style="background: #f8f9fa; padding: 15px; border-radius: 8px; margin-top: 10px;"&gt;
    &lt;h3 style="color: #2c5364; margin: 0 0 15px 0; font-size: 16px;"&gt;📊 Active Sensors (8)&lt;/h3&gt;
    &lt;table style="width: 100%; border-collapse: collapse;"&gt;

        &lt;tr style="background: #ffffff;"&gt;
            &lt;td style="padding: 10px; vertical-align: top;"&gt;
                &lt;div style="font-weight: bold; margin-bottom: 5px;"&gt;
                    Conductivity &lt;span style="font-size: 14px;"&gt;↗️ &lt;span style="color: #666; font-size: 11px;"&gt;+33%&lt;/span&gt;&lt;/span&gt;
                &lt;/div&gt;
                &lt;div style="background: #ddd; border-radius: 10px; height: 8px; overflow: hidden;"&gt;
                    &lt;div style="background: #2196f3; height: 100%; width: 100%; transition: width 0.3s;"&gt;&lt;/div&gt;
                &lt;/div&gt;
                &lt;div style="font-size: 10px; color: #999; margin-top: 3px;"&gt;7d avg: 422.95 μS/cm&lt;/div&gt;
            &lt;/td&gt;
            &lt;td style="padding: 10px; text-align: right; vertical-align: top;"&gt;
                &lt;span style="color: #2196f3; font-size: 18px; font-weight: bold;"&gt;563.93&lt;/span&gt;
                &lt;span style="color: #666; font-size: 12px; display: block; margin-top: 2px;"&gt;μS/cm&lt;/span&gt;
            &lt;/td&gt;
        &lt;/tr&gt;

        &lt;tr style="background: #f0f0f0;"&gt;
            &lt;td style="padding: 10px; vertical-align: top;"&gt;
                &lt;div style="font-weight: bold; margin-bottom: 5px;"&gt;
                    Depth Gauge &lt;span style="font-size: 14px;"&gt;↗️ &lt;span style="color: #666; font-size: 11px;"&gt;+8%&lt;/span&gt;&lt;/span&gt;
                &lt;/div&gt;
                &lt;div style="background: #ddd; border-radius: 10px; height: 8px; overflow: hidden;"&gt;
                    &lt;div style="background: #2196f3; height: 100%; width: 3.1637916190346846%; transition: width 0.3s;"&gt;&lt;/div&gt;
                &lt;/div&gt;
                &lt;div style="font-size: 10px; color: #999; margin-top: 3px;"&gt;7d avg: 2.94 m&lt;/div&gt;
            &lt;/td&gt;
            &lt;td style="padding: 10px; text-align: right; vertical-align: top;"&gt;
                &lt;span style="color: #2196f3; font-size: 18px; font-weight: bold;"&gt;3.16&lt;/span&gt;
                &lt;span style="color: #666; font-size: 12px; display: block; margin-top: 2px;"&gt;m&lt;/span&gt;
            &lt;/td&gt;
        &lt;/tr&gt;

        &lt;tr style="background: #ffffff;"&gt;
            &lt;td style="padding: 10px; vertical-align: top;"&gt;
                &lt;div style="font-weight: bold; margin-bottom: 5px;"&gt;
                    Dissolved Oxygen &lt;span style="font-size: 14px;"&gt;→ &lt;span style="color: #666; font-size: 11px;"&gt;stable&lt;/span&gt;&lt;/span&gt;
                &lt;/div&gt;
                &lt;div style="background: #ddd; border-radius: 10px; height: 8px; overflow: hidden;"&gt;
                    &lt;div style="background: #2196f3; height: 100%; width: 14.102320967710707%; transition: width 0.3s;"&gt;&lt;/div&gt;
                &lt;/div&gt;
                &lt;div style="font-size: 10px; color: #999; margin-top: 3px;"&gt;7d avg: 13.81 mg/L&lt;/div&gt;
            &lt;/td&gt;
            &lt;td style="padding: 10px; text-align: right; vertical-align: top;"&gt;
                &lt;span style="color: #2196f3; font-size: 18px; font-weight: bold;"&gt;14.10&lt;/span&gt;
                &lt;span style="color: #666; font-size: 12px; display: block; margin-top: 2px;"&gt;mg/L&lt;/span&gt;
            &lt;/td&gt;
        &lt;/tr&gt;

        &lt;tr style="background: #f0f0f0;"&gt;
            &lt;td style="padding: 10px; vertical-align: top;"&gt;
                &lt;div style="font-weight: bold; margin-bottom: 5px;"&gt;
                    Flow Meter &lt;span style="font-size: 14px;"&gt;→ &lt;span style="color: #666; font-size: 11px;"&gt;stable&lt;/span&gt;&lt;/span&gt;
                &lt;/div&gt;
                &lt;div style="background: #ddd; border-radius: 10px; height: 8px; overflow: hidden;"&gt;
                    &lt;div style="background: #2196f3; height: 100%; width: 2.011144416454003%; transition: width 0.3s;"&gt;&lt;/div&gt;
                &lt;/div&gt;
                &lt;div style="font-size: 10px; color: #999; margin-top: 3px;"&gt;7d avg: 1.98 m3/s&lt;/div&gt;
            &lt;/td&gt;
            &lt;td style="padding: 10px; text-align: right; vertical-align: top;"&gt;
                &lt;span style="color: #2196f3; font-size: 18px; font-weight: bold;"&gt;2.01&lt;/span&gt;
                &lt;span style="color: #666; font-size: 12px; display: block; margin-top: 2px;"&gt;m3/s&lt;/span&gt;
            &lt;/td&gt;
        &lt;/tr&gt;

        &lt;tr style="background: #ffffff;"&gt;
            &lt;td style="padding: 10px; vertical-align: top;"&gt;
                &lt;div style="font-weight: bold; margin-bottom: 5px;"&gt;
                    Ph Sensor &lt;span style="font-size: 14px;"&gt;→ &lt;span style="color: #666; font-size: 11px;"&gt;stable&lt;/span&gt;&lt;/span&gt;
                &lt;/div&gt;
                &lt;div style="background: #ddd; border-radius: 10px; height: 8px; overflow: hidden;"&gt;
                    &lt;div style="background: #2196f3; height: 100%; width: 6.1529147947256355%; transition: width 0.3s;"&gt;&lt;/div&gt;
                &lt;/div&gt;
                &lt;div style="font-size: 10px; color: #999; margin-top: 3px;"&gt;7d avg: 5.91 pH&lt;/div&gt;
            &lt;/td&gt;
            &lt;td style="padding: 10px; text-align: right; vertical-align: top;"&gt;
                &lt;span style="color: #2196f3; font-size: 18px; font-weight: bold;"&gt;6.15&lt;/span&gt;
                &lt;span style="color: #666; font-size: 12px; display: block; margin-top: 2px;"&gt;pH&lt;/span&gt;
            &lt;/td&gt;
        &lt;/tr&gt;

        &lt;tr style="background: #f0f0f0;"&gt;
            &lt;td style="padding: 10px; vertical-align: top;"&gt;
                &lt;div style="font-weight: bold; margin-bottom: 5px;"&gt;
                    Temperature &lt;span style="font-size: 14px;"&gt;↘️ &lt;span style="color: #666; font-size: 11px;"&gt;-9%&lt;/span&gt;&lt;/span&gt;
                &lt;/div&gt;
                &lt;div style="background: #ddd; border-radius: 10px; height: 8px; overflow: hidden;"&gt;
                    &lt;div style="background: #2196f3; height: 100%; width: 31.57123020473744%; transition: width 0.3s;"&gt;&lt;/div&gt;
                &lt;/div&gt;
                &lt;div style="font-size: 10px; color: #999; margin-top: 3px;"&gt;7d avg: 34.74 °C&lt;/div&gt;
            &lt;/td&gt;
            &lt;td style="padding: 10px; text-align: right; vertical-align: top;"&gt;
                &lt;span style="color: #2196f3; font-size: 18px; font-weight: bold;"&gt;31.57&lt;/span&gt;
                &lt;span style="color: #666; font-size: 12px; display: block; margin-top: 2px;"&gt;°C&lt;/span&gt;
            &lt;/td&gt;
        &lt;/tr&gt;

        &lt;tr style="background: #ffffff;"&gt;
            &lt;td style="padding: 10px; vertical-align: top;"&gt;
                &lt;div style="font-weight: bold; margin-bottom: 5px;"&gt;
                    Turbidity &lt;span style="font-size: 14px;"&gt;↗️ &lt;span style="color: #666; font-size: 11px;"&gt;+33%&lt;/span&gt;&lt;/span&gt;
                &lt;/div&gt;
                &lt;div style="background: #ddd; border-radius: 10px; height: 8px; overflow: hidden;"&gt;
                    &lt;div style="background: #2196f3; height: 100%; width: 68.8811625235686%; transition: width 0.3s;"&gt;&lt;/div&gt;
                &lt;/div&gt;
                &lt;div style="font-size: 10px; color: #999; margin-top: 3px;"&gt;7d avg: 51.66 NTU&lt;/div&gt;
            &lt;/td&gt;
            &lt;td style="padding: 10px; text-align: right; vertical-align: top;"&gt;
                &lt;span style="color: #2196f3; font-size: 18px; font-weight: bold;"&gt;68.88&lt;/span&gt;
                &lt;span style="color: #666; font-size: 12px; display: block; margin-top: 2px;"&gt;NTU&lt;/span&gt;
            &lt;/td&gt;
        &lt;/tr&gt;

        &lt;tr style="background: #f0f0f0;"&gt;
            &lt;td style="padding: 10px; vertical-align: top;"&gt;
                &lt;div style="font-weight: bold; margin-bottom: 5px;"&gt;
                    Water Quality &lt;span style="font-size: 14px;"&gt;→ &lt;span style="color: #666; font-size: 11px;"&gt;stable&lt;/span&gt;&lt;/span&gt;
                &lt;/div&gt;
                &lt;div style="background: #ddd; border-radius: 10px; height: 8px; overflow: hidden;"&gt;
                    &lt;div style="background: #2196f3; height: 100%; width: 8.642356477079883%; transition: width 0.3s;"&gt;&lt;/div&gt;
                &lt;/div&gt;
                &lt;div style="font-size: 10px; color: #999; margin-top: 3px;"&gt;7d avg: 8.88 index&lt;/div&gt;
            &lt;/td&gt;
            &lt;td style="padding: 10px; text-align: right; vertical-align: top;"&gt;
                &lt;span style="color: #2196f3; font-size: 18px; font-weight: bold;"&gt;8.64&lt;/span&gt;
                &lt;span style="color: #666; font-size: 12px; display: block; margin-top: 2px;"&gt;index&lt;/span&gt;
            &lt;/td&gt;
        &lt;/tr&gt;

    &lt;/table&gt;
&lt;/div&gt;
&lt;/div&gt;]]&gt;</description>
      <Point>
        <coordinates>101.50669521,3.03941603,0</coordinates>
      </Point>
    </Placemark>
    <Placemark>
      <name />
      <styleUrl>#biodiversity</styleUrl>
      <description>&lt;![CDATA[
&lt;div style="font-family: Arial, sans-serif; width: 350px; padding: 15px;"&gt;
    &lt;h2 style="color: #2c5364; margin: 0 0 15px 0; font-size: 20px; border-bottom: 2px solid #4fc3f7; padding-bottom: 10px;"&gt;
        BIODIVERSITY_003
    &lt;/h2&gt;
    &lt;table style="width: 100%; border-collapse: collapse; margin-bottom: 15px;"&gt;
        &lt;tr style="background: #f0f0f0;"&gt;
            &lt;td style="padding: 10px; font-weight: bold; width: 40%;"&gt;Type:&lt;/td&gt;
            &lt;td style="padding: 10px;"&gt;Biodiversity&lt;/td&gt;
        &lt;/tr&gt;
        &lt;tr&gt;
            &lt;td style="padding: 10px; font-weight: bold;"&gt;Location:&lt;/td&gt;
            &lt;td style="padding: 10px; font-size: 12px;"&gt;3.045267°N&lt;br&gt;101.606738°E&lt;/td&gt;
        &lt;/tr&gt;
    &lt;/table&gt;
    
&lt;div style="background: #f8f9fa; padding: 15px; border-radius: 8px; margin-top: 10px;"&gt;
    &lt;h3 style="color: #2c5364; margin: 0 0 15px 0; font-size: 16px;"&gt;📊 Active Sensors (8)&lt;/h3&gt;
    &lt;table style="width: 100%; border-collapse: collapse;"&gt;

        &lt;tr style="background: #ffffff;"&gt;
            &lt;td style="padding: 10px; vertical-align: top;"&gt;
                &lt;div style="font-weight: bold; margin-bottom: 5px;"&gt;
                    Conductivity &lt;span style="font-size: 14px;"&gt;↗️ &lt;span style="color: #666; font-size: 11px;"&gt;+33%&lt;/span&gt;&lt;/span&gt;
                &lt;/div&gt;
                &lt;div style="background: #ddd; border-radius: 10px; height: 8px; overflow: hidden;"&gt;
                    &lt;div style="background: #2196f3; height: 100%; width: 100%; transition: width 0.3s;"&gt;&lt;/div&gt;
                &lt;/div&gt;
                &lt;div style="font-size: 10px; color: #999; margin-top: 3px;"&gt;7d avg: 624.83 μS/cm&lt;/div&gt;
            &lt;/td&gt;
            &lt;td style="padding: 10px; text-align: right; vertical-align: top;"&gt;
                &lt;span style="color: #2196f3; font-size: 18px; font-weight: bold;"&gt;833.11&lt;/span&gt;
                &lt;span style="color: #666; font-size: 12px; display: block; margin-top: 2px;"&gt;μS/cm&lt;/span&gt;
            &lt;/td&gt;
        &lt;/tr&gt;

        &lt;tr style="background: #f0f0f0;"&gt;
            &lt;td style="padding: 10px; vertical-align: top;"&gt;
                &lt;div style="font-weight: bold; margin-bottom: 5px;"&gt;
                    Depth Gauge &lt;span style="font-size: 14px;"&gt;↗️ &lt;span style="color: #666; font-size: 11px;"&gt;+5%&lt;/span&gt;&lt;/span&gt;
                &lt;/div&gt;
                &lt;div style="background: #ddd; border-radius: 10px; height: 8px; overflow: hidden;"&gt;
                    &lt;div style="background: #2196f3; height: 100%; width: 2.3072970528657115%; transition: width 0.3s;"&gt;&lt;/div&gt;
                &lt;/div&gt;
                &lt;div style="font-size: 10px; color: #999; margin-top: 3px;"&gt;7d avg: 2.19 m&lt;/div&gt;
            &lt;/td&gt;
            &lt;td style="padding: 10px; text-align: right; vertical-align: top;"&gt;
                &lt;span style="color: #2196f3; font-size: 18px; font-weight: bold;"&gt;2.31&lt;/span&gt;
                &lt;span style="color: #666; font-size: 12px; display: block; margin-top: 2px;"&gt;m&lt;/span&gt;
            &lt;/td&gt;
        &lt;/tr&gt;

        &lt;tr style="background: #ffffff;"&gt;
            &lt;td style="padding: 10px; vertical-align: top;"&gt;
                &lt;div style="font-weight: bold; margin-bottom: 5px;"&gt;
                    Dissolved Oxygen &lt;span style="font-size: 14px;"&gt;→ &lt;span style="color: #666; font-size: 11px;"&gt;stable&lt;/span&gt;&lt;/span&gt;
                &lt;/div&gt;
                &lt;div style="background: #ddd; border-radius: 10px; height: 8px; overflow: hidden;"&gt;
                    &lt;div style="background: #2196f3; height: 100%; width: 5.6966874494018755%; transition: width 0.3s;"&gt;&lt;/div&gt;
                &lt;/div&gt;
                &lt;div style="font-size: 10px; color: #999; margin-top: 3px;"&gt;7d avg: 5.55 mg/L&lt;/div&gt;
            &lt;/td&gt;
            &lt;td style="padding: 10px; text-align: right; vertical-align: top;"&gt;
                &lt;span style="color: #2196f3; font-size: 18px; font-weight: bold;"&gt;5.70&lt;/span&gt;
                &lt;span style="color: #666; font-size: 12px; display: block; margin-top: 2px;"&gt;mg/L&lt;/span&gt;
            &lt;/td&gt;
        &lt;/tr&gt;

        &lt;tr style="background: #f0f0f0;"&gt;
            &lt;td style="padding: 10px; vertical-align: top;"&gt;
                &lt;div style="font-weight: bold; margin-bottom: 5px;"&gt;
                    Flow Meter &lt;span style="font-size: 14px;"&gt;→ &lt;span style="color: #666; font-size: 11px;"&gt;stable&lt;/span&gt;&lt;/span&gt;
                &lt;/div&gt;
                &lt;div style="background: #ddd; border-radius: 10px; height: 8px; overflow: hidden;"&gt;
                    &lt;div style="background: #2196f3; height: 100%; width: 1.8112416431924971%; transition: width 0.3s;"&gt;&lt;/div&gt;
                &lt;/div&gt;
                &lt;div style="font-size: 10px; color: #999; margin-top: 3px;"&gt;7d avg: 1.82 m3/s&lt;/div&gt;
            &lt;/td&gt;
            &lt;td style="padding: 10px; text-align: right; vertical-align: top;"&gt;
                &lt;span style="color: #2196f3; font-size: 18px; font-weight: bold;"&gt;1.81&lt;/span&gt;
                &lt;span style="color: #666; font-size: 12px; display: block; margin-top: 2px;"&gt;m3/s&lt;/span&gt;
            &lt;/td&gt;
        &lt;/tr&gt;

        &lt;tr style="background: #ffffff;"&gt;
            &lt;td style="padding: 10px; vertical-align: top;"&gt;
                &lt;div style="font-weight: bold; margin-bottom: 5px;"&gt;
                    Ph Sensor &lt;span style="font-size: 14px;"&gt;→ &lt;span style="color: #666; font-size: 11px;"&gt;stable&lt;/span&gt;&lt;/span&gt;
                &lt;/div&gt;
                &lt;div style="background: #ddd; border-radius: 10px; height: 8px; overflow: hidden;"&gt;
                    &lt;div style="background: #2196f3; height: 100%; width: 4.952101084758508%; transition: width 0.3s;"&gt;&lt;/div&gt;
                &lt;/div&gt;
                &lt;div style="font-size: 10px; color: #999; margin-top: 3px;"&gt;7d avg: 4.98 pH&lt;/div&gt;
            &lt;/td&gt;
            &lt;td style="padding: 10px; text-align: right; vertical-align: top;"&gt;
                &lt;span style="color: #2196f3; font-size: 18px; font-weight: bold;"&gt;4.95&lt;/span&gt;
                &lt;span style="color: #666; font-size: 12px; display: block; margin-top: 2px;"&gt;pH&lt;/span&gt;
            &lt;/td&gt;
        &lt;/tr&gt;

        &lt;tr style="background: #f0f0f0;"&gt;
            &lt;td style="padding: 10px; vertical-align: top;"&gt;
                &lt;div style="font-weight: bold; margin-bottom: 5px;"&gt;
                    Temperature &lt;span style="font-size: 14px;"&gt;↗️ &lt;span style="color: #666; font-size: 11px;"&gt;+11%&lt;/span&gt;&lt;/span&gt;
                &lt;/div&gt;
                &lt;div style="background: #ddd; border-radius: 10px; height: 8px; overflow: hidden;"&gt;
                    &lt;div style="background: #2196f3; height: 100%; width: 19.975589671329672%; transition: width 0.3s;"&gt;&lt;/div&gt;
                &lt;/div&gt;
                &lt;div style="font-size: 10px; color: #999; margin-top: 3px;"&gt;7d avg: 17.98 °C&lt;/div&gt;
            &lt;/td&gt;
            &lt;td style="padding: 10px; text-align: right; vertical-align: top;"&gt;
                &lt;span style="color: #2196f3; font-size: 18px; font-weight: bold;"&gt;19.98&lt;/span&gt;
                &lt;span style="color: #666; font-size: 12px; display: block; margin-top: 2px;"&gt;°C&lt;/span&gt;
            &lt;/td&gt;
        &lt;/tr&gt;

        &lt;tr style="background: #ffffff;"&gt;
            &lt;td style="padding: 10px; vertical-align: top;"&gt;
                &lt;div style="font-weight: bold; margin-bottom: 5px;"&gt;
                    Turbidity &lt;span style="font-size: 14px;"&gt;↗️ &lt;span style="color: #666; font-size: 11px;"&gt;+33%&lt;/span&gt;&lt;/span&gt;
                &lt;/div&gt;
                &lt;div style="background: #ddd; border-radius: 10px; height: 8px; overflow: hidden;"&gt;
                    &lt;div style="background: #2196f3; height: 100%; width: 87.83020038046074%; transition: width 0.3s;"&gt;&lt;/div&gt;
                &lt;/div&gt;
                &lt;div style="font-size: 10px; color: #999; margin-top: 3px;"&gt;7d avg: 65.87 NTU&lt;/div&gt;
            &lt;/td&gt;
            &lt;td style="padding: 10px; text-align: right; vertical-align: top;"&gt;
                &lt;span style="color: #2196f3; font-size: 18px; font-weight: bold;"&gt;87.83&lt;/span&gt;
                &lt;span style="color: #666; font-size: 12px; display: block; margin-top: 2px;"&gt;NTU&lt;/span&gt;
            &lt;/td&gt;
        &lt;/tr&gt;

        &lt;tr style="background: #f0f0f0;"&gt;
            &lt;td style="padding: 10px; vertical-align: top;"&gt;
                &lt;div style="font-weight: bold; margin-bottom: 5px;"&gt;
                    Water Quality &lt;span style="font-size: 14px;"&gt;→ &lt;span style="color: #666; font-size: 11px;"&gt;stable&lt;/span&gt;&lt;/span&gt;
                &lt;/div&gt;
                &lt;div style="background: #ddd; border-radius: 10px; height: 8px; overflow: hidden;"&gt;
                    &lt;div style="background: #2196f3; height: 100%; width: 4.316205998132659%; transition: width 0.3s;"&gt;&lt;/div&gt;
                &lt;/div&gt;
                &lt;div style="font-size: 10px; color: #999; margin-top: 3px;"&gt;7d avg: 4.36 index&lt;/div&gt;
            &lt;/td&gt;
            &lt;td style="padding: 10px; text-align: right; vertical-align: top;"&gt;
                &lt;span style="color: #2196f3; font-size: 18px; font-weight: bold;"&gt;4.32&lt;/span&gt;
                &lt;span style="color: #666; font-size: 12px; display: block; margin-top: 2px;"&gt;index&lt;/span&gt;
            &lt;/td&gt;
        &lt;/tr&gt;

    &lt;/table&gt;
&lt;/div&gt;
&lt;/div&gt;]]&gt;</description>
      <Point>
        <coordinates>101.60673786,3.04526714,0</coordinates>
      </Point>
    </Placemark>
    <Placemark>
      <name />
      <styleUrl>#biodiversity</styleUrl>
      <description>&lt;![CDATA[
&lt;div style="font-family: Arial, sans-serif; width: 350px; padding: 15px;"&gt;
    &lt;h2 style="color: #2c5364; margin: 0 0 15px 0; font-size: 20px; border-bottom: 2px solid #4fc3f7; padding-bottom: 10px;"&gt;
        BIODIVERSITY_004
    &lt;/h2&gt;
    &lt;table style="width: 100%; border-collapse: collapse; margin-bottom: 15px;"&gt;
        &lt;tr style="background: #f0f0f0;"&gt;
            &lt;td style="padding: 10px; font-weight: bold; width: 40%;"&gt;Type:&lt;/td&gt;
            &lt;td style="padding: 10px;"&gt;Biodiversity&lt;/td&gt;
        &lt;/tr&gt;
        &lt;tr&gt;
            &lt;td style="padding: 10px; font-weight: bold;"&gt;Location:&lt;/td&gt;
            &lt;td style="padding: 10px; font-size: 12px;"&gt;3.137822°N&lt;br&gt;101.695410°E&lt;/td&gt;
        &lt;/tr&gt;
    &lt;/table&gt;
    
&lt;div style="background: #f8f9fa; padding: 15px; border-radius: 8px; margin-top: 10px;"&gt;
    &lt;h3 style="color: #2c5364; margin: 0 0 15px 0; font-size: 16px;"&gt;📊 Active Sensors (8)&lt;/h3&gt;
    &lt;table style="width: 100%; border-collapse: collapse;"&gt;

        &lt;tr style="background: #ffffff;"&gt;
            &lt;td style="padding: 10px; vertical-align: top;"&gt;
                &lt;div style="font-weight: bold; margin-bottom: 5px;"&gt;
                    Conductivity &lt;span style="font-size: 14px;"&gt;↗️ &lt;span style="color: #666; font-size: 11px;"&gt;+33%&lt;/span&gt;&lt;/span&gt;
                &lt;/div&gt;
                &lt;div style="background: #ddd; border-radius: 10px; height: 8px; overflow: hidden;"&gt;
                    &lt;div style="background: #2196f3; height: 100%; width: 100%; transition: width 0.3s;"&gt;&lt;/div&gt;
                &lt;/div&gt;
                &lt;div style="font-size: 10px; color: #999; margin-top: 3px;"&gt;7d avg: 958.02 μS/cm&lt;/div&gt;
            &lt;/td&gt;
            &lt;td style="padding: 10px; text-align: right; vertical-align: top;"&gt;
                &lt;span style="color: #2196f3; font-size: 18px; font-weight: bold;"&gt;1277.36&lt;/span&gt;
                &lt;span style="color: #666; font-size: 12px; display: block; margin-top: 2px;"&gt;μS/cm&lt;/span&gt;
            &lt;/td&gt;
        &lt;/tr&gt;

        &lt;tr style="background: #f0f0f0;"&gt;
            &lt;td style="padding: 10px; vertical-align: top;"&gt;
                &lt;div style="font-weight: bold; margin-bottom: 5px;"&gt;
                    Depth Gauge &lt;span style="font-size: 14px;"&gt;→ &lt;span style="color: #666; font-size: 11px;"&gt;stable&lt;/span&gt;&lt;/span&gt;
                &lt;/div&gt;
                &lt;div style="background: #ddd; border-radius: 10px; height: 8px; overflow: hidden;"&gt;
                    &lt;div style="background: #2196f3; height: 100%; width: 1.9649208248814318%; transition: width 0.3s;"&gt;&lt;/div&gt;
                &lt;/div&gt;
                &lt;div style="font-size: 10px; color: #999; margin-top: 3px;"&gt;7d avg: 2.06 m&lt;/div&gt;
            &lt;/td&gt;
            &lt;td style="padding: 10px; text-align: right; vertical-align: top;"&gt;
                &lt;span style="color: #2196f3; font-size: 18px; font-weight: bold;"&gt;1.96&lt;/span&gt;
                &lt;span style="color: #666; font-size: 12px; display: block; margin-top: 2px;"&gt;m&lt;/span&gt;
            &lt;/td&gt;
        &lt;/tr&gt;

        &lt;tr style="background: #ffffff;"&gt;
            &lt;td style="padding: 10px; vertical-align: top;"&gt;
                &lt;div style="font-weight: bold; margin-bottom: 5px;"&gt;
                    Dissolved Oxygen &lt;span style="font-size: 14px;"&gt;→ &lt;span style="color: #666; font-size: 11px;"&gt;stable&lt;/span&gt;&lt;/span&gt;
                &lt;/div&gt;
                &lt;div style="background: #ddd; border-radius: 10px; height: 8px; overflow: hidden;"&gt;
                    &lt;div style="background: #2196f3; height: 100%; width: 9.306361092473216%; transition: width 0.3s;"&gt;&lt;/div&gt;
                &lt;/div&gt;
                &lt;div style="font-size: 10px; color: #999; margin-top: 3px;"&gt;7d avg: 9.16 mg/L&lt;/div&gt;
            &lt;/td&gt;
            &lt;td style="padding: 10px; text-align: right; vertical-align: top;"&gt;
                &lt;span style="color: #2196f3; font-size: 18px; font-weight: bold;"&gt;9.31&lt;/span&gt;
                &lt;span style="color: #666; font-size: 12px; display: block; margin-top: 2px;"&gt;mg/L&lt;/span&gt;
            &lt;/td&gt;
        &lt;/tr&gt;

        &lt;tr style="background: #f0f0f0;"&gt;
            &lt;td style="padding: 10px; vertical-align: top;"&gt;
                &lt;div style="font-weight: bold; margin-bottom: 5px;"&gt;
                    Flow Meter &lt;span style="font-size: 14px;"&gt;↗️ &lt;span style="color: #666; font-size: 11px;"&gt;+6%&lt;/span&gt;&lt;/span&gt;
                &lt;/div&gt;
                &lt;div style="background: #ddd; border-radius: 10px; height: 8px; overflow: hidden;"&gt;
                    &lt;div style="background: #2196f3; height: 100%; width: 1.8084659330359587%; transition: width 0.3s;"&gt;&lt;/div&gt;
                &lt;/div&gt;
                &lt;div style="font-size: 10px; color: #999; margin-top: 3px;"&gt;7d avg: 1.70 m3/s&lt;/div&gt;
            &lt;/td&gt;
            &lt;td style="padding: 10px; text-align: right; vertical-align: top;"&gt;
                &lt;span style="color: #2196f3; font-size: 18px; font-weight: bold;"&gt;1.81&lt;/span&gt;
                &lt;span style="color: #666; font-size: 12px; display: block; margin-top: 2px;"&gt;m3/s&lt;/span&gt;
            &lt;/td&gt;
        &lt;/tr&gt;

        &lt;tr style="background: #ffffff;"&gt;
            &lt;td style="padding: 10px; vertical-align: top;"&gt;
                &lt;div style="font-weight: bold; margin-bottom: 5px;"&gt;
                    Ph Sensor &lt;span style="font-size: 14px;"&gt;→ &lt;span style="color: #666; font-size: 11px;"&gt;stable&lt;/span&gt;&lt;/span&gt;
                &lt;/div&gt;
                &lt;div style="background: #ddd; border-radius: 10px; height: 8px; overflow: hidden;"&gt;
                    &lt;div style="background: #2196f3; height: 100%; width: 6.513325883202305%; transition: width 0.3s;"&gt;&lt;/div&gt;
                &lt;/div&gt;
                &lt;div style="font-size: 10px; color: #999; margin-top: 3px;"&gt;7d avg: 6.76 pH&lt;/div&gt;
            &lt;/td&gt;
            &lt;td style="padding: 10px; text-align: right; vertical-align: top;"&gt;
                &lt;span style="color: #2196f3; font-size: 18px; font-weight: bold;"&gt;6.51&lt;/span&gt;
                &lt;span style="color: #666; font-size: 12px; display: block; margin-top: 2px;"&gt;pH&lt;/span&gt;
            &lt;/td&gt;
        &lt;/tr&gt;

        &lt;tr style="background: #f0f0f0;"&gt;
            &lt;td style="padding: 10px; vertical-align: top;"&gt;
                &lt;div style="font-weight: bold; margin-bottom: 5px;"&gt;
                    Temperature &lt;span style="font-size: 14px;"&gt;→ &lt;span style="color: #666; font-size: 11px;"&gt;stable&lt;/span&gt;&lt;/span&gt;
                &lt;/div&gt;
                &lt;div style="background: #ddd; border-radius: 10px; height: 8px; overflow: hidden;"&gt;
                    &lt;div style="background: #2196f3; height: 100%; width: 38.08415355387603%; transition: width 0.3s;"&gt;&lt;/div&gt;
                &lt;/div&gt;
                &lt;div style="font-size: 10px; color: #999; margin-top: 3px;"&gt;7d avg: 39.67 °C&lt;/div&gt;
            &lt;/td&gt;
            &lt;td style="padding: 10px; text-align: right; vertical-align: top;"&gt;
                &lt;span style="color: #2196f3; font-size: 18px; font-weight: bold;"&gt;38.08&lt;/span&gt;
                &lt;span style="color: #666; font-size: 12px; display: block; margin-top: 2px;"&gt;°C&lt;/span&gt;
            &lt;/td&gt;
        &lt;/tr&gt;

        &lt;tr style="background: #ffffff;"&gt;
            &lt;td style="padding: 10px; vertical-align: top;"&gt;
                &lt;div style="font-weight: bold; margin-bottom: 5px;"&gt;
                    Turbidity &lt;span style="font-size: 14px;"&gt;↗️ &lt;span style="color: #666; font-size: 11px;"&gt;+33%&lt;/span&gt;&lt;/span&gt;
                &lt;/div&gt;
                &lt;div style="background: #ddd; border-radius: 10px; height: 8px; overflow: hidden;"&gt;
                    &lt;div style="background: #2196f3; height: 100%; width: 56.03617202215981%; transition: width 0.3s;"&gt;&lt;/div&gt;
                &lt;/div&gt;
                &lt;div style="font-size: 10px; color: #999; margin-top: 3px;"&gt;7d avg: 42.03 NTU&lt;/div&gt;
            &lt;/td&gt;
            &lt;td style="padding: 10px; text-align: right; vertical-align: top;"&gt;
                &lt;span style="color: #2196f3; font-size: 18px; font-weight: bold;"&gt;56.04&lt;/span&gt;
                &lt;span style="color: #666; font-size: 12px; display: block; margin-top: 2px;"&gt;NTU&lt;/span&gt;
            &lt;/td&gt;
        &lt;/tr&gt;

        &lt;tr style="background: #f0f0f0;"&gt;
            &lt;td style="padding: 10px; vertical-align: top;"&gt;
                &lt;div style="font-weight: bold; margin-bottom: 5px;"&gt;
                    Water Quality &lt;span style="font-size: 14px;"&gt;→ &lt;span style="color: #666; font-size: 11px;"&gt;stable&lt;/span&gt;&lt;/span&gt;
                &lt;/div&gt;
                &lt;div style="background: #ddd; border-radius: 10px; height: 8px; overflow: hidden;"&gt;
                    &lt;div style="background: #2196f3; height: 100%; width: 6.116202568283486%; transition: width 0.3s;"&gt;&lt;/div&gt;
                &lt;/div&gt;
                &lt;div style="font-size: 10px; color: #999; margin-top: 3px;"&gt;7d avg: 5.84 index&lt;/div&gt;
            &lt;/td&gt;
            &lt;td style="padding: 10px; text-align: right; vertical-align: top;"&gt;
                &lt;span style="color: #2196f3; font-size: 18px; font-weight: bold;"&gt;6.12&lt;/span&gt;
                &lt;span style="color: #666; font-size: 12px; display: block; margin-top: 2px;"&gt;index&lt;/span&gt;
            &lt;/td&gt;
        &lt;/tr&gt;

    &lt;/table&gt;
&lt;/div&gt;
&lt;/div&gt;]]&gt;</description>
      <Point>
        <coordinates>101.69541039,3.1378217,0</coordinates>
      </Point>
    </Placemark>
    <Placemark>
      <name />
      <styleUrl>#biodiversity</styleUrl>
      <description>&lt;![CDATA[
&lt;div style="font-family: Arial, sans-serif; width: 350px; padding: 15px;"&gt;
    &lt;h2 style="color: #2c5364; margin: 0 0 15px 0; font-size: 20px; border-bottom: 2px solid #4fc3f7; padding-bottom: 10px;"&gt;
        BIODIVERSITY_005
    &lt;/h2&gt;
    &lt;table style="width: 100%; border-collapse: collapse; margin-bottom: 15px;"&gt;
        &lt;tr style="background: #f0f0f0;"&gt;
            &lt;td style="padding: 10px; font-weight: bold; width: 40%;"&gt;Type:&lt;/td&gt;
            &lt;td style="padding: 10px;"&gt;Biodiversity&lt;/td&gt;
        &lt;/tr&gt;
        &lt;tr&gt;
            &lt;td style="padding: 10px; font-weight: bold;"&gt;Location:&lt;/td&gt;
            &lt;td style="padding: 10px; font-size: 12px;"&gt;3.216840°N&lt;br&gt;101.751423°E&lt;/td&gt;
        &lt;/tr&gt;
    &lt;/table&gt;
    
&lt;div style="background: #f8f9fa; padding: 15px; border-radius: 8px; margin-top: 10px;"&gt;
    &lt;h3 style="color: #2c5364; margin: 0 0 15px 0; font-size: 16px;"&gt;📊 Active Sensors (8)&lt;/h3&gt;
    &lt;table style="width: 100%; border-collapse: collapse;"&gt;

        &lt;tr style="background: #ffffff;"&gt;
            &lt;td style="padding: 10px; vertical-align: top;"&gt;
                &lt;div style="font-weight: bold; margin-bottom: 5px;"&gt;
                    Conductivity &lt;span style="font-size: 14px;"&gt;↗️ &lt;span style="color: #666; font-size: 11px;"&gt;+33%&lt;/span&gt;&lt;/span&gt;
                &lt;/div&gt;
                &lt;div style="background: #ddd; border-radius: 10px; height: 8px; overflow: hidden;"&gt;
                    &lt;div style="background: #2196f3; height: 100%; width: 100%; transition: width 0.3s;"&gt;&lt;/div&gt;
                &lt;/div&gt;
                &lt;div style="font-size: 10px; color: #999; margin-top: 3px;"&gt;7d avg: 346.32 μS/cm&lt;/div&gt;
            &lt;/td&gt;
            &lt;td style="padding: 10px; text-align: right; vertical-align: top;"&gt;
                &lt;span style="color: #2196f3; font-size: 18px; font-weight: bold;"&gt;461.76&lt;/span&gt;
                &lt;span style="color: #666; font-size: 12px; display: block; margin-top: 2px;"&gt;μS/cm&lt;/span&gt;
            &lt;/td&gt;
        &lt;/tr&gt;

        &lt;tr style="background: #f0f0f0;"&gt;
            &lt;td style="padding: 10px; vertical-align: top;"&gt;
                &lt;div style="font-weight: bold; margin-bottom: 5px;"&gt;
                    Depth Gauge &lt;span style="font-size: 14px;"&gt;↘️ &lt;span style="color: #666; font-size: 11px;"&gt;-11%&lt;/span&gt;&lt;/span&gt;
                &lt;/div&gt;
                &lt;div style="background: #ddd; border-radius: 10px; height: 8px; overflow: hidden;"&gt;
                    &lt;div style="background: #2196f3; height: 100%; width: 1.9943127467501816%; transition: width 0.3s;"&gt;&lt;/div&gt;
                &lt;/div&gt;
                &lt;div style="font-size: 10px; color: #999; margin-top: 3px;"&gt;7d avg: 2.23 m&lt;/div&gt;
            &lt;/td&gt;
            &lt;td style="padding: 10px; text-align: right; vertical-align: top;"&gt;
                &lt;span style="color: #2196f3; font-size: 18px; font-weight: bold;"&gt;1.99&lt;/span&gt;
                &lt;span style="color: #666; font-size: 12px; display: block; margin-top: 2px;"&gt;m&lt;/span&gt;
            &lt;/td&gt;
        &lt;/tr&gt;

        &lt;tr style="background: #ffffff;"&gt;
            &lt;td style="padding: 10px; vertical-align: top;"&gt;
                &lt;div style="font-weight: bold; margin-bottom: 5px;"&gt;
                    Dissolved Oxygen &lt;span style="font-size: 14px;"&gt;→ &lt;span style="color: #666; font-size: 11px;"&gt;stable&lt;/span&gt;&lt;/span&gt;
                &lt;/div&gt;
                &lt;div style="background: #ddd; border-radius: 10px; height: 8px; overflow: hidden;"&gt;
                    &lt;div style="background: #2196f3; height: 100%; width: 11.149064163224015%; transition: width 0.3s;"&gt;&lt;/div&gt;
                &lt;/div&gt;
                &lt;div style="font-size: 10px; color: #999; margin-top: 3px;"&gt;7d avg: 11.26 mg/L&lt;/div&gt;
            &lt;/td&gt;
            &lt;td style="padding: 10px; text-align: right; vertical-align: top;"&gt;
                &lt;span style="color: #2196f3; font-size: 18px; font-weight: bold;"&gt;11.15&lt;/span&gt;
                &lt;span style="color: #666; font-size: 12px; display: block; margin-top: 2px;"&gt;mg/L&lt;/span&gt;
            &lt;/td&gt;
        &lt;/tr&gt;

        &lt;tr style="background: #f0f0f0;"&gt;
            &lt;td style="padding: 10px; vertical-align: top;"&gt;
                &lt;div style="font-weight: bold; margin-bottom: 5px;"&gt;
                    Flow Meter &lt;span style="font-size: 14px;"&gt;↗️ &lt;span style="color: #666; font-size: 11px;"&gt;+6%&lt;/span&gt;&lt;/span&gt;
                &lt;/div&gt;
                &lt;div style="background: #ddd; border-radius: 10px; height: 8px; overflow: hidden;"&gt;
                    &lt;div style="background: #2196f3; height: 100%; width: 3.1399392233006007%; transition: width 0.3s;"&gt;&lt;/div&gt;
                &lt;/div&gt;
                &lt;div style="font-size: 10px; color: #999; margin-top: 3px;"&gt;7d avg: 2.96 m3/s&lt;/div&gt;
            &lt;/td&gt;
            &lt;td style="padding: 10px; text-align: right; vertical-align: top;"&gt;
                &lt;span style="color: #2196f3; font-size: 18px; font-weight: bold;"&gt;3.14&lt;/span&gt;
                &lt;span style="color: #666; font-size: 12px; display: block; margin-top: 2px;"&gt;m3/s&lt;/span&gt;
            &lt;/td&gt;
        &lt;/tr&gt;

        &lt;tr style="background: #ffffff;"&gt;
            &lt;td style="padding: 10px; vertical-align: top;"&gt;
                &lt;div style="font-weight: bold; margin-bottom: 5px;"&gt;
                    Ph Sensor &lt;span style="font-size: 14px;"&gt;↗️ &lt;span style="color: #666; font-size: 11px;"&gt;+7%&lt;/span&gt;&lt;/span&gt;
                &lt;/div&gt;
                &lt;div style="background: #ddd; border-radius: 10px; height: 8px; overflow: hidden;"&gt;
                    &lt;div style="background: #2196f3; height: 100%; width: 9.47098441968639%; transition: width 0.3s;"&gt;&lt;/div&gt;
                &lt;/div&gt;
                &lt;div style="font-size: 10px; color: #999; margin-top: 3px;"&gt;7d avg: 8.83 pH&lt;/div&gt;
            &lt;/td&gt;
            &lt;td style="padding: 10px; text-align: right; vertical-align: top;"&gt;
                &lt;span style="color: #2196f3; font-size: 18px; font-weight: bold;"&gt;9.47&lt;/span&gt;
                &lt;span style="color: #666; font-size: 12px; display: block; margin-top: 2px;"&gt;pH&lt;/span&gt;
            &lt;/td&gt;
        &lt;/tr&gt;

        &lt;tr style="background: #f0f0f0;"&gt;
            &lt;td style="padding: 10px; vertical-align: top;"&gt;
                &lt;div style="font-weight: bold; margin-bottom: 5px;"&gt;
                    Temperature &lt;span style="font-size: 14px;"&gt;↘️ &lt;span style="color: #666; font-size: 11px;"&gt;-7%&lt;/span&gt;&lt;/span&gt;
                &lt;/div&gt;
                &lt;div style="background: #ddd; border-radius: 10px; height: 8px; overflow: hidden;"&gt;
                    &lt;div style="background: #2196f3; height: 100%; width: 18.951331093589484%; transition: width 0.3s;"&gt;&lt;/div&gt;
                &lt;/div&gt;
                &lt;div style="font-size: 10px; color: #999; margin-top: 3px;"&gt;7d avg: 20.29 °C&lt;/div&gt;
            &lt;/td&gt;
            &lt;td style="padding: 10px; text-align: right; vertical-align: top;"&gt;
                &lt;span style="color: #2196f3; font-size: 18px; font-weight: bold;"&gt;18.95&lt;/span&gt;
                &lt;span style="color: #666; font-size: 12px; display: block; margin-top: 2px;"&gt;°C&lt;/span&gt;
            &lt;/td&gt;
        &lt;/tr&gt;

        &lt;tr style="background: #ffffff;"&gt;
            &lt;td style="padding: 10px; vertical-align: top;"&gt;
                &lt;div style="font-weight: bold; margin-bottom: 5px;"&gt;
                    Turbidity &lt;span style="font-size: 14px;"&gt;↗️ &lt;span style="color: #666; font-size: 11px;"&gt;+33%&lt;/span&gt;&lt;/span&gt;
                &lt;/div&gt;
                &lt;div style="background: #ddd; border-radius: 10px; height: 8px; overflow: hidden;"&gt;
                    &lt;div style="background: #2196f3; height: 100%; width: 46.184947004422355%; transition: width 0.3s;"&gt;&lt;/div&gt;
                &lt;/div&gt;
                &lt;div style="font-size: 10px; color: #999; margin-top: 3px;"&gt;7d avg: 34.64 NTU&lt;/div&gt;
            &lt;/td&gt;
            &lt;td style="padding: 10px; text-align: right; vertical-align: top;"&gt;
                &lt;span style="color: #2196f3; font-size: 18px; font-weight: bold;"&gt;46.18&lt;/span&gt;
                &lt;span style="color: #666; font-size: 12px; display: block; margin-top: 2px;"&gt;NTU&lt;/span&gt;
            &lt;/td&gt;
        &lt;/tr&gt;

        &lt;tr style="background: #f0f0f0;"&gt;
            &lt;td style="padding: 10px; vertical-align: top;"&gt;
                &lt;div style="font-weight: bold; margin-bottom: 5px;"&gt;
                    Water Quality &lt;span style="font-size: 14px;"&gt;→ &lt;span style="color: #666; font-size: 11px;"&gt;stable&lt;/span&gt;&lt;/span&gt;
                &lt;/div&gt;
                &lt;div style="background: #ddd; border-radius: 10px; height: 8px; overflow: hidden;"&gt;
                    &lt;div style="background: #2196f3; height: 100%; width: 5.985765579022453%; transition: width 0.3s;"&gt;&lt;/div&gt;
                &lt;/div&gt;
                &lt;div style="font-size: 10px; color: #999; margin-top: 3px;"&gt;7d avg: 5.91 index&lt;/div&gt;
            &lt;/td&gt;
            &lt;td style="padding: 10px; text-align: right; vertical-align: top;"&gt;
                &lt;span style="color: #2196f3; font-size: 18px; font-weight: bold;"&gt;5.99&lt;/span&gt;
                &lt;span style="color: #666; font-size: 12px; display: block; margin-top: 2px;"&gt;index&lt;/span&gt;
            &lt;/td&gt;
        &lt;/tr&gt;

    &lt;/table&gt;
&lt;/div&gt;
&lt;/div&gt;]]&gt;</description>
      <Point>
        <coordinates>101.75142309,3.2168404,0</coordinates>
      </Point>
    </Placemark>
    <Placemark>
      <name />
      <styleUrl>#boom_trap</styleUrl>
      <description>&lt;![CDATA[
&lt;div style="font-family: Arial, sans-serif; width: 350px; padding: 15px;"&gt;
    &lt;h2 style="color: #2c5364; margin: 0 0 15px 0; font-size: 20px; border-bottom: 2px solid #4fc3f7; padding-bottom: 10px;"&gt;
        BOOM_TRAP_001
    &lt;/h2&gt;
    &lt;table style="width: 100%; border-collapse: collapse; margin-bottom: 15px;"&gt;
        &lt;tr style="background: #f0f0f0;"&gt;
            &lt;td style="padding: 10px; font-weight: bold; width: 40%;"&gt;Type:&lt;/td&gt;
            &lt;td style="padding: 10px;"&gt;Boom Trap&lt;/td&gt;
        &lt;/tr&gt;
        &lt;tr&gt;
            &lt;td style="padding: 10px; font-weight: bold;"&gt;Location:&lt;/td&gt;
            &lt;td style="padding: 10px; font-size: 12px;"&gt;3.001906°N&lt;br&gt;101.389117°E&lt;/td&gt;
        &lt;/tr&gt;
    &lt;/table&gt;
    
&lt;div style="background: #f8f9fa; padding: 15px; border-radius: 8px; margin-top: 10px;"&gt;
    &lt;h3 style="color: #2c5364; margin: 0 0 15px 0; font-size: 16px;"&gt;📊 Active Sensors (8)&lt;/h3&gt;
    &lt;table style="width: 100%; border-collapse: collapse;"&gt;

        &lt;tr style="background: #ffffff;"&gt;
            &lt;td style="padding: 10px; vertical-align: top;"&gt;
                &lt;div style="font-weight: bold; margin-bottom: 5px;"&gt;
                    Conductivity &lt;span style="font-size: 14px;"&gt;↗️ &lt;span style="color: #666; font-size: 11px;"&gt;+33%&lt;/span&gt;&lt;/span&gt;
                &lt;/div&gt;
                &lt;div style="background: #ddd; border-radius: 10px; height: 8px; overflow: hidden;"&gt;
                    &lt;div style="background: #2196f3; height: 100%; width: 100%; transition: width 0.3s;"&gt;&lt;/div&gt;
                &lt;/div&gt;
                &lt;div style="font-size: 10px; color: #999; margin-top: 3px;"&gt;7d avg: 495.24 μS/cm&lt;/div&gt;
            &lt;/td&gt;
            &lt;td style="padding: 10px; text-align: right; vertical-align: top;"&gt;
                &lt;span style="color: #2196f3; font-size: 18px; font-weight: bold;"&gt;660.32&lt;/span&gt;
                &lt;span style="color: #666; font-size: 12px; display: block; margin-top: 2px;"&gt;μS/cm&lt;/span&gt;
            &lt;/td&gt;
        &lt;/tr&gt;

        &lt;tr style="background: #f0f0f0;"&gt;
            &lt;td style="padding: 10px; vertical-align: top;"&gt;
                &lt;div style="font-weight: bold; margin-bottom: 5px;"&gt;
                    Depth Gauge &lt;span style="font-size: 14px;"&gt;↘️ &lt;span style="color: #666; font-size: 11px;"&gt;-10%&lt;/span&gt;&lt;/span&gt;
                &lt;/div&gt;
                &lt;div style="background: #ddd; border-radius: 10px; height: 8px; overflow: hidden;"&gt;
                    &lt;div style="background: #2196f3; height: 100%; width: 3.281367751569352%; transition: width 0.3s;"&gt;&lt;/div&gt;
                &lt;/div&gt;
                &lt;div style="font-size: 10px; color: #999; margin-top: 3px;"&gt;7d avg: 3.64 m&lt;/div&gt;
            &lt;/td&gt;
            &lt;td style="padding: 10px; text-align: right; vertical-align: top;"&gt;
                &lt;span style="color: #2196f3; font-size: 18px; font-weight: bold;"&gt;3.28&lt;/span&gt;
                &lt;span style="color: #666; font-size: 12px; display: block; margin-top: 2px;"&gt;m&lt;/span&gt;
            &lt;/td&gt;
        &lt;/tr&gt;

        &lt;tr style="background: #ffffff;"&gt;
            &lt;td style="padding: 10px; vertical-align: top;"&gt;
                &lt;div style="font-weight: bold; margin-bottom: 5px;"&gt;
                    Dissolved Oxygen &lt;span style="font-size: 14px;"&gt;→ &lt;span style="color: #666; font-size: 11px;"&gt;stable&lt;/span&gt;&lt;/span&gt;
                &lt;/div&gt;
                &lt;div style="background: #ddd; border-radius: 10px; height: 8px; overflow: hidden;"&gt;
                    &lt;div style="background: #2196f3; height: 100%; width: 13.809534538338477%; transition: width 0.3s;"&gt;&lt;/div&gt;
                &lt;/div&gt;
                &lt;div style="font-size: 10px; color: #999; margin-top: 3px;"&gt;7d avg: 13.83 mg/L&lt;/div&gt;
            &lt;/td&gt;
            &lt;td style="padding: 10px; text-align: right; vertical-align: top;"&gt;
                &lt;span style="color: #2196f3; font-size: 18px; font-weight: bold;"&gt;13.81&lt;/span&gt;
                &lt;span style="color: #666; font-size: 12px; display: block; margin-top: 2px;"&gt;mg/L&lt;/span&gt;
            &lt;/td&gt;
        &lt;/tr&gt;

        &lt;tr style="background: #f0f0f0;"&gt;
            &lt;td style="padding: 10px; vertical-align: top;"&gt;
                &lt;div style="font-weight: bold; margin-bottom: 5px;"&gt;
                    Flow Meter &lt;span style="font-size: 14px;"&gt;→ &lt;span style="color: #666; font-size: 11px;"&gt;stable&lt;/span&gt;&lt;/span&gt;
                &lt;/div&gt;
                &lt;div style="background: #ddd; border-radius: 10px; height: 8px; overflow: hidden;"&gt;
                    &lt;div style="background: #2196f3; height: 100%; width: 1.91935538351714%; transition: width 0.3s;"&gt;&lt;/div&gt;
                &lt;/div&gt;
                &lt;div style="font-size: 10px; color: #999; margin-top: 3px;"&gt;7d avg: 1.92 m3/s&lt;/div&gt;
            &lt;/td&gt;
            &lt;td style="padding: 10px; text-align: right; vertical-align: top;"&gt;
                &lt;span style="color: #2196f3; font-size: 18px; font-weight: bold;"&gt;1.92&lt;/span&gt;
                &lt;span style="color: #666; font-size: 12px; display: block; margin-top: 2px;"&gt;m3/s&lt;/span&gt;
            &lt;/td&gt;
        &lt;/tr&gt;

        &lt;tr style="background: #ffffff;"&gt;
            &lt;td style="padding: 10px; vertical-align: top;"&gt;
                &lt;div style="font-weight: bold; margin-bottom: 5px;"&gt;
                    Ph Sensor &lt;span style="font-size: 14px;"&gt;→ &lt;span style="color: #666; font-size: 11px;"&gt;stable&lt;/span&gt;&lt;/span&gt;
                &lt;/div&gt;
                &lt;div style="background: #ddd; border-radius: 10px; height: 8px; overflow: hidden;"&gt;
                    &lt;div style="background: #2196f3; height: 100%; width: 10.925717210057101%; transition: width 0.3s;"&gt;&lt;/div&gt;
                &lt;/div&gt;
                &lt;div style="font-size: 10px; color: #999; margin-top: 3px;"&gt;7d avg: 11.25 pH&lt;/div&gt;
            &lt;/td&gt;
            &lt;td style="padding: 10px; text-align: right; vertical-align: top;"&gt;
                &lt;span style="color: #2196f3; font-size: 18px; font-weight: bold;"&gt;10.93&lt;/span&gt;
                &lt;span style="color: #666; font-size: 12px; display: block; margin-top: 2px;"&gt;pH&lt;/span&gt;
            &lt;/td&gt;
        &lt;/tr&gt;

        &lt;tr style="background: #f0f0f0;"&gt;
            &lt;td style="padding: 10px; vertical-align: top;"&gt;
                &lt;div style="font-weight: bold; margin-bottom: 5px;"&gt;
                    Temperature &lt;span style="font-size: 14px;"&gt;→ &lt;span style="color: #666; font-size: 11px;"&gt;stable&lt;/span&gt;&lt;/span&gt;
                &lt;/div&gt;
                &lt;div style="background: #ddd; border-radius: 10px; height: 8px; overflow: hidden;"&gt;
                    &lt;div style="background: #2196f3; height: 100%; width: 14.911168230712146%; transition: width 0.3s;"&gt;&lt;/div&gt;
                &lt;/div&gt;
                &lt;div style="font-size: 10px; color: #999; margin-top: 3px;"&gt;7d avg: 15.15 °C&lt;/div&gt;
            &lt;/td&gt;
            &lt;td style="padding: 10px; text-align: right; vertical-align: top;"&gt;
                &lt;span style="color: #2196f3; font-size: 18px; font-weight: bold;"&gt;14.91&lt;/span&gt;
                &lt;span style="color: #666; font-size: 12px; display: block; margin-top: 2px;"&gt;°C&lt;/span&gt;
            &lt;/td&gt;
        &lt;/tr&gt;

        &lt;tr style="background: #ffffff;"&gt;
            &lt;td style="padding: 10px; vertical-align: top;"&gt;
                &lt;div style="font-weight: bold; margin-bottom: 5px;"&gt;
                    Turbidity &lt;span style="font-size: 14px;"&gt;↗️ &lt;span style="color: #666; font-size: 11px;"&gt;+33%&lt;/span&gt;&lt;/span&gt;
                &lt;/div&gt;
                &lt;div style="background: #ddd; border-radius: 10px; height: 8px; overflow: hidden;"&gt;
                    &lt;div style="background: #2196f3; height: 100%; width: 90.62694181814327%; transition: width 0.3s;"&gt;&lt;/div&gt;
                &lt;/div&gt;
                &lt;div style="font-size: 10px; color: #999; margin-top: 3px;"&gt;7d avg: 67.97 NTU&lt;/div&gt;
            &lt;/td&gt;
            &lt;td style="padding: 10px; text-align: right; vertical-align: top;"&gt;
                &lt;span style="color: #2196f3; font-size: 18px; font-weight: bold;"&gt;90.63&lt;/span&gt;
                &lt;span style="color: #666; font-size: 12px; display: block; margin-top: 2px;"&gt;NTU&lt;/span&gt;
            &lt;/td&gt;
        &lt;/tr&gt;

        &lt;tr style="background: #f0f0f0;"&gt;
            &lt;td style="padding: 10px; vertical-align: top;"&gt;
                &lt;div style="font-weight: bold; margin-bottom: 5px;"&gt;
                    Water Quality &lt;span style="font-size: 14px;"&gt;→ &lt;span style="color: #666; font-size: 11px;"&gt;stable&lt;/span&gt;&lt;/span&gt;
                &lt;/div&gt;
                &lt;div style="background: #ddd; border-radius: 10px; height: 8px; overflow: hidden;"&gt;
                    &lt;div style="background: #2196f3; height: 100%; width: 7.386532116990882%; transition: width 0.3s;"&gt;&lt;/div&gt;
                &lt;/div&gt;
                &lt;div style="font-size: 10px; color: #999; margin-top: 3px;"&gt;7d avg: 7.52 index&lt;/div&gt;
            &lt;/td&gt;
            &lt;td style="padding: 10px; text-align: right; vertical-align: top;"&gt;
                &lt;span style="color: #2196f3; font-size: 18px; font-weight: bold;"&gt;7.39&lt;/span&gt;
                &lt;span style="color: #666; font-size: 12px; display: block; margin-top: 2px;"&gt;index&lt;/span&gt;
            &lt;/td&gt;
        &lt;/tr&gt;

    &lt;/table&gt;
&lt;/div&gt;
&lt;/div&gt;]]&gt;</description>
      <Point>
        <coordinates>101.38911659,3.00190556,0</coordinates>
      </Point>
    </Placemark>
    <Placemark>
      <name />
      <styleUrl>#boom_trap</styleUrl>
      <description>&lt;![CDATA[
&lt;div style="font-family: Arial, sans-serif; width: 350px; padding: 15px;"&gt;
    &lt;h2 style="color: #2c5364; margin: 0 0 15px 0; font-size: 20px; border-bottom: 2px solid #4fc3f7; padding-bottom: 10px;"&gt;
        BOOM_TRAP_002
    &lt;/h2&gt;
    &lt;table style="width: 100%; border-collapse: collapse; margin-bottom: 15px;"&gt;
        &lt;tr style="background: #f0f0f0;"&gt;
            &lt;td style="padding: 10px; font-weight: bold; width: 40%;"&gt;Type:&lt;/td&gt;
            &lt;td style="padding: 10px;"&gt;Boom Trap&lt;/td&gt;
        &lt;/tr&gt;
        &lt;tr&gt;
            &lt;td style="padding: 10px; font-weight: bold;"&gt;Location:&lt;/td&gt;
            &lt;td style="padding: 10px; font-size: 12px;"&gt;3.018872°N&lt;br&gt;101.376115°E&lt;/td&gt;
        &lt;/tr&gt;
    &lt;/table&gt;
    
&lt;div style="background: #f8f9fa; padding: 15px; border-radius: 8px; margin-top: 10px;"&gt;
    &lt;h3 style="color: #2c5364; margin: 0 0 15px 0; font-size: 16px;"&gt;📊 Active Sensors (8)&lt;/h3&gt;
    &lt;table style="width: 100%; border-collapse: collapse;"&gt;

        &lt;tr style="background: #ffffff;"&gt;
            &lt;td style="padding: 10px; vertical-align: top;"&gt;
                &lt;div style="font-weight: bold; margin-bottom: 5px;"&gt;
                    Conductivity &lt;span style="font-size: 14px;"&gt;↗️ &lt;span style="color: #666; font-size: 11px;"&gt;+33%&lt;/span&gt;&lt;/span&gt;
                &lt;/div&gt;
                &lt;div style="background: #ddd; border-radius: 10px; height: 8px; overflow: hidden;"&gt;
                    &lt;div style="background: #2196f3; height: 100%; width: 100%; transition: width 0.3s;"&gt;&lt;/div&gt;
                &lt;/div&gt;
                &lt;div style="font-size: 10px; color: #999; margin-top: 3px;"&gt;7d avg: 358.96 μS/cm&lt;/div&gt;
            &lt;/td&gt;
            &lt;td style="padding: 10px; text-align: right; vertical-align: top;"&gt;
                &lt;span style="color: #2196f3; font-size: 18px; font-weight: bold;"&gt;478.61&lt;/span&gt;
                &lt;span style="color: #666; font-size: 12px; display: block; margin-top: 2px;"&gt;μS/cm&lt;/span&gt;
            &lt;/td&gt;
        &lt;/tr&gt;

        &lt;tr style="background: #f0f0f0;"&gt;
            &lt;td style="padding: 10px; vertical-align: top;"&gt;
                &lt;div style="font-weight: bold; margin-bottom: 5px;"&gt;
                    Depth Gauge &lt;span style="font-size: 14px;"&gt;→ &lt;span style="color: #666; font-size: 11px;"&gt;stable&lt;/span&gt;&lt;/span&gt;
                &lt;/div&gt;
                &lt;div style="background: #ddd; border-radius: 10px; height: 8px; overflow: hidden;"&gt;
                    &lt;div style="background: #2196f3; height: 100%; width: 4.650800674049102%; transition: width 0.3s;"&gt;&lt;/div&gt;
                &lt;/div&gt;
                &lt;div style="font-size: 10px; color: #999; margin-top: 3px;"&gt;7d avg: 4.65 m&lt;/div&gt;
            &lt;/td&gt;
            &lt;td style="padding: 10px; text-align: right; vertical-align: top;"&gt;
                &lt;span style="color: #2196f3; font-size: 18px; font-weight: bold;"&gt;4.65&lt;/span&gt;
                &lt;span style="color: #666; font-size: 12px; display: block; margin-top: 2px;"&gt;m&lt;/span&gt;
            &lt;/td&gt;
        &lt;/tr&gt;

        &lt;tr style="background: #ffffff;"&gt;
            &lt;td style="padding: 10px; vertical-align: top;"&gt;
                &lt;div style="font-weight: bold; margin-bottom: 5px;"&gt;
                    Dissolved Oxygen &lt;span style="font-size: 14px;"&gt;→ &lt;span style="color: #666; font-size: 11px;"&gt;stable&lt;/span&gt;&lt;/span&gt;
                &lt;/div&gt;
                &lt;div style="background: #ddd; border-radius: 10px; height: 8px; overflow: hidden;"&gt;
                    &lt;div style="background: #2196f3; height: 100%; width: 6.803646719142688%; transition: width 0.3s;"&gt;&lt;/div&gt;
                &lt;/div&gt;
                &lt;div style="font-size: 10px; color: #999; margin-top: 3px;"&gt;7d avg: 7.03 mg/L&lt;/div&gt;
            &lt;/td&gt;
            &lt;td style="padding: 10px; text-align: right; vertical-align: top;"&gt;
                &lt;span style="color: #2196f3; font-size: 18px; font-weight: bold;"&gt;6.80&lt;/span&gt;
                &lt;span style="color: #666; font-size: 12px; display: block; margin-top: 2px;"&gt;mg/L&lt;/span&gt;
            &lt;/td&gt;
        &lt;/tr&gt;

        &lt;tr style="background: #f0f0f0;"&gt;
            &lt;td style="padding: 10px; vertical-align: top;"&gt;
                &lt;div style="font-weight: bold; margin-bottom: 5px;"&gt;
                    Flow Meter &lt;span style="font-size: 14px;"&gt;→ &lt;span style="color: #666; font-size: 11px;"&gt;stable&lt;/span&gt;&lt;/span&gt;
                &lt;/div&gt;
                &lt;div style="background: #ddd; border-radius: 10px; height: 8px; overflow: hidden;"&gt;
                    &lt;div style="background: #2196f3; height: 100%; width: 1.8633969251862443%; transition: width 0.3s;"&gt;&lt;/div&gt;
                &lt;/div&gt;
                &lt;div style="font-size: 10px; color: #999; margin-top: 3px;"&gt;7d avg: 1.78 m3/s&lt;/div&gt;
            &lt;/td&gt;
            &lt;td style="padding: 10px; text-align: right; vertical-align: top;"&gt;
                &lt;span style="color: #2196f3; font-size: 18px; font-weight: bold;"&gt;1.86&lt;/span&gt;
                &lt;span style="color: #666; font-size: 12px; display: block; margin-top: 2px;"&gt;m3/s&lt;/span&gt;
            &lt;/td&gt;
        &lt;/tr&gt;

        &lt;tr style="background: #ffffff;"&gt;
            &lt;td style="padding: 10px; vertical-align: top;"&gt;
                &lt;div style="font-weight: bold; margin-bottom: 5px;"&gt;
                    Ph Sensor &lt;span style="font-size: 14px;"&gt;↗️ &lt;span style="color: #666; font-size: 11px;"&gt;+9%&lt;/span&gt;&lt;/span&gt;
                &lt;/div&gt;
                &lt;div style="background: #ddd; border-radius: 10px; height: 8px; overflow: hidden;"&gt;
                    &lt;div style="background: #2196f3; height: 100%; width: 9.495221510665413%; transition: width 0.3s;"&gt;&lt;/div&gt;
                &lt;/div&gt;
                &lt;div style="font-size: 10px; color: #999; margin-top: 3px;"&gt;7d avg: 8.74 pH&lt;/div&gt;
            &lt;/td&gt;
            &lt;td style="padding: 10px; text-align: right; vertical-align: top;"&gt;
                &lt;span style="color: #2196f3; font-size: 18px; font-weight: bold;"&gt;9.50&lt;/span&gt;
                &lt;span style="color: #666; font-size: 12px; display: block; margin-top: 2px;"&gt;pH&lt;/span&gt;
            &lt;/td&gt;
        &lt;/tr&gt;

        &lt;tr style="background: #f0f0f0;"&gt;
            &lt;td style="padding: 10px; vertical-align: top;"&gt;
                &lt;div style="font-weight: bold; margin-bottom: 5px;"&gt;
                    Temperature &lt;span style="font-size: 14px;"&gt;→ &lt;span style="color: #666; font-size: 11px;"&gt;stable&lt;/span&gt;&lt;/span&gt;
                &lt;/div&gt;
                &lt;div style="background: #ddd; border-radius: 10px; height: 8px; overflow: hidden;"&gt;
                    &lt;div style="background: #2196f3; height: 100%; width: 23.47543015300466%; transition: width 0.3s;"&gt;&lt;/div&gt;
                &lt;/div&gt;
                &lt;div style="font-size: 10px; color: #999; margin-top: 3px;"&gt;7d avg: 23.64 °C&lt;/div&gt;
            &lt;/td&gt;
            &lt;td style="padding: 10px; text-align: right; vertical-align: top;"&gt;
                &lt;span style="color: #2196f3; font-size: 18px; font-weight: bold;"&gt;23.48&lt;/span&gt;
                &lt;span style="color: #666; font-size: 12px; display: block; margin-top: 2px;"&gt;°C&lt;/span&gt;
            &lt;/td&gt;
        &lt;/tr&gt;

        &lt;tr style="background: #ffffff;"&gt;
            &lt;td style="padding: 10px; vertical-align: top;"&gt;
                &lt;div style="font-weight: bold; margin-bottom: 5px;"&gt;
                    Turbidity &lt;span style="font-size: 14px;"&gt;↗️ &lt;span style="color: #666; font-size: 11px;"&gt;+33%&lt;/span&gt;&lt;/span&gt;
                &lt;/div&gt;
                &lt;div style="background: #ddd; border-radius: 10px; height: 8px; overflow: hidden;"&gt;
                    &lt;div style="background: #2196f3; height: 100%; width: 100%; transition: width 0.3s;"&gt;&lt;/div&gt;
                &lt;/div&gt;
                &lt;div style="font-size: 10px; color: #999; margin-top: 3px;"&gt;7d avg: 89.23 NTU&lt;/div&gt;
            &lt;/td&gt;
            &lt;td style="padding: 10px; text-align: right; vertical-align: top;"&gt;
                &lt;span style="color: #2196f3; font-size: 18px; font-weight: bold;"&gt;118.97&lt;/span&gt;
                &lt;span style="color: #666; font-size: 12px; display: block; margin-top: 2px;"&gt;NTU&lt;/span&gt;
            &lt;/td&gt;
        &lt;/tr&gt;

        &lt;tr style="background: #f0f0f0;"&gt;
            &lt;td style="padding: 10px; vertical-align: top;"&gt;
                &lt;div style="font-weight: bold; margin-bottom: 5px;"&gt;
                    Water Quality &lt;span style="font-size: 14px;"&gt;↘️ &lt;span style="color: #666; font-size: 11px;"&gt;-8%&lt;/span&gt;&lt;/span&gt;
                &lt;/div&gt;
                &lt;div style="background: #ddd; border-radius: 10px; height: 8px; overflow: hidden;"&gt;
                    &lt;div style="background: #2196f3; height: 100%; width: 8.525848840914982%; transition: width 0.3s;"&gt;&lt;/div&gt;
                &lt;/div&gt;
                &lt;div style="font-size: 10px; color: #999; margin-top: 3px;"&gt;7d avg: 9.23 index&lt;/div&gt;
            &lt;/td&gt;
            &lt;td style="padding: 10px; text-align: right; vertical-align: top;"&gt;
                &lt;span style="color: #2196f3; font-size: 18px; font-weight: bold;"&gt;8.53&lt;/span&gt;
                &lt;span style="color: #666; font-size: 12px; display: block; margin-top: 2px;"&gt;index&lt;/span&gt;
            &lt;/td&gt;
        &lt;/tr&gt;

    &lt;/table&gt;
&lt;/div&gt;
&lt;/div&gt;]]&gt;</description>
      <Point>
        <coordinates>101.37611506,3.0188718,0</coordinates>
      </Point>
    </Placemark>
    <Placemark>
      <name />
      <styleUrl>#boom_trap</styleUrl>
      <description>&lt;![CDATA[
&lt;div style="font-family: Arial, sans-serif; width: 350px; padding: 15px;"&gt;
    &lt;h2 style="color: #2c5364; margin: 0 0 15px 0; font-size: 20px; border-bottom: 2px solid #4fc3f7; padding-bottom: 10px;"&gt;
        BOOM_TRAP_003
    &lt;/h2&gt;
    &lt;table style="width: 100%; border-collapse: collapse; margin-bottom: 15px;"&gt;
        &lt;tr style="background: #f0f0f0;"&gt;
            &lt;td style="padding: 10px; font-weight: bold; width: 40%;"&gt;Type:&lt;/td&gt;
            &lt;td style="padding: 10px;"&gt;Boom Trap&lt;/td&gt;
        &lt;/tr&gt;
        &lt;tr&gt;
            &lt;td style="padding: 10px; font-weight: bold;"&gt;Location:&lt;/td&gt;
            &lt;td style="padding: 10px; font-size: 12px;"&gt;3.016604°N&lt;br&gt;101.400194°E&lt;/td&gt;
        &lt;/tr&gt;
    &lt;/table&gt;
    
&lt;div style="background: #f8f9fa; padding: 15px; border-radius: 8px; margin-top: 10px;"&gt;
    &lt;h3 style="color: #2c5364; margin: 0 0 15px 0; font-size: 16px;"&gt;📊 Active Sensors (8)&lt;/h3&gt;
    &lt;table style="width: 100%; border-collapse: collapse;"&gt;

        &lt;tr style="background: #ffffff;"&gt;
            &lt;td style="padding: 10px; vertical-align: top;"&gt;
                &lt;div style="font-weight: bold; margin-bottom: 5px;"&gt;
                    Conductivity &lt;span style="font-size: 14px;"&gt;↗️ &lt;span style="color: #666; font-size: 11px;"&gt;+33%&lt;/span&gt;&lt;/span&gt;
                &lt;/div&gt;
                &lt;div style="background: #ddd; border-radius: 10px; height: 8px; overflow: hidden;"&gt;
                    &lt;div style="background: #2196f3; height: 100%; width: 100%; transition: width 0.3s;"&gt;&lt;/div&gt;
                &lt;/div&gt;
                &lt;div style="font-size: 10px; color: #999; margin-top: 3px;"&gt;7d avg: 529.49 μS/cm&lt;/div&gt;
            &lt;/td&gt;
            &lt;td style="padding: 10px; text-align: right; vertical-align: top;"&gt;
                &lt;span style="color: #2196f3; font-size: 18px; font-weight: bold;"&gt;705.99&lt;/span&gt;
                &lt;span style="color: #666; font-size: 12px; display: block; margin-top: 2px;"&gt;μS/cm&lt;/span&gt;
            &lt;/td&gt;
        &lt;/tr&gt;

        &lt;tr style="background: #f0f0f0;"&gt;
            &lt;td style="padding: 10px; vertical-align: top;"&gt;
                &lt;div style="font-weight: bold; margin-bottom: 5px;"&gt;
                    Depth Gauge &lt;span style="font-size: 14px;"&gt;↘️ &lt;span style="color: #666; font-size: 11px;"&gt;-7%&lt;/span&gt;&lt;/span&gt;
                &lt;/div&gt;
                &lt;div style="background: #ddd; border-radius: 10px; height: 8px; overflow: hidden;"&gt;
                    &lt;div style="background: #2196f3; height: 100%; width: 3.9716349833536246%; transition: width 0.3s;"&gt;&lt;/div&gt;
                &lt;/div&gt;
                &lt;div style="font-size: 10px; color: #999; margin-top: 3px;"&gt;7d avg: 4.29 m&lt;/div&gt;
            &lt;/td&gt;
            &lt;td style="padding: 10px; text-align: right; vertical-align: top;"&gt;
                &lt;span style="color: #2196f3; font-size: 18px; font-weight: bold;"&gt;3.97&lt;/span&gt;
                &lt;span style="color: #666; font-size: 12px; display: block; margin-top: 2px;"&gt;m&lt;/span&gt;
            &lt;/td&gt;
        &lt;/tr&gt;

        &lt;tr style="background: #ffffff;"&gt;
            &lt;td style="padding: 10px; vertical-align: top;"&gt;
                &lt;div style="font-weight: bold; margin-bottom: 5px;"&gt;
                    Dissolved Oxygen &lt;span style="font-size: 14px;"&gt;→ &lt;span style="color: #666; font-size: 11px;"&gt;stable&lt;/span&gt;&lt;/span&gt;
                &lt;/div&gt;
                &lt;div style="background: #ddd; border-radius: 10px; height: 8px; overflow: hidden;"&gt;
                    &lt;div style="background: #2196f3; height: 100%; width: 7.545103734267484%; transition: width 0.3s;"&gt;&lt;/div&gt;
                &lt;/div&gt;
                &lt;div style="font-size: 10px; color: #999; margin-top: 3px;"&gt;7d avg: 7.32 mg/L&lt;/div&gt;
            &lt;/td&gt;
            &lt;td style="padding: 10px; text-align: right; vertical-align: top;"&gt;
                &lt;span style="color: #2196f3; font-size: 18px; font-weight: bold;"&gt;7.55&lt;/span&gt;
                &lt;span style="color: #666; font-size: 12px; display: block; margin-top: 2px;"&gt;mg/L&lt;/span&gt;
            &lt;/td&gt;
        &lt;/tr&gt;

        &lt;tr style="background: #f0f0f0;"&gt;
            &lt;td style="padding: 10px; vertical-align: top;"&gt;
                &lt;div style="font-weight: bold; margin-bottom: 5px;"&gt;
                    Flow Meter &lt;span style="font-size: 14px;"&gt;→ &lt;span style="color: #666; font-size: 11px;"&gt;stable&lt;/span&gt;&lt;/span&gt;
                &lt;/div&gt;
                &lt;div style="background: #ddd; border-radius: 10px; height: 8px; overflow: hidden;"&gt;
                    &lt;div style="background: #2196f3; height: 100%; width: 3.9944486813026003%; transition: width 0.3s;"&gt;&lt;/div&gt;
                &lt;/div&gt;
                &lt;div style="font-size: 10px; color: #999; margin-top: 3px;"&gt;7d avg: 4.00 m3/s&lt;/div&gt;
            &lt;/td&gt;
            &lt;td style="padding: 10px; text-align: right; vertical-align: top;"&gt;
                &lt;span style="color: #2196f3; font-size: 18px; font-weight: bold;"&gt;3.99&lt;/span&gt;
                &lt;span style="color: #666; font-size: 12px; display: block; margin-top: 2px;"&gt;m3/s&lt;/span&gt;
            &lt;/td&gt;
        &lt;/tr&gt;

        &lt;tr style="background: #ffffff;"&gt;
            &lt;td style="padding: 10px; vertical-align: top;"&gt;
                &lt;div style="font-weight: bold; margin-bottom: 5px;"&gt;
                    Ph Sensor &lt;span style="font-size: 14px;"&gt;→ &lt;span style="color: #666; font-size: 11px;"&gt;stable&lt;/span&gt;&lt;/span&gt;
                &lt;/div&gt;
                &lt;div style="background: #ddd; border-radius: 10px; height: 8px; overflow: hidden;"&gt;
                    &lt;div style="background: #2196f3; height: 100%; width: 5.933478293881511%; transition: width 0.3s;"&gt;&lt;/div&gt;
                &lt;/div&gt;
                &lt;div style="font-size: 10px; color: #999; margin-top: 3px;"&gt;7d avg: 5.93 pH&lt;/div&gt;
            &lt;/td&gt;
            &lt;td style="padding: 10px; text-align: right; vertical-align: top;"&gt;
                &lt;span style="color: #2196f3; font-size: 18px; font-weight: bold;"&gt;5.93&lt;/span&gt;
                &lt;span style="color: #666; font-size: 12px; display: block; margin-top: 2px;"&gt;pH&lt;/span&gt;
            &lt;/td&gt;
        &lt;/tr&gt;

        &lt;tr style="background: #f0f0f0;"&gt;
            &lt;td style="padding: 10px; vertical-align: top;"&gt;
                &lt;div style="font-weight: bold; margin-bottom: 5px;"&gt;
                    Temperature &lt;span style="font-size: 14px;"&gt;→ &lt;span style="color: #666; font-size: 11px;"&gt;stable&lt;/span&gt;&lt;/span&gt;
                &lt;/div&gt;
                &lt;div style="background: #ddd; border-radius: 10px; height: 8px; overflow: hidden;"&gt;
                    &lt;div style="background: #2196f3; height: 100%; width: 18.522311863643168%; transition: width 0.3s;"&gt;&lt;/div&gt;
                &lt;/div&gt;
                &lt;div style="font-size: 10px; color: #999; margin-top: 3px;"&gt;7d avg: 18.38 °C&lt;/div&gt;
            &lt;/td&gt;
            &lt;td style="padding: 10px; text-align: right; vertical-align: top;"&gt;
                &lt;span style="color: #2196f3; font-size: 18px; font-weight: bold;"&gt;18.52&lt;/span&gt;
                &lt;span style="color: #666; font-size: 12px; display: block; margin-top: 2px;"&gt;°C&lt;/span&gt;
            &lt;/td&gt;
        &lt;/tr&gt;

        &lt;tr style="background: #ffffff;"&gt;
            &lt;td style="padding: 10px; vertical-align: top;"&gt;
                &lt;div style="font-weight: bold; margin-bottom: 5px;"&gt;
                    Turbidity &lt;span style="font-size: 14px;"&gt;↗️ &lt;span style="color: #666; font-size: 11px;"&gt;+33%&lt;/span&gt;&lt;/span&gt;
                &lt;/div&gt;
                &lt;div style="background: #ddd; border-radius: 10px; height: 8px; overflow: hidden;"&gt;
                    &lt;div style="background: #2196f3; height: 100%; width: 95.26960201248056%; transition: width 0.3s;"&gt;&lt;/div&gt;
                &lt;/div&gt;
                &lt;div style="font-size: 10px; color: #999; margin-top: 3px;"&gt;7d avg: 71.45 NTU&lt;/div&gt;
            &lt;/td&gt;
            &lt;td style="padding: 10px; text-align: right; vertical-align: top;"&gt;
                &lt;span style="color: #2196f3; font-size: 18px; font-weight: bold;"&gt;95.27&lt;/span&gt;
                &lt;span style="color: #666; font-size: 12px; display: block; margin-top: 2px;"&gt;NTU&lt;/span&gt;
            &lt;/td&gt;
        &lt;/tr&gt;

        &lt;tr style="background: #f0f0f0;"&gt;
            &lt;td style="padding: 10px; vertical-align: top;"&gt;
                &lt;div style="font-weight: bold; margin-bottom: 5px;"&gt;
                    Water Quality &lt;span style="font-size: 14px;"&gt;↗️ &lt;span style="color: #666; font-size: 11px;"&gt;+5%&lt;/span&gt;&lt;/span&gt;
                &lt;/div&gt;
                &lt;div style="background: #ddd; border-radius: 10px; height: 8px; overflow: hidden;"&gt;
                    &lt;div style="background: #2196f3; height: 100%; width: 8.877673677424557%; transition: width 0.3s;"&gt;&lt;/div&gt;
                &lt;/div&gt;
                &lt;div style="font-size: 10px; color: #999; margin-top: 3px;"&gt;7d avg: 8.45 index&lt;/div&gt;
            &lt;/td&gt;
            &lt;td style="padding: 10px; text-align: right; vertical-align: top;"&gt;
                &lt;span style="color: #2196f3; font-size: 18px; font-weight: bold;"&gt;8.88&lt;/span&gt;
                &lt;span style="color: #666; font-size: 12px; display: block; margin-top: 2px;"&gt;index&lt;/span&gt;
            &lt;/td&gt;
        &lt;/tr&gt;

    &lt;/table&gt;
&lt;/div&gt;
&lt;/div&gt;]]&gt;</description>
      <Point>
        <coordinates>101.40019373,3.01660351,0</coordinates>
      </Point>
    </Placemark>
    <Placemark>
      <name />
      <styleUrl>#boom_trap</styleUrl>
      <description>&lt;![CDATA[
&lt;div style="font-family: Arial, sans-serif; width: 350px; padding: 15px;"&gt;
    &lt;h2 style="color: #2c5364; margin: 0 0 15px 0; font-size: 20px; border-bottom: 2px solid #4fc3f7; padding-bottom: 10px;"&gt;
        BOOM_TRAP_004
    &lt;/h2&gt;
    &lt;table style="width: 100%; border-collapse: collapse; margin-bottom: 15px;"&gt;
        &lt;tr style="background: #f0f0f0;"&gt;
            &lt;td style="padding: 10px; font-weight: bold; width: 40%;"&gt;Type:&lt;/td&gt;
            &lt;td style="padding: 10px;"&gt;Boom Trap&lt;/td&gt;
        &lt;/tr&gt;
        &lt;tr&gt;
            &lt;td style="padding: 10px; font-weight: bold;"&gt;Location:&lt;/td&gt;
            &lt;td style="padding: 10px; font-size: 12px;"&gt;3.049260°N&lt;br&gt;101.418674°E&lt;/td&gt;
        &lt;/tr&gt;
    &lt;/table&gt;
    
&lt;div style="background: #f8f9fa; padding: 15px; border-radius: 8px; margin-top: 10px;"&gt;
    &lt;h3 style="color: #2c5364; margin: 0 0 15px 0; font-size: 16px;"&gt;📊 Active Sensors (8)&lt;/h3&gt;
    &lt;table style="width: 100%; border-collapse: collapse;"&gt;

        &lt;tr style="background: #ffffff;"&gt;
            &lt;td style="padding: 10px; vertical-align: top;"&gt;
                &lt;div style="font-weight: bold; margin-bottom: 5px;"&gt;
                    Conductivity &lt;span style="font-size: 14px;"&gt;↗️ &lt;span style="color: #666; font-size: 11px;"&gt;+33%&lt;/span&gt;&lt;/span&gt;
                &lt;/div&gt;
                &lt;div style="background: #ddd; border-radius: 10px; height: 8px; overflow: hidden;"&gt;
                    &lt;div style="background: #2196f3; height: 100%; width: 100%; transition: width 0.3s;"&gt;&lt;/div&gt;
                &lt;/div&gt;
                &lt;div style="font-size: 10px; color: #999; margin-top: 3px;"&gt;7d avg: 438.97 μS/cm&lt;/div&gt;
            &lt;/td&gt;
            &lt;td style="padding: 10px; text-align: right; vertical-align: top;"&gt;
                &lt;span style="color: #2196f3; font-size: 18px; font-weight: bold;"&gt;585.30&lt;/span&gt;
                &lt;span style="color: #666; font-size: 12px; display: block; margin-top: 2px;"&gt;μS/cm&lt;/span&gt;
            &lt;/td&gt;
        &lt;/tr&gt;

        &lt;tr style="background: #f0f0f0;"&gt;
            &lt;td style="padding: 10px; vertical-align: top;"&gt;
                &lt;div style="font-weight: bold; margin-bottom: 5px;"&gt;
                    Depth Gauge &lt;span style="font-size: 14px;"&gt;→ &lt;span style="color: #666; font-size: 11px;"&gt;stable&lt;/span&gt;&lt;/span&gt;
                &lt;/div&gt;
                &lt;div style="background: #ddd; border-radius: 10px; height: 8px; overflow: hidden;"&gt;
                    &lt;div style="background: #2196f3; height: 100%; width: 5.880932060961643%; transition: width 0.3s;"&gt;&lt;/div&gt;
                &lt;/div&gt;
                &lt;div style="font-size: 10px; color: #999; margin-top: 3px;"&gt;7d avg: 5.73 m&lt;/div&gt;
            &lt;/td&gt;
            &lt;td style="padding: 10px; text-align: right; vertical-align: top;"&gt;
                &lt;span style="color: #2196f3; font-size: 18px; font-weight: bold;"&gt;5.88&lt;/span&gt;
                &lt;span style="color: #666; font-size: 12px; display: block; margin-top: 2px;"&gt;m&lt;/span&gt;
            &lt;/td&gt;
        &lt;/tr&gt;

        &lt;tr style="background: #ffffff;"&gt;
            &lt;td style="padding: 10px; vertical-align: top;"&gt;
                &lt;div style="font-weight: bold; margin-bottom: 5px;"&gt;
                    Dissolved Oxygen &lt;span style="font-size: 14px;"&gt;→ &lt;span style="color: #666; font-size: 11px;"&gt;stable&lt;/span&gt;&lt;/span&gt;
                &lt;/div&gt;
                &lt;div style="background: #ddd; border-radius: 10px; height: 8px; overflow: hidden;"&gt;
                    &lt;div style="background: #2196f3; height: 100%; width: 9.05534359900673%; transition: width 0.3s;"&gt;&lt;/div&gt;
                &lt;/div&gt;
                &lt;div style="font-size: 10px; color: #999; margin-top: 3px;"&gt;7d avg: 8.80 mg/L&lt;/div&gt;
            &lt;/td&gt;
            &lt;td style="padding: 10px; text-align: right; vertical-align: top;"&gt;
                &lt;span style="color: #2196f3; font-size: 18px; font-weight: bold;"&gt;9.06&lt;/span&gt;
                &lt;span style="color: #666; font-size: 12px; display: block; margin-top: 2px;"&gt;mg/L&lt;/span&gt;
            &lt;/td&gt;
        &lt;/tr&gt;

        &lt;tr style="background: #f0f0f0;"&gt;
            &lt;td style="padding: 10px; vertical-align: top;"&gt;
                &lt;div style="font-weight: bold; margin-bottom: 5px;"&gt;
                    Flow Meter &lt;span style="font-size: 14px;"&gt;↘️ &lt;span style="color: #666; font-size: 11px;"&gt;-6%&lt;/span&gt;&lt;/span&gt;
                &lt;/div&gt;
                &lt;div style="background: #ddd; border-radius: 10px; height: 8px; overflow: hidden;"&gt;
                    &lt;div style="background: #2196f3; height: 100%; width: 1.8447106266538302%; transition: width 0.3s;"&gt;&lt;/div&gt;
                &lt;/div&gt;
                &lt;div style="font-size: 10px; color: #999; margin-top: 3px;"&gt;7d avg: 1.97 m3/s&lt;/div&gt;
            &lt;/td&gt;
            &lt;td style="padding: 10px; text-align: right; vertical-align: top;"&gt;
                &lt;span style="color: #2196f3; font-size: 18px; font-weight: bold;"&gt;1.84&lt;/span&gt;
                &lt;span style="color: #666; font-size: 12px; display: block; margin-top: 2px;"&gt;m3/s&lt;/span&gt;
            &lt;/td&gt;
        &lt;/tr&gt;

        &lt;tr style="background: #ffffff;"&gt;
            &lt;td style="padding: 10px; vertical-align: top;"&gt;
                &lt;div style="font-weight: bold; margin-bottom: 5px;"&gt;
                    Ph Sensor &lt;span style="font-size: 14px;"&gt;→ &lt;span style="color: #666; font-size: 11px;"&gt;stable&lt;/span&gt;&lt;/span&gt;
                &lt;/div&gt;
                &lt;div style="background: #ddd; border-radius: 10px; height: 8px; overflow: hidden;"&gt;
                    &lt;div style="background: #2196f3; height: 100%; width: 4.94199607582661%; transition: width 0.3s;"&gt;&lt;/div&gt;
                &lt;/div&gt;
                &lt;div style="font-size: 10px; color: #999; margin-top: 3px;"&gt;7d avg: 4.88 pH&lt;/div&gt;
            &lt;/td&gt;
            &lt;td style="padding: 10px; text-align: right; vertical-align: top;"&gt;
                &lt;span style="color: #2196f3; font-size: 18px; font-weight: bold;"&gt;4.94&lt;/span&gt;
                &lt;span style="color: #666; font-size: 12px; display: block; margin-top: 2px;"&gt;pH&lt;/span&gt;
            &lt;/td&gt;
        &lt;/tr&gt;

        &lt;tr style="background: #f0f0f0;"&gt;
            &lt;td style="padding: 10px; vertical-align: top;"&gt;
                &lt;div style="font-weight: bold; margin-bottom: 5px;"&gt;
                    Temperature &lt;span style="font-size: 14px;"&gt;→ &lt;span style="color: #666; font-size: 11px;"&gt;stable&lt;/span&gt;&lt;/span&gt;
                &lt;/div&gt;
                &lt;div style="background: #ddd; border-radius: 10px; height: 8px; overflow: hidden;"&gt;
                    &lt;div style="background: #2196f3; height: 100%; width: 16.60723753276011%; transition: width 0.3s;"&gt;&lt;/div&gt;
                &lt;/div&gt;
                &lt;div style="font-size: 10px; color: #999; margin-top: 3px;"&gt;7d avg: 17.14 °C&lt;/div&gt;
            &lt;/td&gt;
            &lt;td style="padding: 10px; text-align: right; vertical-align: top;"&gt;
                &lt;span style="color: #2196f3; font-size: 18px; font-weight: bold;"&gt;16.61&lt;/span&gt;
                &lt;span style="color: #666; font-size: 12px; display: block; margin-top: 2px;"&gt;°C&lt;/span&gt;
            &lt;/td&gt;
        &lt;/tr&gt;

        &lt;tr style="background: #ffffff;"&gt;
            &lt;td style="padding: 10px; vertical-align: top;"&gt;
                &lt;div style="font-weight: bold; margin-bottom: 5px;"&gt;
                    Turbidity &lt;span style="font-size: 14px;"&gt;↗️ &lt;span style="color: #666; font-size: 11px;"&gt;+33%&lt;/span&gt;&lt;/span&gt;
                &lt;/div&gt;
                &lt;div style="background: #ddd; border-radius: 10px; height: 8px; overflow: hidden;"&gt;
                    &lt;div style="background: #2196f3; height: 100%; width: 60.14174177121849%; transition: width 0.3s;"&gt;&lt;/div&gt;
                &lt;/div&gt;
                &lt;div style="font-size: 10px; color: #999; margin-top: 3px;"&gt;7d avg: 45.11 NTU&lt;/div&gt;
            &lt;/td&gt;
            &lt;td style="padding: 10px; text-align: right; vertical-align: top;"&gt;
                &lt;span style="color: #2196f3; font-size: 18px; font-weight: bold;"&gt;60.14&lt;/span&gt;
                &lt;span style="color: #666; font-size: 12px; display: block; margin-top: 2px;"&gt;NTU&lt;/span&gt;
            &lt;/td&gt;
        &lt;/tr&gt;

        &lt;tr style="background: #f0f0f0;"&gt;
            &lt;td style="padding: 10px; vertical-align: top;"&gt;
                &lt;div style="font-weight: bold; margin-bottom: 5px;"&gt;
                    Water Quality &lt;span style="font-size: 14px;"&gt;↘️ &lt;span style="color: #666; font-size: 11px;"&gt;-6%&lt;/span&gt;&lt;/span&gt;
                &lt;/div&gt;
                &lt;div style="background: #ddd; border-radius: 10px; height: 8px; overflow: hidden;"&gt;
                    &lt;div style="background: #2196f3; height: 100%; width: 6.113522619693895%; transition: width 0.3s;"&gt;&lt;/div&gt;
                &lt;/div&gt;
                &lt;div style="font-size: 10px; color: #999; margin-top: 3px;"&gt;7d avg: 6.47 index&lt;/div&gt;
            &lt;/td&gt;
            &lt;td style="padding: 10px; text-align: right; vertical-align: top;"&gt;
                &lt;span style="color: #2196f3; font-size: 18px; font-weight: bold;"&gt;6.11&lt;/span&gt;
                &lt;span style="color: #666; font-size: 12px; display: block; margin-top: 2px;"&gt;index&lt;/span&gt;
            &lt;/td&gt;
        &lt;/tr&gt;

    &lt;/table&gt;
&lt;/div&gt;
&lt;/div&gt;]]&gt;</description>
      <Point>
        <coordinates>101.41867439,3.04925977,0</coordinates>
      </Point>
    </Placemark>
    <Placemark>
      <name />
      <styleUrl>#boom_trap</styleUrl>
      <description>&lt;![CDATA[
&lt;div style="font-family: Arial, sans-serif; width: 350px; padding: 15px;"&gt;
    &lt;h2 style="color: #2c5364; margin: 0 0 15px 0; font-size: 20px; border-bottom: 2px solid #4fc3f7; padding-bottom: 10px;"&gt;
        BOOM_TRAP_005
    &lt;/h2&gt;
    &lt;table style="width: 100%; border-collapse: collapse; margin-bottom: 15px;"&gt;
        &lt;tr style="background: #f0f0f0;"&gt;
            &lt;td style="padding: 10px; font-weight: bold; width: 40%;"&gt;Type:&lt;/td&gt;
            &lt;td style="padding: 10px;"&gt;Boom Trap&lt;/td&gt;
        &lt;/tr&gt;
        &lt;tr&gt;
            &lt;td style="padding: 10px; font-weight: bold;"&gt;Location:&lt;/td&gt;
            &lt;td style="padding: 10px; font-size: 12px;"&gt;3.051312°N&lt;br&gt;101.439792°E&lt;/td&gt;
        &lt;/tr&gt;
    &lt;/table&gt;
    
&lt;div style="background: #f8f9fa; padding: 15px; border-radius: 8px; margin-top: 10px;"&gt;
    &lt;h3 style="color: #2c5364; margin: 0 0 15px 0; font-size: 16px;"&gt;📊 Active Sensors (8)&lt;/h3&gt;
    &lt;table style="width: 100%; border-collapse: collapse;"&gt;

        &lt;tr style="background: #ffffff;"&gt;
            &lt;td style="padding: 10px; vertical-align: top;"&gt;
                &lt;div style="font-weight: bold; margin-bottom: 5px;"&gt;
                    Conductivity &lt;span style="font-size: 14px;"&gt;↗️ &lt;span style="color: #666; font-size: 11px;"&gt;+33%&lt;/span&gt;&lt;/span&gt;
                &lt;/div&gt;
                &lt;div style="background: #ddd; border-radius: 10px; height: 8px; overflow: hidden;"&gt;
                    &lt;div style="background: #2196f3; height: 100%; width: 100%; transition: width 0.3s;"&gt;&lt;/div&gt;
                &lt;/div&gt;
                &lt;div style="font-size: 10px; color: #999; margin-top: 3px;"&gt;7d avg: 611.14 μS/cm&lt;/div&gt;
            &lt;/td&gt;
            &lt;td style="padding: 10px; text-align: right; vertical-align: top;"&gt;
                &lt;span style="color: #2196f3; font-size: 18px; font-weight: bold;"&gt;814.85&lt;/span&gt;
                &lt;span style="color: #666; font-size: 12px; display: block; margin-top: 2px;"&gt;μS/cm&lt;/span&gt;
            &lt;/td&gt;
        &lt;/tr&gt;

        &lt;tr style="background: #f0f0f0;"&gt;
            &lt;td style="padding: 10px; vertical-align: top;"&gt;
                &lt;div style="font-weight: bold; margin-bottom: 5px;"&gt;
                    Depth Gauge &lt;span style="font-size: 14px;"&gt;→ &lt;span style="color: #666; font-size: 11px;"&gt;stable&lt;/span&gt;&lt;/span&gt;
                &lt;/div&gt;
                &lt;div style="background: #ddd; border-radius: 10px; height: 8px; overflow: hidden;"&gt;
                    &lt;div style="background: #2196f3; height: 100%; width: 3.8504352848820513%; transition: width 0.3s;"&gt;&lt;/div&gt;
                &lt;/div&gt;
                &lt;div style="font-size: 10px; color: #999; margin-top: 3px;"&gt;7d avg: 3.98 m&lt;/div&gt;
            &lt;/td&gt;
            &lt;td style="padding: 10px; text-align: right; vertical-align: top;"&gt;
                &lt;span style="color: #2196f3; font-size: 18px; font-weight: bold;"&gt;3.85&lt;/span&gt;
                &lt;span style="color: #666; font-size: 12px; display: block; margin-top: 2px;"&gt;m&lt;/span&gt;
            &lt;/td&gt;
        &lt;/tr&gt;

        &lt;tr style="background: #ffffff;"&gt;
            &lt;td style="padding: 10px; vertical-align: top;"&gt;
                &lt;div style="font-weight: bold; margin-bottom: 5px;"&gt;
                    Dissolved Oxygen &lt;span style="font-size: 14px;"&gt;↘️ &lt;span style="color: #666; font-size: 11px;"&gt;-10%&lt;/span&gt;&lt;/span&gt;
                &lt;/div&gt;
                &lt;div style="background: #ddd; border-radius: 10px; height: 8px; overflow: hidden;"&gt;
                    &lt;div style="background: #2196f3; height: 100%; width: 9.39005761463715%; transition: width 0.3s;"&gt;&lt;/div&gt;
                &lt;/div&gt;
                &lt;div style="font-size: 10px; color: #999; margin-top: 3px;"&gt;7d avg: 10.39 mg/L&lt;/div&gt;
            &lt;/td&gt;
            &lt;td style="padding: 10px; text-align: right; vertical-align: top;"&gt;
                &lt;span style="color: #2196f3; font-size: 18px; font-weight: bold;"&gt;9.39&lt;/span&gt;
                &lt;span style="color: #666; font-size: 12px; display: block; margin-top: 2px;"&gt;mg/L&lt;/span&gt;
            &lt;/td&gt;
        &lt;/tr&gt;

        &lt;tr style="background: #f0f0f0;"&gt;
            &lt;td style="padding: 10px; vertical-align: top;"&gt;
                &lt;div style="font-weight: bold; margin-bottom: 5px;"&gt;
                    Flow Meter &lt;span style="font-size: 14px;"&gt;→ &lt;span style="color: #666; font-size: 11px;"&gt;stable&lt;/span&gt;&lt;/span&gt;
                &lt;/div&gt;
                &lt;div style="background: #ddd; border-radius: 10px; height: 8px; overflow: hidden;"&gt;
                    &lt;div style="background: #2196f3; height: 100%; width: 2.47068438896344%; transition: width 0.3s;"&gt;&lt;/div&gt;
                &lt;/div&gt;
                &lt;div style="font-size: 10px; color: #999; margin-top: 3px;"&gt;7d avg: 2.57 m3/s&lt;/div&gt;
            &lt;/td&gt;
            &lt;td style="padding: 10px; text-align: right; vertical-align: top;"&gt;
                &lt;span style="color: #2196f3; font-size: 18px; font-weight: bold;"&gt;2.47&lt;/span&gt;
                &lt;span style="color: #666; font-size: 12px; display: block; margin-top: 2px;"&gt;m3/s&lt;/span&gt;
            &lt;/td&gt;
        &lt;/tr&gt;

        &lt;tr style="background: #ffffff;"&gt;
            &lt;td style="padding: 10px; vertical-align: top;"&gt;
                &lt;div style="font-weight: bold; margin-bottom: 5px;"&gt;
                    Ph Sensor &lt;span style="font-size: 14px;"&gt;↘️ &lt;span style="color: #666; font-size: 11px;"&gt;-7%&lt;/span&gt;&lt;/span&gt;
                &lt;/div&gt;
                &lt;div style="background: #ddd; border-radius: 10px; height: 8px; overflow: hidden;"&gt;
                    &lt;div style="background: #2196f3; height: 100%; width: 8.33365042419483%; transition: width 0.3s;"&gt;&lt;/div&gt;
                &lt;/div&gt;
                &lt;div style="font-size: 10px; color: #999; margin-top: 3px;"&gt;7d avg: 8.91 pH&lt;/div&gt;
            &lt;/td&gt;
            &lt;td style="padding: 10px; text-align: right; vertical-align: top;"&gt;
                &lt;span style="color: #2196f3; font-size: 18px; font-weight: bold;"&gt;8.33&lt;/span&gt;
                &lt;span style="color: #666; font-size: 12px; display: block; margin-top: 2px;"&gt;pH&lt;/span&gt;
            &lt;/td&gt;
        &lt;/tr&gt;

        &lt;tr style="background: #f0f0f0;"&gt;
            &lt;td style="padding: 10px; vertical-align: top;"&gt;
                &lt;div style="font-weight: bold; margin-bottom: 5px;"&gt;
                    Temperature &lt;span style="font-size: 14px;"&gt;→ &lt;span style="color: #666; font-size: 11px;"&gt;stable&lt;/span&gt;&lt;/span&gt;
                &lt;/div&gt;
                &lt;div style="background: #ddd; border-radius: 10px; height: 8px; overflow: hidden;"&gt;
                    &lt;div style="background: #2196f3; height: 100%; width: 25.513970516505164%; transition: width 0.3s;"&gt;&lt;/div&gt;
                &lt;/div&gt;
                &lt;div style="font-size: 10px; color: #999; margin-top: 3px;"&gt;7d avg: 25.06 °C&lt;/div&gt;
            &lt;/td&gt;
            &lt;td style="padding: 10px; text-align: right; vertical-align: top;"&gt;
                &lt;span style="color: #2196f3; font-size: 18px; font-weight: bold;"&gt;25.51&lt;/span&gt;
                &lt;span style="color: #666; font-size: 12px; display: block; margin-top: 2px;"&gt;°C&lt;/span&gt;
            &lt;/td&gt;
        &lt;/tr&gt;

        &lt;tr style="background: #ffffff;"&gt;
            &lt;td style="padding: 10px; vertical-align: top;"&gt;
                &lt;div style="font-weight: bold; margin-bottom: 5px;"&gt;
                    Turbidity &lt;span style="font-size: 14px;"&gt;↗️ &lt;span style="color: #666; font-size: 11px;"&gt;+33%&lt;/span&gt;&lt;/span&gt;
                &lt;/div&gt;
                &lt;div style="background: #ddd; border-radius: 10px; height: 8px; overflow: hidden;"&gt;
                    &lt;div style="background: #2196f3; height: 100%; width: 65.62584893003613%; transition: width 0.3s;"&gt;&lt;/div&gt;
                &lt;/div&gt;
                &lt;div style="font-size: 10px; color: #999; margin-top: 3px;"&gt;7d avg: 49.22 NTU&lt;/div&gt;
            &lt;/td&gt;
            &lt;td style="padding: 10px; text-align: right; vertical-align: top;"&gt;
                &lt;span style="color: #2196f3; font-size: 18px; font-weight: bold;"&gt;65.63&lt;/span&gt;
                &lt;span style="color: #666; font-size: 12px; display: block; margin-top: 2px;"&gt;NTU&lt;/span&gt;
            &lt;/td&gt;
        &lt;/tr&gt;

        &lt;tr style="background: #f0f0f0;"&gt;
            &lt;td style="padding: 10px; vertical-align: top;"&gt;
                &lt;div style="font-weight: bold; margin-bottom: 5px;"&gt;
                    Water Quality &lt;span style="font-size: 14px;"&gt;→ &lt;span style="color: #666; font-size: 11px;"&gt;stable&lt;/span&gt;&lt;/span&gt;
                &lt;/div&gt;
                &lt;div style="background: #ddd; border-radius: 10px; height: 8px; overflow: hidden;"&gt;
                    &lt;div style="background: #2196f3; height: 100%; width: 10.546682787165029%; transition: width 0.3s;"&gt;&lt;/div&gt;
                &lt;/div&gt;
                &lt;div style="font-size: 10px; color: #999; margin-top: 3px;"&gt;7d avg: 10.35 index&lt;/div&gt;
            &lt;/td&gt;
            &lt;td style="padding: 10px; text-align: right; vertical-align: top;"&gt;
                &lt;span style="color: #2196f3; font-size: 18px; font-weight: bold;"&gt;10.55&lt;/span&gt;
                &lt;span style="color: #666; font-size: 12px; display: block; margin-top: 2px;"&gt;index&lt;/span&gt;
            &lt;/td&gt;
        &lt;/tr&gt;

    &lt;/table&gt;
&lt;/div&gt;
&lt;/div&gt;]]&gt;</description>
      <Point>
        <coordinates>101.43979215,3.0513125,0</coordinates>
      </Point>
    </Placemark>
    <Placemark>
      <name />
      <styleUrl>#boom_trap</styleUrl>
      <description>&lt;![CDATA[
&lt;div style="font-family: Arial, sans-serif; width: 350px; padding: 15px;"&gt;
    &lt;h2 style="color: #2c5364; margin: 0 0 15px 0; font-size: 20px; border-bottom: 2px solid #4fc3f7; padding-bottom: 10px;"&gt;
        BOOM_TRAP_006
    &lt;/h2&gt;
    &lt;table style="width: 100%; border-collapse: collapse; margin-bottom: 15px;"&gt;
        &lt;tr style="background: #f0f0f0;"&gt;
            &lt;td style="padding: 10px; font-weight: bold; width: 40%;"&gt;Type:&lt;/td&gt;
            &lt;td style="padding: 10px;"&gt;Boom Trap&lt;/td&gt;
        &lt;/tr&gt;
        &lt;tr&gt;
            &lt;td style="padding: 10px; font-weight: bold;"&gt;Location:&lt;/td&gt;
            &lt;td style="padding: 10px; font-size: 12px;"&gt;3.043291°N&lt;br&gt;101.454685°E&lt;/td&gt;
        &lt;/tr&gt;
    &lt;/table&gt;
    
&lt;div style="background: #f8f9fa; padding: 15px; border-radius: 8px; margin-top: 10px;"&gt;
    &lt;h3 style="color: #2c5364; margin: 0 0 15px 0; font-size: 16px;"&gt;📊 Active Sensors (8)&lt;/h3&gt;
    &lt;table style="width: 100%; border-collapse: collapse;"&gt;

        &lt;tr style="background: #ffffff;"&gt;
            &lt;td style="padding: 10px; vertical-align: top;"&gt;
                &lt;div style="font-weight: bold; margin-bottom: 5px;"&gt;
                    Conductivity &lt;span style="font-size: 14px;"&gt;↗️ &lt;span style="color: #666; font-size: 11px;"&gt;+33%&lt;/span&gt;&lt;/span&gt;
                &lt;/div&gt;
                &lt;div style="background: #ddd; border-radius: 10px; height: 8px; overflow: hidden;"&gt;
                    &lt;div style="background: #2196f3; height: 100%; width: 100%; transition: width 0.3s;"&gt;&lt;/div&gt;
                &lt;/div&gt;
                &lt;div style="font-size: 10px; color: #999; margin-top: 3px;"&gt;7d avg: 464.03 μS/cm&lt;/div&gt;
            &lt;/td&gt;
            &lt;td style="padding: 10px; text-align: right; vertical-align: top;"&gt;
                &lt;span style="color: #2196f3; font-size: 18px; font-weight: bold;"&gt;618.70&lt;/span&gt;
                &lt;span style="color: #666; font-size: 12px; display: block; margin-top: 2px;"&gt;μS/cm&lt;/span&gt;
            &lt;/td&gt;
        &lt;/tr&gt;

        &lt;tr style="background: #f0f0f0;"&gt;
            &lt;td style="padding: 10px; vertical-align: top;"&gt;
                &lt;div style="font-weight: bold; margin-bottom: 5px;"&gt;
                    Depth Gauge &lt;span style="font-size: 14px;"&gt;→ &lt;span style="color: #666; font-size: 11px;"&gt;stable&lt;/span&gt;&lt;/span&gt;
                &lt;/div&gt;
                &lt;div style="background: #ddd; border-radius: 10px; height: 8px; overflow: hidden;"&gt;
                    &lt;div style="background: #2196f3; height: 100%; width: 2.639066008679397%; transition: width 0.3s;"&gt;&lt;/div&gt;
                &lt;/div&gt;
                &lt;div style="font-size: 10px; color: #999; margin-top: 3px;"&gt;7d avg: 2.59 m&lt;/div&gt;
            &lt;/td&gt;
            &lt;td style="padding: 10px; text-align: right; vertical-align: top;"&gt;
                &lt;span style="color: #2196f3; font-size: 18px; font-weight: bold;"&gt;2.64&lt;/span&gt;
                &lt;span style="color: #666; font-size: 12px; display: block; margin-top: 2px;"&gt;m&lt;/span&gt;
            &lt;/td&gt;
        &lt;/tr&gt;

        &lt;tr style="background: #ffffff;"&gt;
            &lt;td style="padding: 10px; vertical-align: top;"&gt;
                &lt;div style="font-weight: bold; margin-bottom: 5px;"&gt;
                    Dissolved Oxygen &lt;span style="font-size: 14px;"&gt;→ &lt;span style="color: #666; font-size: 11px;"&gt;stable&lt;/span&gt;&lt;/span&gt;
                &lt;/div&gt;
                &lt;div style="background: #ddd; border-radius: 10px; height: 8px; overflow: hidden;"&gt;
                    &lt;div style="background: #2196f3; height: 100%; width: 5.200399806650202%; transition: width 0.3s;"&gt;&lt;/div&gt;
                &lt;/div&gt;
                &lt;div style="font-size: 10px; color: #999; margin-top: 3px;"&gt;7d avg: 5.19 mg/L&lt;/div&gt;
            &lt;/td&gt;
            &lt;td style="padding: 10px; text-align: right; vertical-align: top;"&gt;
                &lt;span style="color: #2196f3; font-size: 18px; font-weight: bold;"&gt;5.20&lt;/span&gt;
                &lt;span style="color: #666; font-size: 12px; display: block; margin-top: 2px;"&gt;mg/L&lt;/span&gt;
            &lt;/td&gt;
        &lt;/tr&gt;

        &lt;tr style="background: #f0f0f0;"&gt;
            &lt;td style="padding: 10px; vertical-align: top;"&gt;
                &lt;div style="font-weight: bold; margin-bottom: 5px;"&gt;
                    Flow Meter &lt;span style="font-size: 14px;"&gt;→ &lt;span style="color: #666; font-size: 11px;"&gt;stable&lt;/span&gt;&lt;/span&gt;
                &lt;/div&gt;
                &lt;div style="background: #ddd; border-radius: 10px; height: 8px; overflow: hidden;"&gt;
                    &lt;div style="background: #2196f3; height: 100%; width: 2.155280840583084%; transition: width 0.3s;"&gt;&lt;/div&gt;
                &lt;/div&gt;
                &lt;div style="font-size: 10px; color: #999; margin-top: 3px;"&gt;7d avg: 2.07 m3/s&lt;/div&gt;
            &lt;/td&gt;
            &lt;td style="padding: 10px; text-align: right; vertical-align: top;"&gt;
                &lt;span style="color: #2196f3; font-size: 18px; font-weight: bold;"&gt;2.16&lt;/span&gt;
                &lt;span style="color: #666; font-size: 12px; display: block; margin-top: 2px;"&gt;m3/s&lt;/span&gt;
            &lt;/td&gt;
        &lt;/tr&gt;

        &lt;tr style="background: #ffffff;"&gt;
            &lt;td style="padding: 10px; vertical-align: top;"&gt;
                &lt;div style="font-weight: bold; margin-bottom: 5px;"&gt;
                    Ph Sensor &lt;span style="font-size: 14px;"&gt;↘️ &lt;span style="color: #666; font-size: 11px;"&gt;-8%&lt;/span&gt;&lt;/span&gt;
                &lt;/div&gt;
                &lt;div style="background: #ddd; border-radius: 10px; height: 8px; overflow: hidden;"&gt;
                    &lt;div style="background: #2196f3; height: 100%; width: 5.458558590176522%; transition: width 0.3s;"&gt;&lt;/div&gt;
                &lt;/div&gt;
                &lt;div style="font-size: 10px; color: #999; margin-top: 3px;"&gt;7d avg: 5.94 pH&lt;/div&gt;
            &lt;/td&gt;
            &lt;td style="padding: 10px; text-align: right; vertical-align: top;"&gt;
                &lt;span style="color: #2196f3; font-size: 18px; font-weight: bold;"&gt;5.46&lt;/span&gt;
                &lt;span style="color: #666; font-size: 12px; display: block; margin-top: 2px;"&gt;pH&lt;/span&gt;
            &lt;/td&gt;
        &lt;/tr&gt;

        &lt;tr style="background: #f0f0f0;"&gt;
            &lt;td style="padding: 10px; vertical-align: top;"&gt;
                &lt;div style="font-weight: bold; margin-bottom: 5px;"&gt;
                    Temperature &lt;span style="font-size: 14px;"&gt;→ &lt;span style="color: #666; font-size: 11px;"&gt;stable&lt;/span&gt;&lt;/span&gt;
                &lt;/div&gt;
                &lt;div style="background: #ddd; border-radius: 10px; height: 8px; overflow: hidden;"&gt;
                    &lt;div style="background: #2196f3; height: 100%; width: 41.81147332719098%; transition: width 0.3s;"&gt;&lt;/div&gt;
                &lt;/div&gt;
                &lt;div style="font-size: 10px; color: #999; margin-top: 3px;"&gt;7d avg: 43.79 °C&lt;/div&gt;
            &lt;/td&gt;
            &lt;td style="padding: 10px; text-align: right; vertical-align: top;"&gt;
                &lt;span style="color: #2196f3; font-size: 18px; font-weight: bold;"&gt;41.81&lt;/span&gt;
                &lt;span style="color: #666; font-size: 12px; display: block; margin-top: 2px;"&gt;°C&lt;/span&gt;
            &lt;/td&gt;
        &lt;/tr&gt;

        &lt;tr style="background: #ffffff;"&gt;
            &lt;td style="padding: 10px; vertical-align: top;"&gt;
                &lt;div style="font-weight: bold; margin-bottom: 5px;"&gt;
                    Turbidity &lt;span style="font-size: 14px;"&gt;↗️ &lt;span style="color: #666; font-size: 11px;"&gt;+33%&lt;/span&gt;&lt;/span&gt;
                &lt;/div&gt;
                &lt;div style="background: #ddd; border-radius: 10px; height: 8px; overflow: hidden;"&gt;
                    &lt;div style="background: #2196f3; height: 100%; width: 54.22889992485017%; transition: width 0.3s;"&gt;&lt;/div&gt;
                &lt;/div&gt;
                &lt;div style="font-size: 10px; color: #999; margin-top: 3px;"&gt;7d avg: 40.67 NTU&lt;/div&gt;
            &lt;/td&gt;
            &lt;td style="padding: 10px; text-align: right; vertical-align: top;"&gt;
                &lt;span style="color: #2196f3; font-size: 18px; font-weight: bold;"&gt;54.23&lt;/span&gt;
                &lt;span style="color: #666; font-size: 12px; display: block; margin-top: 2px;"&gt;NTU&lt;/span&gt;
            &lt;/td&gt;
        &lt;/tr&gt;

        &lt;tr style="background: #f0f0f0;"&gt;
            &lt;td style="padding: 10px; vertical-align: top;"&gt;
                &lt;div style="font-weight: bold; margin-bottom: 5px;"&gt;
                    Water Quality &lt;span style="font-size: 14px;"&gt;↗️ &lt;span style="color: #666; font-size: 11px;"&gt;+7%&lt;/span&gt;&lt;/span&gt;
                &lt;/div&gt;
                &lt;div style="background: #ddd; border-radius: 10px; height: 8px; overflow: hidden;"&gt;
                    &lt;div style="background: #2196f3; height: 100%; width: 10.857009019900419%; transition: width 0.3s;"&gt;&lt;/div&gt;
                &lt;/div&gt;
                &lt;div style="font-size: 10px; color: #999; margin-top: 3px;"&gt;7d avg: 10.16 index&lt;/div&gt;
            &lt;/td&gt;
            &lt;td style="padding: 10px; text-align: right; vertical-align: top;"&gt;
                &lt;span style="color: #2196f3; font-size: 18px; font-weight: bold;"&gt;10.86&lt;/span&gt;
                &lt;span style="color: #666; font-size: 12px; display: block; margin-top: 2px;"&gt;index&lt;/span&gt;
            &lt;/td&gt;
        &lt;/tr&gt;

    &lt;/table&gt;
&lt;/div&gt;
&lt;/div&gt;]]&gt;</description>
      <Point>
        <coordinates>101.45468463,3.04329093,0</coordinates>
      </Point>
    </Placemark>
    <Placemark>
      <name />
      <styleUrl>#boom_trap</styleUrl>
      <description>&lt;![CDATA[
&lt;div style="font-family: Arial, sans-serif; width: 350px; padding: 15px;"&gt;
    &lt;h2 style="color: #2c5364; margin: 0 0 15px 0; font-size: 20px; border-bottom: 2px solid #4fc3f7; padding-bottom: 10px;"&gt;
        BOOM_TRAP_007
    &lt;/h2&gt;
    &lt;table style="width: 100%; border-collapse: collapse; margin-bottom: 15px;"&gt;
        &lt;tr style="background: #f0f0f0;"&gt;
            &lt;td style="padding: 10px; font-weight: bold; width: 40%;"&gt;Type:&lt;/td&gt;
            &lt;td style="padding: 10px;"&gt;Boom Trap&lt;/td&gt;
        &lt;/tr&gt;
        &lt;tr&gt;
            &lt;td style="padding: 10px; font-weight: bold;"&gt;Location:&lt;/td&gt;
            &lt;td style="padding: 10px; font-size: 12px;"&gt;3.045354°N&lt;br&gt;101.466905°E&lt;/td&gt;
        &lt;/tr&gt;
    &lt;/table&gt;
    
&lt;div style="background: #f8f9fa; padding: 15px; border-radius: 8px; margin-top: 10px;"&gt;
    &lt;h3 style="color: #2c5364; margin: 0 0 15px 0; font-size: 16px;"&gt;📊 Active Sensors (8)&lt;/h3&gt;
    &lt;table style="width: 100%; border-collapse: collapse;"&gt;

        &lt;tr style="background: #ffffff;"&gt;
            &lt;td style="padding: 10px; vertical-align: top;"&gt;
                &lt;div style="font-weight: bold; margin-bottom: 5px;"&gt;
                    Conductivity &lt;span style="font-size: 14px;"&gt;↗️ &lt;span style="color: #666; font-size: 11px;"&gt;+33%&lt;/span&gt;&lt;/span&gt;
                &lt;/div&gt;
                &lt;div style="background: #ddd; border-radius: 10px; height: 8px; overflow: hidden;"&gt;
                    &lt;div style="background: #2196f3; height: 100%; width: 100%; transition: width 0.3s;"&gt;&lt;/div&gt;
                &lt;/div&gt;
                &lt;div style="font-size: 10px; color: #999; margin-top: 3px;"&gt;7d avg: 465.62 μS/cm&lt;/div&gt;
            &lt;/td&gt;
            &lt;td style="padding: 10px; text-align: right; vertical-align: top;"&gt;
                &lt;span style="color: #2196f3; font-size: 18px; font-weight: bold;"&gt;620.83&lt;/span&gt;
                &lt;span style="color: #666; font-size: 12px; display: block; margin-top: 2px;"&gt;μS/cm&lt;/span&gt;
            &lt;/td&gt;
        &lt;/tr&gt;

        &lt;tr style="background: #f0f0f0;"&gt;
            &lt;td style="padding: 10px; vertical-align: top;"&gt;
                &lt;div style="font-weight: bold; margin-bottom: 5px;"&gt;
                    Depth Gauge &lt;span style="font-size: 14px;"&gt;↘️ &lt;span style="color: #666; font-size: 11px;"&gt;-10%&lt;/span&gt;&lt;/span&gt;
                &lt;/div&gt;
                &lt;div style="background: #ddd; border-radius: 10px; height: 8px; overflow: hidden;"&gt;
                    &lt;div style="background: #2196f3; height: 100%; width: 2.5528813358205893%; transition: width 0.3s;"&gt;&lt;/div&gt;
                &lt;/div&gt;
                &lt;div style="font-size: 10px; color: #999; margin-top: 3px;"&gt;7d avg: 2.83 m&lt;/div&gt;
            &lt;/td&gt;
            &lt;td style="padding: 10px; text-align: right; vertical-align: top;"&gt;
                &lt;span style="color: #2196f3; font-size: 18px; font-weight: bold;"&gt;2.55&lt;/span&gt;
                &lt;span style="color: #666; font-size: 12px; display: block; margin-top: 2px;"&gt;m&lt;/span&gt;
            &lt;/td&gt;
        &lt;/tr&gt;

        &lt;tr style="background: #ffffff;"&gt;
            &lt;td style="padding: 10px; vertical-align: top;"&gt;
                &lt;div style="font-weight: bold; margin-bottom: 5px;"&gt;
                    Dissolved Oxygen &lt;span style="font-size: 14px;"&gt;→ &lt;span style="color: #666; font-size: 11px;"&gt;stable&lt;/span&gt;&lt;/span&gt;
                &lt;/div&gt;
                &lt;div style="background: #ddd; border-radius: 10px; height: 8px; overflow: hidden;"&gt;
                    &lt;div style="background: #2196f3; height: 100%; width: 9.149314707769973%; transition: width 0.3s;"&gt;&lt;/div&gt;
                &lt;/div&gt;
                &lt;div style="font-size: 10px; color: #999; margin-top: 3px;"&gt;7d avg: 8.87 mg/L&lt;/div&gt;
            &lt;/td&gt;
            &lt;td style="padding: 10px; text-align: right; vertical-align: top;"&gt;
                &lt;span style="color: #2196f3; font-size: 18px; font-weight: bold;"&gt;9.15&lt;/span&gt;
                &lt;span style="color: #666; font-size: 12px; display: block; margin-top: 2px;"&gt;mg/L&lt;/span&gt;
            &lt;/td&gt;
        &lt;/tr&gt;

        &lt;tr style="background: #f0f0f0;"&gt;
            &lt;td style="padding: 10px; vertical-align: top;"&gt;
                &lt;div style="font-weight: bold; margin-bottom: 5px;"&gt;
                    Flow Meter &lt;span style="font-size: 14px;"&gt;→ &lt;span style="color: #666; font-size: 11px;"&gt;stable&lt;/span&gt;&lt;/span&gt;
                &lt;/div&gt;
                &lt;div style="background: #ddd; border-radius: 10px; height: 8px; overflow: hidden;"&gt;
                    &lt;div style="background: #2196f3; height: 100%; width: 1.865649093503296%; transition: width 0.3s;"&gt;&lt;/div&gt;
                &lt;/div&gt;
                &lt;div style="font-size: 10px; color: #999; margin-top: 3px;"&gt;7d avg: 1.79 m3/s&lt;/div&gt;
            &lt;/td&gt;
            &lt;td style="padding: 10px; text-align: right; vertical-align: top;"&gt;
                &lt;span style="color: #2196f3; font-size: 18px; font-weight: bold;"&gt;1.87&lt;/span&gt;
                &lt;span style="color: #666; font-size: 12px; display: block; margin-top: 2px;"&gt;m3/s&lt;/span&gt;
            &lt;/td&gt;
        &lt;/tr&gt;

        &lt;tr style="background: #ffffff;"&gt;
            &lt;td style="padding: 10px; vertical-align: top;"&gt;
                &lt;div style="font-weight: bold; margin-bottom: 5px;"&gt;
                    Ph Sensor &lt;span style="font-size: 14px;"&gt;→ &lt;span style="color: #666; font-size: 11px;"&gt;stable&lt;/span&gt;&lt;/span&gt;
                &lt;/div&gt;
                &lt;div style="background: #ddd; border-radius: 10px; height: 8px; overflow: hidden;"&gt;
                    &lt;div style="background: #2196f3; height: 100%; width: 4.8400929421718475%; transition: width 0.3s;"&gt;&lt;/div&gt;
                &lt;/div&gt;
                &lt;div style="font-size: 10px; color: #999; margin-top: 3px;"&gt;7d avg: 5.07 pH&lt;/div&gt;
            &lt;/td&gt;
            &lt;td style="padding: 10px; text-align: right; vertical-align: top;"&gt;
                &lt;span style="color: #2196f3; font-size: 18px; font-weight: bold;"&gt;4.84&lt;/span&gt;
                &lt;span style="color: #666; font-size: 12px; display: block; margin-top: 2px;"&gt;pH&lt;/span&gt;
            &lt;/td&gt;
        &lt;/tr&gt;

        &lt;tr style="background: #f0f0f0;"&gt;
            &lt;td style="padding: 10px; vertical-align: top;"&gt;
                &lt;div style="font-weight: bold; margin-bottom: 5px;"&gt;
                    Temperature &lt;span style="font-size: 14px;"&gt;→ &lt;span style="color: #666; font-size: 11px;"&gt;stable&lt;/span&gt;&lt;/span&gt;
                &lt;/div&gt;
                &lt;div style="background: #ddd; border-radius: 10px; height: 8px; overflow: hidden;"&gt;
                    &lt;div style="background: #2196f3; height: 100%; width: 39.170191031005935%; transition: width 0.3s;"&gt;&lt;/div&gt;
                &lt;/div&gt;
                &lt;div style="font-size: 10px; color: #999; margin-top: 3px;"&gt;7d avg: 40.10 °C&lt;/div&gt;
            &lt;/td&gt;
            &lt;td style="padding: 10px; text-align: right; vertical-align: top;"&gt;
                &lt;span style="color: #2196f3; font-size: 18px; font-weight: bold;"&gt;39.17&lt;/span&gt;
                &lt;span style="color: #666; font-size: 12px; display: block; margin-top: 2px;"&gt;°C&lt;/span&gt;
            &lt;/td&gt;
        &lt;/tr&gt;

        &lt;tr style="background: #ffffff;"&gt;
            &lt;td style="padding: 10px; vertical-align: top;"&gt;
                &lt;div style="font-weight: bold; margin-bottom: 5px;"&gt;
                    Turbidity &lt;span style="font-size: 14px;"&gt;↗️ &lt;span style="color: #666; font-size: 11px;"&gt;+33%&lt;/span&gt;&lt;/span&gt;
                &lt;/div&gt;
                &lt;div style="background: #ddd; border-radius: 10px; height: 8px; overflow: hidden;"&gt;
                    &lt;div style="background: #2196f3; height: 100%; width: 63.28136509179011%; transition: width 0.3s;"&gt;&lt;/div&gt;
                &lt;/div&gt;
                &lt;div style="font-size: 10px; color: #999; margin-top: 3px;"&gt;7d avg: 47.46 NTU&lt;/div&gt;
            &lt;/td&gt;
            &lt;td style="padding: 10px; text-align: right; vertical-align: top;"&gt;
                &lt;span style="color: #2196f3; font-size: 18px; font-weight: bold;"&gt;63.28&lt;/span&gt;
                &lt;span style="color: #666; font-size: 12px; display: block; margin-top: 2px;"&gt;NTU&lt;/span&gt;
            &lt;/td&gt;
        &lt;/tr&gt;

        &lt;tr style="background: #f0f0f0;"&gt;
            &lt;td style="padding: 10px; vertical-align: top;"&gt;
                &lt;div style="font-weight: bold; margin-bottom: 5px;"&gt;
                    Water Quality &lt;span style="font-size: 14px;"&gt;→ &lt;span style="color: #666; font-size: 11px;"&gt;stable&lt;/span&gt;&lt;/span&gt;
                &lt;/div&gt;
                &lt;div style="background: #ddd; border-radius: 10px; height: 8px; overflow: hidden;"&gt;
                    &lt;div style="background: #2196f3; height: 100%; width: 7.003780217388737%; transition: width 0.3s;"&gt;&lt;/div&gt;
                &lt;/div&gt;
                &lt;div style="font-size: 10px; color: #999; margin-top: 3px;"&gt;7d avg: 7.21 index&lt;/div&gt;
            &lt;/td&gt;
            &lt;td style="padding: 10px; text-align: right; vertical-align: top;"&gt;
                &lt;span style="color: #2196f3; font-size: 18px; font-weight: bold;"&gt;7.00&lt;/span&gt;
                &lt;span style="color: #666; font-size: 12px; display: block; margin-top: 2px;"&gt;index&lt;/span&gt;
            &lt;/td&gt;
        &lt;/tr&gt;

    &lt;/table&gt;
&lt;/div&gt;
&lt;/div&gt;]]&gt;</description>
      <Point>
        <coordinates>101.46690534,3.04535377,0</coordinates>
      </Point>
    </Placemark>
    <Placemark>
      <name />
      <styleUrl>#boom_trap</styleUrl>
      <description>&lt;![CDATA[
&lt;div style="font-family: Arial, sans-serif; width: 350px; padding: 15px;"&gt;
    &lt;h2 style="color: #2c5364; margin: 0 0 15px 0; font-size: 20px; border-bottom: 2px solid #4fc3f7; padding-bottom: 10px;"&gt;
        BOOM_TRAP_008
    &lt;/h2&gt;
    &lt;table style="width: 100%; border-collapse: collapse; margin-bottom: 15px;"&gt;
        &lt;tr style="background: #f0f0f0;"&gt;
            &lt;td style="padding: 10px; font-weight: bold; width: 40%;"&gt;Type:&lt;/td&gt;
            &lt;td style="padding: 10px;"&gt;Boom Trap&lt;/td&gt;
        &lt;/tr&gt;
        &lt;tr&gt;
            &lt;td style="padding: 10px; font-weight: bold;"&gt;Location:&lt;/td&gt;
            &lt;td style="padding: 10px; font-size: 12px;"&gt;3.044006°N&lt;br&gt;101.480909°E&lt;/td&gt;
        &lt;/tr&gt;
    &lt;/table&gt;
    
&lt;div style="background: #f8f9fa; padding: 15px; border-radius: 8px; margin-top: 10px;"&gt;
    &lt;h3 style="color: #2c5364; margin: 0 0 15px 0; font-size: 16px;"&gt;📊 Active Sensors (8)&lt;/h3&gt;
    &lt;table style="width: 100%; border-collapse: collapse;"&gt;

        &lt;tr style="background: #ffffff;"&gt;
            &lt;td style="padding: 10px; vertical-align: top;"&gt;
                &lt;div style="font-weight: bold; margin-bottom: 5px;"&gt;
                    Conductivity &lt;span style="font-size: 14px;"&gt;↗️ &lt;span style="color: #666; font-size: 11px;"&gt;+33%&lt;/span&gt;&lt;/span&gt;
                &lt;/div&gt;
                &lt;div style="background: #ddd; border-radius: 10px; height: 8px; overflow: hidden;"&gt;
                    &lt;div style="background: #2196f3; height: 100%; width: 100%; transition: width 0.3s;"&gt;&lt;/div&gt;
                &lt;/div&gt;
                &lt;div style="font-size: 10px; color: #999; margin-top: 3px;"&gt;7d avg: 530.67 μS/cm&lt;/div&gt;
            &lt;/td&gt;
            &lt;td style="padding: 10px; text-align: right; vertical-align: top;"&gt;
                &lt;span style="color: #2196f3; font-size: 18px; font-weight: bold;"&gt;707.56&lt;/span&gt;
                &lt;span style="color: #666; font-size: 12px; display: block; margin-top: 2px;"&gt;μS/cm&lt;/span&gt;
            &lt;/td&gt;
        &lt;/tr&gt;

        &lt;tr style="background: #f0f0f0;"&gt;
            &lt;td style="padding: 10px; vertical-align: top;"&gt;
                &lt;div style="font-weight: bold; margin-bottom: 5px;"&gt;
                    Depth Gauge &lt;span style="font-size: 14px;"&gt;→ &lt;span style="color: #666; font-size: 11px;"&gt;stable&lt;/span&gt;&lt;/span&gt;
                &lt;/div&gt;
                &lt;div style="background: #ddd; border-radius: 10px; height: 8px; overflow: hidden;"&gt;
                    &lt;div style="background: #2196f3; height: 100%; width: 5.853359525726351%; transition: width 0.3s;"&gt;&lt;/div&gt;
                &lt;/div&gt;
                &lt;div style="font-size: 10px; color: #999; margin-top: 3px;"&gt;7d avg: 5.77 m&lt;/div&gt;
            &lt;/td&gt;
            &lt;td style="padding: 10px; text-align: right; vertical-align: top;"&gt;
                &lt;span style="color: #2196f3; font-size: 18px; font-weight: bold;"&gt;5.85&lt;/span&gt;
                &lt;span style="color: #666; font-size: 12px; display: block; margin-top: 2px;"&gt;m&lt;/span&gt;
            &lt;/td&gt;
        &lt;/tr&gt;

        &lt;tr style="background: #ffffff;"&gt;
            &lt;td style="padding: 10px; vertical-align: top;"&gt;
                &lt;div style="font-weight: bold; margin-bottom: 5px;"&gt;
                    Dissolved Oxygen &lt;span style="font-size: 14px;"&gt;↗️ &lt;span style="color: #666; font-size: 11px;"&gt;+6%&lt;/span&gt;&lt;/span&gt;
                &lt;/div&gt;
                &lt;div style="background: #ddd; border-radius: 10px; height: 8px; overflow: hidden;"&gt;
                    &lt;div style="background: #2196f3; height: 100%; width: 14.446891923903294%; transition: width 0.3s;"&gt;&lt;/div&gt;
                &lt;/div&gt;
                &lt;div style="font-size: 10px; color: #999; margin-top: 3px;"&gt;7d avg: 13.60 mg/L&lt;/div&gt;
            &lt;/td&gt;
            &lt;td style="padding: 10px; text-align: right; vertical-align: top;"&gt;
                &lt;span style="color: #2196f3; font-size: 18px; font-weight: bold;"&gt;14.45&lt;/span&gt;
                &lt;span style="color: #666; font-size: 12px; display: block; margin-top: 2px;"&gt;mg/L&lt;/span&gt;
            &lt;/td&gt;
        &lt;/tr&gt;

        &lt;tr style="background: #f0f0f0;"&gt;
            &lt;td style="padding: 10px; vertical-align: top;"&gt;
                &lt;div style="font-weight: bold; margin-bottom: 5px;"&gt;
                    Flow Meter &lt;span style="font-size: 14px;"&gt;→ &lt;span style="color: #666; font-size: 11px;"&gt;stable&lt;/span&gt;&lt;/span&gt;
                &lt;/div&gt;
                &lt;div style="background: #ddd; border-radius: 10px; height: 8px; overflow: hidden;"&gt;
                    &lt;div style="background: #2196f3; height: 100%; width: 2.897449372449864%; transition: width 0.3s;"&gt;&lt;/div&gt;
                &lt;/div&gt;
                &lt;div style="font-size: 10px; color: #999; margin-top: 3px;"&gt;7d avg: 2.86 m3/s&lt;/div&gt;
            &lt;/td&gt;
            &lt;td style="padding: 10px; text-align: right; vertical-align: top;"&gt;
                &lt;span style="color: #2196f3; font-size: 18px; font-weight: bold;"&gt;2.90&lt;/span&gt;
                &lt;span style="color: #666; font-size: 12px; display: block; margin-top: 2px;"&gt;m3/s&lt;/span&gt;
            &lt;/td&gt;
        &lt;/tr&gt;

        &lt;tr style="background: #ffffff;"&gt;
            &lt;td style="padding: 10px; vertical-align: top;"&gt;
                &lt;div style="font-weight: bold; margin-bottom: 5px;"&gt;
                    Ph Sensor &lt;span style="font-size: 14px;"&gt;→ &lt;span style="color: #666; font-size: 11px;"&gt;stable&lt;/span&gt;&lt;/span&gt;
                &lt;/div&gt;
                &lt;div style="background: #ddd; border-radius: 10px; height: 8px; overflow: hidden;"&gt;
                    &lt;div style="background: #2196f3; height: 100%; width: 6.1664286390265195%; transition: width 0.3s;"&gt;&lt;/div&gt;
                &lt;/div&gt;
                &lt;div style="font-size: 10px; color: #999; margin-top: 3px;"&gt;7d avg: 6.46 pH&lt;/div&gt;
            &lt;/td&gt;
            &lt;td style="padding: 10px; text-align: right; vertical-align: top;"&gt;
                &lt;span style="color: #2196f3; font-size: 18px; font-weight: bold;"&gt;6.17&lt;/span&gt;
                &lt;span style="color: #666; font-size: 12px; display: block; margin-top: 2px;"&gt;pH&lt;/span&gt;
            &lt;/td&gt;
        &lt;/tr&gt;

        &lt;tr style="background: #f0f0f0;"&gt;
            &lt;td style="padding: 10px; vertical-align: top;"&gt;
                &lt;div style="font-weight: bold; margin-bottom: 5px;"&gt;
                    Temperature &lt;span style="font-size: 14px;"&gt;→ &lt;span style="color: #666; font-size: 11px;"&gt;stable&lt;/span&gt;&lt;/span&gt;
                &lt;/div&gt;
                &lt;div style="background: #ddd; border-radius: 10px; height: 8px; overflow: hidden;"&gt;
                    &lt;div style="background: #2196f3; height: 100%; width: 18.533427620691775%; transition: width 0.3s;"&gt;&lt;/div&gt;
                &lt;/div&gt;
                &lt;div style="font-size: 10px; color: #999; margin-top: 3px;"&gt;7d avg: 18.16 °C&lt;/div&gt;
            &lt;/td&gt;
            &lt;td style="padding: 10px; text-align: right; vertical-align: top;"&gt;
                &lt;span style="color: #2196f3; font-size: 18px; font-weight: bold;"&gt;18.53&lt;/span&gt;
                &lt;span style="color: #666; font-size: 12px; display: block; margin-top: 2px;"&gt;°C&lt;/span&gt;
            &lt;/td&gt;
        &lt;/tr&gt;

        &lt;tr style="background: #ffffff;"&gt;
            &lt;td style="padding: 10px; vertical-align: top;"&gt;
                &lt;div style="font-weight: bold; margin-bottom: 5px;"&gt;
                    Turbidity &lt;span style="font-size: 14px;"&gt;↗️ &lt;span style="color: #666; font-size: 11px;"&gt;+33%&lt;/span&gt;&lt;/span&gt;
                &lt;/div&gt;
                &lt;div style="background: #ddd; border-radius: 10px; height: 8px; overflow: hidden;"&gt;
                    &lt;div style="background: #2196f3; height: 100%; width: 55.639673530769926%; transition: width 0.3s;"&gt;&lt;/div&gt;
                &lt;/div&gt;
                &lt;div style="font-size: 10px; color: #999; margin-top: 3px;"&gt;7d avg: 41.73 NTU&lt;/div&gt;
            &lt;/td&gt;
            &lt;td style="padding: 10px; text-align: right; vertical-align: top;"&gt;
                &lt;span style="color: #2196f3; font-size: 18px; font-weight: bold;"&gt;55.64&lt;/span&gt;
                &lt;span style="color: #666; font-size: 12px; display: block; margin-top: 2px;"&gt;NTU&lt;/span&gt;
            &lt;/td&gt;
        &lt;/tr&gt;

        &lt;tr style="background: #f0f0f0;"&gt;
            &lt;td style="padding: 10px; vertical-align: top;"&gt;
                &lt;div style="font-weight: bold; margin-bottom: 5px;"&gt;
                    Water Quality &lt;span style="font-size: 14px;"&gt;↗️ &lt;span style="color: #666; font-size: 11px;"&gt;+8%&lt;/span&gt;&lt;/span&gt;
                &lt;/div&gt;
                &lt;div style="background: #ddd; border-radius: 10px; height: 8px; overflow: hidden;"&gt;
                    &lt;div style="background: #2196f3; height: 100%; width: 5.0271363129661575%; transition: width 0.3s;"&gt;&lt;/div&gt;
                &lt;/div&gt;
                &lt;div style="font-size: 10px; color: #999; margin-top: 3px;"&gt;7d avg: 4.65 index&lt;/div&gt;
            &lt;/td&gt;
            &lt;td style="padding: 10px; text-align: right; vertical-align: top;"&gt;
                &lt;span style="color: #2196f3; font-size: 18px; font-weight: bold;"&gt;5.03&lt;/span&gt;
                &lt;span style="color: #666; font-size: 12px; display: block; margin-top: 2px;"&gt;index&lt;/span&gt;
            &lt;/td&gt;
        &lt;/tr&gt;

    &lt;/table&gt;
&lt;/div&gt;
&lt;/div&gt;]]&gt;</description>
      <Point>
        <coordinates>101.48090859,3.04400636,0</coordinates>
      </Point>
    </Placemark>
    <Placemark>
      <name />
      <styleUrl>#boom_trap</styleUrl>
      <description>&lt;![CDATA[
&lt;div style="font-family: Arial, sans-serif; width: 350px; padding: 15px;"&gt;
    &lt;h2 style="color: #2c5364; margin: 0 0 15px 0; font-size: 20px; border-bottom: 2px solid #4fc3f7; padding-bottom: 10px;"&gt;
        BOOM_TRAP_009
    &lt;/h2&gt;
    &lt;table style="width: 100%; border-collapse: collapse; margin-bottom: 15px;"&gt;
        &lt;tr style="background: #f0f0f0;"&gt;
            &lt;td style="padding: 10px; font-weight: bold; width: 40%;"&gt;Type:&lt;/td&gt;
            &lt;td style="padding: 10px;"&gt;Boom Trap&lt;/td&gt;
        &lt;/tr&gt;
        &lt;tr&gt;
            &lt;td style="padding: 10px; font-weight: bold;"&gt;Location:&lt;/td&gt;
            &lt;td style="padding: 10px; font-size: 12px;"&gt;3.045970°N&lt;br&gt;101.498000°E&lt;/td&gt;
        &lt;/tr&gt;
    &lt;/table&gt;
    
&lt;div style="background: #f8f9fa; padding: 15px; border-radius: 8px; margin-top: 10px;"&gt;
    &lt;h3 style="color: #2c5364; margin: 0 0 15px 0; font-size: 16px;"&gt;📊 Active Sensors (8)&lt;/h3&gt;
    &lt;table style="width: 100%; border-collapse: collapse;"&gt;

        &lt;tr style="background: #ffffff;"&gt;
            &lt;td style="padding: 10px; vertical-align: top;"&gt;
                &lt;div style="font-weight: bold; margin-bottom: 5px;"&gt;
                    Conductivity &lt;span style="font-size: 14px;"&gt;↗️ &lt;span style="color: #666; font-size: 11px;"&gt;+33%&lt;/span&gt;&lt;/span&gt;
                &lt;/div&gt;
                &lt;div style="background: #ddd; border-radius: 10px; height: 8px; overflow: hidden;"&gt;
                    &lt;div style="background: #2196f3; height: 100%; width: 100%; transition: width 0.3s;"&gt;&lt;/div&gt;
                &lt;/div&gt;
                &lt;div style="font-size: 10px; color: #999; margin-top: 3px;"&gt;7d avg: 325.79 μS/cm&lt;/div&gt;
            &lt;/td&gt;
            &lt;td style="padding: 10px; text-align: right; vertical-align: top;"&gt;
                &lt;span style="color: #2196f3; font-size: 18px; font-weight: bold;"&gt;434.39&lt;/span&gt;
                &lt;span style="color: #666; font-size: 12px; display: block; margin-top: 2px;"&gt;μS/cm&lt;/span&gt;
            &lt;/td&gt;
        &lt;/tr&gt;

        &lt;tr style="background: #f0f0f0;"&gt;
            &lt;td style="padding: 10px; vertical-align: top;"&gt;
                &lt;div style="font-weight: bold; margin-bottom: 5px;"&gt;
                    Depth Gauge &lt;span style="font-size: 14px;"&gt;→ &lt;span style="color: #666; font-size: 11px;"&gt;stable&lt;/span&gt;&lt;/span&gt;
                &lt;/div&gt;
                &lt;div style="background: #ddd; border-radius: 10px; height: 8px; overflow: hidden;"&gt;
                    &lt;div style="background: #2196f3; height: 100%; width: 2.5261821776523825%; transition: width 0.3s;"&gt;&lt;/div&gt;
                &lt;/div&gt;
                &lt;div style="font-size: 10px; color: #999; margin-top: 3px;"&gt;7d avg: 2.41 m&lt;/div&gt;
            &lt;/td&gt;
            &lt;td style="padding: 10px; text-align: right; vertical-align: top;"&gt;
                &lt;span style="color: #2196f3; font-size: 18px; font-weight: bold;"&gt;2.53&lt;/span&gt;
                &lt;span style="color: #666; font-size: 12px; display: block; margin-top: 2px;"&gt;m&lt;/span&gt;
            &lt;/td&gt;
        &lt;/tr&gt;

        &lt;tr style="background: #ffffff;"&gt;
            &lt;td style="padding: 10px; vertical-align: top;"&gt;
                &lt;div style="font-weight: bold; margin-bottom: 5px;"&gt;
                    Dissolved Oxygen &lt;span style="font-size: 14px;"&gt;↗️ &lt;span style="color: #666; font-size: 11px;"&gt;+8%&lt;/span&gt;&lt;/span&gt;
                &lt;/div&gt;
                &lt;div style="background: #ddd; border-radius: 10px; height: 8px; overflow: hidden;"&gt;
                    &lt;div style="background: #2196f3; height: 100%; width: 12.02542696592526%; transition: width 0.3s;"&gt;&lt;/div&gt;
                &lt;/div&gt;
                &lt;div style="font-size: 10px; color: #999; margin-top: 3px;"&gt;7d avg: 11.11 mg/L&lt;/div&gt;
            &lt;/td&gt;
            &lt;td style="padding: 10px; text-align: right; vertical-align: top;"&gt;
                &lt;span style="color: #2196f3; font-size: 18px; font-weight: bold;"&gt;12.03&lt;/span&gt;
                &lt;span style="color: #666; font-size: 12px; display: block; margin-top: 2px;"&gt;mg/L&lt;/span&gt;
            &lt;/td&gt;
        &lt;/tr&gt;

        &lt;tr style="background: #f0f0f0;"&gt;
            &lt;td style="padding: 10px; vertical-align: top;"&gt;
                &lt;div style="font-weight: bold; margin-bottom: 5px;"&gt;
                    Flow Meter &lt;span style="font-size: 14px;"&gt;→ &lt;span style="color: #666; font-size: 11px;"&gt;stable&lt;/span&gt;&lt;/span&gt;
                &lt;/div&gt;
                &lt;div style="background: #ddd; border-radius: 10px; height: 8px; overflow: hidden;"&gt;
                    &lt;div style="background: #2196f3; height: 100%; width: 3.5597890964833923%; transition: width 0.3s;"&gt;&lt;/div&gt;
                &lt;/div&gt;
                &lt;div style="font-size: 10px; color: #999; margin-top: 3px;"&gt;7d avg: 3.49 m3/s&lt;/div&gt;
            &lt;/td&gt;
            &lt;td style="padding: 10px; text-align: right; vertical-align: top;"&gt;
                &lt;span style="color: #2196f3; font-size: 18px; font-weight: bold;"&gt;3.56&lt;/span&gt;
                &lt;span style="color: #666; font-size: 12px; display: block; margin-top: 2px;"&gt;m3/s&lt;/span&gt;
            &lt;/td&gt;
        &lt;/tr&gt;

        &lt;tr style="background: #ffffff;"&gt;
            &lt;td style="padding: 10px; vertical-align: top;"&gt;
                &lt;div style="font-weight: bold; margin-bottom: 5px;"&gt;
                    Ph Sensor &lt;span style="font-size: 14px;"&gt;→ &lt;span style="color: #666; font-size: 11px;"&gt;stable&lt;/span&gt;&lt;/span&gt;
                &lt;/div&gt;
                &lt;div style="background: #ddd; border-radius: 10px; height: 8px; overflow: hidden;"&gt;
                    &lt;div style="background: #2196f3; height: 100%; width: 10.467633283269045%; transition: width 0.3s;"&gt;&lt;/div&gt;
                &lt;/div&gt;
                &lt;div style="font-size: 10px; color: #999; margin-top: 3px;"&gt;7d avg: 10.53 pH&lt;/div&gt;
            &lt;/td&gt;
            &lt;td style="padding: 10px; text-align: right; vertical-align: top;"&gt;
                &lt;span style="color: #2196f3; font-size: 18px; font-weight: bold;"&gt;10.47&lt;/span&gt;
                &lt;span style="color: #666; font-size: 12px; display: block; margin-top: 2px;"&gt;pH&lt;/span&gt;
            &lt;/td&gt;
        &lt;/tr&gt;

        &lt;tr style="background: #f0f0f0;"&gt;
            &lt;td style="padding: 10px; vertical-align: top;"&gt;
                &lt;div style="font-weight: bold; margin-bottom: 5px;"&gt;
                    Temperature &lt;span style="font-size: 14px;"&gt;→ &lt;span style="color: #666; font-size: 11px;"&gt;stable&lt;/span&gt;&lt;/span&gt;
                &lt;/div&gt;
                &lt;div style="background: #ddd; border-radius: 10px; height: 8px; overflow: hidden;"&gt;
                    &lt;div style="background: #2196f3; height: 100%; width: 15.371629348310167%; transition: width 0.3s;"&gt;&lt;/div&gt;
                &lt;/div&gt;
                &lt;div style="font-size: 10px; color: #999; margin-top: 3px;"&gt;7d avg: 15.91 °C&lt;/div&gt;
            &lt;/td&gt;
            &lt;td style="padding: 10px; text-align: right; vertical-align: top;"&gt;
                &lt;span style="color: #2196f3; font-size: 18px; font-weight: bold;"&gt;15.37&lt;/span&gt;
                &lt;span style="color: #666; font-size: 12px; display: block; margin-top: 2px;"&gt;°C&lt;/span&gt;
            &lt;/td&gt;
        &lt;/tr&gt;

        &lt;tr style="background: #ffffff;"&gt;
            &lt;td style="padding: 10px; vertical-align: top;"&gt;
                &lt;div style="font-weight: bold; margin-bottom: 5px;"&gt;
                    Turbidity &lt;span style="font-size: 14px;"&gt;↗️ &lt;span style="color: #666; font-size: 11px;"&gt;+33%&lt;/span&gt;&lt;/span&gt;
                &lt;/div&gt;
                &lt;div style="background: #ddd; border-radius: 10px; height: 8px; overflow: hidden;"&gt;
                    &lt;div style="background: #2196f3; height: 100%; width: 100%; transition: width 0.3s;"&gt;&lt;/div&gt;
                &lt;/div&gt;
                &lt;div style="font-size: 10px; color: #999; margin-top: 3px;"&gt;7d avg: 89.50 NTU&lt;/div&gt;
            &lt;/td&gt;
            &lt;td style="padding: 10px; text-align: right; vertical-align: top;"&gt;
                &lt;span style="color: #2196f3; font-size: 18px; font-weight: bold;"&gt;119.33&lt;/span&gt;
                &lt;span style="color: #666; font-size: 12px; display: block; margin-top: 2px;"&gt;NTU&lt;/span&gt;
            &lt;/td&gt;
        &lt;/tr&gt;

        &lt;tr style="background: #f0f0f0;"&gt;
            &lt;td style="padding: 10px; vertical-align: top;"&gt;
                &lt;div style="font-weight: bold; margin-bottom: 5px;"&gt;
                    Water Quality &lt;span style="font-size: 14px;"&gt;↘️ &lt;span style="color: #666; font-size: 11px;"&gt;-6%&lt;/span&gt;&lt;/span&gt;
                &lt;/div&gt;
                &lt;div style="background: #ddd; border-radius: 10px; height: 8px; overflow: hidden;"&gt;
                    &lt;div style="background: #2196f3; height: 100%; width: 5.966809428725552%; transition: width 0.3s;"&gt;&lt;/div&gt;
                &lt;/div&gt;
                &lt;div style="font-size: 10px; color: #999; margin-top: 3px;"&gt;7d avg: 6.36 index&lt;/div&gt;
            &lt;/td&gt;
            &lt;td style="padding: 10px; text-align: right; vertical-align: top;"&gt;
                &lt;span style="color: #2196f3; font-size: 18px; font-weight: bold;"&gt;5.97&lt;/span&gt;
                &lt;span style="color: #666; font-size: 12px; display: block; margin-top: 2px;"&gt;index&lt;/span&gt;
            &lt;/td&gt;
        &lt;/tr&gt;

    &lt;/table&gt;
&lt;/div&gt;
&lt;/div&gt;]]&gt;</description>
      <Point>
        <coordinates>101.49800041,3.04597008,0</coordinates>
      </Point>
    </Placemark>
    <Placemark>
      <name />
      <styleUrl>#boom_trap</styleUrl>
      <description>&lt;![CDATA[
&lt;div style="font-family: Arial, sans-serif; width: 350px; padding: 15px;"&gt;
    &lt;h2 style="color: #2c5364; margin: 0 0 15px 0; font-size: 20px; border-bottom: 2px solid #4fc3f7; padding-bottom: 10px;"&gt;
        BOOM_TRAP_010
    &lt;/h2&gt;
    &lt;table style="width: 100%; border-collapse: collapse; margin-bottom: 15px;"&gt;
        &lt;tr style="background: #f0f0f0;"&gt;
            &lt;td style="padding: 10px; font-weight: bold; width: 40%;"&gt;Type:&lt;/td&gt;
            &lt;td style="padding: 10px;"&gt;Boom Trap&lt;/td&gt;
        &lt;/tr&gt;
        &lt;tr&gt;
            &lt;td style="padding: 10px; font-weight: bold;"&gt;Location:&lt;/td&gt;
            &lt;td style="padding: 10px; font-size: 12px;"&gt;3.039825°N&lt;br&gt;101.512183°E&lt;/td&gt;
        &lt;/tr&gt;
    &lt;/table&gt;
    
&lt;div style="background: #f8f9fa; padding: 15px; border-radius: 8px; margin-top: 10px;"&gt;
    &lt;h3 style="color: #2c5364; margin: 0 0 15px 0; font-size: 16px;"&gt;📊 Active Sensors (8)&lt;/h3&gt;
    &lt;table style="width: 100%; border-collapse: collapse;"&gt;

        &lt;tr style="background: #ffffff;"&gt;
            &lt;td style="padding: 10px; vertical-align: top;"&gt;
                &lt;div style="font-weight: bold; margin-bottom: 5px;"&gt;
                    Conductivity &lt;span style="font-size: 14px;"&gt;↗️ &lt;span style="color: #666; font-size: 11px;"&gt;+33%&lt;/span&gt;&lt;/span&gt;
                &lt;/div&gt;
                &lt;div style="background: #ddd; border-radius: 10px; height: 8px; overflow: hidden;"&gt;
                    &lt;div style="background: #2196f3; height: 100%; width: 100%; transition: width 0.3s;"&gt;&lt;/div&gt;
                &lt;/div&gt;
                &lt;div style="font-size: 10px; color: #999; margin-top: 3px;"&gt;7d avg: 602.25 μS/cm&lt;/div&gt;
            &lt;/td&gt;
            &lt;td style="padding: 10px; text-align: right; vertical-align: top;"&gt;
                &lt;span style="color: #2196f3; font-size: 18px; font-weight: bold;"&gt;803.00&lt;/span&gt;
                &lt;span style="color: #666; font-size: 12px; display: block; margin-top: 2px;"&gt;μS/cm&lt;/span&gt;
            &lt;/td&gt;
        &lt;/tr&gt;

        &lt;tr style="background: #f0f0f0;"&gt;
            &lt;td style="padding: 10px; vertical-align: top;"&gt;
                &lt;div style="font-weight: bold; margin-bottom: 5px;"&gt;
                    Depth Gauge &lt;span style="font-size: 14px;"&gt;↗️ &lt;span style="color: #666; font-size: 11px;"&gt;+6%&lt;/span&gt;&lt;/span&gt;
                &lt;/div&gt;
                &lt;div style="background: #ddd; border-radius: 10px; height: 8px; overflow: hidden;"&gt;
                    &lt;div style="background: #2196f3; height: 100%; width: 4.4698084620948855%; transition: width 0.3s;"&gt;&lt;/div&gt;
                &lt;/div&gt;
                &lt;div style="font-size: 10px; color: #999; margin-top: 3px;"&gt;7d avg: 4.24 m&lt;/div&gt;
            &lt;/td&gt;
            &lt;td style="padding: 10px; text-align: right; vertical-align: top;"&gt;
                &lt;span style="color: #2196f3; font-size: 18px; font-weight: bold;"&gt;4.47&lt;/span&gt;
                &lt;span style="color: #666; font-size: 12px; display: block; margin-top: 2px;"&gt;m&lt;/span&gt;
            &lt;/td&gt;
        &lt;/tr&gt;

        &lt;tr style="background: #ffffff;"&gt;
            &lt;td style="padding: 10px; vertical-align: top;"&gt;
                &lt;div style="font-weight: bold; margin-bottom: 5px;"&gt;
                    Dissolved Oxygen &lt;span style="font-size: 14px;"&gt;→ &lt;span style="color: #666; font-size: 11px;"&gt;stable&lt;/span&gt;&lt;/span&gt;
                &lt;/div&gt;
                &lt;div style="background: #ddd; border-radius: 10px; height: 8px; overflow: hidden;"&gt;
                    &lt;div style="background: #2196f3; height: 100%; width: 13.748723850927593%; transition: width 0.3s;"&gt;&lt;/div&gt;
                &lt;/div&gt;
                &lt;div style="font-size: 10px; color: #999; margin-top: 3px;"&gt;7d avg: 13.72 mg/L&lt;/div&gt;
            &lt;/td&gt;
            &lt;td style="padding: 10px; text-align: right; vertical-align: top;"&gt;
                &lt;span style="color: #2196f3; font-size: 18px; font-weight: bold;"&gt;13.75&lt;/span&gt;
                &lt;span style="color: #666; font-size: 12px; display: block; margin-top: 2px;"&gt;mg/L&lt;/span&gt;
            &lt;/td&gt;
        &lt;/tr&gt;

        &lt;tr style="background: #f0f0f0;"&gt;
            &lt;td style="padding: 10px; vertical-align: top;"&gt;
                &lt;div style="font-weight: bold; margin-bottom: 5px;"&gt;
                    Flow Meter &lt;span style="font-size: 14px;"&gt;↘️ &lt;span style="color: #666; font-size: 11px;"&gt;-10%&lt;/span&gt;&lt;/span&gt;
                &lt;/div&gt;
                &lt;div style="background: #ddd; border-radius: 10px; height: 8px; overflow: hidden;"&gt;
                    &lt;div style="background: #2196f3; height: 100%; width: 3.561568297991216%; transition: width 0.3s;"&gt;&lt;/div&gt;
                &lt;/div&gt;
                &lt;div style="font-size: 10px; color: #999; margin-top: 3px;"&gt;7d avg: 3.94 m3/s&lt;/div&gt;
            &lt;/td&gt;
            &lt;td style="padding: 10px; text-align: right; vertical-align: top;"&gt;
                &lt;span style="color: #2196f3; font-size: 18px; font-weight: bold;"&gt;3.56&lt;/span&gt;
                &lt;span style="color: #666; font-size: 12px; display: block; margin-top: 2px;"&gt;m3/s&lt;/span&gt;
            &lt;/td&gt;
        &lt;/tr&gt;

        &lt;tr style="background: #ffffff;"&gt;
            &lt;td style="padding: 10px; vertical-align: top;"&gt;
                &lt;div style="font-weight: bold; margin-bottom: 5px;"&gt;
                    Ph Sensor &lt;span style="font-size: 14px;"&gt;↘️ &lt;span style="color: #666; font-size: 11px;"&gt;-6%&lt;/span&gt;&lt;/span&gt;
                &lt;/div&gt;
                &lt;div style="background: #ddd; border-radius: 10px; height: 8px; overflow: hidden;"&gt;
                    &lt;div style="background: #2196f3; height: 100%; width: 5.530175179362588%; transition: width 0.3s;"&gt;&lt;/div&gt;
                &lt;/div&gt;
                &lt;div style="font-size: 10px; color: #999; margin-top: 3px;"&gt;7d avg: 5.88 pH&lt;/div&gt;
            &lt;/td&gt;
            &lt;td style="padding: 10px; text-align: right; vertical-align: top;"&gt;
                &lt;span style="color: #2196f3; font-size: 18px; font-weight: bold;"&gt;5.53&lt;/span&gt;
                &lt;span style="color: #666; font-size: 12px; display: block; margin-top: 2px;"&gt;pH&lt;/span&gt;
            &lt;/td&gt;
        &lt;/tr&gt;

        &lt;tr style="background: #f0f0f0;"&gt;
            &lt;td style="padding: 10px; vertical-align: top;"&gt;
                &lt;div style="font-weight: bold; margin-bottom: 5px;"&gt;
                    Temperature &lt;span style="font-size: 14px;"&gt;→ &lt;span style="color: #666; font-size: 11px;"&gt;stable&lt;/span&gt;&lt;/span&gt;
                &lt;/div&gt;
                &lt;div style="background: #ddd; border-radius: 10px; height: 8px; overflow: hidden;"&gt;
                    &lt;div style="background: #2196f3; height: 100%; width: 33.84920808073038%; transition: width 0.3s;"&gt;&lt;/div&gt;
                &lt;/div&gt;
                &lt;div style="font-size: 10px; color: #999; margin-top: 3px;"&gt;7d avg: 34.95 °C&lt;/div&gt;
            &lt;/td&gt;
            &lt;td style="padding: 10px; text-align: right; vertical-align: top;"&gt;
                &lt;span style="color: #2196f3; font-size: 18px; font-weight: bold;"&gt;33.85&lt;/span&gt;
                &lt;span style="color: #666; font-size: 12px; display: block; margin-top: 2px;"&gt;°C&lt;/span&gt;
            &lt;/td&gt;
        &lt;/tr&gt;

        &lt;tr style="background: #ffffff;"&gt;
            &lt;td style="padding: 10px; vertical-align: top;"&gt;
                &lt;div style="font-weight: bold; margin-bottom: 5px;"&gt;
                    Turbidity &lt;span style="font-size: 14px;"&gt;↗️ &lt;span style="color: #666; font-size: 11px;"&gt;+33%&lt;/span&gt;&lt;/span&gt;
                &lt;/div&gt;
                &lt;div style="background: #ddd; border-radius: 10px; height: 8px; overflow: hidden;"&gt;
                    &lt;div style="background: #2196f3; height: 100%; width: 53.16512903398035%; transition: width 0.3s;"&gt;&lt;/div&gt;
                &lt;/div&gt;
                &lt;div style="font-size: 10px; color: #999; margin-top: 3px;"&gt;7d avg: 39.87 NTU&lt;/div&gt;
            &lt;/td&gt;
            &lt;td style="padding: 10px; text-align: right; vertical-align: top;"&gt;
                &lt;span style="color: #2196f3; font-size: 18px; font-weight: bold;"&gt;53.17&lt;/span&gt;
                &lt;span style="color: #666; font-size: 12px; display: block; margin-top: 2px;"&gt;NTU&lt;/span&gt;
            &lt;/td&gt;
        &lt;/tr&gt;

        &lt;tr style="background: #f0f0f0;"&gt;
            &lt;td style="padding: 10px; vertical-align: top;"&gt;
                &lt;div style="font-weight: bold; margin-bottom: 5px;"&gt;
                    Water Quality &lt;span style="font-size: 14px;"&gt;↘️ &lt;span style="color: #666; font-size: 11px;"&gt;-5%&lt;/span&gt;&lt;/span&gt;
                &lt;/div&gt;
                &lt;div style="background: #ddd; border-radius: 10px; height: 8px; overflow: hidden;"&gt;
                    &lt;div style="background: #2196f3; height: 100%; width: 5.236522208187452%; transition: width 0.3s;"&gt;&lt;/div&gt;
                &lt;/div&gt;
                &lt;div style="font-size: 10px; color: #999; margin-top: 3px;"&gt;7d avg: 5.53 index&lt;/div&gt;
            &lt;/td&gt;
            &lt;td style="padding: 10px; text-align: right; vertical-align: top;"&gt;
                &lt;span style="color: #2196f3; font-size: 18px; font-weight: bold;"&gt;5.24&lt;/span&gt;
                &lt;span style="color: #666; font-size: 12px; display: block; margin-top: 2px;"&gt;index&lt;/span&gt;
            &lt;/td&gt;
        &lt;/tr&gt;

    &lt;/table&gt;
&lt;/div&gt;
&lt;/div&gt;]]&gt;</description>
      <Point>
        <coordinates>101.51218326,3.03982501,0</coordinates>
      </Point>
    </Placemark>
    <Placemark>
      <name />
      <styleUrl>#boom_trap</styleUrl>
      <description>&lt;![CDATA[
&lt;div style="font-family: Arial, sans-serif; width: 350px; padding: 15px;"&gt;
    &lt;h2 style="color: #2c5364; margin: 0 0 15px 0; font-size: 20px; border-bottom: 2px solid #4fc3f7; padding-bottom: 10px;"&gt;
        BOOM_TRAP_011
    &lt;/h2&gt;
    &lt;table style="width: 100%; border-collapse: collapse; margin-bottom: 15px;"&gt;
        &lt;tr style="background: #f0f0f0;"&gt;
            &lt;td style="padding: 10px; font-weight: bold; width: 40%;"&gt;Type:&lt;/td&gt;
            &lt;td style="padding: 10px;"&gt;Boom Trap&lt;/td&gt;
        &lt;/tr&gt;
        &lt;tr&gt;
            &lt;td style="padding: 10px; font-weight: bold;"&gt;Location:&lt;/td&gt;
            &lt;td style="padding: 10px; font-size: 12px;"&gt;3.036607°N&lt;br&gt;101.526393°E&lt;/td&gt;
        &lt;/tr&gt;
    &lt;/table&gt;
    
&lt;div style="background: #f8f9fa; padding: 15px; border-radius: 8px; margin-top: 10px;"&gt;
    &lt;h3 style="color: #2c5364; margin: 0 0 15px 0; font-size: 16px;"&gt;📊 Active Sensors (8)&lt;/h3&gt;
    &lt;table style="width: 100%; border-collapse: collapse;"&gt;

        &lt;tr style="background: #ffffff;"&gt;
            &lt;td style="padding: 10px; vertical-align: top;"&gt;
                &lt;div style="font-weight: bold; margin-bottom: 5px;"&gt;
                    Conductivity &lt;span style="font-size: 14px;"&gt;↗️ &lt;span style="color: #666; font-size: 11px;"&gt;+33%&lt;/span&gt;&lt;/span&gt;
                &lt;/div&gt;
                &lt;div style="background: #ddd; border-radius: 10px; height: 8px; overflow: hidden;"&gt;
                    &lt;div style="background: #2196f3; height: 100%; width: 100%; transition: width 0.3s;"&gt;&lt;/div&gt;
                &lt;/div&gt;
                &lt;div style="font-size: 10px; color: #999; margin-top: 3px;"&gt;7d avg: 676.97 μS/cm&lt;/div&gt;
            &lt;/td&gt;
            &lt;td style="padding: 10px; text-align: right; vertical-align: top;"&gt;
                &lt;span style="color: #2196f3; font-size: 18px; font-weight: bold;"&gt;902.63&lt;/span&gt;
                &lt;span style="color: #666; font-size: 12px; display: block; margin-top: 2px;"&gt;μS/cm&lt;/span&gt;
            &lt;/td&gt;
        &lt;/tr&gt;

        &lt;tr style="background: #f0f0f0;"&gt;
            &lt;td style="padding: 10px; vertical-align: top;"&gt;
                &lt;div style="font-weight: bold; margin-bottom: 5px;"&gt;
                    Depth Gauge &lt;span style="font-size: 14px;"&gt;↗️ &lt;span style="color: #666; font-size: 11px;"&gt;+6%&lt;/span&gt;&lt;/span&gt;
                &lt;/div&gt;
                &lt;div style="background: #ddd; border-radius: 10px; height: 8px; overflow: hidden;"&gt;
                    &lt;div style="background: #2196f3; height: 100%; width: 2.6508257165794027%; transition: width 0.3s;"&gt;&lt;/div&gt;
                &lt;/div&gt;
                &lt;div style="font-size: 10px; color: #999; margin-top: 3px;"&gt;7d avg: 2.50 m&lt;/div&gt;
            &lt;/td&gt;
            &lt;td style="padding: 10px; text-align: right; vertical-align: top;"&gt;
                &lt;span style="color: #2196f3; font-size: 18px; font-weight: bold;"&gt;2.65&lt;/span&gt;
                &lt;span style="color: #666; font-size: 12px; display: block; margin-top: 2px;"&gt;m&lt;/span&gt;
            &lt;/td&gt;
        &lt;/tr&gt;

        &lt;tr style="background: #ffffff;"&gt;
            &lt;td style="padding: 10px; vertical-align: top;"&gt;
                &lt;div style="font-weight: bold; margin-bottom: 5px;"&gt;
                    Dissolved Oxygen &lt;span style="font-size: 14px;"&gt;↗️ &lt;span style="color: #666; font-size: 11px;"&gt;+5%&lt;/span&gt;&lt;/span&gt;
                &lt;/div&gt;
                &lt;div style="background: #ddd; border-radius: 10px; height: 8px; overflow: hidden;"&gt;
                    &lt;div style="background: #2196f3; height: 100%; width: 11.785979232897487%; transition: width 0.3s;"&gt;&lt;/div&gt;
                &lt;/div&gt;
                &lt;div style="font-size: 10px; color: #999; margin-top: 3px;"&gt;7d avg: 11.20 mg/L&lt;/div&gt;
            &lt;/td&gt;
            &lt;td style="padding: 10px; text-align: right; vertical-align: top;"&gt;
                &lt;span style="color: #2196f3; font-size: 18px; font-weight: bold;"&gt;11.79&lt;/span&gt;
                &lt;span style="color: #666; font-size: 12px; display: block; margin-top: 2px;"&gt;mg/L&lt;/span&gt;
            &lt;/td&gt;
        &lt;/tr&gt;

        &lt;tr style="background: #f0f0f0;"&gt;
            &lt;td style="padding: 10px; vertical-align: top;"&gt;
                &lt;div style="font-weight: bold; margin-bottom: 5px;"&gt;
                    Flow Meter &lt;span style="font-size: 14px;"&gt;→ &lt;span style="color: #666; font-size: 11px;"&gt;stable&lt;/span&gt;&lt;/span&gt;
                &lt;/div&gt;
                &lt;div style="background: #ddd; border-radius: 10px; height: 8px; overflow: hidden;"&gt;
                    &lt;div style="background: #2196f3; height: 100%; width: 2.4687407725778314%; transition: width 0.3s;"&gt;&lt;/div&gt;
                &lt;/div&gt;
                &lt;div style="font-size: 10px; color: #999; margin-top: 3px;"&gt;7d avg: 2.53 m3/s&lt;/div&gt;
            &lt;/td&gt;
            &lt;td style="padding: 10px; text-align: right; vertical-align: top;"&gt;
                &lt;span style="color: #2196f3; font-size: 18px; font-weight: bold;"&gt;2.47&lt;/span&gt;
                &lt;span style="color: #666; font-size: 12px; display: block; margin-top: 2px;"&gt;m3/s&lt;/span&gt;
            &lt;/td&gt;
        &lt;/tr&gt;

        &lt;tr style="background: #ffffff;"&gt;
            &lt;td style="padding: 10px; vertical-align: top;"&gt;
                &lt;div style="font-weight: bold; margin-bottom: 5px;"&gt;
                    Ph Sensor &lt;span style="font-size: 14px;"&gt;→ &lt;span style="color: #666; font-size: 11px;"&gt;stable&lt;/span&gt;&lt;/span&gt;
                &lt;/div&gt;
                &lt;div style="background: #ddd; border-radius: 10px; height: 8px; overflow: hidden;"&gt;
                    &lt;div style="background: #2196f3; height: 100%; width: 6.191592033401103%; transition: width 0.3s;"&gt;&lt;/div&gt;
                &lt;/div&gt;
                &lt;div style="font-size: 10px; color: #999; margin-top: 3px;"&gt;7d avg: 6.20 pH&lt;/div&gt;
            &lt;/td&gt;
            &lt;td style="padding: 10px; text-align: right; vertical-align: top;"&gt;
                &lt;span style="color: #2196f3; font-size: 18px; font-weight: bold;"&gt;6.19&lt;/span&gt;
                &lt;span style="color: #666; font-size: 12px; display: block; margin-top: 2px;"&gt;pH&lt;/span&gt;
            &lt;/td&gt;
        &lt;/tr&gt;

        &lt;tr style="background: #f0f0f0;"&gt;
            &lt;td style="padding: 10px; vertical-align: top;"&gt;
                &lt;div style="font-weight: bold; margin-bottom: 5px;"&gt;
                    Temperature &lt;span style="font-size: 14px;"&gt;→ &lt;span style="color: #666; font-size: 11px;"&gt;stable&lt;/span&gt;&lt;/span&gt;
                &lt;/div&gt;
                &lt;div style="background: #ddd; border-radius: 10px; height: 8px; overflow: hidden;"&gt;
                    &lt;div style="background: #2196f3; height: 100%; width: 15.783640239375849%; transition: width 0.3s;"&gt;&lt;/div&gt;
                &lt;/div&gt;
                &lt;div style="font-size: 10px; color: #999; margin-top: 3px;"&gt;7d avg: 15.62 °C&lt;/div&gt;
            &lt;/td&gt;
            &lt;td style="padding: 10px; text-align: right; vertical-align: top;"&gt;
                &lt;span style="color: #2196f3; font-size: 18px; font-weight: bold;"&gt;15.78&lt;/span&gt;
                &lt;span style="color: #666; font-size: 12px; display: block; margin-top: 2px;"&gt;°C&lt;/span&gt;
            &lt;/td&gt;
        &lt;/tr&gt;

        &lt;tr style="background: #ffffff;"&gt;
            &lt;td style="padding: 10px; vertical-align: top;"&gt;
                &lt;div style="font-weight: bold; margin-bottom: 5px;"&gt;
                    Turbidity &lt;span style="font-size: 14px;"&gt;↗️ &lt;span style="color: #666; font-size: 11px;"&gt;+33%&lt;/span&gt;&lt;/span&gt;
                &lt;/div&gt;
                &lt;div style="background: #ddd; border-radius: 10px; height: 8px; overflow: hidden;"&gt;
                    &lt;div style="background: #2196f3; height: 100%; width: 100%; transition: width 0.3s;"&gt;&lt;/div&gt;
                &lt;/div&gt;
                &lt;div style="font-size: 10px; color: #999; margin-top: 3px;"&gt;7d avg: 97.17 NTU&lt;/div&gt;
            &lt;/td&gt;
            &lt;td style="padding: 10px; text-align: right; vertical-align: top;"&gt;
                &lt;span style="color: #2196f3; font-size: 18px; font-weight: bold;"&gt;129.56&lt;/span&gt;
                &lt;span style="color: #666; font-size: 12px; display: block; margin-top: 2px;"&gt;NTU&lt;/span&gt;
            &lt;/td&gt;
        &lt;/tr&gt;

        &lt;tr style="background: #f0f0f0;"&gt;
            &lt;td style="padding: 10px; vertical-align: top;"&gt;
                &lt;div style="font-weight: bold; margin-bottom: 5px;"&gt;
                    Water Quality &lt;span style="font-size: 14px;"&gt;→ &lt;span style="color: #666; font-size: 11px;"&gt;stable&lt;/span&gt;&lt;/span&gt;
                &lt;/div&gt;
                &lt;div style="background: #ddd; border-radius: 10px; height: 8px; overflow: hidden;"&gt;
                    &lt;div style="background: #2196f3; height: 100%; width: 10.177846484248416%; transition: width 0.3s;"&gt;&lt;/div&gt;
                &lt;/div&gt;
                &lt;div style="font-size: 10px; color: #999; margin-top: 3px;"&gt;7d avg: 10.25 index&lt;/div&gt;
            &lt;/td&gt;
            &lt;td style="padding: 10px; text-align: right; vertical-align: top;"&gt;
                &lt;span style="color: #2196f3; font-size: 18px; font-weight: bold;"&gt;10.18&lt;/span&gt;
                &lt;span style="color: #666; font-size: 12px; display: block; margin-top: 2px;"&gt;index&lt;/span&gt;
            &lt;/td&gt;
        &lt;/tr&gt;

    &lt;/table&gt;
&lt;/div&gt;
&lt;/div&gt;]]&gt;</description>
      <Point>
        <coordinates>101.52639312,3.03660735,0</coordinates>
      </Point>
    </Placemark>
    <Placemark>
      <name />
      <styleUrl>#boom_trap</styleUrl>
      <description>&lt;![CDATA[
&lt;div style="font-family: Arial, sans-serif; width: 350px; padding: 15px;"&gt;
    &lt;h2 style="color: #2c5364; margin: 0 0 15px 0; font-size: 20px; border-bottom: 2px solid #4fc3f7; padding-bottom: 10px;"&gt;
        BOOM_TRAP_012
    &lt;/h2&gt;
    &lt;table style="width: 100%; border-collapse: collapse; margin-bottom: 15px;"&gt;
        &lt;tr style="background: #f0f0f0;"&gt;
            &lt;td style="padding: 10px; font-weight: bold; width: 40%;"&gt;Type:&lt;/td&gt;
            &lt;td style="padding: 10px;"&gt;Boom Trap&lt;/td&gt;
        &lt;/tr&gt;
        &lt;tr&gt;
            &lt;td style="padding: 10px; font-weight: bold;"&gt;Location:&lt;/td&gt;
            &lt;td style="padding: 10px; font-size: 12px;"&gt;3.011639°N&lt;br&gt;101.548171°E&lt;/td&gt;
        &lt;/tr&gt;
    &lt;/table&gt;
    
&lt;div style="background: #f8f9fa; padding: 15px; border-radius: 8px; margin-top: 10px;"&gt;
    &lt;h3 style="color: #2c5364; margin: 0 0 15px 0; font-size: 16px;"&gt;📊 Active Sensors (8)&lt;/h3&gt;
    &lt;table style="width: 100%; border-collapse: collapse;"&gt;

        &lt;tr style="background: #ffffff;"&gt;
            &lt;td style="padding: 10px; vertical-align: top;"&gt;
                &lt;div style="font-weight: bold; margin-bottom: 5px;"&gt;
                    Conductivity &lt;span style="font-size: 14px;"&gt;↗️ &lt;span style="color: #666; font-size: 11px;"&gt;+33%&lt;/span&gt;&lt;/span&gt;
                &lt;/div&gt;
                &lt;div style="background: #ddd; border-radius: 10px; height: 8px; overflow: hidden;"&gt;
                    &lt;div style="background: #2196f3; height: 100%; width: 100%; transition: width 0.3s;"&gt;&lt;/div&gt;
                &lt;/div&gt;
                &lt;div style="font-size: 10px; color: #999; margin-top: 3px;"&gt;7d avg: 437.43 μS/cm&lt;/div&gt;
            &lt;/td&gt;
            &lt;td style="padding: 10px; text-align: right; vertical-align: top;"&gt;
                &lt;span style="color: #2196f3; font-size: 18px; font-weight: bold;"&gt;583.24&lt;/span&gt;
                &lt;span style="color: #666; font-size: 12px; display: block; margin-top: 2px;"&gt;μS/cm&lt;/span&gt;
            &lt;/td&gt;
        &lt;/tr&gt;

        &lt;tr style="background: #f0f0f0;"&gt;
            &lt;td style="padding: 10px; vertical-align: top;"&gt;
                &lt;div style="font-weight: bold; margin-bottom: 5px;"&gt;
                    Depth Gauge &lt;span style="font-size: 14px;"&gt;↘️ &lt;span style="color: #666; font-size: 11px;"&gt;-6%&lt;/span&gt;&lt;/span&gt;
                &lt;/div&gt;
                &lt;div style="background: #ddd; border-radius: 10px; height: 8px; overflow: hidden;"&gt;
                    &lt;div style="background: #2196f3; height: 100%; width: 3.294181597903942%; transition: width 0.3s;"&gt;&lt;/div&gt;
                &lt;/div&gt;
                &lt;div style="font-size: 10px; color: #999; margin-top: 3px;"&gt;7d avg: 3.49 m&lt;/div&gt;
            &lt;/td&gt;
            &lt;td style="padding: 10px; text-align: right; vertical-align: top;"&gt;
                &lt;span style="color: #2196f3; font-size: 18px; font-weight: bold;"&gt;3.29&lt;/span&gt;
                &lt;span style="color: #666; font-size: 12px; display: block; margin-top: 2px;"&gt;m&lt;/span&gt;
            &lt;/td&gt;
        &lt;/tr&gt;

        &lt;tr style="background: #ffffff;"&gt;
            &lt;td style="padding: 10px; vertical-align: top;"&gt;
                &lt;div style="font-weight: bold; margin-bottom: 5px;"&gt;
                    Dissolved Oxygen &lt;span style="font-size: 14px;"&gt;↗️ &lt;span style="color: #666; font-size: 11px;"&gt;+7%&lt;/span&gt;&lt;/span&gt;
                &lt;/div&gt;
                &lt;div style="background: #ddd; border-radius: 10px; height: 8px; overflow: hidden;"&gt;
                    &lt;div style="background: #2196f3; height: 100%; width: 8.617340225310059%; transition: width 0.3s;"&gt;&lt;/div&gt;
                &lt;/div&gt;
                &lt;div style="font-size: 10px; color: #999; margin-top: 3px;"&gt;7d avg: 8.08 mg/L&lt;/div&gt;
            &lt;/td&gt;
            &lt;td style="padding: 10px; text-align: right; vertical-align: top;"&gt;
                &lt;span style="color: #2196f3; font-size: 18px; font-weight: bold;"&gt;8.62&lt;/span&gt;
                &lt;span style="color: #666; font-size: 12px; display: block; margin-top: 2px;"&gt;mg/L&lt;/span&gt;
            &lt;/td&gt;
        &lt;/tr&gt;

        &lt;tr style="background: #f0f0f0;"&gt;
            &lt;td style="padding: 10px; vertical-align: top;"&gt;
                &lt;div style="font-weight: bold; margin-bottom: 5px;"&gt;
                    Flow Meter &lt;span style="font-size: 14px;"&gt;→ &lt;span style="color: #666; font-size: 11px;"&gt;stable&lt;/span&gt;&lt;/span&gt;
                &lt;/div&gt;
                &lt;div style="background: #ddd; border-radius: 10px; height: 8px; overflow: hidden;"&gt;
                    &lt;div style="background: #2196f3; height: 100%; width: 2.5681818297685863%; transition: width 0.3s;"&gt;&lt;/div&gt;
                &lt;/div&gt;
                &lt;div style="font-size: 10px; color: #999; margin-top: 3px;"&gt;7d avg: 2.65 m3/s&lt;/div&gt;
            &lt;/td&gt;
            &lt;td style="padding: 10px; text-align: right; vertical-align: top;"&gt;
                &lt;span style="color: #2196f3; font-size: 18px; font-weight: bold;"&gt;2.57&lt;/span&gt;
                &lt;span style="color: #666; font-size: 12px; display: block; margin-top: 2px;"&gt;m3/s&lt;/span&gt;
            &lt;/td&gt;
        &lt;/tr&gt;

        &lt;tr style="background: #ffffff;"&gt;
            &lt;td style="padding: 10px; vertical-align: top;"&gt;
                &lt;div style="font-weight: bold; margin-bottom: 5px;"&gt;
                    Ph Sensor &lt;span style="font-size: 14px;"&gt;↘️ &lt;span style="color: #666; font-size: 11px;"&gt;-6%&lt;/span&gt;&lt;/span&gt;
                &lt;/div&gt;
                &lt;div style="background: #ddd; border-radius: 10px; height: 8px; overflow: hidden;"&gt;
                    &lt;div style="background: #2196f3; height: 100%; width: 8.133621817665528%; transition: width 0.3s;"&gt;&lt;/div&gt;
                &lt;/div&gt;
                &lt;div style="font-size: 10px; color: #999; margin-top: 3px;"&gt;7d avg: 8.66 pH&lt;/div&gt;
            &lt;/td&gt;
            &lt;td style="padding: 10px; text-align: right; vertical-align: top;"&gt;
                &lt;span style="color: #2196f3; font-size: 18px; font-weight: bold;"&gt;8.13&lt;/span&gt;
                &lt;span style="color: #666; font-size: 12px; display: block; margin-top: 2px;"&gt;pH&lt;/span&gt;
            &lt;/td&gt;
        &lt;/tr&gt;

        &lt;tr style="background: #f0f0f0;"&gt;
            &lt;td style="padding: 10px; vertical-align: top;"&gt;
                &lt;div style="font-weight: bold; margin-bottom: 5px;"&gt;
                    Temperature &lt;span style="font-size: 14px;"&gt;→ &lt;span style="color: #666; font-size: 11px;"&gt;stable&lt;/span&gt;&lt;/span&gt;
                &lt;/div&gt;
                &lt;div style="background: #ddd; border-radius: 10px; height: 8px; overflow: hidden;"&gt;
                    &lt;div style="background: #2196f3; height: 100%; width: 17.92107807744871%; transition: width 0.3s;"&gt;&lt;/div&gt;
                &lt;/div&gt;
                &lt;div style="font-size: 10px; color: #999; margin-top: 3px;"&gt;7d avg: 17.60 °C&lt;/div&gt;
            &lt;/td&gt;
            &lt;td style="padding: 10px; text-align: right; vertical-align: top;"&gt;
                &lt;span style="color: #2196f3; font-size: 18px; font-weight: bold;"&gt;17.92&lt;/span&gt;
                &lt;span style="color: #666; font-size: 12px; display: block; margin-top: 2px;"&gt;°C&lt;/span&gt;
            &lt;/td&gt;
        &lt;/tr&gt;

        &lt;tr style="background: #ffffff;"&gt;
            &lt;td style="padding: 10px; vertical-align: top;"&gt;
                &lt;div style="font-weight: bold; margin-bottom: 5px;"&gt;
                    Turbidity &lt;span style="font-size: 14px;"&gt;↗️ &lt;span style="color: #666; font-size: 11px;"&gt;+33%&lt;/span&gt;&lt;/span&gt;
                &lt;/div&gt;
                &lt;div style="background: #ddd; border-radius: 10px; height: 8px; overflow: hidden;"&gt;
                    &lt;div style="background: #2196f3; height: 100%; width: 71.13436773000431%; transition: width 0.3s;"&gt;&lt;/div&gt;
                &lt;/div&gt;
                &lt;div style="font-size: 10px; color: #999; margin-top: 3px;"&gt;7d avg: 53.35 NTU&lt;/div&gt;
            &lt;/td&gt;
            &lt;td style="padding: 10px; text-align: right; vertical-align: top;"&gt;
                &lt;span style="color: #2196f3; font-size: 18px; font-weight: bold;"&gt;71.13&lt;/span&gt;
                &lt;span style="color: #666; font-size: 12px; display: block; margin-top: 2px;"&gt;NTU&lt;/span&gt;
            &lt;/td&gt;
        &lt;/tr&gt;

        &lt;tr style="background: #f0f0f0;"&gt;
            &lt;td style="padding: 10px; vertical-align: top;"&gt;
                &lt;div style="font-weight: bold; margin-bottom: 5px;"&gt;
                    Water Quality &lt;span style="font-size: 14px;"&gt;↗️ &lt;span style="color: #666; font-size: 11px;"&gt;+7%&lt;/span&gt;&lt;/span&gt;
                &lt;/div&gt;
                &lt;div style="background: #ddd; border-radius: 10px; height: 8px; overflow: hidden;"&gt;
                    &lt;div style="background: #2196f3; height: 100%; width: 9.442119789342424%; transition: width 0.3s;"&gt;&lt;/div&gt;
                &lt;/div&gt;
                &lt;div style="font-size: 10px; color: #999; margin-top: 3px;"&gt;7d avg: 8.82 index&lt;/div&gt;
            &lt;/td&gt;
            &lt;td style="padding: 10px; text-align: right; vertical-align: top;"&gt;
                &lt;span style="color: #2196f3; font-size: 18px; font-weight: bold;"&gt;9.44&lt;/span&gt;
                &lt;span style="color: #666; font-size: 12px; display: block; margin-top: 2px;"&gt;index&lt;/span&gt;
            &lt;/td&gt;
        &lt;/tr&gt;

    &lt;/table&gt;
&lt;/div&gt;
&lt;/div&gt;]]&gt;</description>
      <Point>
        <coordinates>101.54817096,3.01163882,0</coordinates>
      </Point>
    </Placemark>
    <Placemark>
      <name />
      <styleUrl>#boom_trap</styleUrl>
      <description>&lt;![CDATA[
&lt;div style="font-family: Arial, sans-serif; width: 350px; padding: 15px;"&gt;
    &lt;h2 style="color: #2c5364; margin: 0 0 15px 0; font-size: 20px; border-bottom: 2px solid #4fc3f7; padding-bottom: 10px;"&gt;
        BOOM_TRAP_013
    &lt;/h2&gt;
    &lt;table style="width: 100%; border-collapse: collapse; margin-bottom: 15px;"&gt;
        &lt;tr style="background: #f0f0f0;"&gt;
            &lt;td style="padding: 10px; font-weight: bold; width: 40%;"&gt;Type:&lt;/td&gt;
            &lt;td style="padding: 10px;"&gt;Boom Trap&lt;/td&gt;
        &lt;/tr&gt;
        &lt;tr&gt;
            &lt;td style="padding: 10px; font-weight: bold;"&gt;Location:&lt;/td&gt;
            &lt;td style="padding: 10px; font-size: 12px;"&gt;2.988628°N&lt;br&gt;101.553701°E&lt;/td&gt;
        &lt;/tr&gt;
    &lt;/table&gt;
    
&lt;div style="background: #f8f9fa; padding: 15px; border-radius: 8px; margin-top: 10px;"&gt;
    &lt;h3 style="color: #2c5364; margin: 0 0 15px 0; font-size: 16px;"&gt;📊 Active Sensors (8)&lt;/h3&gt;
    &lt;table style="width: 100%; border-collapse: collapse;"&gt;

        &lt;tr style="background: #ffffff;"&gt;
            &lt;td style="padding: 10px; vertical-align: top;"&gt;
                &lt;div style="font-weight: bold; margin-bottom: 5px;"&gt;
                    Conductivity &lt;span style="font-size: 14px;"&gt;↗️ &lt;span style="color: #666; font-size: 11px;"&gt;+33%&lt;/span&gt;&lt;/span&gt;
                &lt;/div&gt;
                &lt;div style="background: #ddd; border-radius: 10px; height: 8px; overflow: hidden;"&gt;
                    &lt;div style="background: #2196f3; height: 100%; width: 100%; transition: width 0.3s;"&gt;&lt;/div&gt;
                &lt;/div&gt;
                &lt;div style="font-size: 10px; color: #999; margin-top: 3px;"&gt;7d avg: 959.50 μS/cm&lt;/div&gt;
            &lt;/td&gt;
            &lt;td style="padding: 10px; text-align: right; vertical-align: top;"&gt;
                &lt;span style="color: #2196f3; font-size: 18px; font-weight: bold;"&gt;1279.33&lt;/span&gt;
                &lt;span style="color: #666; font-size: 12px; display: block; margin-top: 2px;"&gt;μS/cm&lt;/span&gt;
            &lt;/td&gt;
        &lt;/tr&gt;

        &lt;tr style="background: #f0f0f0;"&gt;
            &lt;td style="padding: 10px; vertical-align: top;"&gt;
                &lt;div style="font-weight: bold; margin-bottom: 5px;"&gt;
                    Depth Gauge &lt;span style="font-size: 14px;"&gt;→ &lt;span style="color: #666; font-size: 11px;"&gt;stable&lt;/span&gt;&lt;/span&gt;
                &lt;/div&gt;
                &lt;div style="background: #ddd; border-radius: 10px; height: 8px; overflow: hidden;"&gt;
                    &lt;div style="background: #2196f3; height: 100%; width: 6.957227012506323%; transition: width 0.3s;"&gt;&lt;/div&gt;
                &lt;/div&gt;
                &lt;div style="font-size: 10px; color: #999; margin-top: 3px;"&gt;7d avg: 6.75 m&lt;/div&gt;
            &lt;/td&gt;
            &lt;td style="padding: 10px; text-align: right; vertical-align: top;"&gt;
                &lt;span style="color: #2196f3; font-size: 18px; font-weight: bold;"&gt;6.96&lt;/span&gt;
                &lt;span style="color: #666; font-size: 12px; display: block; margin-top: 2px;"&gt;m&lt;/span&gt;
            &lt;/td&gt;
        &lt;/tr&gt;

        &lt;tr style="background: #ffffff;"&gt;
            &lt;td style="padding: 10px; vertical-align: top;"&gt;
                &lt;div style="font-weight: bold; margin-bottom: 5px;"&gt;
                    Dissolved Oxygen &lt;span style="font-size: 14px;"&gt;→ &lt;span style="color: #666; font-size: 11px;"&gt;stable&lt;/span&gt;&lt;/span&gt;
                &lt;/div&gt;
                &lt;div style="background: #ddd; border-radius: 10px; height: 8px; overflow: hidden;"&gt;
                    &lt;div style="background: #2196f3; height: 100%; width: 5.999883010356863%; transition: width 0.3s;"&gt;&lt;/div&gt;
                &lt;/div&gt;
                &lt;div style="font-size: 10px; color: #999; margin-top: 3px;"&gt;7d avg: 5.76 mg/L&lt;/div&gt;
            &lt;/td&gt;
            &lt;td style="padding: 10px; text-align: right; vertical-align: top;"&gt;
                &lt;span style="color: #2196f3; font-size: 18px; font-weight: bold;"&gt;6.00&lt;/span&gt;
                &lt;span style="color: #666; font-size: 12px; display: block; margin-top: 2px;"&gt;mg/L&lt;/span&gt;
            &lt;/td&gt;
        &lt;/tr&gt;

        &lt;tr style="background: #f0f0f0;"&gt;
            &lt;td style="padding: 10px; vertical-align: top;"&gt;
                &lt;div style="font-weight: bold; margin-bottom: 5px;"&gt;
                    Flow Meter &lt;span style="font-size: 14px;"&gt;↗️ &lt;span style="color: #666; font-size: 11px;"&gt;+6%&lt;/span&gt;&lt;/span&gt;
                &lt;/div&gt;
                &lt;div style="background: #ddd; border-radius: 10px; height: 8px; overflow: hidden;"&gt;
                    &lt;div style="background: #2196f3; height: 100%; width: 2.1717985303918566%; transition: width 0.3s;"&gt;&lt;/div&gt;
                &lt;/div&gt;
                &lt;div style="font-size: 10px; color: #999; margin-top: 3px;"&gt;7d avg: 2.05 m3/s&lt;/div&gt;
            &lt;/td&gt;
            &lt;td style="padding: 10px; text-align: right; vertical-align: top;"&gt;
                &lt;span style="color: #2196f3; font-size: 18px; font-weight: bold;"&gt;2.17&lt;/span&gt;
                &lt;span style="color: #666; font-size: 12px; display: block; margin-top: 2px;"&gt;m3/s&lt;/span&gt;
            &lt;/td&gt;
        &lt;/tr&gt;

        &lt;tr style="background: #ffffff;"&gt;
            &lt;td style="padding: 10px; vertical-align: top;"&gt;
                &lt;div style="font-weight: bold; margin-bottom: 5px;"&gt;
                    Ph Sensor &lt;span style="font-size: 14px;"&gt;→ &lt;span style="color: #666; font-size: 11px;"&gt;stable&lt;/span&gt;&lt;/span&gt;
                &lt;/div&gt;
                &lt;div style="background: #ddd; border-radius: 10px; height: 8px; overflow: hidden;"&gt;
                    &lt;div style="background: #2196f3; height: 100%; width: 6.291635915847142%; transition: width 0.3s;"&gt;&lt;/div&gt;
                &lt;/div&gt;
                &lt;div style="font-size: 10px; color: #999; margin-top: 3px;"&gt;7d avg: 6.12 pH&lt;/div&gt;
            &lt;/td&gt;
            &lt;td style="padding: 10px; text-align: right; vertical-align: top;"&gt;
                &lt;span style="color: #2196f3; font-size: 18px; font-weight: bold;"&gt;6.29&lt;/span&gt;
                &lt;span style="color: #666; font-size: 12px; display: block; margin-top: 2px;"&gt;pH&lt;/span&gt;
            &lt;/td&gt;
        &lt;/tr&gt;

        &lt;tr style="background: #f0f0f0;"&gt;
            &lt;td style="padding: 10px; vertical-align: top;"&gt;
                &lt;div style="font-weight: bold; margin-bottom: 5px;"&gt;
                    Temperature &lt;span style="font-size: 14px;"&gt;→ &lt;span style="color: #666; font-size: 11px;"&gt;stable&lt;/span&gt;&lt;/span&gt;
                &lt;/div&gt;
                &lt;div style="background: #ddd; border-radius: 10px; height: 8px; overflow: hidden;"&gt;
                    &lt;div style="background: #2196f3; height: 100%; width: 32.31477766903199%; transition: width 0.3s;"&gt;&lt;/div&gt;
                &lt;/div&gt;
                &lt;div style="font-size: 10px; color: #999; margin-top: 3px;"&gt;7d avg: 31.68 °C&lt;/div&gt;
            &lt;/td&gt;
            &lt;td style="padding: 10px; text-align: right; vertical-align: top;"&gt;
                &lt;span style="color: #2196f3; font-size: 18px; font-weight: bold;"&gt;32.31&lt;/span&gt;
                &lt;span style="color: #666; font-size: 12px; display: block; margin-top: 2px;"&gt;°C&lt;/span&gt;
            &lt;/td&gt;
        &lt;/tr&gt;

        &lt;tr style="background: #ffffff;"&gt;
            &lt;td style="padding: 10px; vertical-align: top;"&gt;
                &lt;div style="font-weight: bold; margin-bottom: 5px;"&gt;
                    Turbidity &lt;span style="font-size: 14px;"&gt;↗️ &lt;span style="color: #666; font-size: 11px;"&gt;+33%&lt;/span&gt;&lt;/span&gt;
                &lt;/div&gt;
                &lt;div style="background: #ddd; border-radius: 10px; height: 8px; overflow: hidden;"&gt;
                    &lt;div style="background: #2196f3; height: 100%; width: 56.611921515116904%; transition: width 0.3s;"&gt;&lt;/div&gt;
                &lt;/div&gt;
                &lt;div style="font-size: 10px; color: #999; margin-top: 3px;"&gt;7d avg: 42.46 NTU&lt;/div&gt;
            &lt;/td&gt;
            &lt;td style="padding: 10px; text-align: right; vertical-align: top;"&gt;
                &lt;span style="color: #2196f3; font-size: 18px; font-weight: bold;"&gt;56.61&lt;/span&gt;
                &lt;span style="color: #666; font-size: 12px; display: block; margin-top: 2px;"&gt;NTU&lt;/span&gt;
            &lt;/td&gt;
        &lt;/tr&gt;

        &lt;tr style="background: #f0f0f0;"&gt;
            &lt;td style="padding: 10px; vertical-align: top;"&gt;
                &lt;div style="font-weight: bold; margin-bottom: 5px;"&gt;
                    Water Quality &lt;span style="font-size: 14px;"&gt;→ &lt;span style="color: #666; font-size: 11px;"&gt;stable&lt;/span&gt;&lt;/span&gt;
                &lt;/div&gt;
                &lt;div style="background: #ddd; border-radius: 10px; height: 8px; overflow: hidden;"&gt;
                    &lt;div style="background: #2196f3; height: 100%; width: 10.384820577539443%; transition: width 0.3s;"&gt;&lt;/div&gt;
                &lt;/div&gt;
                &lt;div style="font-size: 10px; color: #999; margin-top: 3px;"&gt;7d avg: 10.22 index&lt;/div&gt;
            &lt;/td&gt;
            &lt;td style="padding: 10px; text-align: right; vertical-align: top;"&gt;
                &lt;span style="color: #2196f3; font-size: 18px; font-weight: bold;"&gt;10.38&lt;/span&gt;
                &lt;span style="color: #666; font-size: 12px; display: block; margin-top: 2px;"&gt;index&lt;/span&gt;
            &lt;/td&gt;
        &lt;/tr&gt;

    &lt;/table&gt;
&lt;/div&gt;
&lt;/div&gt;]]&gt;</description>
      <Point>
        <coordinates>101.55370083,2.98862764,0</coordinates>
      </Point>
    </Placemark>
    <Placemark>
      <name />
      <styleUrl>#boom_trap</styleUrl>
      <description>&lt;![CDATA[
&lt;div style="font-family: Arial, sans-serif; width: 350px; padding: 15px;"&gt;
    &lt;h2 style="color: #2c5364; margin: 0 0 15px 0; font-size: 20px; border-bottom: 2px solid #4fc3f7; padding-bottom: 10px;"&gt;
        BOOM_TRAP_014
    &lt;/h2&gt;
    &lt;table style="width: 100%; border-collapse: collapse; margin-bottom: 15px;"&gt;
        &lt;tr style="background: #f0f0f0;"&gt;
            &lt;td style="padding: 10px; font-weight: bold; width: 40%;"&gt;Type:&lt;/td&gt;
            &lt;td style="padding: 10px;"&gt;Boom Trap&lt;/td&gt;
        &lt;/tr&gt;
        &lt;tr&gt;
            &lt;td style="padding: 10px; font-weight: bold;"&gt;Location:&lt;/td&gt;
            &lt;td style="padding: 10px; font-size: 12px;"&gt;3.000072°N&lt;br&gt;101.553822°E&lt;/td&gt;
        &lt;/tr&gt;
    &lt;/table&gt;
    
&lt;div style="background: #f8f9fa; padding: 15px; border-radius: 8px; margin-top: 10px;"&gt;
    &lt;h3 style="color: #2c5364; margin: 0 0 15px 0; font-size: 16px;"&gt;📊 Active Sensors (8)&lt;/h3&gt;
    &lt;table style="width: 100%; border-collapse: collapse;"&gt;

        &lt;tr style="background: #ffffff;"&gt;
            &lt;td style="padding: 10px; vertical-align: top;"&gt;
                &lt;div style="font-weight: bold; margin-bottom: 5px;"&gt;
                    Conductivity &lt;span style="font-size: 14px;"&gt;↗️ &lt;span style="color: #666; font-size: 11px;"&gt;+33%&lt;/span&gt;&lt;/span&gt;
                &lt;/div&gt;
                &lt;div style="background: #ddd; border-radius: 10px; height: 8px; overflow: hidden;"&gt;
                    &lt;div style="background: #2196f3; height: 100%; width: 100%; transition: width 0.3s;"&gt;&lt;/div&gt;
                &lt;/div&gt;
                &lt;div style="font-size: 10px; color: #999; margin-top: 3px;"&gt;7d avg: 487.13 μS/cm&lt;/div&gt;
            &lt;/td&gt;
            &lt;td style="padding: 10px; text-align: right; vertical-align: top;"&gt;
                &lt;span style="color: #2196f3; font-size: 18px; font-weight: bold;"&gt;649.51&lt;/span&gt;
                &lt;span style="color: #666; font-size: 12px; display: block; margin-top: 2px;"&gt;μS/cm&lt;/span&gt;
            &lt;/td&gt;
        &lt;/tr&gt;

        &lt;tr style="background: #f0f0f0;"&gt;
            &lt;td style="padding: 10px; vertical-align: top;"&gt;
                &lt;div style="font-weight: bold; margin-bottom: 5px;"&gt;
                    Depth Gauge &lt;span style="font-size: 14px;"&gt;↗️ &lt;span style="color: #666; font-size: 11px;"&gt;+9%&lt;/span&gt;&lt;/span&gt;
                &lt;/div&gt;
                &lt;div style="background: #ddd; border-radius: 10px; height: 8px; overflow: hidden;"&gt;
                    &lt;div style="background: #2196f3; height: 100%; width: 3.125151105906359%; transition: width 0.3s;"&gt;&lt;/div&gt;
                &lt;/div&gt;
                &lt;div style="font-size: 10px; color: #999; margin-top: 3px;"&gt;7d avg: 2.86 m&lt;/div&gt;
            &lt;/td&gt;
            &lt;td style="padding: 10px; text-align: right; vertical-align: top;"&gt;
                &lt;span style="color: #2196f3; font-size: 18px; font-weight: bold;"&gt;3.13&lt;/span&gt;
                &lt;span style="color: #666; font-size: 12px; display: block; margin-top: 2px;"&gt;m&lt;/span&gt;
            &lt;/td&gt;
        &lt;/tr&gt;

        &lt;tr style="background: #ffffff;"&gt;
            &lt;td style="padding: 10px; vertical-align: top;"&gt;
                &lt;div style="font-weight: bold; margin-bottom: 5px;"&gt;
                    Dissolved Oxygen &lt;span style="font-size: 14px;"&gt;↘️ &lt;span style="color: #666; font-size: 11px;"&gt;-10%&lt;/span&gt;&lt;/span&gt;
                &lt;/div&gt;
                &lt;div style="background: #ddd; border-radius: 10px; height: 8px; overflow: hidden;"&gt;
                    &lt;div style="background: #2196f3; height: 100%; width: 4.7874929233463615%; transition: width 0.3s;"&gt;&lt;/div&gt;
                &lt;/div&gt;
                &lt;div style="font-size: 10px; color: #999; margin-top: 3px;"&gt;7d avg: 5.29 mg/L&lt;/div&gt;
            &lt;/td&gt;
            &lt;td style="padding: 10px; text-align: right; vertical-align: top;"&gt;
                &lt;span style="color: #2196f3; font-size: 18px; font-weight: bold;"&gt;4.79&lt;/span&gt;
                &lt;span style="color: #666; font-size: 12px; display: block; margin-top: 2px;"&gt;mg/L&lt;/span&gt;
            &lt;/td&gt;
        &lt;/tr&gt;

        &lt;tr style="background: #f0f0f0;"&gt;
            &lt;td style="padding: 10px; vertical-align: top;"&gt;
                &lt;div style="font-weight: bold; margin-bottom: 5px;"&gt;
                    Flow Meter &lt;span style="font-size: 14px;"&gt;↘️ &lt;span style="color: #666; font-size: 11px;"&gt;-6%&lt;/span&gt;&lt;/span&gt;
                &lt;/div&gt;
                &lt;div style="background: #ddd; border-radius: 10px; height: 8px; overflow: hidden;"&gt;
                    &lt;div style="background: #2196f3; height: 100%; width: 1.9704649931204181%; transition: width 0.3s;"&gt;&lt;/div&gt;
                &lt;/div&gt;
                &lt;div style="font-size: 10px; color: #999; margin-top: 3px;"&gt;7d avg: 2.11 m3/s&lt;/div&gt;
            &lt;/td&gt;
            &lt;td style="padding: 10px; text-align: right; vertical-align: top;"&gt;
                &lt;span style="color: #2196f3; font-size: 18px; font-weight: bold;"&gt;1.97&lt;/span&gt;
                &lt;span style="color: #666; font-size: 12px; display: block; margin-top: 2px;"&gt;m3/s&lt;/span&gt;
            &lt;/td&gt;
        &lt;/tr&gt;

        &lt;tr style="background: #ffffff;"&gt;
            &lt;td style="padding: 10px; vertical-align: top;"&gt;
                &lt;div style="font-weight: bold; margin-bottom: 5px;"&gt;
                    Ph Sensor &lt;span style="font-size: 14px;"&gt;→ &lt;span style="color: #666; font-size: 11px;"&gt;stable&lt;/span&gt;&lt;/span&gt;
                &lt;/div&gt;
                &lt;div style="background: #ddd; border-radius: 10px; height: 8px; overflow: hidden;"&gt;
                    &lt;div style="background: #2196f3; height: 100%; width: 6.250379260574795%; transition: width 0.3s;"&gt;&lt;/div&gt;
                &lt;/div&gt;
                &lt;div style="font-size: 10px; color: #999; margin-top: 3px;"&gt;7d avg: 6.50 pH&lt;/div&gt;
            &lt;/td&gt;
            &lt;td style="padding: 10px; text-align: right; vertical-align: top;"&gt;
                &lt;span style="color: #2196f3; font-size: 18px; font-weight: bold;"&gt;6.25&lt;/span&gt;
                &lt;span style="color: #666; font-size: 12px; display: block; margin-top: 2px;"&gt;pH&lt;/span&gt;
            &lt;/td&gt;
        &lt;/tr&gt;

        &lt;tr style="background: #f0f0f0;"&gt;
            &lt;td style="padding: 10px; vertical-align: top;"&gt;
                &lt;div style="font-weight: bold; margin-bottom: 5px;"&gt;
                    Temperature &lt;span style="font-size: 14px;"&gt;→ &lt;span style="color: #666; font-size: 11px;"&gt;stable&lt;/span&gt;&lt;/span&gt;
                &lt;/div&gt;
                &lt;div style="background: #ddd; border-radius: 10px; height: 8px; overflow: hidden;"&gt;
                    &lt;div style="background: #2196f3; height: 100%; width: 40.61374582563606%; transition: width 0.3s;"&gt;&lt;/div&gt;
                &lt;/div&gt;
                &lt;div style="font-size: 10px; color: #999; margin-top: 3px;"&gt;7d avg: 39.41 °C&lt;/div&gt;
            &lt;/td&gt;
            &lt;td style="padding: 10px; text-align: right; vertical-align: top;"&gt;
                &lt;span style="color: #2196f3; font-size: 18px; font-weight: bold;"&gt;40.61&lt;/span&gt;
                &lt;span style="color: #666; font-size: 12px; display: block; margin-top: 2px;"&gt;°C&lt;/span&gt;
            &lt;/td&gt;
        &lt;/tr&gt;

        &lt;tr style="background: #ffffff;"&gt;
            &lt;td style="padding: 10px; vertical-align: top;"&gt;
                &lt;div style="font-weight: bold; margin-bottom: 5px;"&gt;
                    Turbidity &lt;span style="font-size: 14px;"&gt;↗️ &lt;span style="color: #666; font-size: 11px;"&gt;+33%&lt;/span&gt;&lt;/span&gt;
                &lt;/div&gt;
                &lt;div style="background: #ddd; border-radius: 10px; height: 8px; overflow: hidden;"&gt;
                    &lt;div style="background: #2196f3; height: 100%; width: 69.34528803327153%; transition: width 0.3s;"&gt;&lt;/div&gt;
                &lt;/div&gt;
                &lt;div style="font-size: 10px; color: #999; margin-top: 3px;"&gt;7d avg: 52.01 NTU&lt;/div&gt;
            &lt;/td&gt;
            &lt;td style="padding: 10px; text-align: right; vertical-align: top;"&gt;
                &lt;span style="color: #2196f3; font-size: 18px; font-weight: bold;"&gt;69.35&lt;/span&gt;
                &lt;span style="color: #666; font-size: 12px; display: block; margin-top: 2px;"&gt;NTU&lt;/span&gt;
            &lt;/td&gt;
        &lt;/tr&gt;

        &lt;tr style="background: #f0f0f0;"&gt;
            &lt;td style="padding: 10px; vertical-align: top;"&gt;
                &lt;div style="font-weight: bold; margin-bottom: 5px;"&gt;
                    Water Quality &lt;span style="font-size: 14px;"&gt;↘️ &lt;span style="color: #666; font-size: 11px;"&gt;-6%&lt;/span&gt;&lt;/span&gt;
                &lt;/div&gt;
                &lt;div style="background: #ddd; border-radius: 10px; height: 8px; overflow: hidden;"&gt;
                    &lt;div style="background: #2196f3; height: 100%; width: 4.8208329371309535%; transition: width 0.3s;"&gt;&lt;/div&gt;
                &lt;/div&gt;
                &lt;div style="font-size: 10px; color: #999; margin-top: 3px;"&gt;7d avg: 5.15 index&lt;/div&gt;
            &lt;/td&gt;
            &lt;td style="padding: 10px; text-align: right; vertical-align: top;"&gt;
                &lt;span style="color: #2196f3; font-size: 18px; font-weight: bold;"&gt;4.82&lt;/span&gt;
                &lt;span style="color: #666; font-size: 12px; display: block; margin-top: 2px;"&gt;index&lt;/span&gt;
            &lt;/td&gt;
        &lt;/tr&gt;

    &lt;/table&gt;
&lt;/div&gt;
&lt;/div&gt;]]&gt;</description>
      <Point>
        <coordinates>101.55382171,3.00007228,0</coordinates>
      </Point>
    </Placemark>
    <Placemark>
      <name />
      <styleUrl>#boom_trap</styleUrl>
      <description>&lt;![CDATA[
&lt;div style="font-family: Arial, sans-serif; width: 350px; padding: 15px;"&gt;
    &lt;h2 style="color: #2c5364; margin: 0 0 15px 0; font-size: 20px; border-bottom: 2px solid #4fc3f7; padding-bottom: 10px;"&gt;
        BOOM_TRAP_015
    &lt;/h2&gt;
    &lt;table style="width: 100%; border-collapse: collapse; margin-bottom: 15px;"&gt;
        &lt;tr style="background: #f0f0f0;"&gt;
            &lt;td style="padding: 10px; font-weight: bold; width: 40%;"&gt;Type:&lt;/td&gt;
            &lt;td style="padding: 10px;"&gt;Boom Trap&lt;/td&gt;
        &lt;/tr&gt;
        &lt;tr&gt;
            &lt;td style="padding: 10px; font-weight: bold;"&gt;Location:&lt;/td&gt;
            &lt;td style="padding: 10px; font-size: 12px;"&gt;2.975528°N&lt;br&gt;101.566506°E&lt;/td&gt;
        &lt;/tr&gt;
    &lt;/table&gt;
    
&lt;div style="background: #f8f9fa; padding: 15px; border-radius: 8px; margin-top: 10px;"&gt;
    &lt;h3 style="color: #2c5364; margin: 0 0 15px 0; font-size: 16px;"&gt;📊 Active Sensors (8)&lt;/h3&gt;
    &lt;table style="width: 100%; border-collapse: collapse;"&gt;

        &lt;tr style="background: #ffffff;"&gt;
            &lt;td style="padding: 10px; vertical-align: top;"&gt;
                &lt;div style="font-weight: bold; margin-bottom: 5px;"&gt;
                    Conductivity &lt;span style="font-size: 14px;"&gt;↗️ &lt;span style="color: #666; font-size: 11px;"&gt;+33%&lt;/span&gt;&lt;/span&gt;
                &lt;/div&gt;
                &lt;div style="background: #ddd; border-radius: 10px; height: 8px; overflow: hidden;"&gt;
                    &lt;div style="background: #2196f3; height: 100%; width: 100%; transition: width 0.3s;"&gt;&lt;/div&gt;
                &lt;/div&gt;
                &lt;div style="font-size: 10px; color: #999; margin-top: 3px;"&gt;7d avg: 304.95 μS/cm&lt;/div&gt;
            &lt;/td&gt;
            &lt;td style="padding: 10px; text-align: right; vertical-align: top;"&gt;
                &lt;span style="color: #2196f3; font-size: 18px; font-weight: bold;"&gt;406.60&lt;/span&gt;
                &lt;span style="color: #666; font-size: 12px; display: block; margin-top: 2px;"&gt;μS/cm&lt;/span&gt;
            &lt;/td&gt;
        &lt;/tr&gt;

        &lt;tr style="background: #f0f0f0;"&gt;
            &lt;td style="padding: 10px; vertical-align: top;"&gt;
                &lt;div style="font-weight: bold; margin-bottom: 5px;"&gt;
                    Depth Gauge &lt;span style="font-size: 14px;"&gt;↗️ &lt;span style="color: #666; font-size: 11px;"&gt;+6%&lt;/span&gt;&lt;/span&gt;
                &lt;/div&gt;
                &lt;div style="background: #ddd; border-radius: 10px; height: 8px; overflow: hidden;"&gt;
                    &lt;div style="background: #2196f3; height: 100%; width: 3.2251906470273117%; transition: width 0.3s;"&gt;&lt;/div&gt;
                &lt;/div&gt;
                &lt;div style="font-size: 10px; color: #999; margin-top: 3px;"&gt;7d avg: 3.03 m&lt;/div&gt;
            &lt;/td&gt;
            &lt;td style="padding: 10px; text-align: right; vertical-align: top;"&gt;
                &lt;span style="color: #2196f3; font-size: 18px; font-weight: bold;"&gt;3.23&lt;/span&gt;
                &lt;span style="color: #666; font-size: 12px; display: block; margin-top: 2px;"&gt;m&lt;/span&gt;
            &lt;/td&gt;
        &lt;/tr&gt;

        &lt;tr style="background: #ffffff;"&gt;
            &lt;td style="padding: 10px; vertical-align: top;"&gt;
                &lt;div style="font-weight: bold; margin-bottom: 5px;"&gt;
                    Dissolved Oxygen &lt;span style="font-size: 14px;"&gt;↘️ &lt;span style="color: #666; font-size: 11px;"&gt;-8%&lt;/span&gt;&lt;/span&gt;
                &lt;/div&gt;
                &lt;div style="background: #ddd; border-radius: 10px; height: 8px; overflow: hidden;"&gt;
                    &lt;div style="background: #2196f3; height: 100%; width: 8.132079512810492%; transition: width 0.3s;"&gt;&lt;/div&gt;
                &lt;/div&gt;
                &lt;div style="font-size: 10px; color: #999; margin-top: 3px;"&gt;7d avg: 8.83 mg/L&lt;/div&gt;
            &lt;/td&gt;
            &lt;td style="padding: 10px; text-align: right; vertical-align: top;"&gt;
                &lt;span style="color: #2196f3; font-size: 18px; font-weight: bold;"&gt;8.13&lt;/span&gt;
                &lt;span style="color: #666; font-size: 12px; display: block; margin-top: 2px;"&gt;mg/L&lt;/span&gt;
            &lt;/td&gt;
        &lt;/tr&gt;

        &lt;tr style="background: #f0f0f0;"&gt;
            &lt;td style="padding: 10px; vertical-align: top;"&gt;
                &lt;div style="font-weight: bold; margin-bottom: 5px;"&gt;
                    Flow Meter &lt;span style="font-size: 14px;"&gt;→ &lt;span style="color: #666; font-size: 11px;"&gt;stable&lt;/span&gt;&lt;/span&gt;
                &lt;/div&gt;
                &lt;div style="background: #ddd; border-radius: 10px; height: 8px; overflow: hidden;"&gt;
                    &lt;div style="background: #2196f3; height: 100%; width: 2.886570384544799%; transition: width 0.3s;"&gt;&lt;/div&gt;
                &lt;/div&gt;
                &lt;div style="font-size: 10px; color: #999; margin-top: 3px;"&gt;7d avg: 2.85 m3/s&lt;/div&gt;
            &lt;/td&gt;
            &lt;td style="padding: 10px; text-align: right; vertical-align: top;"&gt;
                &lt;span style="color: #2196f3; font-size: 18px; font-weight: bold;"&gt;2.89&lt;/span&gt;
                &lt;span style="color: #666; font-size: 12px; display: block; margin-top: 2px;"&gt;m3/s&lt;/span&gt;
            &lt;/td&gt;
        &lt;/tr&gt;

        &lt;tr style="background: #ffffff;"&gt;
            &lt;td style="padding: 10px; vertical-align: top;"&gt;
                &lt;div style="font-weight: bold; margin-bottom: 5px;"&gt;
                    Ph Sensor &lt;span style="font-size: 14px;"&gt;↗️ &lt;span style="color: #666; font-size: 11px;"&gt;+12%&lt;/span&gt;&lt;/span&gt;
                &lt;/div&gt;
                &lt;div style="background: #ddd; border-radius: 10px; height: 8px; overflow: hidden;"&gt;
                    &lt;div style="background: #2196f3; height: 100%; width: 9.653732188269277%; transition: width 0.3s;"&gt;&lt;/div&gt;
                &lt;/div&gt;
                &lt;div style="font-size: 10px; color: #999; margin-top: 3px;"&gt;7d avg: 8.65 pH&lt;/div&gt;
            &lt;/td&gt;
            &lt;td style="padding: 10px; text-align: right; vertical-align: top;"&gt;
                &lt;span style="color: #2196f3; font-size: 18px; font-weight: bold;"&gt;9.65&lt;/span&gt;
                &lt;span style="color: #666; font-size: 12px; display: block; margin-top: 2px;"&gt;pH&lt;/span&gt;
            &lt;/td&gt;
        &lt;/tr&gt;

        &lt;tr style="background: #f0f0f0;"&gt;
            &lt;td style="padding: 10px; vertical-align: top;"&gt;
                &lt;div style="font-weight: bold; margin-bottom: 5px;"&gt;
                    Temperature &lt;span style="font-size: 14px;"&gt;↘️ &lt;span style="color: #666; font-size: 11px;"&gt;-8%&lt;/span&gt;&lt;/span&gt;
                &lt;/div&gt;
                &lt;div style="background: #ddd; border-radius: 10px; height: 8px; overflow: hidden;"&gt;
                    &lt;div style="background: #2196f3; height: 100%; width: 36.417212689315456%; transition: width 0.3s;"&gt;&lt;/div&gt;
                &lt;/div&gt;
                &lt;div style="font-size: 10px; color: #999; margin-top: 3px;"&gt;7d avg: 39.42 °C&lt;/div&gt;
            &lt;/td&gt;
            &lt;td style="padding: 10px; text-align: right; vertical-align: top;"&gt;
                &lt;span style="color: #2196f3; font-size: 18px; font-weight: bold;"&gt;36.42&lt;/span&gt;
                &lt;span style="color: #666; font-size: 12px; display: block; margin-top: 2px;"&gt;°C&lt;/span&gt;
            &lt;/td&gt;
        &lt;/tr&gt;

        &lt;tr style="background: #ffffff;"&gt;
            &lt;td style="padding: 10px; vertical-align: top;"&gt;
                &lt;div style="font-weight: bold; margin-bottom: 5px;"&gt;
                    Turbidity &lt;span style="font-size: 14px;"&gt;↗️ &lt;span style="color: #666; font-size: 11px;"&gt;+33%&lt;/span&gt;&lt;/span&gt;
                &lt;/div&gt;
                &lt;div style="background: #ddd; border-radius: 10px; height: 8px; overflow: hidden;"&gt;
                    &lt;div style="background: #2196f3; height: 100%; width: 100%; transition: width 0.3s;"&gt;&lt;/div&gt;
                &lt;/div&gt;
                &lt;div style="font-size: 10px; color: #999; margin-top: 3px;"&gt;7d avg: 90.59 NTU&lt;/div&gt;
            &lt;/td&gt;
            &lt;td style="padding: 10px; text-align: right; vertical-align: top;"&gt;
                &lt;span style="color: #2196f3; font-size: 18px; font-weight: bold;"&gt;120.78&lt;/span&gt;
                &lt;span style="color: #666; font-size: 12px; display: block; margin-top: 2px;"&gt;NTU&lt;/span&gt;
            &lt;/td&gt;
        &lt;/tr&gt;

        &lt;tr style="background: #f0f0f0;"&gt;
            &lt;td style="padding: 10px; vertical-align: top;"&gt;
                &lt;div style="font-weight: bold; margin-bottom: 5px;"&gt;
                    Water Quality &lt;span style="font-size: 14px;"&gt;↘️ &lt;span style="color: #666; font-size: 11px;"&gt;-9%&lt;/span&gt;&lt;/span&gt;
                &lt;/div&gt;
                &lt;div style="background: #ddd; border-radius: 10px; height: 8px; overflow: hidden;"&gt;
                    &lt;div style="background: #2196f3; height: 100%; width: 8.1380866277917%; transition: width 0.3s;"&gt;&lt;/div&gt;
                &lt;/div&gt;
                &lt;div style="font-size: 10px; color: #999; margin-top: 3px;"&gt;7d avg: 8.90 index&lt;/div&gt;
            &lt;/td&gt;
            &lt;td style="padding: 10px; text-align: right; vertical-align: top;"&gt;
                &lt;span style="color: #2196f3; font-size: 18px; font-weight: bold;"&gt;8.14&lt;/span&gt;
                &lt;span style="color: #666; font-size: 12px; display: block; margin-top: 2px;"&gt;index&lt;/span&gt;
            &lt;/td&gt;
        &lt;/tr&gt;

    &lt;/table&gt;
&lt;/div&gt;
&lt;/div&gt;]]&gt;</description>
      <Point>
        <coordinates>101.56650601,2.97552788,0</coordinates>
      </Point>
    </Placemark>
    <Placemark>
      <name />
      <styleUrl>#boom_trap</styleUrl>
      <description>&lt;![CDATA[
&lt;div style="font-family: Arial, sans-serif; width: 350px; padding: 15px;"&gt;
    &lt;h2 style="color: #2c5364; margin: 0 0 15px 0; font-size: 20px; border-bottom: 2px solid #4fc3f7; padding-bottom: 10px;"&gt;
        BOOM_TRAP_016
    &lt;/h2&gt;
    &lt;table style="width: 100%; border-collapse: collapse; margin-bottom: 15px;"&gt;
        &lt;tr style="background: #f0f0f0;"&gt;
            &lt;td style="padding: 10px; font-weight: bold; width: 40%;"&gt;Type:&lt;/td&gt;
            &lt;td style="padding: 10px;"&gt;Boom Trap&lt;/td&gt;
        &lt;/tr&gt;
        &lt;tr&gt;
            &lt;td style="padding: 10px; font-weight: bold;"&gt;Location:&lt;/td&gt;
            &lt;td style="padding: 10px; font-size: 12px;"&gt;2.992214°N&lt;br&gt;101.582854°E&lt;/td&gt;
        &lt;/tr&gt;
    &lt;/table&gt;
    
&lt;div style="background: #f8f9fa; padding: 15px; border-radius: 8px; margin-top: 10px;"&gt;
    &lt;h3 style="color: #2c5364; margin: 0 0 15px 0; font-size: 16px;"&gt;📊 Active Sensors (8)&lt;/h3&gt;
    &lt;table style="width: 100%; border-collapse: collapse;"&gt;

        &lt;tr style="background: #ffffff;"&gt;
            &lt;td style="padding: 10px; vertical-align: top;"&gt;
                &lt;div style="font-weight: bold; margin-bottom: 5px;"&gt;
                    Conductivity &lt;span style="font-size: 14px;"&gt;↗️ &lt;span style="color: #666; font-size: 11px;"&gt;+33%&lt;/span&gt;&lt;/span&gt;
                &lt;/div&gt;
                &lt;div style="background: #ddd; border-radius: 10px; height: 8px; overflow: hidden;"&gt;
                    &lt;div style="background: #2196f3; height: 100%; width: 100%; transition: width 0.3s;"&gt;&lt;/div&gt;
                &lt;/div&gt;
                &lt;div style="font-size: 10px; color: #999; margin-top: 3px;"&gt;7d avg: 337.18 μS/cm&lt;/div&gt;
            &lt;/td&gt;
            &lt;td style="padding: 10px; text-align: right; vertical-align: top;"&gt;
                &lt;span style="color: #2196f3; font-size: 18px; font-weight: bold;"&gt;449.58&lt;/span&gt;
                &lt;span style="color: #666; font-size: 12px; display: block; margin-top: 2px;"&gt;μS/cm&lt;/span&gt;
            &lt;/td&gt;
        &lt;/tr&gt;

        &lt;tr style="background: #f0f0f0;"&gt;
            &lt;td style="padding: 10px; vertical-align: top;"&gt;
                &lt;div style="font-weight: bold; margin-bottom: 5px;"&gt;
                    Depth Gauge &lt;span style="font-size: 14px;"&gt;→ &lt;span style="color: #666; font-size: 11px;"&gt;stable&lt;/span&gt;&lt;/span&gt;
                &lt;/div&gt;
                &lt;div style="background: #ddd; border-radius: 10px; height: 8px; overflow: hidden;"&gt;
                    &lt;div style="background: #2196f3; height: 100%; width: 2.6232877185985757%; transition: width 0.3s;"&gt;&lt;/div&gt;
                &lt;/div&gt;
                &lt;div style="font-size: 10px; color: #999; margin-top: 3px;"&gt;7d avg: 2.62 m&lt;/div&gt;
            &lt;/td&gt;
            &lt;td style="padding: 10px; text-align: right; vertical-align: top;"&gt;
                &lt;span style="color: #2196f3; font-size: 18px; font-weight: bold;"&gt;2.62&lt;/span&gt;
                &lt;span style="color: #666; font-size: 12px; display: block; margin-top: 2px;"&gt;m&lt;/span&gt;
            &lt;/td&gt;
        &lt;/tr&gt;

        &lt;tr style="background: #ffffff;"&gt;
            &lt;td style="padding: 10px; vertical-align: top;"&gt;
                &lt;div style="font-weight: bold; margin-bottom: 5px;"&gt;
                    Dissolved Oxygen &lt;span style="font-size: 14px;"&gt;→ &lt;span style="color: #666; font-size: 11px;"&gt;stable&lt;/span&gt;&lt;/span&gt;
                &lt;/div&gt;
                &lt;div style="background: #ddd; border-radius: 10px; height: 8px; overflow: hidden;"&gt;
                    &lt;div style="background: #2196f3; height: 100%; width: 10.898123545193542%; transition: width 0.3s;"&gt;&lt;/div&gt;
                &lt;/div&gt;
                &lt;div style="font-size: 10px; color: #999; margin-top: 3px;"&gt;7d avg: 11.02 mg/L&lt;/div&gt;
            &lt;/td&gt;
            &lt;td style="padding: 10px; text-align: right; vertical-align: top;"&gt;
                &lt;span style="color: #2196f3; font-size: 18px; font-weight: bold;"&gt;10.90&lt;/span&gt;
                &lt;span style="color: #666; font-size: 12px; display: block; margin-top: 2px;"&gt;mg/L&lt;/span&gt;
            &lt;/td&gt;
        &lt;/tr&gt;

        &lt;tr style="background: #f0f0f0;"&gt;
            &lt;td style="padding: 10px; vertical-align: top;"&gt;
                &lt;div style="font-weight: bold; margin-bottom: 5px;"&gt;
                    Flow Meter &lt;span style="font-size: 14px;"&gt;↗️ &lt;span style="color: #666; font-size: 11px;"&gt;+6%&lt;/span&gt;&lt;/span&gt;
                &lt;/div&gt;
                &lt;div style="background: #ddd; border-radius: 10px; height: 8px; overflow: hidden;"&gt;
                    &lt;div style="background: #2196f3; height: 100%; width: 1.6546091166062336%; transition: width 0.3s;"&gt;&lt;/div&gt;
                &lt;/div&gt;
                &lt;div style="font-size: 10px; color: #999; margin-top: 3px;"&gt;7d avg: 1.57 m3/s&lt;/div&gt;
            &lt;/td&gt;
            &lt;td style="padding: 10px; text-align: right; vertical-align: top;"&gt;
                &lt;span style="color: #2196f3; font-size: 18px; font-weight: bold;"&gt;1.65&lt;/span&gt;
                &lt;span style="color: #666; font-size: 12px; display: block; margin-top: 2px;"&gt;m3/s&lt;/span&gt;
            &lt;/td&gt;
        &lt;/tr&gt;

        &lt;tr style="background: #ffffff;"&gt;
            &lt;td style="padding: 10px; vertical-align: top;"&gt;
                &lt;div style="font-weight: bold; margin-bottom: 5px;"&gt;
                    Ph Sensor &lt;span style="font-size: 14px;"&gt;→ &lt;span style="color: #666; font-size: 11px;"&gt;stable&lt;/span&gt;&lt;/span&gt;
                &lt;/div&gt;
                &lt;div style="background: #ddd; border-radius: 10px; height: 8px; overflow: hidden;"&gt;
                    &lt;div style="background: #2196f3; height: 100%; width: 10.93144617806361%; transition: width 0.3s;"&gt;&lt;/div&gt;
                &lt;/div&gt;
                &lt;div style="font-size: 10px; color: #999; margin-top: 3px;"&gt;7d avg: 10.64 pH&lt;/div&gt;
            &lt;/td&gt;
            &lt;td style="padding: 10px; text-align: right; vertical-align: top;"&gt;
                &lt;span style="color: #2196f3; font-size: 18px; font-weight: bold;"&gt;10.93&lt;/span&gt;
                &lt;span style="color: #666; font-size: 12px; display: block; margin-top: 2px;"&gt;pH&lt;/span&gt;
            &lt;/td&gt;
        &lt;/tr&gt;

        &lt;tr style="background: #f0f0f0;"&gt;
            &lt;td style="padding: 10px; vertical-align: top;"&gt;
                &lt;div style="font-weight: bold; margin-bottom: 5px;"&gt;
                    Temperature &lt;span style="font-size: 14px;"&gt;→ &lt;span style="color: #666; font-size: 11px;"&gt;stable&lt;/span&gt;&lt;/span&gt;
                &lt;/div&gt;
                &lt;div style="background: #ddd; border-radius: 10px; height: 8px; overflow: hidden;"&gt;
                    &lt;div style="background: #2196f3; height: 100%; width: 19.815357242448464%; transition: width 0.3s;"&gt;&lt;/div&gt;
                &lt;/div&gt;
                &lt;div style="font-size: 10px; color: #999; margin-top: 3px;"&gt;7d avg: 19.49 °C&lt;/div&gt;
            &lt;/td&gt;
            &lt;td style="padding: 10px; text-align: right; vertical-align: top;"&gt;
                &lt;span style="color: #2196f3; font-size: 18px; font-weight: bold;"&gt;19.82&lt;/span&gt;
                &lt;span style="color: #666; font-size: 12px; display: block; margin-top: 2px;"&gt;°C&lt;/span&gt;
            &lt;/td&gt;
        &lt;/tr&gt;

        &lt;tr style="background: #ffffff;"&gt;
            &lt;td style="padding: 10px; vertical-align: top;"&gt;
                &lt;div style="font-weight: bold; margin-bottom: 5px;"&gt;
                    Turbidity &lt;span style="font-size: 14px;"&gt;↗️ &lt;span style="color: #666; font-size: 11px;"&gt;+33%&lt;/span&gt;&lt;/span&gt;
                &lt;/div&gt;
                &lt;div style="background: #ddd; border-radius: 10px; height: 8px; overflow: hidden;"&gt;
                    &lt;div style="background: #2196f3; height: 100%; width: 98.78780259729109%; transition: width 0.3s;"&gt;&lt;/div&gt;
                &lt;/div&gt;
                &lt;div style="font-size: 10px; color: #999; margin-top: 3px;"&gt;7d avg: 74.09 NTU&lt;/div&gt;
            &lt;/td&gt;
            &lt;td style="padding: 10px; text-align: right; vertical-align: top;"&gt;
                &lt;span style="color: #2196f3; font-size: 18px; font-weight: bold;"&gt;98.79&lt;/span&gt;
                &lt;span style="color: #666; font-size: 12px; display: block; margin-top: 2px;"&gt;NTU&lt;/span&gt;
            &lt;/td&gt;
        &lt;/tr&gt;

        &lt;tr style="background: #f0f0f0;"&gt;
            &lt;td style="padding: 10px; vertical-align: top;"&gt;
                &lt;div style="font-weight: bold; margin-bottom: 5px;"&gt;
                    Water Quality &lt;span style="font-size: 14px;"&gt;→ &lt;span style="color: #666; font-size: 11px;"&gt;stable&lt;/span&gt;&lt;/span&gt;
                &lt;/div&gt;
                &lt;div style="background: #ddd; border-radius: 10px; height: 8px; overflow: hidden;"&gt;
                    &lt;div style="background: #2196f3; height: 100%; width: 8.021327390188695%; transition: width 0.3s;"&gt;&lt;/div&gt;
                &lt;/div&gt;
                &lt;div style="font-size: 10px; color: #999; margin-top: 3px;"&gt;7d avg: 8.28 index&lt;/div&gt;
            &lt;/td&gt;
            &lt;td style="padding: 10px; text-align: right; vertical-align: top;"&gt;
                &lt;span style="color: #2196f3; font-size: 18px; font-weight: bold;"&gt;8.02&lt;/span&gt;
                &lt;span style="color: #666; font-size: 12px; display: block; margin-top: 2px;"&gt;index&lt;/span&gt;
            &lt;/td&gt;
        &lt;/tr&gt;

    &lt;/table&gt;
&lt;/div&gt;
&lt;/div&gt;]]&gt;</description>
      <Point>
        <coordinates>101.58285383,2.99221409,0</coordinates>
      </Point>
    </Placemark>
    <Placemark>
      <name />
      <styleUrl>#boom_trap</styleUrl>
      <description>&lt;![CDATA[
&lt;div style="font-family: Arial, sans-serif; width: 350px; padding: 15px;"&gt;
    &lt;h2 style="color: #2c5364; margin: 0 0 15px 0; font-size: 20px; border-bottom: 2px solid #4fc3f7; padding-bottom: 10px;"&gt;
        BOOM_TRAP_017
    &lt;/h2&gt;
    &lt;table style="width: 100%; border-collapse: collapse; margin-bottom: 15px;"&gt;
        &lt;tr style="background: #f0f0f0;"&gt;
            &lt;td style="padding: 10px; font-weight: bold; width: 40%;"&gt;Type:&lt;/td&gt;
            &lt;td style="padding: 10px;"&gt;Boom Trap&lt;/td&gt;
        &lt;/tr&gt;
        &lt;tr&gt;
            &lt;td style="padding: 10px; font-weight: bold;"&gt;Location:&lt;/td&gt;
            &lt;td style="padding: 10px; font-size: 12px;"&gt;3.013488°N&lt;br&gt;101.594687°E&lt;/td&gt;
        &lt;/tr&gt;
    &lt;/table&gt;
    
&lt;div style="background: #f8f9fa; padding: 15px; border-radius: 8px; margin-top: 10px;"&gt;
    &lt;h3 style="color: #2c5364; margin: 0 0 15px 0; font-size: 16px;"&gt;📊 Active Sensors (8)&lt;/h3&gt;
    &lt;table style="width: 100%; border-collapse: collapse;"&gt;

        &lt;tr style="background: #ffffff;"&gt;
            &lt;td style="padding: 10px; vertical-align: top;"&gt;
                &lt;div style="font-weight: bold; margin-bottom: 5px;"&gt;
                    Conductivity &lt;span style="font-size: 14px;"&gt;↗️ &lt;span style="color: #666; font-size: 11px;"&gt;+33%&lt;/span&gt;&lt;/span&gt;
                &lt;/div&gt;
                &lt;div style="background: #ddd; border-radius: 10px; height: 8px; overflow: hidden;"&gt;
                    &lt;div style="background: #2196f3; height: 100%; width: 100%; transition: width 0.3s;"&gt;&lt;/div&gt;
                &lt;/div&gt;
                &lt;div style="font-size: 10px; color: #999; margin-top: 3px;"&gt;7d avg: 327.69 μS/cm&lt;/div&gt;
            &lt;/td&gt;
            &lt;td style="padding: 10px; text-align: right; vertical-align: top;"&gt;
                &lt;span style="color: #2196f3; font-size: 18px; font-weight: bold;"&gt;436.91&lt;/span&gt;
                &lt;span style="color: #666; font-size: 12px; display: block; margin-top: 2px;"&gt;μS/cm&lt;/span&gt;
            &lt;/td&gt;
        &lt;/tr&gt;

        &lt;tr style="background: #f0f0f0;"&gt;
            &lt;td style="padding: 10px; vertical-align: top;"&gt;
                &lt;div style="font-weight: bold; margin-bottom: 5px;"&gt;
                    Depth Gauge &lt;span style="font-size: 14px;"&gt;↘️ &lt;span style="color: #666; font-size: 11px;"&gt;-6%&lt;/span&gt;&lt;/span&gt;
                &lt;/div&gt;
                &lt;div style="background: #ddd; border-radius: 10px; height: 8px; overflow: hidden;"&gt;
                    &lt;div style="background: #2196f3; height: 100%; width: 4.0028257486633185%; transition: width 0.3s;"&gt;&lt;/div&gt;
                &lt;/div&gt;
                &lt;div style="font-size: 10px; color: #999; margin-top: 3px;"&gt;7d avg: 4.24 m&lt;/div&gt;
            &lt;/td&gt;
            &lt;td style="padding: 10px; text-align: right; vertical-align: top;"&gt;
                &lt;span style="color: #2196f3; font-size: 18px; font-weight: bold;"&gt;4.00&lt;/span&gt;
                &lt;span style="color: #666; font-size: 12px; display: block; margin-top: 2px;"&gt;m&lt;/span&gt;
            &lt;/td&gt;
        &lt;/tr&gt;

        &lt;tr style="background: #ffffff;"&gt;
            &lt;td style="padding: 10px; vertical-align: top;"&gt;
                &lt;div style="font-weight: bold; margin-bottom: 5px;"&gt;
                    Dissolved Oxygen &lt;span style="font-size: 14px;"&gt;↘️ &lt;span style="color: #666; font-size: 11px;"&gt;-6%&lt;/span&gt;&lt;/span&gt;
                &lt;/div&gt;
                &lt;div style="background: #ddd; border-radius: 10px; height: 8px; overflow: hidden;"&gt;
                    &lt;div style="background: #2196f3; height: 100%; width: 6.987691664648475%; transition: width 0.3s;"&gt;&lt;/div&gt;
                &lt;/div&gt;
                &lt;div style="font-size: 10px; color: #999; margin-top: 3px;"&gt;7d avg: 7.42 mg/L&lt;/div&gt;
            &lt;/td&gt;
            &lt;td style="padding: 10px; text-align: right; vertical-align: top;"&gt;
                &lt;span style="color: #2196f3; font-size: 18px; font-weight: bold;"&gt;6.99&lt;/span&gt;
                &lt;span style="color: #666; font-size: 12px; display: block; margin-top: 2px;"&gt;mg/L&lt;/span&gt;
            &lt;/td&gt;
        &lt;/tr&gt;

        &lt;tr style="background: #f0f0f0;"&gt;
            &lt;td style="padding: 10px; vertical-align: top;"&gt;
                &lt;div style="font-weight: bold; margin-bottom: 5px;"&gt;
                    Flow Meter &lt;span style="font-size: 14px;"&gt;↘️ &lt;span style="color: #666; font-size: 11px;"&gt;-10%&lt;/span&gt;&lt;/span&gt;
                &lt;/div&gt;
                &lt;div style="background: #ddd; border-radius: 10px; height: 8px; overflow: hidden;"&gt;
                    &lt;div style="background: #2196f3; height: 100%; width: 1.6331189818897842%; transition: width 0.3s;"&gt;&lt;/div&gt;
                &lt;/div&gt;
                &lt;div style="font-size: 10px; color: #999; margin-top: 3px;"&gt;7d avg: 1.82 m3/s&lt;/div&gt;
            &lt;/td&gt;
            &lt;td style="padding: 10px; text-align: right; vertical-align: top;"&gt;
                &lt;span style="color: #2196f3; font-size: 18px; font-weight: bold;"&gt;1.63&lt;/span&gt;
                &lt;span style="color: #666; font-size: 12px; display: block; margin-top: 2px;"&gt;m3/s&lt;/span&gt;
            &lt;/td&gt;
        &lt;/tr&gt;

        &lt;tr style="background: #ffffff;"&gt;
            &lt;td style="padding: 10px; vertical-align: top;"&gt;
                &lt;div style="font-weight: bold; margin-bottom: 5px;"&gt;
                    Ph Sensor &lt;span style="font-size: 14px;"&gt;→ &lt;span style="color: #666; font-size: 11px;"&gt;stable&lt;/span&gt;&lt;/span&gt;
                &lt;/div&gt;
                &lt;div style="background: #ddd; border-radius: 10px; height: 8px; overflow: hidden;"&gt;
                    &lt;div style="background: #2196f3; height: 100%; width: 8.71154146245199%; transition: width 0.3s;"&gt;&lt;/div&gt;
                &lt;/div&gt;
                &lt;div style="font-size: 10px; color: #999; margin-top: 3px;"&gt;7d avg: 8.81 pH&lt;/div&gt;
            &lt;/td&gt;
            &lt;td style="padding: 10px; text-align: right; vertical-align: top;"&gt;
                &lt;span style="color: #2196f3; font-size: 18px; font-weight: bold;"&gt;8.71&lt;/span&gt;
                &lt;span style="color: #666; font-size: 12px; display: block; margin-top: 2px;"&gt;pH&lt;/span&gt;
            &lt;/td&gt;
        &lt;/tr&gt;

        &lt;tr style="background: #f0f0f0;"&gt;
            &lt;td style="padding: 10px; vertical-align: top;"&gt;
                &lt;div style="font-weight: bold; margin-bottom: 5px;"&gt;
                    Temperature &lt;span style="font-size: 14px;"&gt;→ &lt;span style="color: #666; font-size: 11px;"&gt;stable&lt;/span&gt;&lt;/span&gt;
                &lt;/div&gt;
                &lt;div style="background: #ddd; border-radius: 10px; height: 8px; overflow: hidden;"&gt;
                    &lt;div style="background: #2196f3; height: 100%; width: 18.93249615969638%; transition: width 0.3s;"&gt;&lt;/div&gt;
                &lt;/div&gt;
                &lt;div style="font-size: 10px; color: #999; margin-top: 3px;"&gt;7d avg: 18.71 °C&lt;/div&gt;
            &lt;/td&gt;
            &lt;td style="padding: 10px; text-align: right; vertical-align: top;"&gt;
                &lt;span style="color: #2196f3; font-size: 18px; font-weight: bold;"&gt;18.93&lt;/span&gt;
                &lt;span style="color: #666; font-size: 12px; display: block; margin-top: 2px;"&gt;°C&lt;/span&gt;
            &lt;/td&gt;
        &lt;/tr&gt;

        &lt;tr style="background: #ffffff;"&gt;
            &lt;td style="padding: 10px; vertical-align: top;"&gt;
                &lt;div style="font-weight: bold; margin-bottom: 5px;"&gt;
                    Turbidity &lt;span style="font-size: 14px;"&gt;↗️ &lt;span style="color: #666; font-size: 11px;"&gt;+33%&lt;/span&gt;&lt;/span&gt;
                &lt;/div&gt;
                &lt;div style="background: #ddd; border-radius: 10px; height: 8px; overflow: hidden;"&gt;
                    &lt;div style="background: #2196f3; height: 100%; width: 43.791966949303486%; transition: width 0.3s;"&gt;&lt;/div&gt;
                &lt;/div&gt;
                &lt;div style="font-size: 10px; color: #999; margin-top: 3px;"&gt;7d avg: 32.84 NTU&lt;/div&gt;
            &lt;/td&gt;
            &lt;td style="padding: 10px; text-align: right; vertical-align: top;"&gt;
                &lt;span style="color: #2196f3; font-size: 18px; font-weight: bold;"&gt;43.79&lt;/span&gt;
                &lt;span style="color: #666; font-size: 12px; display: block; margin-top: 2px;"&gt;NTU&lt;/span&gt;
            &lt;/td&gt;
        &lt;/tr&gt;

        &lt;tr style="background: #f0f0f0;"&gt;
            &lt;td style="padding: 10px; vertical-align: top;"&gt;
                &lt;div style="font-weight: bold; margin-bottom: 5px;"&gt;
                    Water Quality &lt;span style="font-size: 14px;"&gt;→ &lt;span style="color: #666; font-size: 11px;"&gt;stable&lt;/span&gt;&lt;/span&gt;
                &lt;/div&gt;
                &lt;div style="background: #ddd; border-radius: 10px; height: 8px; overflow: hidden;"&gt;
                    &lt;div style="background: #2196f3; height: 100%; width: 4.161749970115619%; transition: width 0.3s;"&gt;&lt;/div&gt;
                &lt;/div&gt;
                &lt;div style="font-size: 10px; color: #999; margin-top: 3px;"&gt;7d avg: 4.33 index&lt;/div&gt;
            &lt;/td&gt;
            &lt;td style="padding: 10px; text-align: right; vertical-align: top;"&gt;
                &lt;span style="color: #2196f3; font-size: 18px; font-weight: bold;"&gt;4.16&lt;/span&gt;
                &lt;span style="color: #666; font-size: 12px; display: block; margin-top: 2px;"&gt;index&lt;/span&gt;
            &lt;/td&gt;
        &lt;/tr&gt;

    &lt;/table&gt;
&lt;/div&gt;
&lt;/div&gt;]]&gt;</description>
      <Point>
        <coordinates>101.59468717,3.01348822,0</coordinates>
      </Point>
    </Placemark>
    <Placemark>
      <name />
      <styleUrl>#boom_trap</styleUrl>
      <description>&lt;![CDATA[
&lt;div style="font-family: Arial, sans-serif; width: 350px; padding: 15px;"&gt;
    &lt;h2 style="color: #2c5364; margin: 0 0 15px 0; font-size: 20px; border-bottom: 2px solid #4fc3f7; padding-bottom: 10px;"&gt;
        BOOM_TRAP_018
    &lt;/h2&gt;
    &lt;table style="width: 100%; border-collapse: collapse; margin-bottom: 15px;"&gt;
        &lt;tr style="background: #f0f0f0;"&gt;
            &lt;td style="padding: 10px; font-weight: bold; width: 40%;"&gt;Type:&lt;/td&gt;
            &lt;td style="padding: 10px;"&gt;Boom Trap&lt;/td&gt;
        &lt;/tr&gt;
        &lt;tr&gt;
            &lt;td style="padding: 10px; font-weight: bold;"&gt;Location:&lt;/td&gt;
            &lt;td style="padding: 10px; font-size: 12px;"&gt;3.073039°N&lt;br&gt;101.623302°E&lt;/td&gt;
        &lt;/tr&gt;
    &lt;/table&gt;
    
&lt;div style="background: #f8f9fa; padding: 15px; border-radius: 8px; margin-top: 10px;"&gt;
    &lt;h3 style="color: #2c5364; margin: 0 0 15px 0; font-size: 16px;"&gt;📊 Active Sensors (8)&lt;/h3&gt;
    &lt;table style="width: 100%; border-collapse: collapse;"&gt;

        &lt;tr style="background: #ffffff;"&gt;
            &lt;td style="padding: 10px; vertical-align: top;"&gt;
                &lt;div style="font-weight: bold; margin-bottom: 5px;"&gt;
                    Conductivity &lt;span style="font-size: 14px;"&gt;↗️ &lt;span style="color: #666; font-size: 11px;"&gt;+33%&lt;/span&gt;&lt;/span&gt;
                &lt;/div&gt;
                &lt;div style="background: #ddd; border-radius: 10px; height: 8px; overflow: hidden;"&gt;
                    &lt;div style="background: #2196f3; height: 100%; width: 100%; transition: width 0.3s;"&gt;&lt;/div&gt;
                &lt;/div&gt;
                &lt;div style="font-size: 10px; color: #999; margin-top: 3px;"&gt;7d avg: 350.22 μS/cm&lt;/div&gt;
            &lt;/td&gt;
            &lt;td style="padding: 10px; text-align: right; vertical-align: top;"&gt;
                &lt;span style="color: #2196f3; font-size: 18px; font-weight: bold;"&gt;466.96&lt;/span&gt;
                &lt;span style="color: #666; font-size: 12px; display: block; margin-top: 2px;"&gt;μS/cm&lt;/span&gt;
            &lt;/td&gt;
        &lt;/tr&gt;

        &lt;tr style="background: #f0f0f0;"&gt;
            &lt;td style="padding: 10px; vertical-align: top;"&gt;
                &lt;div style="font-weight: bold; margin-bottom: 5px;"&gt;
                    Depth Gauge &lt;span style="font-size: 14px;"&gt;→ &lt;span style="color: #666; font-size: 11px;"&gt;stable&lt;/span&gt;&lt;/span&gt;
                &lt;/div&gt;
                &lt;div style="background: #ddd; border-radius: 10px; height: 8px; overflow: hidden;"&gt;
                    &lt;div style="background: #2196f3; height: 100%; width: 2.6954654924846615%; transition: width 0.3s;"&gt;&lt;/div&gt;
                &lt;/div&gt;
                &lt;div style="font-size: 10px; color: #999; margin-top: 3px;"&gt;7d avg: 2.71 m&lt;/div&gt;
            &lt;/td&gt;
            &lt;td style="padding: 10px; text-align: right; vertical-align: top;"&gt;
                &lt;span style="color: #2196f3; font-size: 18px; font-weight: bold;"&gt;2.70&lt;/span&gt;
                &lt;span style="color: #666; font-size: 12px; display: block; margin-top: 2px;"&gt;m&lt;/span&gt;
            &lt;/td&gt;
        &lt;/tr&gt;

        &lt;tr style="background: #ffffff;"&gt;
            &lt;td style="padding: 10px; vertical-align: top;"&gt;
                &lt;div style="font-weight: bold; margin-bottom: 5px;"&gt;
                    Dissolved Oxygen &lt;span style="font-size: 14px;"&gt;→ &lt;span style="color: #666; font-size: 11px;"&gt;stable&lt;/span&gt;&lt;/span&gt;
                &lt;/div&gt;
                &lt;div style="background: #ddd; border-radius: 10px; height: 8px; overflow: hidden;"&gt;
                    &lt;div style="background: #2196f3; height: 100%; width: 8.875083453776213%; transition: width 0.3s;"&gt;&lt;/div&gt;
                &lt;/div&gt;
                &lt;div style="font-size: 10px; color: #999; margin-top: 3px;"&gt;7d avg: 8.96 mg/L&lt;/div&gt;
            &lt;/td&gt;
            &lt;td style="padding: 10px; text-align: right; vertical-align: top;"&gt;
                &lt;span style="color: #2196f3; font-size: 18px; font-weight: bold;"&gt;8.88&lt;/span&gt;
                &lt;span style="color: #666; font-size: 12px; display: block; margin-top: 2px;"&gt;mg/L&lt;/span&gt;
            &lt;/td&gt;
        &lt;/tr&gt;

        &lt;tr style="background: #f0f0f0;"&gt;
            &lt;td style="padding: 10px; vertical-align: top;"&gt;
                &lt;div style="font-weight: bold; margin-bottom: 5px;"&gt;
                    Flow Meter &lt;span style="font-size: 14px;"&gt;↗️ &lt;span style="color: #666; font-size: 11px;"&gt;+6%&lt;/span&gt;&lt;/span&gt;
                &lt;/div&gt;
                &lt;div style="background: #ddd; border-radius: 10px; height: 8px; overflow: hidden;"&gt;
                    &lt;div style="background: #2196f3; height: 100%; width: 2.349568060768302%; transition: width 0.3s;"&gt;&lt;/div&gt;
                &lt;/div&gt;
                &lt;div style="font-size: 10px; color: #999; margin-top: 3px;"&gt;7d avg: 2.21 m3/s&lt;/div&gt;
            &lt;/td&gt;
            &lt;td style="padding: 10px; text-align: right; vertical-align: top;"&gt;
                &lt;span style="color: #2196f3; font-size: 18px; font-weight: bold;"&gt;2.35&lt;/span&gt;
                &lt;span style="color: #666; font-size: 12px; display: block; margin-top: 2px;"&gt;m3/s&lt;/span&gt;
            &lt;/td&gt;
        &lt;/tr&gt;

        &lt;tr style="background: #ffffff;"&gt;
            &lt;td style="padding: 10px; vertical-align: top;"&gt;
                &lt;div style="font-weight: bold; margin-bottom: 5px;"&gt;
                    Ph Sensor &lt;span style="font-size: 14px;"&gt;↘️ &lt;span style="color: #666; font-size: 11px;"&gt;-7%&lt;/span&gt;&lt;/span&gt;
                &lt;/div&gt;
                &lt;div style="background: #ddd; border-radius: 10px; height: 8px; overflow: hidden;"&gt;
                    &lt;div style="background: #2196f3; height: 100%; width: 6.3173449145256955%; transition: width 0.3s;"&gt;&lt;/div&gt;
                &lt;/div&gt;
                &lt;div style="font-size: 10px; color: #999; margin-top: 3px;"&gt;7d avg: 6.78 pH&lt;/div&gt;
            &lt;/td&gt;
            &lt;td style="padding: 10px; text-align: right; vertical-align: top;"&gt;
                &lt;span style="color: #2196f3; font-size: 18px; font-weight: bold;"&gt;6.32&lt;/span&gt;
                &lt;span style="color: #666; font-size: 12px; display: block; margin-top: 2px;"&gt;pH&lt;/span&gt;
            &lt;/td&gt;
        &lt;/tr&gt;

        &lt;tr style="background: #f0f0f0;"&gt;
            &lt;td style="padding: 10px; vertical-align: top;"&gt;
                &lt;div style="font-weight: bold; margin-bottom: 5px;"&gt;
                    Temperature &lt;span style="font-size: 14px;"&gt;↗️ &lt;span style="color: #666; font-size: 11px;"&gt;+10%&lt;/span&gt;&lt;/span&gt;
                &lt;/div&gt;
                &lt;div style="background: #ddd; border-radius: 10px; height: 8px; overflow: hidden;"&gt;
                    &lt;div style="background: #2196f3; height: 100%; width: 26.559276329450487%; transition: width 0.3s;"&gt;&lt;/div&gt;
                &lt;/div&gt;
                &lt;div style="font-size: 10px; color: #999; margin-top: 3px;"&gt;7d avg: 24.04 °C&lt;/div&gt;
            &lt;/td&gt;
            &lt;td style="padding: 10px; text-align: right; vertical-align: top;"&gt;
                &lt;span style="color: #2196f3; font-size: 18px; font-weight: bold;"&gt;26.56&lt;/span&gt;
                &lt;span style="color: #666; font-size: 12px; display: block; margin-top: 2px;"&gt;°C&lt;/span&gt;
            &lt;/td&gt;
        &lt;/tr&gt;

        &lt;tr style="background: #ffffff;"&gt;
            &lt;td style="padding: 10px; vertical-align: top;"&gt;
                &lt;div style="font-weight: bold; margin-bottom: 5px;"&gt;
                    Turbidity &lt;span style="font-size: 14px;"&gt;↗️ &lt;span style="color: #666; font-size: 11px;"&gt;+33%&lt;/span&gt;&lt;/span&gt;
                &lt;/div&gt;
                &lt;div style="background: #ddd; border-radius: 10px; height: 8px; overflow: hidden;"&gt;
                    &lt;div style="background: #2196f3; height: 100%; width: 100%; transition: width 0.3s;"&gt;&lt;/div&gt;
                &lt;/div&gt;
                &lt;div style="font-size: 10px; color: #999; margin-top: 3px;"&gt;7d avg: 83.93 NTU&lt;/div&gt;
            &lt;/td&gt;
            &lt;td style="padding: 10px; text-align: right; vertical-align: top;"&gt;
                &lt;span style="color: #2196f3; font-size: 18px; font-weight: bold;"&gt;111.91&lt;/span&gt;
                &lt;span style="color: #666; font-size: 12px; display: block; margin-top: 2px;"&gt;NTU&lt;/span&gt;
            &lt;/td&gt;
        &lt;/tr&gt;

        &lt;tr style="background: #f0f0f0;"&gt;
            &lt;td style="padding: 10px; vertical-align: top;"&gt;
                &lt;div style="font-weight: bold; margin-bottom: 5px;"&gt;
                    Water Quality &lt;span style="font-size: 14px;"&gt;↗️ &lt;span style="color: #666; font-size: 11px;"&gt;+6%&lt;/span&gt;&lt;/span&gt;
                &lt;/div&gt;
                &lt;div style="background: #ddd; border-radius: 10px; height: 8px; overflow: hidden;"&gt;
                    &lt;div style="background: #2196f3; height: 100%; width: 5.636033517730954%; transition: width 0.3s;"&gt;&lt;/div&gt;
                &lt;/div&gt;
                &lt;div style="font-size: 10px; color: #999; margin-top: 3px;"&gt;7d avg: 5.31 index&lt;/div&gt;
            &lt;/td&gt;
            &lt;td style="padding: 10px; text-align: right; vertical-align: top;"&gt;
                &lt;span style="color: #2196f3; font-size: 18px; font-weight: bold;"&gt;5.64&lt;/span&gt;
                &lt;span style="color: #666; font-size: 12px; display: block; margin-top: 2px;"&gt;index&lt;/span&gt;
            &lt;/td&gt;
        &lt;/tr&gt;

    &lt;/table&gt;
&lt;/div&gt;
&lt;/div&gt;]]&gt;</description>
      <Point>
        <coordinates>101.62330245,3.0730385,0</coordinates>
      </Point>
    </Placemark>
    <Placemark>
      <name />
      <styleUrl>#boom_trap</styleUrl>
      <description>&lt;![CDATA[
&lt;div style="font-family: Arial, sans-serif; width: 350px; padding: 15px;"&gt;
    &lt;h2 style="color: #2c5364; margin: 0 0 15px 0; font-size: 20px; border-bottom: 2px solid #4fc3f7; padding-bottom: 10px;"&gt;
        BOOM_TRAP_019
    &lt;/h2&gt;
    &lt;table style="width: 100%; border-collapse: collapse; margin-bottom: 15px;"&gt;
        &lt;tr style="background: #f0f0f0;"&gt;
            &lt;td style="padding: 10px; font-weight: bold; width: 40%;"&gt;Type:&lt;/td&gt;
            &lt;td style="padding: 10px;"&gt;Boom Trap&lt;/td&gt;
        &lt;/tr&gt;
        &lt;tr&gt;
            &lt;td style="padding: 10px; font-weight: bold;"&gt;Location:&lt;/td&gt;
            &lt;td style="padding: 10px; font-size: 12px;"&gt;3.070248°N&lt;br&gt;101.640586°E&lt;/td&gt;
        &lt;/tr&gt;
    &lt;/table&gt;
    
&lt;div style="background: #f8f9fa; padding: 15px; border-radius: 8px; margin-top: 10px;"&gt;
    &lt;h3 style="color: #2c5364; margin: 0 0 15px 0; font-size: 16px;"&gt;📊 Active Sensors (8)&lt;/h3&gt;
    &lt;table style="width: 100%; border-collapse: collapse;"&gt;

        &lt;tr style="background: #ffffff;"&gt;
            &lt;td style="padding: 10px; vertical-align: top;"&gt;
                &lt;div style="font-weight: bold; margin-bottom: 5px;"&gt;
                    Conductivity &lt;span style="font-size: 14px;"&gt;↗️ &lt;span style="color: #666; font-size: 11px;"&gt;+33%&lt;/span&gt;&lt;/span&gt;
                &lt;/div&gt;
                &lt;div style="background: #ddd; border-radius: 10px; height: 8px; overflow: hidden;"&gt;
                    &lt;div style="background: #2196f3; height: 100%; width: 100%; transition: width 0.3s;"&gt;&lt;/div&gt;
                &lt;/div&gt;
                &lt;div style="font-size: 10px; color: #999; margin-top: 3px;"&gt;7d avg: 728.17 μS/cm&lt;/div&gt;
            &lt;/td&gt;
            &lt;td style="padding: 10px; text-align: right; vertical-align: top;"&gt;
                &lt;span style="color: #2196f3; font-size: 18px; font-weight: bold;"&gt;970.89&lt;/span&gt;
                &lt;span style="color: #666; font-size: 12px; display: block; margin-top: 2px;"&gt;μS/cm&lt;/span&gt;
            &lt;/td&gt;
        &lt;/tr&gt;

        &lt;tr style="background: #f0f0f0;"&gt;
            &lt;td style="padding: 10px; vertical-align: top;"&gt;
                &lt;div style="font-weight: bold; margin-bottom: 5px;"&gt;
                    Depth Gauge &lt;span style="font-size: 14px;"&gt;→ &lt;span style="color: #666; font-size: 11px;"&gt;stable&lt;/span&gt;&lt;/span&gt;
                &lt;/div&gt;
                &lt;div style="background: #ddd; border-radius: 10px; height: 8px; overflow: hidden;"&gt;
                    &lt;div style="background: #2196f3; height: 100%; width: 2.434006421292331%; transition: width 0.3s;"&gt;&lt;/div&gt;
                &lt;/div&gt;
                &lt;div style="font-size: 10px; color: #999; margin-top: 3px;"&gt;7d avg: 2.35 m&lt;/div&gt;
            &lt;/td&gt;
            &lt;td style="padding: 10px; text-align: right; vertical-align: top;"&gt;
                &lt;span style="color: #2196f3; font-size: 18px; font-weight: bold;"&gt;2.43&lt;/span&gt;
                &lt;span style="color: #666; font-size: 12px; display: block; margin-top: 2px;"&gt;m&lt;/span&gt;
            &lt;/td&gt;
        &lt;/tr&gt;

        &lt;tr style="background: #ffffff;"&gt;
            &lt;td style="padding: 10px; vertical-align: top;"&gt;
                &lt;div style="font-weight: bold; margin-bottom: 5px;"&gt;
                    Dissolved Oxygen &lt;span style="font-size: 14px;"&gt;→ &lt;span style="color: #666; font-size: 11px;"&gt;stable&lt;/span&gt;&lt;/span&gt;
                &lt;/div&gt;
                &lt;div style="background: #ddd; border-radius: 10px; height: 8px; overflow: hidden;"&gt;
                    &lt;div style="background: #2196f3; height: 100%; width: 5.392169693866203%; transition: width 0.3s;"&gt;&lt;/div&gt;
                &lt;/div&gt;
                &lt;div style="font-size: 10px; color: #999; margin-top: 3px;"&gt;7d avg: 5.21 mg/L&lt;/div&gt;
            &lt;/td&gt;
            &lt;td style="padding: 10px; text-align: right; vertical-align: top;"&gt;
                &lt;span style="color: #2196f3; font-size: 18px; font-weight: bold;"&gt;5.39&lt;/span&gt;
                &lt;span style="color: #666; font-size: 12px; display: block; margin-top: 2px;"&gt;mg/L&lt;/span&gt;
            &lt;/td&gt;
        &lt;/tr&gt;

        &lt;tr style="background: #f0f0f0;"&gt;
            &lt;td style="padding: 10px; vertical-align: top;"&gt;
                &lt;div style="font-weight: bold; margin-bottom: 5px;"&gt;
                    Flow Meter &lt;span style="font-size: 14px;"&gt;↘️ &lt;span style="color: #666; font-size: 11px;"&gt;-6%&lt;/span&gt;&lt;/span&gt;
                &lt;/div&gt;
                &lt;div style="background: #ddd; border-radius: 10px; height: 8px; overflow: hidden;"&gt;
                    &lt;div style="background: #2196f3; height: 100%; width: 2.6118667588071105%; transition: width 0.3s;"&gt;&lt;/div&gt;
                &lt;/div&gt;
                &lt;div style="font-size: 10px; color: #999; margin-top: 3px;"&gt;7d avg: 2.78 m3/s&lt;/div&gt;
            &lt;/td&gt;
            &lt;td style="padding: 10px; text-align: right; vertical-align: top;"&gt;
                &lt;span style="color: #2196f3; font-size: 18px; font-weight: bold;"&gt;2.61&lt;/span&gt;
                &lt;span style="color: #666; font-size: 12px; display: block; margin-top: 2px;"&gt;m3/s&lt;/span&gt;
            &lt;/td&gt;
        &lt;/tr&gt;

        &lt;tr style="background: #ffffff;"&gt;
            &lt;td style="padding: 10px; vertical-align: top;"&gt;
                &lt;div style="font-weight: bold; margin-bottom: 5px;"&gt;
                    Ph Sensor &lt;span style="font-size: 14px;"&gt;→ &lt;span style="color: #666; font-size: 11px;"&gt;stable&lt;/span&gt;&lt;/span&gt;
                &lt;/div&gt;
                &lt;div style="background: #ddd; border-radius: 10px; height: 8px; overflow: hidden;"&gt;
                    &lt;div style="background: #2196f3; height: 100%; width: 11.45788505281254%; transition: width 0.3s;"&gt;&lt;/div&gt;
                &lt;/div&gt;
                &lt;div style="font-size: 10px; color: #999; margin-top: 3px;"&gt;7d avg: 11.04 pH&lt;/div&gt;
            &lt;/td&gt;
            &lt;td style="padding: 10px; text-align: right; vertical-align: top;"&gt;
                &lt;span style="color: #2196f3; font-size: 18px; font-weight: bold;"&gt;11.46&lt;/span&gt;
                &lt;span style="color: #666; font-size: 12px; display: block; margin-top: 2px;"&gt;pH&lt;/span&gt;
            &lt;/td&gt;
        &lt;/tr&gt;

        &lt;tr style="background: #f0f0f0;"&gt;
            &lt;td style="padding: 10px; vertical-align: top;"&gt;
                &lt;div style="font-weight: bold; margin-bottom: 5px;"&gt;
                    Temperature &lt;span style="font-size: 14px;"&gt;→ &lt;span style="color: #666; font-size: 11px;"&gt;stable&lt;/span&gt;&lt;/span&gt;
                &lt;/div&gt;
                &lt;div style="background: #ddd; border-radius: 10px; height: 8px; overflow: hidden;"&gt;
                    &lt;div style="background: #2196f3; height: 100%; width: 22.00502047493774%; transition: width 0.3s;"&gt;&lt;/div&gt;
                &lt;/div&gt;
                &lt;div style="font-size: 10px; color: #999; margin-top: 3px;"&gt;7d avg: 22.68 °C&lt;/div&gt;
            &lt;/td&gt;
            &lt;td style="padding: 10px; text-align: right; vertical-align: top;"&gt;
                &lt;span style="color: #2196f3; font-size: 18px; font-weight: bold;"&gt;22.01&lt;/span&gt;
                &lt;span style="color: #666; font-size: 12px; display: block; margin-top: 2px;"&gt;°C&lt;/span&gt;
            &lt;/td&gt;
        &lt;/tr&gt;

        &lt;tr style="background: #ffffff;"&gt;
            &lt;td style="padding: 10px; vertical-align: top;"&gt;
                &lt;div style="font-weight: bold; margin-bottom: 5px;"&gt;
                    Turbidity &lt;span style="font-size: 14px;"&gt;↗️ &lt;span style="color: #666; font-size: 11px;"&gt;+33%&lt;/span&gt;&lt;/span&gt;
                &lt;/div&gt;
                &lt;div style="background: #ddd; border-radius: 10px; height: 8px; overflow: hidden;"&gt;
                    &lt;div style="background: #2196f3; height: 100%; width: 100%; transition: width 0.3s;"&gt;&lt;/div&gt;
                &lt;/div&gt;
                &lt;div style="font-size: 10px; color: #999; margin-top: 3px;"&gt;7d avg: 84.47 NTU&lt;/div&gt;
            &lt;/td&gt;
            &lt;td style="padding: 10px; text-align: right; vertical-align: top;"&gt;
                &lt;span style="color: #2196f3; font-size: 18px; font-weight: bold;"&gt;112.63&lt;/span&gt;
                &lt;span style="color: #666; font-size: 12px; display: block; margin-top: 2px;"&gt;NTU&lt;/span&gt;
            &lt;/td&gt;
        &lt;/tr&gt;

        &lt;tr style="background: #f0f0f0;"&gt;
            &lt;td style="padding: 10px; vertical-align: top;"&gt;
                &lt;div style="font-weight: bold; margin-bottom: 5px;"&gt;
                    Water Quality &lt;span style="font-size: 14px;"&gt;↗️ &lt;span style="color: #666; font-size: 11px;"&gt;+5%&lt;/span&gt;&lt;/span&gt;
                &lt;/div&gt;
                &lt;div style="background: #ddd; border-radius: 10px; height: 8px; overflow: hidden;"&gt;
                    &lt;div style="background: #2196f3; height: 100%; width: 10.983767163734782%; transition: width 0.3s;"&gt;&lt;/div&gt;
                &lt;/div&gt;
                &lt;div style="font-size: 10px; color: #999; margin-top: 3px;"&gt;7d avg: 10.46 index&lt;/div&gt;
            &lt;/td&gt;
            &lt;td style="padding: 10px; text-align: right; vertical-align: top;"&gt;
                &lt;span style="color: #2196f3; font-size: 18px; font-weight: bold;"&gt;10.98&lt;/span&gt;
                &lt;span style="color: #666; font-size: 12px; display: block; margin-top: 2px;"&gt;index&lt;/span&gt;
            &lt;/td&gt;
        &lt;/tr&gt;

    &lt;/table&gt;
&lt;/div&gt;
&lt;/div&gt;]]&gt;</description>
      <Point>
        <coordinates>101.64058557,3.07024778,0</coordinates>
      </Point>
    </Placemark>
    <Placemark>
      <name />
      <styleUrl>#boom_trap</styleUrl>
      <description>&lt;![CDATA[
&lt;div style="font-family: Arial, sans-serif; width: 350px; padding: 15px;"&gt;
    &lt;h2 style="color: #2c5364; margin: 0 0 15px 0; font-size: 20px; border-bottom: 2px solid #4fc3f7; padding-bottom: 10px;"&gt;
        BOOM_TRAP_020
    &lt;/h2&gt;
    &lt;table style="width: 100%; border-collapse: collapse; margin-bottom: 15px;"&gt;
        &lt;tr style="background: #f0f0f0;"&gt;
            &lt;td style="padding: 10px; font-weight: bold; width: 40%;"&gt;Type:&lt;/td&gt;
            &lt;td style="padding: 10px;"&gt;Boom Trap&lt;/td&gt;
        &lt;/tr&gt;
        &lt;tr&gt;
            &lt;td style="padding: 10px; font-weight: bold;"&gt;Location:&lt;/td&gt;
            &lt;td style="padding: 10px; font-size: 12px;"&gt;3.077219°N&lt;br&gt;101.662082°E&lt;/td&gt;
        &lt;/tr&gt;
    &lt;/table&gt;
    
&lt;div style="background: #f8f9fa; padding: 15px; border-radius: 8px; margin-top: 10px;"&gt;
    &lt;h3 style="color: #2c5364; margin: 0 0 15px 0; font-size: 16px;"&gt;📊 Active Sensors (8)&lt;/h3&gt;
    &lt;table style="width: 100%; border-collapse: collapse;"&gt;

        &lt;tr style="background: #ffffff;"&gt;
            &lt;td style="padding: 10px; vertical-align: top;"&gt;
                &lt;div style="font-weight: bold; margin-bottom: 5px;"&gt;
                    Conductivity &lt;span style="font-size: 14px;"&gt;↗️ &lt;span style="color: #666; font-size: 11px;"&gt;+33%&lt;/span&gt;&lt;/span&gt;
                &lt;/div&gt;
                &lt;div style="background: #ddd; border-radius: 10px; height: 8px; overflow: hidden;"&gt;
                    &lt;div style="background: #2196f3; height: 100%; width: 100%; transition: width 0.3s;"&gt;&lt;/div&gt;
                &lt;/div&gt;
                &lt;div style="font-size: 10px; color: #999; margin-top: 3px;"&gt;7d avg: 713.22 μS/cm&lt;/div&gt;
            &lt;/td&gt;
            &lt;td style="padding: 10px; text-align: right; vertical-align: top;"&gt;
                &lt;span style="color: #2196f3; font-size: 18px; font-weight: bold;"&gt;950.97&lt;/span&gt;
                &lt;span style="color: #666; font-size: 12px; display: block; margin-top: 2px;"&gt;μS/cm&lt;/span&gt;
            &lt;/td&gt;
        &lt;/tr&gt;

        &lt;tr style="background: #f0f0f0;"&gt;
            &lt;td style="padding: 10px; vertical-align: top;"&gt;
                &lt;div style="font-weight: bold; margin-bottom: 5px;"&gt;
                    Depth Gauge &lt;span style="font-size: 14px;"&gt;↘️ &lt;span style="color: #666; font-size: 11px;"&gt;-10%&lt;/span&gt;&lt;/span&gt;
                &lt;/div&gt;
                &lt;div style="background: #ddd; border-radius: 10px; height: 8px; overflow: hidden;"&gt;
                    &lt;div style="background: #2196f3; height: 100%; width: 2.9405966267261694%; transition: width 0.3s;"&gt;&lt;/div&gt;
                &lt;/div&gt;
                &lt;div style="font-size: 10px; color: #999; margin-top: 3px;"&gt;7d avg: 3.28 m&lt;/div&gt;
            &lt;/td&gt;
            &lt;td style="padding: 10px; text-align: right; vertical-align: top;"&gt;
                &lt;span style="color: #2196f3; font-size: 18px; font-weight: bold;"&gt;2.94&lt;/span&gt;
                &lt;span style="color: #666; font-size: 12px; display: block; margin-top: 2px;"&gt;m&lt;/span&gt;
            &lt;/td&gt;
        &lt;/tr&gt;

        &lt;tr style="background: #ffffff;"&gt;
            &lt;td style="padding: 10px; vertical-align: top;"&gt;
                &lt;div style="font-weight: bold; margin-bottom: 5px;"&gt;
                    Dissolved Oxygen &lt;span style="font-size: 14px;"&gt;→ &lt;span style="color: #666; font-size: 11px;"&gt;stable&lt;/span&gt;&lt;/span&gt;
                &lt;/div&gt;
                &lt;div style="background: #ddd; border-radius: 10px; height: 8px; overflow: hidden;"&gt;
                    &lt;div style="background: #2196f3; height: 100%; width: 8.266289836999658%; transition: width 0.3s;"&gt;&lt;/div&gt;
                &lt;/div&gt;
                &lt;div style="font-size: 10px; color: #999; margin-top: 3px;"&gt;7d avg: 8.38 mg/L&lt;/div&gt;
            &lt;/td&gt;
            &lt;td style="padding: 10px; text-align: right; vertical-align: top;"&gt;
                &lt;span style="color: #2196f3; font-size: 18px; font-weight: bold;"&gt;8.27&lt;/span&gt;
                &lt;span style="color: #666; font-size: 12px; display: block; margin-top: 2px;"&gt;mg/L&lt;/span&gt;
            &lt;/td&gt;
        &lt;/tr&gt;

        &lt;tr style="background: #f0f0f0;"&gt;
            &lt;td style="padding: 10px; vertical-align: top;"&gt;
                &lt;div style="font-weight: bold; margin-bottom: 5px;"&gt;
                    Flow Meter &lt;span style="font-size: 14px;"&gt;→ &lt;span style="color: #666; font-size: 11px;"&gt;stable&lt;/span&gt;&lt;/span&gt;
                &lt;/div&gt;
                &lt;div style="background: #ddd; border-radius: 10px; height: 8px; overflow: hidden;"&gt;
                    &lt;div style="background: #2196f3; height: 100%; width: 2.7466979637723576%; transition: width 0.3s;"&gt;&lt;/div&gt;
                &lt;/div&gt;
                &lt;div style="font-size: 10px; color: #999; margin-top: 3px;"&gt;7d avg: 2.76 m3/s&lt;/div&gt;
            &lt;/td&gt;
            &lt;td style="padding: 10px; text-align: right; vertical-align: top;"&gt;
                &lt;span style="color: #2196f3; font-size: 18px; font-weight: bold;"&gt;2.75&lt;/span&gt;
                &lt;span style="color: #666; font-size: 12px; display: block; margin-top: 2px;"&gt;m3/s&lt;/span&gt;
            &lt;/td&gt;
        &lt;/tr&gt;

        &lt;tr style="background: #ffffff;"&gt;
            &lt;td style="padding: 10px; vertical-align: top;"&gt;
                &lt;div style="font-weight: bold; margin-bottom: 5px;"&gt;
                    Ph Sensor &lt;span style="font-size: 14px;"&gt;↗️ &lt;span style="color: #666; font-size: 11px;"&gt;+8%&lt;/span&gt;&lt;/span&gt;
                &lt;/div&gt;
                &lt;div style="background: #ddd; border-radius: 10px; height: 8px; overflow: hidden;"&gt;
                    &lt;div style="background: #2196f3; height: 100%; width: 9.352683453014151%; transition: width 0.3s;"&gt;&lt;/div&gt;
                &lt;/div&gt;
                &lt;div style="font-size: 10px; color: #999; margin-top: 3px;"&gt;7d avg: 8.70 pH&lt;/div&gt;
            &lt;/td&gt;
            &lt;td style="padding: 10px; text-align: right; vertical-align: top;"&gt;
                &lt;span style="color: #2196f3; font-size: 18px; font-weight: bold;"&gt;9.35&lt;/span&gt;
                &lt;span style="color: #666; font-size: 12px; display: block; margin-top: 2px;"&gt;pH&lt;/span&gt;
            &lt;/td&gt;
        &lt;/tr&gt;

        &lt;tr style="background: #f0f0f0;"&gt;
            &lt;td style="padding: 10px; vertical-align: top;"&gt;
                &lt;div style="font-weight: bold; margin-bottom: 5px;"&gt;
                    Temperature &lt;span style="font-size: 14px;"&gt;→ &lt;span style="color: #666; font-size: 11px;"&gt;stable&lt;/span&gt;&lt;/span&gt;
                &lt;/div&gt;
                &lt;div style="background: #ddd; border-radius: 10px; height: 8px; overflow: hidden;"&gt;
                    &lt;div style="background: #2196f3; height: 100%; width: 31.39972905843045%; transition: width 0.3s;"&gt;&lt;/div&gt;
                &lt;/div&gt;
                &lt;div style="font-size: 10px; color: #999; margin-top: 3px;"&gt;7d avg: 32.15 °C&lt;/div&gt;
            &lt;/td&gt;
            &lt;td style="padding: 10px; text-align: right; vertical-align: top;"&gt;
                &lt;span style="color: #2196f3; font-size: 18px; font-weight: bold;"&gt;31.40&lt;/span&gt;
                &lt;span style="color: #666; font-size: 12px; display: block; margin-top: 2px;"&gt;°C&lt;/span&gt;
            &lt;/td&gt;
        &lt;/tr&gt;

        &lt;tr style="background: #ffffff;"&gt;
            &lt;td style="padding: 10px; vertical-align: top;"&gt;
                &lt;div style="font-weight: bold; margin-bottom: 5px;"&gt;
                    Turbidity &lt;span style="font-size: 14px;"&gt;↗️ &lt;span style="color: #666; font-size: 11px;"&gt;+33%&lt;/span&gt;&lt;/span&gt;
                &lt;/div&gt;
                &lt;div style="background: #ddd; border-radius: 10px; height: 8px; overflow: hidden;"&gt;
                    &lt;div style="background: #2196f3; height: 100%; width: 100%; transition: width 0.3s;"&gt;&lt;/div&gt;
                &lt;/div&gt;
                &lt;div style="font-size: 10px; color: #999; margin-top: 3px;"&gt;7d avg: 89.60 NTU&lt;/div&gt;
            &lt;/td&gt;
            &lt;td style="padding: 10px; text-align: right; vertical-align: top;"&gt;
                &lt;span style="color: #2196f3; font-size: 18px; font-weight: bold;"&gt;119.47&lt;/span&gt;
                &lt;span style="color: #666; font-size: 12px; display: block; margin-top: 2px;"&gt;NTU&lt;/span&gt;
            &lt;/td&gt;
        &lt;/tr&gt;

        &lt;tr style="background: #f0f0f0;"&gt;
            &lt;td style="padding: 10px; vertical-align: top;"&gt;
                &lt;div style="font-weight: bold; margin-bottom: 5px;"&gt;
                    Water Quality &lt;span style="font-size: 14px;"&gt;→ &lt;span style="color: #666; font-size: 11px;"&gt;stable&lt;/span&gt;&lt;/span&gt;
                &lt;/div&gt;
                &lt;div style="background: #ddd; border-radius: 10px; height: 8px; overflow: hidden;"&gt;
                    &lt;div style="background: #2196f3; height: 100%; width: 5.715459031618077%; transition: width 0.3s;"&gt;&lt;/div&gt;
                &lt;/div&gt;
                &lt;div style="font-size: 10px; color: #999; margin-top: 3px;"&gt;7d avg: 5.50 index&lt;/div&gt;
            &lt;/td&gt;
            &lt;td style="padding: 10px; text-align: right; vertical-align: top;"&gt;
                &lt;span style="color: #2196f3; font-size: 18px; font-weight: bold;"&gt;5.72&lt;/span&gt;
                &lt;span style="color: #666; font-size: 12px; display: block; margin-top: 2px;"&gt;index&lt;/span&gt;
            &lt;/td&gt;
        &lt;/tr&gt;

    &lt;/table&gt;
&lt;/div&gt;
&lt;/div&gt;]]&gt;</description>
      <Point>
        <coordinates>101.66208219,3.07721938,0</coordinates>
      </Point>
    </Placemark>
    <Placemark>
      <name />
      <styleUrl>#boom_trap</styleUrl>
      <description>&lt;![CDATA[
&lt;div style="font-family: Arial, sans-serif; width: 350px; padding: 15px;"&gt;
    &lt;h2 style="color: #2c5364; margin: 0 0 15px 0; font-size: 20px; border-bottom: 2px solid #4fc3f7; padding-bottom: 10px;"&gt;
        BOOM_TRAP_021
    &lt;/h2&gt;
    &lt;table style="width: 100%; border-collapse: collapse; margin-bottom: 15px;"&gt;
        &lt;tr style="background: #f0f0f0;"&gt;
            &lt;td style="padding: 10px; font-weight: bold; width: 40%;"&gt;Type:&lt;/td&gt;
            &lt;td style="padding: 10px;"&gt;Boom Trap&lt;/td&gt;
        &lt;/tr&gt;
        &lt;tr&gt;
            &lt;td style="padding: 10px; font-weight: bold;"&gt;Location:&lt;/td&gt;
            &lt;td style="padding: 10px; font-size: 12px;"&gt;3.090871°N&lt;br&gt;101.672649°E&lt;/td&gt;
        &lt;/tr&gt;
    &lt;/table&gt;
    
&lt;div style="background: #f8f9fa; padding: 15px; border-radius: 8px; margin-top: 10px;"&gt;
    &lt;h3 style="color: #2c5364; margin: 0 0 15px 0; font-size: 16px;"&gt;📊 Active Sensors (8)&lt;/h3&gt;
    &lt;table style="width: 100%; border-collapse: collapse;"&gt;

        &lt;tr style="background: #ffffff;"&gt;
            &lt;td style="padding: 10px; vertical-align: top;"&gt;
                &lt;div style="font-weight: bold; margin-bottom: 5px;"&gt;
                    Conductivity &lt;span style="font-size: 14px;"&gt;↗️ &lt;span style="color: #666; font-size: 11px;"&gt;+33%&lt;/span&gt;&lt;/span&gt;
                &lt;/div&gt;
                &lt;div style="background: #ddd; border-radius: 10px; height: 8px; overflow: hidden;"&gt;
                    &lt;div style="background: #2196f3; height: 100%; width: 100%; transition: width 0.3s;"&gt;&lt;/div&gt;
                &lt;/div&gt;
                &lt;div style="font-size: 10px; color: #999; margin-top: 3px;"&gt;7d avg: 348.35 μS/cm&lt;/div&gt;
            &lt;/td&gt;
            &lt;td style="padding: 10px; text-align: right; vertical-align: top;"&gt;
                &lt;span style="color: #2196f3; font-size: 18px; font-weight: bold;"&gt;464.47&lt;/span&gt;
                &lt;span style="color: #666; font-size: 12px; display: block; margin-top: 2px;"&gt;μS/cm&lt;/span&gt;
            &lt;/td&gt;
        &lt;/tr&gt;

        &lt;tr style="background: #f0f0f0;"&gt;
            &lt;td style="padding: 10px; vertical-align: top;"&gt;
                &lt;div style="font-weight: bold; margin-bottom: 5px;"&gt;
                    Depth Gauge &lt;span style="font-size: 14px;"&gt;→ &lt;span style="color: #666; font-size: 11px;"&gt;stable&lt;/span&gt;&lt;/span&gt;
                &lt;/div&gt;
                &lt;div style="background: #ddd; border-radius: 10px; height: 8px; overflow: hidden;"&gt;
                    &lt;div style="background: #2196f3; height: 100%; width: 5.649993792618357%; transition: width 0.3s;"&gt;&lt;/div&gt;
                &lt;/div&gt;
                &lt;div style="font-size: 10px; color: #999; margin-top: 3px;"&gt;7d avg: 5.80 m&lt;/div&gt;
            &lt;/td&gt;
            &lt;td style="padding: 10px; text-align: right; vertical-align: top;"&gt;
                &lt;span style="color: #2196f3; font-size: 18px; font-weight: bold;"&gt;5.65&lt;/span&gt;
                &lt;span style="color: #666; font-size: 12px; display: block; margin-top: 2px;"&gt;m&lt;/span&gt;
            &lt;/td&gt;
        &lt;/tr&gt;

        &lt;tr style="background: #ffffff;"&gt;
            &lt;td style="padding: 10px; vertical-align: top;"&gt;
                &lt;div style="font-weight: bold; margin-bottom: 5px;"&gt;
                    Dissolved Oxygen &lt;span style="font-size: 14px;"&gt;↘️ &lt;span style="color: #666; font-size: 11px;"&gt;-6%&lt;/span&gt;&lt;/span&gt;
                &lt;/div&gt;
                &lt;div style="background: #ddd; border-radius: 10px; height: 8px; overflow: hidden;"&gt;
                    &lt;div style="background: #2196f3; height: 100%; width: 5.989577627529116%; transition: width 0.3s;"&gt;&lt;/div&gt;
                &lt;/div&gt;
                &lt;div style="font-size: 10px; color: #999; margin-top: 3px;"&gt;7d avg: 6.36 mg/L&lt;/div&gt;
            &lt;/td&gt;
            &lt;td style="padding: 10px; text-align: right; vertical-align: top;"&gt;
                &lt;span style="color: #2196f3; font-size: 18px; font-weight: bold;"&gt;5.99&lt;/span&gt;
                &lt;span style="color: #666; font-size: 12px; display: block; margin-top: 2px;"&gt;mg/L&lt;/span&gt;
            &lt;/td&gt;
        &lt;/tr&gt;

        &lt;tr style="background: #f0f0f0;"&gt;
            &lt;td style="padding: 10px; vertical-align: top;"&gt;
                &lt;div style="font-weight: bold; margin-bottom: 5px;"&gt;
                    Flow Meter &lt;span style="font-size: 14px;"&gt;↗️ &lt;span style="color: #666; font-size: 11px;"&gt;+5%&lt;/span&gt;&lt;/span&gt;
                &lt;/div&gt;
                &lt;div style="background: #ddd; border-radius: 10px; height: 8px; overflow: hidden;"&gt;
                    &lt;div style="background: #2196f3; height: 100%; width: 2.204248095922949%; transition: width 0.3s;"&gt;&lt;/div&gt;
                &lt;/div&gt;
                &lt;div style="font-size: 10px; color: #999; margin-top: 3px;"&gt;7d avg: 2.09 m3/s&lt;/div&gt;
            &lt;/td&gt;
            &lt;td style="padding: 10px; text-align: right; vertical-align: top;"&gt;
                &lt;span style="color: #2196f3; font-size: 18px; font-weight: bold;"&gt;2.20&lt;/span&gt;
                &lt;span style="color: #666; font-size: 12px; display: block; margin-top: 2px;"&gt;m3/s&lt;/span&gt;
            &lt;/td&gt;
        &lt;/tr&gt;

        &lt;tr style="background: #ffffff;"&gt;
            &lt;td style="padding: 10px; vertical-align: top;"&gt;
                &lt;div style="font-weight: bold; margin-bottom: 5px;"&gt;
                    Ph Sensor &lt;span style="font-size: 14px;"&gt;→ &lt;span style="color: #666; font-size: 11px;"&gt;stable&lt;/span&gt;&lt;/span&gt;
                &lt;/div&gt;
                &lt;div style="background: #ddd; border-radius: 10px; height: 8px; overflow: hidden;"&gt;
                    &lt;div style="background: #2196f3; height: 100%; width: 5.749002557629626%; transition: width 0.3s;"&gt;&lt;/div&gt;
                &lt;/div&gt;
                &lt;div style="font-size: 10px; color: #999; margin-top: 3px;"&gt;7d avg: 5.63 pH&lt;/div&gt;
            &lt;/td&gt;
            &lt;td style="padding: 10px; text-align: right; vertical-align: top;"&gt;
                &lt;span style="color: #2196f3; font-size: 18px; font-weight: bold;"&gt;5.75&lt;/span&gt;
                &lt;span style="color: #666; font-size: 12px; display: block; margin-top: 2px;"&gt;pH&lt;/span&gt;
            &lt;/td&gt;
        &lt;/tr&gt;

        &lt;tr style="background: #f0f0f0;"&gt;
            &lt;td style="padding: 10px; vertical-align: top;"&gt;
                &lt;div style="font-weight: bold; margin-bottom: 5px;"&gt;
                    Temperature &lt;span style="font-size: 14px;"&gt;↘️ &lt;span style="color: #666; font-size: 11px;"&gt;-12%&lt;/span&gt;&lt;/span&gt;
                &lt;/div&gt;
                &lt;div style="background: #ddd; border-radius: 10px; height: 8px; overflow: hidden;"&gt;
                    &lt;div style="background: #2196f3; height: 100%; width: 23.1421094989558%; transition: width 0.3s;"&gt;&lt;/div&gt;
                &lt;/div&gt;
                &lt;div style="font-size: 10px; color: #999; margin-top: 3px;"&gt;7d avg: 26.32 °C&lt;/div&gt;
            &lt;/td&gt;
            &lt;td style="padding: 10px; text-align: right; vertical-align: top;"&gt;
                &lt;span style="color: #2196f3; font-size: 18px; font-weight: bold;"&gt;23.14&lt;/span&gt;
                &lt;span style="color: #666; font-size: 12px; display: block; margin-top: 2px;"&gt;°C&lt;/span&gt;
            &lt;/td&gt;
        &lt;/tr&gt;

        &lt;tr style="background: #ffffff;"&gt;
            &lt;td style="padding: 10px; vertical-align: top;"&gt;
                &lt;div style="font-weight: bold; margin-bottom: 5px;"&gt;
                    Turbidity &lt;span style="font-size: 14px;"&gt;↗️ &lt;span style="color: #666; font-size: 11px;"&gt;+33%&lt;/span&gt;&lt;/span&gt;
                &lt;/div&gt;
                &lt;div style="background: #ddd; border-radius: 10px; height: 8px; overflow: hidden;"&gt;
                    &lt;div style="background: #2196f3; height: 100%; width: 86.20136113690397%; transition: width 0.3s;"&gt;&lt;/div&gt;
                &lt;/div&gt;
                &lt;div style="font-size: 10px; color: #999; margin-top: 3px;"&gt;7d avg: 64.65 NTU&lt;/div&gt;
            &lt;/td&gt;
            &lt;td style="padding: 10px; text-align: right; vertical-align: top;"&gt;
                &lt;span style="color: #2196f3; font-size: 18px; font-weight: bold;"&gt;86.20&lt;/span&gt;
                &lt;span style="color: #666; font-size: 12px; display: block; margin-top: 2px;"&gt;NTU&lt;/span&gt;
            &lt;/td&gt;
        &lt;/tr&gt;

        &lt;tr style="background: #f0f0f0;"&gt;
            &lt;td style="padding: 10px; vertical-align: top;"&gt;
                &lt;div style="font-weight: bold; margin-bottom: 5px;"&gt;
                    Water Quality &lt;span style="font-size: 14px;"&gt;→ &lt;span style="color: #666; font-size: 11px;"&gt;stable&lt;/span&gt;&lt;/span&gt;
                &lt;/div&gt;
                &lt;div style="background: #ddd; border-radius: 10px; height: 8px; overflow: hidden;"&gt;
                    &lt;div style="background: #2196f3; height: 100%; width: 4.978402365736656%; transition: width 0.3s;"&gt;&lt;/div&gt;
                &lt;/div&gt;
                &lt;div style="font-size: 10px; color: #999; margin-top: 3px;"&gt;7d avg: 5.11 index&lt;/div&gt;
            &lt;/td&gt;
            &lt;td style="padding: 10px; text-align: right; vertical-align: top;"&gt;
                &lt;span style="color: #2196f3; font-size: 18px; font-weight: bold;"&gt;4.98&lt;/span&gt;
                &lt;span style="color: #666; font-size: 12px; display: block; margin-top: 2px;"&gt;index&lt;/span&gt;
            &lt;/td&gt;
        &lt;/tr&gt;

    &lt;/table&gt;
&lt;/div&gt;
&lt;/div&gt;]]&gt;</description>
      <Point>
        <coordinates>101.67264917,3.0908714,0</coordinates>
      </Point>
    </Placemark>
    <Placemark>
      <name />
      <styleUrl>#boom_trap</styleUrl>
      <description>&lt;![CDATA[
&lt;div style="font-family: Arial, sans-serif; width: 350px; padding: 15px;"&gt;
    &lt;h2 style="color: #2c5364; margin: 0 0 15px 0; font-size: 20px; border-bottom: 2px solid #4fc3f7; padding-bottom: 10px;"&gt;
        BOOM_TRAP_022
    &lt;/h2&gt;
    &lt;table style="width: 100%; border-collapse: collapse; margin-bottom: 15px;"&gt;
        &lt;tr style="background: #f0f0f0;"&gt;
            &lt;td style="padding: 10px; font-weight: bold; width: 40%;"&gt;Type:&lt;/td&gt;
            &lt;td style="padding: 10px;"&gt;Boom Trap&lt;/td&gt;
        &lt;/tr&gt;
        &lt;tr&gt;
            &lt;td style="padding: 10px; font-weight: bold;"&gt;Location:&lt;/td&gt;
            &lt;td style="padding: 10px; font-size: 12px;"&gt;3.119470°N&lt;br&gt;101.675731°E&lt;/td&gt;
        &lt;/tr&gt;
    &lt;/table&gt;
    
&lt;div style="background: #f8f9fa; padding: 15px; border-radius: 8px; margin-top: 10px;"&gt;
    &lt;h3 style="color: #2c5364; margin: 0 0 15px 0; font-size: 16px;"&gt;📊 Active Sensors (8)&lt;/h3&gt;
    &lt;table style="width: 100%; border-collapse: collapse;"&gt;

        &lt;tr style="background: #ffffff;"&gt;
            &lt;td style="padding: 10px; vertical-align: top;"&gt;
                &lt;div style="font-weight: bold; margin-bottom: 5px;"&gt;
                    Conductivity &lt;span style="font-size: 14px;"&gt;↗️ &lt;span style="color: #666; font-size: 11px;"&gt;+33%&lt;/span&gt;&lt;/span&gt;
                &lt;/div&gt;
                &lt;div style="background: #ddd; border-radius: 10px; height: 8px; overflow: hidden;"&gt;
                    &lt;div style="background: #2196f3; height: 100%; width: 100%; transition: width 0.3s;"&gt;&lt;/div&gt;
                &lt;/div&gt;
                &lt;div style="font-size: 10px; color: #999; margin-top: 3px;"&gt;7d avg: 955.32 μS/cm&lt;/div&gt;
            &lt;/td&gt;
            &lt;td style="padding: 10px; text-align: right; vertical-align: top;"&gt;
                &lt;span style="color: #2196f3; font-size: 18px; font-weight: bold;"&gt;1273.77&lt;/span&gt;
                &lt;span style="color: #666; font-size: 12px; display: block; margin-top: 2px;"&gt;μS/cm&lt;/span&gt;
            &lt;/td&gt;
        &lt;/tr&gt;

        &lt;tr style="background: #f0f0f0;"&gt;
            &lt;td style="padding: 10px; vertical-align: top;"&gt;
                &lt;div style="font-weight: bold; margin-bottom: 5px;"&gt;
                    Depth Gauge &lt;span style="font-size: 14px;"&gt;→ &lt;span style="color: #666; font-size: 11px;"&gt;stable&lt;/span&gt;&lt;/span&gt;
                &lt;/div&gt;
                &lt;div style="background: #ddd; border-radius: 10px; height: 8px; overflow: hidden;"&gt;
                    &lt;div style="background: #2196f3; height: 100%; width: 4.261065000512834%; transition: width 0.3s;"&gt;&lt;/div&gt;
                &lt;/div&gt;
                &lt;div style="font-size: 10px; color: #999; margin-top: 3px;"&gt;7d avg: 4.24 m&lt;/div&gt;
            &lt;/td&gt;
            &lt;td style="padding: 10px; text-align: right; vertical-align: top;"&gt;
                &lt;span style="color: #2196f3; font-size: 18px; font-weight: bold;"&gt;4.26&lt;/span&gt;
                &lt;span style="color: #666; font-size: 12px; display: block; margin-top: 2px;"&gt;m&lt;/span&gt;
            &lt;/td&gt;
        &lt;/tr&gt;

        &lt;tr style="background: #ffffff;"&gt;
            &lt;td style="padding: 10px; vertical-align: top;"&gt;
                &lt;div style="font-weight: bold; margin-bottom: 5px;"&gt;
                    Dissolved Oxygen &lt;span style="font-size: 14px;"&gt;↗️ &lt;span style="color: #666; font-size: 11px;"&gt;+6%&lt;/span&gt;&lt;/span&gt;
                &lt;/div&gt;
                &lt;div style="background: #ddd; border-radius: 10px; height: 8px; overflow: hidden;"&gt;
                    &lt;div style="background: #2196f3; height: 100%; width: 9.062116587512337%; transition: width 0.3s;"&gt;&lt;/div&gt;
                &lt;/div&gt;
                &lt;div style="font-size: 10px; color: #999; margin-top: 3px;"&gt;7d avg: 8.57 mg/L&lt;/div&gt;
            &lt;/td&gt;
            &lt;td style="padding: 10px; text-align: right; vertical-align: top;"&gt;
                &lt;span style="color: #2196f3; font-size: 18px; font-weight: bold;"&gt;9.06&lt;/span&gt;
                &lt;span style="color: #666; font-size: 12px; display: block; margin-top: 2px;"&gt;mg/L&lt;/span&gt;
            &lt;/td&gt;
        &lt;/tr&gt;

        &lt;tr style="background: #f0f0f0;"&gt;
            &lt;td style="padding: 10px; vertical-align: top;"&gt;
                &lt;div style="font-weight: bold; margin-bottom: 5px;"&gt;
                    Flow Meter &lt;span style="font-size: 14px;"&gt;→ &lt;span style="color: #666; font-size: 11px;"&gt;stable&lt;/span&gt;&lt;/span&gt;
                &lt;/div&gt;
                &lt;div style="background: #ddd; border-radius: 10px; height: 8px; overflow: hidden;"&gt;
                    &lt;div style="background: #2196f3; height: 100%; width: 3.0982256673031237%; transition: width 0.3s;"&gt;&lt;/div&gt;
                &lt;/div&gt;
                &lt;div style="font-size: 10px; color: #999; margin-top: 3px;"&gt;7d avg: 2.97 m3/s&lt;/div&gt;
            &lt;/td&gt;
            &lt;td style="padding: 10px; text-align: right; vertical-align: top;"&gt;
                &lt;span style="color: #2196f3; font-size: 18px; font-weight: bold;"&gt;3.10&lt;/span&gt;
                &lt;span style="color: #666; font-size: 12px; display: block; margin-top: 2px;"&gt;m3/s&lt;/span&gt;
            &lt;/td&gt;
        &lt;/tr&gt;

        &lt;tr style="background: #ffffff;"&gt;
            &lt;td style="padding: 10px; vertical-align: top;"&gt;
                &lt;div style="font-weight: bold; margin-bottom: 5px;"&gt;
                    Ph Sensor &lt;span style="font-size: 14px;"&gt;→ &lt;span style="color: #666; font-size: 11px;"&gt;stable&lt;/span&gt;&lt;/span&gt;
                &lt;/div&gt;
                &lt;div style="background: #ddd; border-radius: 10px; height: 8px; overflow: hidden;"&gt;
                    &lt;div style="background: #2196f3; height: 100%; width: 5.9043646915709%; transition: width 0.3s;"&gt;&lt;/div&gt;
                &lt;/div&gt;
                &lt;div style="font-size: 10px; color: #999; margin-top: 3px;"&gt;7d avg: 6.06 pH&lt;/div&gt;
            &lt;/td&gt;
            &lt;td style="padding: 10px; text-align: right; vertical-align: top;"&gt;
                &lt;span style="color: #2196f3; font-size: 18px; font-weight: bold;"&gt;5.90&lt;/span&gt;
                &lt;span style="color: #666; font-size: 12px; display: block; margin-top: 2px;"&gt;pH&lt;/span&gt;
            &lt;/td&gt;
        &lt;/tr&gt;

        &lt;tr style="background: #f0f0f0;"&gt;
            &lt;td style="padding: 10px; vertical-align: top;"&gt;
                &lt;div style="font-weight: bold; margin-bottom: 5px;"&gt;
                    Temperature &lt;span style="font-size: 14px;"&gt;→ &lt;span style="color: #666; font-size: 11px;"&gt;stable&lt;/span&gt;&lt;/span&gt;
                &lt;/div&gt;
                &lt;div style="background: #ddd; border-radius: 10px; height: 8px; overflow: hidden;"&gt;
                    &lt;div style="background: #2196f3; height: 100%; width: 34.21769810608531%; transition: width 0.3s;"&gt;&lt;/div&gt;
                &lt;/div&gt;
                &lt;div style="font-size: 10px; color: #999; margin-top: 3px;"&gt;7d avg: 33.19 °C&lt;/div&gt;
            &lt;/td&gt;
            &lt;td style="padding: 10px; text-align: right; vertical-align: top;"&gt;
                &lt;span style="color: #2196f3; font-size: 18px; font-weight: bold;"&gt;34.22&lt;/span&gt;
                &lt;span style="color: #666; font-size: 12px; display: block; margin-top: 2px;"&gt;°C&lt;/span&gt;
            &lt;/td&gt;
        &lt;/tr&gt;

        &lt;tr style="background: #ffffff;"&gt;
            &lt;td style="padding: 10px; vertical-align: top;"&gt;
                &lt;div style="font-weight: bold; margin-bottom: 5px;"&gt;
                    Turbidity &lt;span style="font-size: 14px;"&gt;↗️ &lt;span style="color: #666; font-size: 11px;"&gt;+33%&lt;/span&gt;&lt;/span&gt;
                &lt;/div&gt;
                &lt;div style="background: #ddd; border-radius: 10px; height: 8px; overflow: hidden;"&gt;
                    &lt;div style="background: #2196f3; height: 100%; width: 88.62670985240293%; transition: width 0.3s;"&gt;&lt;/div&gt;
                &lt;/div&gt;
                &lt;div style="font-size: 10px; color: #999; margin-top: 3px;"&gt;7d avg: 66.47 NTU&lt;/div&gt;
            &lt;/td&gt;
            &lt;td style="padding: 10px; text-align: right; vertical-align: top;"&gt;
                &lt;span style="color: #2196f3; font-size: 18px; font-weight: bold;"&gt;88.63&lt;/span&gt;
                &lt;span style="color: #666; font-size: 12px; display: block; margin-top: 2px;"&gt;NTU&lt;/span&gt;
            &lt;/td&gt;
        &lt;/tr&gt;

        &lt;tr style="background: #f0f0f0;"&gt;
            &lt;td style="padding: 10px; vertical-align: top;"&gt;
                &lt;div style="font-weight: bold; margin-bottom: 5px;"&gt;
                    Water Quality &lt;span style="font-size: 14px;"&gt;↘️ &lt;span style="color: #666; font-size: 11px;"&gt;-7%&lt;/span&gt;&lt;/span&gt;
                &lt;/div&gt;
                &lt;div style="background: #ddd; border-radius: 10px; height: 8px; overflow: hidden;"&gt;
                    &lt;div style="background: #2196f3; height: 100%; width: 8.236170765068838%; transition: width 0.3s;"&gt;&lt;/div&gt;
                &lt;/div&gt;
                &lt;div style="font-size: 10px; color: #999; margin-top: 3px;"&gt;7d avg: 8.90 index&lt;/div&gt;
            &lt;/td&gt;
            &lt;td style="padding: 10px; text-align: right; vertical-align: top;"&gt;
                &lt;span style="color: #2196f3; font-size: 18px; font-weight: bold;"&gt;8.24&lt;/span&gt;
                &lt;span style="color: #666; font-size: 12px; display: block; margin-top: 2px;"&gt;index&lt;/span&gt;
            &lt;/td&gt;
        &lt;/tr&gt;

    &lt;/table&gt;
&lt;/div&gt;
&lt;/div&gt;]]&gt;</description>
      <Point>
        <coordinates>101.67573145,3.11947019,0</coordinates>
      </Point>
    </Placemark>
    <Placemark>
      <name />
      <styleUrl>#boom_trap</styleUrl>
      <description>&lt;![CDATA[
&lt;div style="font-family: Arial, sans-serif; width: 350px; padding: 15px;"&gt;
    &lt;h2 style="color: #2c5364; margin: 0 0 15px 0; font-size: 20px; border-bottom: 2px solid #4fc3f7; padding-bottom: 10px;"&gt;
        BOOM_TRAP_023
    &lt;/h2&gt;
    &lt;table style="width: 100%; border-collapse: collapse; margin-bottom: 15px;"&gt;
        &lt;tr style="background: #f0f0f0;"&gt;
            &lt;td style="padding: 10px; font-weight: bold; width: 40%;"&gt;Type:&lt;/td&gt;
            &lt;td style="padding: 10px;"&gt;Boom Trap&lt;/td&gt;
        &lt;/tr&gt;
        &lt;tr&gt;
            &lt;td style="padding: 10px; font-weight: bold;"&gt;Location:&lt;/td&gt;
            &lt;td style="padding: 10px; font-size: 12px;"&gt;3.123275°N&lt;br&gt;101.681733°E&lt;/td&gt;
        &lt;/tr&gt;
    &lt;/table&gt;
    
&lt;div style="background: #f8f9fa; padding: 15px; border-radius: 8px; margin-top: 10px;"&gt;
    &lt;h3 style="color: #2c5364; margin: 0 0 15px 0; font-size: 16px;"&gt;📊 Active Sensors (8)&lt;/h3&gt;
    &lt;table style="width: 100%; border-collapse: collapse;"&gt;

        &lt;tr style="background: #ffffff;"&gt;
            &lt;td style="padding: 10px; vertical-align: top;"&gt;
                &lt;div style="font-weight: bold; margin-bottom: 5px;"&gt;
                    Conductivity &lt;span style="font-size: 14px;"&gt;↗️ &lt;span style="color: #666; font-size: 11px;"&gt;+33%&lt;/span&gt;&lt;/span&gt;
                &lt;/div&gt;
                &lt;div style="background: #ddd; border-radius: 10px; height: 8px; overflow: hidden;"&gt;
                    &lt;div style="background: #2196f3; height: 100%; width: 100%; transition: width 0.3s;"&gt;&lt;/div&gt;
                &lt;/div&gt;
                &lt;div style="font-size: 10px; color: #999; margin-top: 3px;"&gt;7d avg: 733.53 μS/cm&lt;/div&gt;
            &lt;/td&gt;
            &lt;td style="padding: 10px; text-align: right; vertical-align: top;"&gt;
                &lt;span style="color: #2196f3; font-size: 18px; font-weight: bold;"&gt;978.04&lt;/span&gt;
                &lt;span style="color: #666; font-size: 12px; display: block; margin-top: 2px;"&gt;μS/cm&lt;/span&gt;
            &lt;/td&gt;
        &lt;/tr&gt;

        &lt;tr style="background: #f0f0f0;"&gt;
            &lt;td style="padding: 10px; vertical-align: top;"&gt;
                &lt;div style="font-weight: bold; margin-bottom: 5px;"&gt;
                    Depth Gauge &lt;span style="font-size: 14px;"&gt;→ &lt;span style="color: #666; font-size: 11px;"&gt;stable&lt;/span&gt;&lt;/span&gt;
                &lt;/div&gt;
                &lt;div style="background: #ddd; border-radius: 10px; height: 8px; overflow: hidden;"&gt;
                    &lt;div style="background: #2196f3; height: 100%; width: 3.190195045113659%; transition: width 0.3s;"&gt;&lt;/div&gt;
                &lt;/div&gt;
                &lt;div style="font-size: 10px; color: #999; margin-top: 3px;"&gt;7d avg: 3.27 m&lt;/div&gt;
            &lt;/td&gt;
            &lt;td style="padding: 10px; text-align: right; vertical-align: top;"&gt;
                &lt;span style="color: #2196f3; font-size: 18px; font-weight: bold;"&gt;3.19&lt;/span&gt;
                &lt;span style="color: #666; font-size: 12px; display: block; margin-top: 2px;"&gt;m&lt;/span&gt;
            &lt;/td&gt;
        &lt;/tr&gt;

        &lt;tr style="background: #ffffff;"&gt;
            &lt;td style="padding: 10px; vertical-align: top;"&gt;
                &lt;div style="font-weight: bold; margin-bottom: 5px;"&gt;
                    Dissolved Oxygen &lt;span style="font-size: 14px;"&gt;↘️ &lt;span style="color: #666; font-size: 11px;"&gt;-7%&lt;/span&gt;&lt;/span&gt;
                &lt;/div&gt;
                &lt;div style="background: #ddd; border-radius: 10px; height: 8px; overflow: hidden;"&gt;
                    &lt;div style="background: #2196f3; height: 100%; width: 12.677745660533823%; transition: width 0.3s;"&gt;&lt;/div&gt;
                &lt;/div&gt;
                &lt;div style="font-size: 10px; color: #999; margin-top: 3px;"&gt;7d avg: 13.64 mg/L&lt;/div&gt;
            &lt;/td&gt;
            &lt;td style="padding: 10px; text-align: right; vertical-align: top;"&gt;
                &lt;span style="color: #2196f3; font-size: 18px; font-weight: bold;"&gt;12.68&lt;/span&gt;
                &lt;span style="color: #666; font-size: 12px; display: block; margin-top: 2px;"&gt;mg/L&lt;/span&gt;
            &lt;/td&gt;
        &lt;/tr&gt;

        &lt;tr style="background: #f0f0f0;"&gt;
            &lt;td style="padding: 10px; vertical-align: top;"&gt;
                &lt;div style="font-weight: bold; margin-bottom: 5px;"&gt;
                    Flow Meter &lt;span style="font-size: 14px;"&gt;→ &lt;span style="color: #666; font-size: 11px;"&gt;stable&lt;/span&gt;&lt;/span&gt;
                &lt;/div&gt;
                &lt;div style="background: #ddd; border-radius: 10px; height: 8px; overflow: hidden;"&gt;
                    &lt;div style="background: #2196f3; height: 100%; width: 2.010744404121064%; transition: width 0.3s;"&gt;&lt;/div&gt;
                &lt;/div&gt;
                &lt;div style="font-size: 10px; color: #999; margin-top: 3px;"&gt;7d avg: 2.02 m3/s&lt;/div&gt;
            &lt;/td&gt;
            &lt;td style="padding: 10px; text-align: right; vertical-align: top;"&gt;
                &lt;span style="color: #2196f3; font-size: 18px; font-weight: bold;"&gt;2.01&lt;/span&gt;
                &lt;span style="color: #666; font-size: 12px; display: block; margin-top: 2px;"&gt;m3/s&lt;/span&gt;
            &lt;/td&gt;
        &lt;/tr&gt;

        &lt;tr style="background: #ffffff;"&gt;
            &lt;td style="padding: 10px; vertical-align: top;"&gt;
                &lt;div style="font-weight: bold; margin-bottom: 5px;"&gt;
                    Ph Sensor &lt;span style="font-size: 14px;"&gt;→ &lt;span style="color: #666; font-size: 11px;"&gt;stable&lt;/span&gt;&lt;/span&gt;
                &lt;/div&gt;
                &lt;div style="background: #ddd; border-radius: 10px; height: 8px; overflow: hidden;"&gt;
                    &lt;div style="background: #2196f3; height: 100%; width: 6.5569841492048555%; transition: width 0.3s;"&gt;&lt;/div&gt;
                &lt;/div&gt;
                &lt;div style="font-size: 10px; color: #999; margin-top: 3px;"&gt;7d avg: 6.61 pH&lt;/div&gt;
            &lt;/td&gt;
            &lt;td style="padding: 10px; text-align: right; vertical-align: top;"&gt;
                &lt;span style="color: #2196f3; font-size: 18px; font-weight: bold;"&gt;6.56&lt;/span&gt;
                &lt;span style="color: #666; font-size: 12px; display: block; margin-top: 2px;"&gt;pH&lt;/span&gt;
            &lt;/td&gt;
        &lt;/tr&gt;

        &lt;tr style="background: #f0f0f0;"&gt;
            &lt;td style="padding: 10px; vertical-align: top;"&gt;
                &lt;div style="font-weight: bold; margin-bottom: 5px;"&gt;
                    Temperature &lt;span style="font-size: 14px;"&gt;↘️ &lt;span style="color: #666; font-size: 11px;"&gt;-9%&lt;/span&gt;&lt;/span&gt;
                &lt;/div&gt;
                &lt;div style="background: #ddd; border-radius: 10px; height: 8px; overflow: hidden;"&gt;
                    &lt;div style="background: #2196f3; height: 100%; width: 17.83514989002542%; transition: width 0.3s;"&gt;&lt;/div&gt;
                &lt;/div&gt;
                &lt;div style="font-size: 10px; color: #999; margin-top: 3px;"&gt;7d avg: 19.58 °C&lt;/div&gt;
            &lt;/td&gt;
            &lt;td style="padding: 10px; text-align: right; vertical-align: top;"&gt;
                &lt;span style="color: #2196f3; font-size: 18px; font-weight: bold;"&gt;17.84&lt;/span&gt;
                &lt;span style="color: #666; font-size: 12px; display: block; margin-top: 2px;"&gt;°C&lt;/span&gt;
            &lt;/td&gt;
        &lt;/tr&gt;

        &lt;tr style="background: #ffffff;"&gt;
            &lt;td style="padding: 10px; vertical-align: top;"&gt;
                &lt;div style="font-weight: bold; margin-bottom: 5px;"&gt;
                    Turbidity &lt;span style="font-size: 14px;"&gt;↗️ &lt;span style="color: #666; font-size: 11px;"&gt;+33%&lt;/span&gt;&lt;/span&gt;
                &lt;/div&gt;
                &lt;div style="background: #ddd; border-radius: 10px; height: 8px; overflow: hidden;"&gt;
                    &lt;div style="background: #2196f3; height: 100%; width: 100%; transition: width 0.3s;"&gt;&lt;/div&gt;
                &lt;/div&gt;
                &lt;div style="font-size: 10px; color: #999; margin-top: 3px;"&gt;7d avg: 88.85 NTU&lt;/div&gt;
            &lt;/td&gt;
            &lt;td style="padding: 10px; text-align: right; vertical-align: top;"&gt;
                &lt;span style="color: #2196f3; font-size: 18px; font-weight: bold;"&gt;118.47&lt;/span&gt;
                &lt;span style="color: #666; font-size: 12px; display: block; margin-top: 2px;"&gt;NTU&lt;/span&gt;
            &lt;/td&gt;
        &lt;/tr&gt;

        &lt;tr style="background: #f0f0f0;"&gt;
            &lt;td style="padding: 10px; vertical-align: top;"&gt;
                &lt;div style="font-weight: bold; margin-bottom: 5px;"&gt;
                    Water Quality &lt;span style="font-size: 14px;"&gt;↗️ &lt;span style="color: #666; font-size: 11px;"&gt;+5%&lt;/span&gt;&lt;/span&gt;
                &lt;/div&gt;
                &lt;div style="background: #ddd; border-radius: 10px; height: 8px; overflow: hidden;"&gt;
                    &lt;div style="background: #2196f3; height: 100%; width: 6.435000677953476%; transition: width 0.3s;"&gt;&lt;/div&gt;
                &lt;/div&gt;
                &lt;div style="font-size: 10px; color: #999; margin-top: 3px;"&gt;7d avg: 6.11 index&lt;/div&gt;
            &lt;/td&gt;
            &lt;td style="padding: 10px; text-align: right; vertical-align: top;"&gt;
                &lt;span style="color: #2196f3; font-size: 18px; font-weight: bold;"&gt;6.44&lt;/span&gt;
                &lt;span style="color: #666; font-size: 12px; display: block; margin-top: 2px;"&gt;index&lt;/span&gt;
            &lt;/td&gt;
        &lt;/tr&gt;

    &lt;/table&gt;
&lt;/div&gt;
&lt;/div&gt;]]&gt;</description>
      <Point>
        <coordinates>101.68173302,3.12327469,0</coordinates>
      </Point>
    </Placemark>
    <Placemark>
      <name />
      <styleUrl>#boom_trap</styleUrl>
      <description>&lt;![CDATA[
&lt;div style="font-family: Arial, sans-serif; width: 350px; padding: 15px;"&gt;
    &lt;h2 style="color: #2c5364; margin: 0 0 15px 0; font-size: 20px; border-bottom: 2px solid #4fc3f7; padding-bottom: 10px;"&gt;
        BOOM_TRAP_024
    &lt;/h2&gt;
    &lt;table style="width: 100%; border-collapse: collapse; margin-bottom: 15px;"&gt;
        &lt;tr style="background: #f0f0f0;"&gt;
            &lt;td style="padding: 10px; font-weight: bold; width: 40%;"&gt;Type:&lt;/td&gt;
            &lt;td style="padding: 10px;"&gt;Boom Trap&lt;/td&gt;
        &lt;/tr&gt;
        &lt;tr&gt;
            &lt;td style="padding: 10px; font-weight: bold;"&gt;Location:&lt;/td&gt;
            &lt;td style="padding: 10px; font-size: 12px;"&gt;3.132043°N&lt;br&gt;101.692864°E&lt;/td&gt;
        &lt;/tr&gt;
    &lt;/table&gt;
    
&lt;div style="background: #f8f9fa; padding: 15px; border-radius: 8px; margin-top: 10px;"&gt;
    &lt;h3 style="color: #2c5364; margin: 0 0 15px 0; font-size: 16px;"&gt;📊 Active Sensors (8)&lt;/h3&gt;
    &lt;table style="width: 100%; border-collapse: collapse;"&gt;

        &lt;tr style="background: #ffffff;"&gt;
            &lt;td style="padding: 10px; vertical-align: top;"&gt;
                &lt;div style="font-weight: bold; margin-bottom: 5px;"&gt;
                    Conductivity &lt;span style="font-size: 14px;"&gt;↗️ &lt;span style="color: #666; font-size: 11px;"&gt;+33%&lt;/span&gt;&lt;/span&gt;
                &lt;/div&gt;
                &lt;div style="background: #ddd; border-radius: 10px; height: 8px; overflow: hidden;"&gt;
                    &lt;div style="background: #2196f3; height: 100%; width: 100%; transition: width 0.3s;"&gt;&lt;/div&gt;
                &lt;/div&gt;
                &lt;div style="font-size: 10px; color: #999; margin-top: 3px;"&gt;7d avg: 608.07 μS/cm&lt;/div&gt;
            &lt;/td&gt;
            &lt;td style="padding: 10px; text-align: right; vertical-align: top;"&gt;
                &lt;span style="color: #2196f3; font-size: 18px; font-weight: bold;"&gt;810.75&lt;/span&gt;
                &lt;span style="color: #666; font-size: 12px; display: block; margin-top: 2px;"&gt;μS/cm&lt;/span&gt;
            &lt;/td&gt;
        &lt;/tr&gt;

        &lt;tr style="background: #f0f0f0;"&gt;
            &lt;td style="padding: 10px; vertical-align: top;"&gt;
                &lt;div style="font-weight: bold; margin-bottom: 5px;"&gt;
                    Depth Gauge &lt;span style="font-size: 14px;"&gt;→ &lt;span style="color: #666; font-size: 11px;"&gt;stable&lt;/span&gt;&lt;/span&gt;
                &lt;/div&gt;
                &lt;div style="background: #ddd; border-radius: 10px; height: 8px; overflow: hidden;"&gt;
                    &lt;div style="background: #2196f3; height: 100%; width: 2.5978205511306216%; transition: width 0.3s;"&gt;&lt;/div&gt;
                &lt;/div&gt;
                &lt;div style="font-size: 10px; color: #999; margin-top: 3px;"&gt;7d avg: 2.64 m&lt;/div&gt;
            &lt;/td&gt;
            &lt;td style="padding: 10px; text-align: right; vertical-align: top;"&gt;
                &lt;span style="color: #2196f3; font-size: 18px; font-weight: bold;"&gt;2.60&lt;/span&gt;
                &lt;span style="color: #666; font-size: 12px; display: block; margin-top: 2px;"&gt;m&lt;/span&gt;
            &lt;/td&gt;
        &lt;/tr&gt;

        &lt;tr style="background: #ffffff;"&gt;
            &lt;td style="padding: 10px; vertical-align: top;"&gt;
                &lt;div style="font-weight: bold; margin-bottom: 5px;"&gt;
                    Dissolved Oxygen &lt;span style="font-size: 14px;"&gt;→ &lt;span style="color: #666; font-size: 11px;"&gt;stable&lt;/span&gt;&lt;/span&gt;
                &lt;/div&gt;
                &lt;div style="background: #ddd; border-radius: 10px; height: 8px; overflow: hidden;"&gt;
                    &lt;div style="background: #2196f3; height: 100%; width: 10.29921712616167%; transition: width 0.3s;"&gt;&lt;/div&gt;
                &lt;/div&gt;
                &lt;div style="font-size: 10px; color: #999; margin-top: 3px;"&gt;7d avg: 10.41 mg/L&lt;/div&gt;
            &lt;/td&gt;
            &lt;td style="padding: 10px; text-align: right; vertical-align: top;"&gt;
                &lt;span style="color: #2196f3; font-size: 18px; font-weight: bold;"&gt;10.30&lt;/span&gt;
                &lt;span style="color: #666; font-size: 12px; display: block; margin-top: 2px;"&gt;mg/L&lt;/span&gt;
            &lt;/td&gt;
        &lt;/tr&gt;

        &lt;tr style="background: #f0f0f0;"&gt;
            &lt;td style="padding: 10px; vertical-align: top;"&gt;
                &lt;div style="font-weight: bold; margin-bottom: 5px;"&gt;
                    Flow Meter &lt;span style="font-size: 14px;"&gt;↘️ &lt;span style="color: #666; font-size: 11px;"&gt;-6%&lt;/span&gt;&lt;/span&gt;
                &lt;/div&gt;
                &lt;div style="background: #ddd; border-radius: 10px; height: 8px; overflow: hidden;"&gt;
                    &lt;div style="background: #2196f3; height: 100%; width: 3.6635129260321184%; transition: width 0.3s;"&gt;&lt;/div&gt;
                &lt;/div&gt;
                &lt;div style="font-size: 10px; color: #999; margin-top: 3px;"&gt;7d avg: 3.88 m3/s&lt;/div&gt;
            &lt;/td&gt;
            &lt;td style="padding: 10px; text-align: right; vertical-align: top;"&gt;
                &lt;span style="color: #2196f3; font-size: 18px; font-weight: bold;"&gt;3.66&lt;/span&gt;
                &lt;span style="color: #666; font-size: 12px; display: block; margin-top: 2px;"&gt;m3/s&lt;/span&gt;
            &lt;/td&gt;
        &lt;/tr&gt;

        &lt;tr style="background: #ffffff;"&gt;
            &lt;td style="padding: 10px; vertical-align: top;"&gt;
                &lt;div style="font-weight: bold; margin-bottom: 5px;"&gt;
                    Ph Sensor &lt;span style="font-size: 14px;"&gt;→ &lt;span style="color: #666; font-size: 11px;"&gt;stable&lt;/span&gt;&lt;/span&gt;
                &lt;/div&gt;
                &lt;div style="background: #ddd; border-radius: 10px; height: 8px; overflow: hidden;"&gt;
                    &lt;div style="background: #2196f3; height: 100%; width: 4.819504436984116%; transition: width 0.3s;"&gt;&lt;/div&gt;
                &lt;/div&gt;
                &lt;div style="font-size: 10px; color: #999; margin-top: 3px;"&gt;7d avg: 4.98 pH&lt;/div&gt;
            &lt;/td&gt;
            &lt;td style="padding: 10px; text-align: right; vertical-align: top;"&gt;
                &lt;span style="color: #2196f3; font-size: 18px; font-weight: bold;"&gt;4.82&lt;/span&gt;
                &lt;span style="color: #666; font-size: 12px; display: block; margin-top: 2px;"&gt;pH&lt;/span&gt;
            &lt;/td&gt;
        &lt;/tr&gt;

        &lt;tr style="background: #f0f0f0;"&gt;
            &lt;td style="padding: 10px; vertical-align: top;"&gt;
                &lt;div style="font-weight: bold; margin-bottom: 5px;"&gt;
                    Temperature &lt;span style="font-size: 14px;"&gt;→ &lt;span style="color: #666; font-size: 11px;"&gt;stable&lt;/span&gt;&lt;/span&gt;
                &lt;/div&gt;
                &lt;div style="background: #ddd; border-radius: 10px; height: 8px; overflow: hidden;"&gt;
                    &lt;div style="background: #2196f3; height: 100%; width: 30.892039231488695%; transition: width 0.3s;"&gt;&lt;/div&gt;
                &lt;/div&gt;
                &lt;div style="font-size: 10px; color: #999; margin-top: 3px;"&gt;7d avg: 29.76 °C&lt;/div&gt;
            &lt;/td&gt;
            &lt;td style="padding: 10px; text-align: right; vertical-align: top;"&gt;
                &lt;span style="color: #2196f3; font-size: 18px; font-weight: bold;"&gt;30.89&lt;/span&gt;
                &lt;span style="color: #666; font-size: 12px; display: block; margin-top: 2px;"&gt;°C&lt;/span&gt;
            &lt;/td&gt;
        &lt;/tr&gt;

        &lt;tr style="background: #ffffff;"&gt;
            &lt;td style="padding: 10px; vertical-align: top;"&gt;
                &lt;div style="font-weight: bold; margin-bottom: 5px;"&gt;
                    Turbidity &lt;span style="font-size: 14px;"&gt;↗️ &lt;span style="color: #666; font-size: 11px;"&gt;+33%&lt;/span&gt;&lt;/span&gt;
                &lt;/div&gt;
                &lt;div style="background: #ddd; border-radius: 10px; height: 8px; overflow: hidden;"&gt;
                    &lt;div style="background: #2196f3; height: 100%; width: 96.37893891300243%; transition: width 0.3s;"&gt;&lt;/div&gt;
                &lt;/div&gt;
                &lt;div style="font-size: 10px; color: #999; margin-top: 3px;"&gt;7d avg: 72.28 NTU&lt;/div&gt;
            &lt;/td&gt;
            &lt;td style="padding: 10px; text-align: right; vertical-align: top;"&gt;
                &lt;span style="color: #2196f3; font-size: 18px; font-weight: bold;"&gt;96.38&lt;/span&gt;
                &lt;span style="color: #666; font-size: 12px; display: block; margin-top: 2px;"&gt;NTU&lt;/span&gt;
            &lt;/td&gt;
        &lt;/tr&gt;

        &lt;tr style="background: #f0f0f0;"&gt;
            &lt;td style="padding: 10px; vertical-align: top;"&gt;
                &lt;div style="font-weight: bold; margin-bottom: 5px;"&gt;
                    Water Quality &lt;span style="font-size: 14px;"&gt;↗️ &lt;span style="color: #666; font-size: 11px;"&gt;+9%&lt;/span&gt;&lt;/span&gt;
                &lt;/div&gt;
                &lt;div style="background: #ddd; border-radius: 10px; height: 8px; overflow: hidden;"&gt;
                    &lt;div style="background: #2196f3; height: 100%; width: 6.731092113643716%; transition: width 0.3s;"&gt;&lt;/div&gt;
                &lt;/div&gt;
                &lt;div style="font-size: 10px; color: #999; margin-top: 3px;"&gt;7d avg: 6.18 index&lt;/div&gt;
            &lt;/td&gt;
            &lt;td style="padding: 10px; text-align: right; vertical-align: top;"&gt;
                &lt;span style="color: #2196f3; font-size: 18px; font-weight: bold;"&gt;6.73&lt;/span&gt;
                &lt;span style="color: #666; font-size: 12px; display: block; margin-top: 2px;"&gt;index&lt;/span&gt;
            &lt;/td&gt;
        &lt;/tr&gt;

    &lt;/table&gt;
&lt;/div&gt;
&lt;/div&gt;]]&gt;</description>
      <Point>
        <coordinates>101.69286409,3.13204303,0</coordinates>
      </Point>
    </Placemark>
    <Placemark>
      <name />
      <styleUrl>#boom_trap</styleUrl>
      <description>&lt;![CDATA[
&lt;div style="font-family: Arial, sans-serif; width: 350px; padding: 15px;"&gt;
    &lt;h2 style="color: #2c5364; margin: 0 0 15px 0; font-size: 20px; border-bottom: 2px solid #4fc3f7; padding-bottom: 10px;"&gt;
        BOOM_TRAP_025
    &lt;/h2&gt;
    &lt;table style="width: 100%; border-collapse: collapse; margin-bottom: 15px;"&gt;
        &lt;tr style="background: #f0f0f0;"&gt;
            &lt;td style="padding: 10px; font-weight: bold; width: 40%;"&gt;Type:&lt;/td&gt;
            &lt;td style="padding: 10px;"&gt;Boom Trap&lt;/td&gt;
        &lt;/tr&gt;
        &lt;tr&gt;
            &lt;td style="padding: 10px; font-weight: bold;"&gt;Location:&lt;/td&gt;
            &lt;td style="padding: 10px; font-size: 12px;"&gt;3.142483°N&lt;br&gt;101.695826°E&lt;/td&gt;
        &lt;/tr&gt;
    &lt;/table&gt;
    
&lt;div style="background: #f8f9fa; padding: 15px; border-radius: 8px; margin-top: 10px;"&gt;
    &lt;h3 style="color: #2c5364; margin: 0 0 15px 0; font-size: 16px;"&gt;📊 Active Sensors (8)&lt;/h3&gt;
    &lt;table style="width: 100%; border-collapse: collapse;"&gt;

        &lt;tr style="background: #ffffff;"&gt;
            &lt;td style="padding: 10px; vertical-align: top;"&gt;
                &lt;div style="font-weight: bold; margin-bottom: 5px;"&gt;
                    Conductivity &lt;span style="font-size: 14px;"&gt;↗️ &lt;span style="color: #666; font-size: 11px;"&gt;+33%&lt;/span&gt;&lt;/span&gt;
                &lt;/div&gt;
                &lt;div style="background: #ddd; border-radius: 10px; height: 8px; overflow: hidden;"&gt;
                    &lt;div style="background: #2196f3; height: 100%; width: 100%; transition: width 0.3s;"&gt;&lt;/div&gt;
                &lt;/div&gt;
                &lt;div style="font-size: 10px; color: #999; margin-top: 3px;"&gt;7d avg: 455.19 μS/cm&lt;/div&gt;
            &lt;/td&gt;
            &lt;td style="padding: 10px; text-align: right; vertical-align: top;"&gt;
                &lt;span style="color: #2196f3; font-size: 18px; font-weight: bold;"&gt;606.91&lt;/span&gt;
                &lt;span style="color: #666; font-size: 12px; display: block; margin-top: 2px;"&gt;μS/cm&lt;/span&gt;
            &lt;/td&gt;
        &lt;/tr&gt;

        &lt;tr style="background: #f0f0f0;"&gt;
            &lt;td style="padding: 10px; vertical-align: top;"&gt;
                &lt;div style="font-weight: bold; margin-bottom: 5px;"&gt;
                    Depth Gauge &lt;span style="font-size: 14px;"&gt;→ &lt;span style="color: #666; font-size: 11px;"&gt;stable&lt;/span&gt;&lt;/span&gt;
                &lt;/div&gt;
                &lt;div style="background: #ddd; border-radius: 10px; height: 8px; overflow: hidden;"&gt;
                    &lt;div style="background: #2196f3; height: 100%; width: 2.2195487678794223%; transition: width 0.3s;"&gt;&lt;/div&gt;
                &lt;/div&gt;
                &lt;div style="font-size: 10px; color: #999; margin-top: 3px;"&gt;7d avg: 2.20 m&lt;/div&gt;
            &lt;/td&gt;
            &lt;td style="padding: 10px; text-align: right; vertical-align: top;"&gt;
                &lt;span style="color: #2196f3; font-size: 18px; font-weight: bold;"&gt;2.22&lt;/span&gt;
                &lt;span style="color: #666; font-size: 12px; display: block; margin-top: 2px;"&gt;m&lt;/span&gt;
            &lt;/td&gt;
        &lt;/tr&gt;

        &lt;tr style="background: #ffffff;"&gt;
            &lt;td style="padding: 10px; vertical-align: top;"&gt;
                &lt;div style="font-weight: bold; margin-bottom: 5px;"&gt;
                    Dissolved Oxygen &lt;span style="font-size: 14px;"&gt;↗️ &lt;span style="color: #666; font-size: 11px;"&gt;+6%&lt;/span&gt;&lt;/span&gt;
                &lt;/div&gt;
                &lt;div style="background: #ddd; border-radius: 10px; height: 8px; overflow: hidden;"&gt;
                    &lt;div style="background: #2196f3; height: 100%; width: 12.031966025648126%; transition: width 0.3s;"&gt;&lt;/div&gt;
                &lt;/div&gt;
                &lt;div style="font-size: 10px; color: #999; margin-top: 3px;"&gt;7d avg: 11.35 mg/L&lt;/div&gt;
            &lt;/td&gt;
            &lt;td style="padding: 10px; text-align: right; vertical-align: top;"&gt;
                &lt;span style="color: #2196f3; font-size: 18px; font-weight: bold;"&gt;12.03&lt;/span&gt;
                &lt;span style="color: #666; font-size: 12px; display: block; margin-top: 2px;"&gt;mg/L&lt;/span&gt;
            &lt;/td&gt;
        &lt;/tr&gt;

        &lt;tr style="background: #f0f0f0;"&gt;
            &lt;td style="padding: 10px; vertical-align: top;"&gt;
                &lt;div style="font-weight: bold; margin-bottom: 5px;"&gt;
                    Flow Meter &lt;span style="font-size: 14px;"&gt;→ &lt;span style="color: #666; font-size: 11px;"&gt;stable&lt;/span&gt;&lt;/span&gt;
                &lt;/div&gt;
                &lt;div style="background: #ddd; border-radius: 10px; height: 8px; overflow: hidden;"&gt;
                    &lt;div style="background: #2196f3; height: 100%; width: 1.8492347730337568%; transition: width 0.3s;"&gt;&lt;/div&gt;
                &lt;/div&gt;
                &lt;div style="font-size: 10px; color: #999; margin-top: 3px;"&gt;7d avg: 1.90 m3/s&lt;/div&gt;
            &lt;/td&gt;
            &lt;td style="padding: 10px; text-align: right; vertical-align: top;"&gt;
                &lt;span style="color: #2196f3; font-size: 18px; font-weight: bold;"&gt;1.85&lt;/span&gt;
                &lt;span style="color: #666; font-size: 12px; display: block; margin-top: 2px;"&gt;m3/s&lt;/span&gt;
            &lt;/td&gt;
        &lt;/tr&gt;

        &lt;tr style="background: #ffffff;"&gt;
            &lt;td style="padding: 10px; vertical-align: top;"&gt;
                &lt;div style="font-weight: bold; margin-bottom: 5px;"&gt;
                    Ph Sensor &lt;span style="font-size: 14px;"&gt;↘️ &lt;span style="color: #666; font-size: 11px;"&gt;-6%&lt;/span&gt;&lt;/span&gt;
                &lt;/div&gt;
                &lt;div style="background: #ddd; border-radius: 10px; height: 8px; overflow: hidden;"&gt;
                    &lt;div style="background: #2196f3; height: 100%; width: 8.101015133008158%; transition: width 0.3s;"&gt;&lt;/div&gt;
                &lt;/div&gt;
                &lt;div style="font-size: 10px; color: #999; margin-top: 3px;"&gt;7d avg: 8.60 pH&lt;/div&gt;
            &lt;/td&gt;
            &lt;td style="padding: 10px; text-align: right; vertical-align: top;"&gt;
                &lt;span style="color: #2196f3; font-size: 18px; font-weight: bold;"&gt;8.10&lt;/span&gt;
                &lt;span style="color: #666; font-size: 12px; display: block; margin-top: 2px;"&gt;pH&lt;/span&gt;
            &lt;/td&gt;
        &lt;/tr&gt;

        &lt;tr style="background: #f0f0f0;"&gt;
            &lt;td style="padding: 10px; vertical-align: top;"&gt;
                &lt;div style="font-weight: bold; margin-bottom: 5px;"&gt;
                    Temperature &lt;span style="font-size: 14px;"&gt;↘️ &lt;span style="color: #666; font-size: 11px;"&gt;-7%&lt;/span&gt;&lt;/span&gt;
                &lt;/div&gt;
                &lt;div style="background: #ddd; border-radius: 10px; height: 8px; overflow: hidden;"&gt;
                    &lt;div style="background: #2196f3; height: 100%; width: 14.669622002040002%; transition: width 0.3s;"&gt;&lt;/div&gt;
                &lt;/div&gt;
                &lt;div style="font-size: 10px; color: #999; margin-top: 3px;"&gt;7d avg: 15.70 °C&lt;/div&gt;
            &lt;/td&gt;
            &lt;td style="padding: 10px; text-align: right; vertical-align: top;"&gt;
                &lt;span style="color: #2196f3; font-size: 18px; font-weight: bold;"&gt;14.67&lt;/span&gt;
                &lt;span style="color: #666; font-size: 12px; display: block; margin-top: 2px;"&gt;°C&lt;/span&gt;
            &lt;/td&gt;
        &lt;/tr&gt;

        &lt;tr style="background: #ffffff;"&gt;
            &lt;td style="padding: 10px; vertical-align: top;"&gt;
                &lt;div style="font-weight: bold; margin-bottom: 5px;"&gt;
                    Turbidity &lt;span style="font-size: 14px;"&gt;↗️ &lt;span style="color: #666; font-size: 11px;"&gt;+33%&lt;/span&gt;&lt;/span&gt;
                &lt;/div&gt;
                &lt;div style="background: #ddd; border-radius: 10px; height: 8px; overflow: hidden;"&gt;
                    &lt;div style="background: #2196f3; height: 100%; width: 64.53312894321508%; transition: width 0.3s;"&gt;&lt;/div&gt;
                &lt;/div&gt;
                &lt;div style="font-size: 10px; color: #999; margin-top: 3px;"&gt;7d avg: 48.40 NTU&lt;/div&gt;
            &lt;/td&gt;
            &lt;td style="padding: 10px; text-align: right; vertical-align: top;"&gt;
                &lt;span style="color: #2196f3; font-size: 18px; font-weight: bold;"&gt;64.53&lt;/span&gt;
                &lt;span style="color: #666; font-size: 12px; display: block; margin-top: 2px;"&gt;NTU&lt;/span&gt;
            &lt;/td&gt;
        &lt;/tr&gt;

        &lt;tr style="background: #f0f0f0;"&gt;
            &lt;td style="padding: 10px; vertical-align: top;"&gt;
                &lt;div style="font-weight: bold; margin-bottom: 5px;"&gt;
                    Water Quality &lt;span style="font-size: 14px;"&gt;↘️ &lt;span style="color: #666; font-size: 11px;"&gt;-9%&lt;/span&gt;&lt;/span&gt;
                &lt;/div&gt;
                &lt;div style="background: #ddd; border-radius: 10px; height: 8px; overflow: hidden;"&gt;
                    &lt;div style="background: #2196f3; height: 100%; width: 6.007444590473283%; transition: width 0.3s;"&gt;&lt;/div&gt;
                &lt;/div&gt;
                &lt;div style="font-size: 10px; color: #999; margin-top: 3px;"&gt;7d avg: 6.62 index&lt;/div&gt;
            &lt;/td&gt;
            &lt;td style="padding: 10px; text-align: right; vertical-align: top;"&gt;
                &lt;span style="color: #2196f3; font-size: 18px; font-weight: bold;"&gt;6.01&lt;/span&gt;
                &lt;span style="color: #666; font-size: 12px; display: block; margin-top: 2px;"&gt;index&lt;/span&gt;
            &lt;/td&gt;
        &lt;/tr&gt;

    &lt;/table&gt;
&lt;/div&gt;
&lt;/div&gt;]]&gt;</description>
      <Point>
        <coordinates>101.69582602,3.14248271,0</coordinates>
      </Point>
    </Placemark>
    <Placemark>
      <name />
      <styleUrl>#boom_trap</styleUrl>
      <description>&lt;![CDATA[
&lt;div style="font-family: Arial, sans-serif; width: 350px; padding: 15px;"&gt;
    &lt;h2 style="color: #2c5364; margin: 0 0 15px 0; font-size: 20px; border-bottom: 2px solid #4fc3f7; padding-bottom: 10px;"&gt;
        BOOM_TRAP_026
    &lt;/h2&gt;
    &lt;table style="width: 100%; border-collapse: collapse; margin-bottom: 15px;"&gt;
        &lt;tr style="background: #f0f0f0;"&gt;
            &lt;td style="padding: 10px; font-weight: bold; width: 40%;"&gt;Type:&lt;/td&gt;
            &lt;td style="padding: 10px;"&gt;Boom Trap&lt;/td&gt;
        &lt;/tr&gt;
        &lt;tr&gt;
            &lt;td style="padding: 10px; font-weight: bold;"&gt;Location:&lt;/td&gt;
            &lt;td style="padding: 10px; font-size: 12px;"&gt;3.150525°N&lt;br&gt;101.697557°E&lt;/td&gt;
        &lt;/tr&gt;
    &lt;/table&gt;
    
&lt;div style="background: #f8f9fa; padding: 15px; border-radius: 8px; margin-top: 10px;"&gt;
    &lt;h3 style="color: #2c5364; margin: 0 0 15px 0; font-size: 16px;"&gt;📊 Active Sensors (8)&lt;/h3&gt;
    &lt;table style="width: 100%; border-collapse: collapse;"&gt;

        &lt;tr style="background: #ffffff;"&gt;
            &lt;td style="padding: 10px; vertical-align: top;"&gt;
                &lt;div style="font-weight: bold; margin-bottom: 5px;"&gt;
                    Conductivity &lt;span style="font-size: 14px;"&gt;↗️ &lt;span style="color: #666; font-size: 11px;"&gt;+33%&lt;/span&gt;&lt;/span&gt;
                &lt;/div&gt;
                &lt;div style="background: #ddd; border-radius: 10px; height: 8px; overflow: hidden;"&gt;
                    &lt;div style="background: #2196f3; height: 100%; width: 100%; transition: width 0.3s;"&gt;&lt;/div&gt;
                &lt;/div&gt;
                &lt;div style="font-size: 10px; color: #999; margin-top: 3px;"&gt;7d avg: 450.85 μS/cm&lt;/div&gt;
            &lt;/td&gt;
            &lt;td style="padding: 10px; text-align: right; vertical-align: top;"&gt;
                &lt;span style="color: #2196f3; font-size: 18px; font-weight: bold;"&gt;601.13&lt;/span&gt;
                &lt;span style="color: #666; font-size: 12px; display: block; margin-top: 2px;"&gt;μS/cm&lt;/span&gt;
            &lt;/td&gt;
        &lt;/tr&gt;

        &lt;tr style="background: #f0f0f0;"&gt;
            &lt;td style="padding: 10px; vertical-align: top;"&gt;
                &lt;div style="font-weight: bold; margin-bottom: 5px;"&gt;
                    Depth Gauge &lt;span style="font-size: 14px;"&gt;→ &lt;span style="color: #666; font-size: 11px;"&gt;stable&lt;/span&gt;&lt;/span&gt;
                &lt;/div&gt;
                &lt;div style="background: #ddd; border-radius: 10px; height: 8px; overflow: hidden;"&gt;
                    &lt;div style="background: #2196f3; height: 100%; width: 3.2673709337047483%; transition: width 0.3s;"&gt;&lt;/div&gt;
                &lt;/div&gt;
                &lt;div style="font-size: 10px; color: #999; margin-top: 3px;"&gt;7d avg: 3.42 m&lt;/div&gt;
            &lt;/td&gt;
            &lt;td style="padding: 10px; text-align: right; vertical-align: top;"&gt;
                &lt;span style="color: #2196f3; font-size: 18px; font-weight: bold;"&gt;3.27&lt;/span&gt;
                &lt;span style="color: #666; font-size: 12px; display: block; margin-top: 2px;"&gt;m&lt;/span&gt;
            &lt;/td&gt;
        &lt;/tr&gt;

        &lt;tr style="background: #ffffff;"&gt;
            &lt;td style="padding: 10px; vertical-align: top;"&gt;
                &lt;div style="font-weight: bold; margin-bottom: 5px;"&gt;
                    Dissolved Oxygen &lt;span style="font-size: 14px;"&gt;→ &lt;span style="color: #666; font-size: 11px;"&gt;stable&lt;/span&gt;&lt;/span&gt;
                &lt;/div&gt;
                &lt;div style="background: #ddd; border-radius: 10px; height: 8px; overflow: hidden;"&gt;
                    &lt;div style="background: #2196f3; height: 100%; width: 9.259312403789396%; transition: width 0.3s;"&gt;&lt;/div&gt;
                &lt;/div&gt;
                &lt;div style="font-size: 10px; color: #999; margin-top: 3px;"&gt;7d avg: 8.95 mg/L&lt;/div&gt;
            &lt;/td&gt;
            &lt;td style="padding: 10px; text-align: right; vertical-align: top;"&gt;
                &lt;span style="color: #2196f3; font-size: 18px; font-weight: bold;"&gt;9.26&lt;/span&gt;
                &lt;span style="color: #666; font-size: 12px; display: block; margin-top: 2px;"&gt;mg/L&lt;/span&gt;
            &lt;/td&gt;
        &lt;/tr&gt;

        &lt;tr style="background: #f0f0f0;"&gt;
            &lt;td style="padding: 10px; vertical-align: top;"&gt;
                &lt;div style="font-weight: bold; margin-bottom: 5px;"&gt;
                    Flow Meter &lt;span style="font-size: 14px;"&gt;↘️ &lt;span style="color: #666; font-size: 11px;"&gt;-6%&lt;/span&gt;&lt;/span&gt;
                &lt;/div&gt;
                &lt;div style="background: #ddd; border-radius: 10px; height: 8px; overflow: hidden;"&gt;
                    &lt;div style="background: #2196f3; height: 100%; width: 1.9911858325760645%; transition: width 0.3s;"&gt;&lt;/div&gt;
                &lt;/div&gt;
                &lt;div style="font-size: 10px; color: #999; margin-top: 3px;"&gt;7d avg: 2.11 m3/s&lt;/div&gt;
            &lt;/td&gt;
            &lt;td style="padding: 10px; text-align: right; vertical-align: top;"&gt;
                &lt;span style="color: #2196f3; font-size: 18px; font-weight: bold;"&gt;1.99&lt;/span&gt;
                &lt;span style="color: #666; font-size: 12px; display: block; margin-top: 2px;"&gt;m3/s&lt;/span&gt;
            &lt;/td&gt;
        &lt;/tr&gt;

        &lt;tr style="background: #ffffff;"&gt;
            &lt;td style="padding: 10px; vertical-align: top;"&gt;
                &lt;div style="font-weight: bold; margin-bottom: 5px;"&gt;
                    Ph Sensor &lt;span style="font-size: 14px;"&gt;↘️ &lt;span style="color: #666; font-size: 11px;"&gt;-7%&lt;/span&gt;&lt;/span&gt;
                &lt;/div&gt;
                &lt;div style="background: #ddd; border-radius: 10px; height: 8px; overflow: hidden;"&gt;
                    &lt;div style="background: #2196f3; height: 100%; width: 4.628733695971316%; transition: width 0.3s;"&gt;&lt;/div&gt;
                &lt;/div&gt;
                &lt;div style="font-size: 10px; color: #999; margin-top: 3px;"&gt;7d avg: 4.96 pH&lt;/div&gt;
            &lt;/td&gt;
            &lt;td style="padding: 10px; text-align: right; vertical-align: top;"&gt;
                &lt;span style="color: #2196f3; font-size: 18px; font-weight: bold;"&gt;4.63&lt;/span&gt;
                &lt;span style="color: #666; font-size: 12px; display: block; margin-top: 2px;"&gt;pH&lt;/span&gt;
            &lt;/td&gt;
        &lt;/tr&gt;

        &lt;tr style="background: #f0f0f0;"&gt;
            &lt;td style="padding: 10px; vertical-align: top;"&gt;
                &lt;div style="font-weight: bold; margin-bottom: 5px;"&gt;
                    Temperature &lt;span style="font-size: 14px;"&gt;→ &lt;span style="color: #666; font-size: 11px;"&gt;stable&lt;/span&gt;&lt;/span&gt;
                &lt;/div&gt;
                &lt;div style="background: #ddd; border-radius: 10px; height: 8px; overflow: hidden;"&gt;
                    &lt;div style="background: #2196f3; height: 100%; width: 32.608038077154454%; transition: width 0.3s;"&gt;&lt;/div&gt;
                &lt;/div&gt;
                &lt;div style="font-size: 10px; color: #999; margin-top: 3px;"&gt;7d avg: 33.52 °C&lt;/div&gt;
            &lt;/td&gt;
            &lt;td style="padding: 10px; text-align: right; vertical-align: top;"&gt;
                &lt;span style="color: #2196f3; font-size: 18px; font-weight: bold;"&gt;32.61&lt;/span&gt;
                &lt;span style="color: #666; font-size: 12px; display: block; margin-top: 2px;"&gt;°C&lt;/span&gt;
            &lt;/td&gt;
        &lt;/tr&gt;

        &lt;tr style="background: #ffffff;"&gt;
            &lt;td style="padding: 10px; vertical-align: top;"&gt;
                &lt;div style="font-weight: bold; margin-bottom: 5px;"&gt;
                    Turbidity &lt;span style="font-size: 14px;"&gt;↗️ &lt;span style="color: #666; font-size: 11px;"&gt;+33%&lt;/span&gt;&lt;/span&gt;
                &lt;/div&gt;
                &lt;div style="background: #ddd; border-radius: 10px; height: 8px; overflow: hidden;"&gt;
                    &lt;div style="background: #2196f3; height: 100%; width: 67.75656998836513%; transition: width 0.3s;"&gt;&lt;/div&gt;
                &lt;/div&gt;
                &lt;div style="font-size: 10px; color: #999; margin-top: 3px;"&gt;7d avg: 50.82 NTU&lt;/div&gt;
            &lt;/td&gt;
            &lt;td style="padding: 10px; text-align: right; vertical-align: top;"&gt;
                &lt;span style="color: #2196f3; font-size: 18px; font-weight: bold;"&gt;67.76&lt;/span&gt;
                &lt;span style="color: #666; font-size: 12px; display: block; margin-top: 2px;"&gt;NTU&lt;/span&gt;
            &lt;/td&gt;
        &lt;/tr&gt;

        &lt;tr style="background: #f0f0f0;"&gt;
            &lt;td style="padding: 10px; vertical-align: top;"&gt;
                &lt;div style="font-weight: bold; margin-bottom: 5px;"&gt;
                    Water Quality &lt;span style="font-size: 14px;"&gt;→ &lt;span style="color: #666; font-size: 11px;"&gt;stable&lt;/span&gt;&lt;/span&gt;
                &lt;/div&gt;
                &lt;div style="background: #ddd; border-radius: 10px; height: 8px; overflow: hidden;"&gt;
                    &lt;div style="background: #2196f3; height: 100%; width: 10.521810765137966%; transition: width 0.3s;"&gt;&lt;/div&gt;
                &lt;/div&gt;
                &lt;div style="font-size: 10px; color: #999; margin-top: 3px;"&gt;7d avg: 10.10 index&lt;/div&gt;
            &lt;/td&gt;
            &lt;td style="padding: 10px; text-align: right; vertical-align: top;"&gt;
                &lt;span style="color: #2196f3; font-size: 18px; font-weight: bold;"&gt;10.52&lt;/span&gt;
                &lt;span style="color: #666; font-size: 12px; display: block; margin-top: 2px;"&gt;index&lt;/span&gt;
            &lt;/td&gt;
        &lt;/tr&gt;

    &lt;/table&gt;
&lt;/div&gt;
&lt;/div&gt;]]&gt;</description>
      <Point>
        <coordinates>101.69755744,3.15052494,0</coordinates>
      </Point>
    </Placemark>
    <Placemark>
      <name />
      <styleUrl>#boom_trap</styleUrl>
      <description>&lt;![CDATA[
&lt;div style="font-family: Arial, sans-serif; width: 350px; padding: 15px;"&gt;
    &lt;h2 style="color: #2c5364; margin: 0 0 15px 0; font-size: 20px; border-bottom: 2px solid #4fc3f7; padding-bottom: 10px;"&gt;
        BOOM_TRAP_027
    &lt;/h2&gt;
    &lt;table style="width: 100%; border-collapse: collapse; margin-bottom: 15px;"&gt;
        &lt;tr style="background: #f0f0f0;"&gt;
            &lt;td style="padding: 10px; font-weight: bold; width: 40%;"&gt;Type:&lt;/td&gt;
            &lt;td style="padding: 10px;"&gt;Boom Trap&lt;/td&gt;
        &lt;/tr&gt;
        &lt;tr&gt;
            &lt;td style="padding: 10px; font-weight: bold;"&gt;Location:&lt;/td&gt;
            &lt;td style="padding: 10px; font-size: 12px;"&gt;3.155002°N&lt;br&gt;101.702183°E&lt;/td&gt;
        &lt;/tr&gt;
    &lt;/table&gt;
    
&lt;div style="background: #f8f9fa; padding: 15px; border-radius: 8px; margin-top: 10px;"&gt;
    &lt;h3 style="color: #2c5364; margin: 0 0 15px 0; font-size: 16px;"&gt;📊 Active Sensors (8)&lt;/h3&gt;
    &lt;table style="width: 100%; border-collapse: collapse;"&gt;

        &lt;tr style="background: #ffffff;"&gt;
            &lt;td style="padding: 10px; vertical-align: top;"&gt;
                &lt;div style="font-weight: bold; margin-bottom: 5px;"&gt;
                    Conductivity &lt;span style="font-size: 14px;"&gt;↗️ &lt;span style="color: #666; font-size: 11px;"&gt;+33%&lt;/span&gt;&lt;/span&gt;
                &lt;/div&gt;
                &lt;div style="background: #ddd; border-radius: 10px; height: 8px; overflow: hidden;"&gt;
                    &lt;div style="background: #2196f3; height: 100%; width: 100%; transition: width 0.3s;"&gt;&lt;/div&gt;
                &lt;/div&gt;
                &lt;div style="font-size: 10px; color: #999; margin-top: 3px;"&gt;7d avg: 738.31 μS/cm&lt;/div&gt;
            &lt;/td&gt;
            &lt;td style="padding: 10px; text-align: right; vertical-align: top;"&gt;
                &lt;span style="color: #2196f3; font-size: 18px; font-weight: bold;"&gt;984.42&lt;/span&gt;
                &lt;span style="color: #666; font-size: 12px; display: block; margin-top: 2px;"&gt;μS/cm&lt;/span&gt;
            &lt;/td&gt;
        &lt;/tr&gt;

        &lt;tr style="background: #f0f0f0;"&gt;
            &lt;td style="padding: 10px; vertical-align: top;"&gt;
                &lt;div style="font-weight: bold; margin-bottom: 5px;"&gt;
                    Depth Gauge &lt;span style="font-size: 14px;"&gt;→ &lt;span style="color: #666; font-size: 11px;"&gt;stable&lt;/span&gt;&lt;/span&gt;
                &lt;/div&gt;
                &lt;div style="background: #ddd; border-radius: 10px; height: 8px; overflow: hidden;"&gt;
                    &lt;div style="background: #2196f3; height: 100%; width: 4.469531029702093%; transition: width 0.3s;"&gt;&lt;/div&gt;
                &lt;/div&gt;
                &lt;div style="font-size: 10px; color: #999; margin-top: 3px;"&gt;7d avg: 4.45 m&lt;/div&gt;
            &lt;/td&gt;
            &lt;td style="padding: 10px; text-align: right; vertical-align: top;"&gt;
                &lt;span style="color: #2196f3; font-size: 18px; font-weight: bold;"&gt;4.47&lt;/span&gt;
                &lt;span style="color: #666; font-size: 12px; display: block; margin-top: 2px;"&gt;m&lt;/span&gt;
            &lt;/td&gt;
        &lt;/tr&gt;

        &lt;tr style="background: #ffffff;"&gt;
            &lt;td style="padding: 10px; vertical-align: top;"&gt;
                &lt;div style="font-weight: bold; margin-bottom: 5px;"&gt;
                    Dissolved Oxygen &lt;span style="font-size: 14px;"&gt;↘️ &lt;span style="color: #666; font-size: 11px;"&gt;-5%&lt;/span&gt;&lt;/span&gt;
                &lt;/div&gt;
                &lt;div style="background: #ddd; border-radius: 10px; height: 8px; overflow: hidden;"&gt;
                    &lt;div style="background: #2196f3; height: 100%; width: 6.598517064056604%; transition: width 0.3s;"&gt;&lt;/div&gt;
                &lt;/div&gt;
                &lt;div style="font-size: 10px; color: #999; margin-top: 3px;"&gt;7d avg: 6.97 mg/L&lt;/div&gt;
            &lt;/td&gt;
            &lt;td style="padding: 10px; text-align: right; vertical-align: top;"&gt;
                &lt;span style="color: #2196f3; font-size: 18px; font-weight: bold;"&gt;6.60&lt;/span&gt;
                &lt;span style="color: #666; font-size: 12px; display: block; margin-top: 2px;"&gt;mg/L&lt;/span&gt;
            &lt;/td&gt;
        &lt;/tr&gt;

        &lt;tr style="background: #f0f0f0;"&gt;
            &lt;td style="padding: 10px; vertical-align: top;"&gt;
                &lt;div style="font-weight: bold; margin-bottom: 5px;"&gt;
                    Flow Meter &lt;span style="font-size: 14px;"&gt;→ &lt;span style="color: #666; font-size: 11px;"&gt;stable&lt;/span&gt;&lt;/span&gt;
                &lt;/div&gt;
                &lt;div style="background: #ddd; border-radius: 10px; height: 8px; overflow: hidden;"&gt;
                    &lt;div style="background: #2196f3; height: 100%; width: 3.671290504733693%; transition: width 0.3s;"&gt;&lt;/div&gt;
                &lt;/div&gt;
                &lt;div style="font-size: 10px; color: #999; margin-top: 3px;"&gt;7d avg: 3.54 m3/s&lt;/div&gt;
            &lt;/td&gt;
            &lt;td style="padding: 10px; text-align: right; vertical-align: top;"&gt;
                &lt;span style="color: #2196f3; font-size: 18px; font-weight: bold;"&gt;3.67&lt;/span&gt;
                &lt;span style="color: #666; font-size: 12px; display: block; margin-top: 2px;"&gt;m3/s&lt;/span&gt;
            &lt;/td&gt;
        &lt;/tr&gt;

        &lt;tr style="background: #ffffff;"&gt;
            &lt;td style="padding: 10px; vertical-align: top;"&gt;
                &lt;div style="font-weight: bold; margin-bottom: 5px;"&gt;
                    Ph Sensor &lt;span style="font-size: 14px;"&gt;→ &lt;span style="color: #666; font-size: 11px;"&gt;stable&lt;/span&gt;&lt;/span&gt;
                &lt;/div&gt;
                &lt;div style="background: #ddd; border-radius: 10px; height: 8px; overflow: hidden;"&gt;
                    &lt;div style="background: #2196f3; height: 100%; width: 5.631745614637411%; transition: width 0.3s;"&gt;&lt;/div&gt;
                &lt;/div&gt;
                &lt;div style="font-size: 10px; color: #999; margin-top: 3px;"&gt;7d avg: 5.52 pH&lt;/div&gt;
            &lt;/td&gt;
            &lt;td style="padding: 10px; text-align: right; vertical-align: top;"&gt;
                &lt;span style="color: #2196f3; font-size: 18px; font-weight: bold;"&gt;5.63&lt;/span&gt;
                &lt;span style="color: #666; font-size: 12px; display: block; margin-top: 2px;"&gt;pH&lt;/span&gt;
            &lt;/td&gt;
        &lt;/tr&gt;

        &lt;tr style="background: #f0f0f0;"&gt;
            &lt;td style="padding: 10px; vertical-align: top;"&gt;
                &lt;div style="font-weight: bold; margin-bottom: 5px;"&gt;
                    Temperature &lt;span style="font-size: 14px;"&gt;→ &lt;span style="color: #666; font-size: 11px;"&gt;stable&lt;/span&gt;&lt;/span&gt;
                &lt;/div&gt;
                &lt;div style="background: #ddd; border-radius: 10px; height: 8px; overflow: hidden;"&gt;
                    &lt;div style="background: #2196f3; height: 100%; width: 19.690477620941454%; transition: width 0.3s;"&gt;&lt;/div&gt;
                &lt;/div&gt;
                &lt;div style="font-size: 10px; color: #999; margin-top: 3px;"&gt;7d avg: 20.32 °C&lt;/div&gt;
            &lt;/td&gt;
            &lt;td style="padding: 10px; text-align: right; vertical-align: top;"&gt;
                &lt;span style="color: #2196f3; font-size: 18px; font-weight: bold;"&gt;19.69&lt;/span&gt;
                &lt;span style="color: #666; font-size: 12px; display: block; margin-top: 2px;"&gt;°C&lt;/span&gt;
            &lt;/td&gt;
        &lt;/tr&gt;

        &lt;tr style="background: #ffffff;"&gt;
            &lt;td style="padding: 10px; vertical-align: top;"&gt;
                &lt;div style="font-weight: bold; margin-bottom: 5px;"&gt;
                    Turbidity &lt;span style="font-size: 14px;"&gt;↗️ &lt;span style="color: #666; font-size: 11px;"&gt;+33%&lt;/span&gt;&lt;/span&gt;
                &lt;/div&gt;
                &lt;div style="background: #ddd; border-radius: 10px; height: 8px; overflow: hidden;"&gt;
                    &lt;div style="background: #2196f3; height: 100%; width: 61.86432222296136%; transition: width 0.3s;"&gt;&lt;/div&gt;
                &lt;/div&gt;
                &lt;div style="font-size: 10px; color: #999; margin-top: 3px;"&gt;7d avg: 46.40 NTU&lt;/div&gt;
            &lt;/td&gt;
            &lt;td style="padding: 10px; text-align: right; vertical-align: top;"&gt;
                &lt;span style="color: #2196f3; font-size: 18px; font-weight: bold;"&gt;61.86&lt;/span&gt;
                &lt;span style="color: #666; font-size: 12px; display: block; margin-top: 2px;"&gt;NTU&lt;/span&gt;
            &lt;/td&gt;
        &lt;/tr&gt;

        &lt;tr style="background: #f0f0f0;"&gt;
            &lt;td style="padding: 10px; vertical-align: top;"&gt;
                &lt;div style="font-weight: bold; margin-bottom: 5px;"&gt;
                    Water Quality &lt;span style="font-size: 14px;"&gt;↘️ &lt;span style="color: #666; font-size: 11px;"&gt;-5%&lt;/span&gt;&lt;/span&gt;
                &lt;/div&gt;
                &lt;div style="background: #ddd; border-radius: 10px; height: 8px; overflow: hidden;"&gt;
                    &lt;div style="background: #2196f3; height: 100%; width: 8.353099956311226%; transition: width 0.3s;"&gt;&lt;/div&gt;
                &lt;/div&gt;
                &lt;div style="font-size: 10px; color: #999; margin-top: 3px;"&gt;7d avg: 8.83 index&lt;/div&gt;
            &lt;/td&gt;
            &lt;td style="padding: 10px; text-align: right; vertical-align: top;"&gt;
                &lt;span style="color: #2196f3; font-size: 18px; font-weight: bold;"&gt;8.35&lt;/span&gt;
                &lt;span style="color: #666; font-size: 12px; display: block; margin-top: 2px;"&gt;index&lt;/span&gt;
            &lt;/td&gt;
        &lt;/tr&gt;

    &lt;/table&gt;
&lt;/div&gt;
&lt;/div&gt;]]&gt;</description>
      <Point>
        <coordinates>101.70218291,3.15500168,0</coordinates>
      </Point>
    </Placemark>
    <Placemark>
      <name />
      <styleUrl>#boom_trap</styleUrl>
      <description>&lt;![CDATA[
&lt;div style="font-family: Arial, sans-serif; width: 350px; padding: 15px;"&gt;
    &lt;h2 style="color: #2c5364; margin: 0 0 15px 0; font-size: 20px; border-bottom: 2px solid #4fc3f7; padding-bottom: 10px;"&gt;
        BOOM_TRAP_028
    &lt;/h2&gt;
    &lt;table style="width: 100%; border-collapse: collapse; margin-bottom: 15px;"&gt;
        &lt;tr style="background: #f0f0f0;"&gt;
            &lt;td style="padding: 10px; font-weight: bold; width: 40%;"&gt;Type:&lt;/td&gt;
            &lt;td style="padding: 10px;"&gt;Boom Trap&lt;/td&gt;
        &lt;/tr&gt;
        &lt;tr&gt;
            &lt;td style="padding: 10px; font-weight: bold;"&gt;Location:&lt;/td&gt;
            &lt;td style="padding: 10px; font-size: 12px;"&gt;3.163562°N&lt;br&gt;101.713878°E&lt;/td&gt;
        &lt;/tr&gt;
    &lt;/table&gt;
    
&lt;div style="background: #f8f9fa; padding: 15px; border-radius: 8px; margin-top: 10px;"&gt;
    &lt;h3 style="color: #2c5364; margin: 0 0 15px 0; font-size: 16px;"&gt;📊 Active Sensors (8)&lt;/h3&gt;
    &lt;table style="width: 100%; border-collapse: collapse;"&gt;

        &lt;tr style="background: #ffffff;"&gt;
            &lt;td style="padding: 10px; vertical-align: top;"&gt;
                &lt;div style="font-weight: bold; margin-bottom: 5px;"&gt;
                    Conductivity &lt;span style="font-size: 14px;"&gt;↗️ &lt;span style="color: #666; font-size: 11px;"&gt;+33%&lt;/span&gt;&lt;/span&gt;
                &lt;/div&gt;
                &lt;div style="background: #ddd; border-radius: 10px; height: 8px; overflow: hidden;"&gt;
                    &lt;div style="background: #2196f3; height: 100%; width: 100%; transition: width 0.3s;"&gt;&lt;/div&gt;
                &lt;/div&gt;
                &lt;div style="font-size: 10px; color: #999; margin-top: 3px;"&gt;7d avg: 626.48 μS/cm&lt;/div&gt;
            &lt;/td&gt;
            &lt;td style="padding: 10px; text-align: right; vertical-align: top;"&gt;
                &lt;span style="color: #2196f3; font-size: 18px; font-weight: bold;"&gt;835.30&lt;/span&gt;
                &lt;span style="color: #666; font-size: 12px; display: block; margin-top: 2px;"&gt;μS/cm&lt;/span&gt;
            &lt;/td&gt;
        &lt;/tr&gt;

        &lt;tr style="background: #f0f0f0;"&gt;
            &lt;td style="padding: 10px; vertical-align: top;"&gt;
                &lt;div style="font-weight: bold; margin-bottom: 5px;"&gt;
                    Depth Gauge &lt;span style="font-size: 14px;"&gt;→ &lt;span style="color: #666; font-size: 11px;"&gt;stable&lt;/span&gt;&lt;/span&gt;
                &lt;/div&gt;
                &lt;div style="background: #ddd; border-radius: 10px; height: 8px; overflow: hidden;"&gt;
                    &lt;div style="background: #2196f3; height: 100%; width: 3.588704438839183%; transition: width 0.3s;"&gt;&lt;/div&gt;
                &lt;/div&gt;
                &lt;div style="font-size: 10px; color: #999; margin-top: 3px;"&gt;7d avg: 3.53 m&lt;/div&gt;
            &lt;/td&gt;
            &lt;td style="padding: 10px; text-align: right; vertical-align: top;"&gt;
                &lt;span style="color: #2196f3; font-size: 18px; font-weight: bold;"&gt;3.59&lt;/span&gt;
                &lt;span style="color: #666; font-size: 12px; display: block; margin-top: 2px;"&gt;m&lt;/span&gt;
            &lt;/td&gt;
        &lt;/tr&gt;

        &lt;tr style="background: #ffffff;"&gt;
            &lt;td style="padding: 10px; vertical-align: top;"&gt;
                &lt;div style="font-weight: bold; margin-bottom: 5px;"&gt;
                    Dissolved Oxygen &lt;span style="font-size: 14px;"&gt;→ &lt;span style="color: #666; font-size: 11px;"&gt;stable&lt;/span&gt;&lt;/span&gt;
                &lt;/div&gt;
                &lt;div style="background: #ddd; border-radius: 10px; height: 8px; overflow: hidden;"&gt;
                    &lt;div style="background: #2196f3; height: 100%; width: 11.146509668725162%; transition: width 0.3s;"&gt;&lt;/div&gt;
                &lt;/div&gt;
                &lt;div style="font-size: 10px; color: #999; margin-top: 3px;"&gt;7d avg: 10.64 mg/L&lt;/div&gt;
            &lt;/td&gt;
            &lt;td style="padding: 10px; text-align: right; vertical-align: top;"&gt;
                &lt;span style="color: #2196f3; font-size: 18px; font-weight: bold;"&gt;11.15&lt;/span&gt;
                &lt;span style="color: #666; font-size: 12px; display: block; margin-top: 2px;"&gt;mg/L&lt;/span&gt;
            &lt;/td&gt;
        &lt;/tr&gt;

        &lt;tr style="background: #f0f0f0;"&gt;
            &lt;td style="padding: 10px; vertical-align: top;"&gt;
                &lt;div style="font-weight: bold; margin-bottom: 5px;"&gt;
                    Flow Meter &lt;span style="font-size: 14px;"&gt;↗️ &lt;span style="color: #666; font-size: 11px;"&gt;+9%&lt;/span&gt;&lt;/span&gt;
                &lt;/div&gt;
                &lt;div style="background: #ddd; border-radius: 10px; height: 8px; overflow: hidden;"&gt;
                    &lt;div style="background: #2196f3; height: 100%; width: 2.9046524331830463%; transition: width 0.3s;"&gt;&lt;/div&gt;
                &lt;/div&gt;
                &lt;div style="font-size: 10px; color: #999; margin-top: 3px;"&gt;7d avg: 2.67 m3/s&lt;/div&gt;
            &lt;/td&gt;
            &lt;td style="padding: 10px; text-align: right; vertical-align: top;"&gt;
                &lt;span style="color: #2196f3; font-size: 18px; font-weight: bold;"&gt;2.90&lt;/span&gt;
                &lt;span style="color: #666; font-size: 12px; display: block; margin-top: 2px;"&gt;m3/s&lt;/span&gt;
            &lt;/td&gt;
        &lt;/tr&gt;

        &lt;tr style="background: #ffffff;"&gt;
            &lt;td style="padding: 10px; vertical-align: top;"&gt;
                &lt;div style="font-weight: bold; margin-bottom: 5px;"&gt;
                    Ph Sensor &lt;span style="font-size: 14px;"&gt;→ &lt;span style="color: #666; font-size: 11px;"&gt;stable&lt;/span&gt;&lt;/span&gt;
                &lt;/div&gt;
                &lt;div style="background: #ddd; border-radius: 10px; height: 8px; overflow: hidden;"&gt;
                    &lt;div style="background: #2196f3; height: 100%; width: 6.4086744154293065%; transition: width 0.3s;"&gt;&lt;/div&gt;
                &lt;/div&gt;
                &lt;div style="font-size: 10px; color: #999; margin-top: 3px;"&gt;7d avg: 6.23 pH&lt;/div&gt;
            &lt;/td&gt;
            &lt;td style="padding: 10px; text-align: right; vertical-align: top;"&gt;
                &lt;span style="color: #2196f3; font-size: 18px; font-weight: bold;"&gt;6.41&lt;/span&gt;
                &lt;span style="color: #666; font-size: 12px; display: block; margin-top: 2px;"&gt;pH&lt;/span&gt;
            &lt;/td&gt;
        &lt;/tr&gt;

        &lt;tr style="background: #f0f0f0;"&gt;
            &lt;td style="padding: 10px; vertical-align: top;"&gt;
                &lt;div style="font-weight: bold; margin-bottom: 5px;"&gt;
                    Temperature &lt;span style="font-size: 14px;"&gt;↘️ &lt;span style="color: #666; font-size: 11px;"&gt;-6%&lt;/span&gt;&lt;/span&gt;
                &lt;/div&gt;
                &lt;div style="background: #ddd; border-radius: 10px; height: 8px; overflow: hidden;"&gt;
                    &lt;div style="background: #2196f3; height: 100%; width: 14.682107073007227%; transition: width 0.3s;"&gt;&lt;/div&gt;
                &lt;/div&gt;
                &lt;div style="font-size: 10px; color: #999; margin-top: 3px;"&gt;7d avg: 15.56 °C&lt;/div&gt;
            &lt;/td&gt;
            &lt;td style="padding: 10px; text-align: right; vertical-align: top;"&gt;
                &lt;span style="color: #2196f3; font-size: 18px; font-weight: bold;"&gt;14.68&lt;/span&gt;
                &lt;span style="color: #666; font-size: 12px; display: block; margin-top: 2px;"&gt;°C&lt;/span&gt;
            &lt;/td&gt;
        &lt;/tr&gt;

        &lt;tr style="background: #ffffff;"&gt;
            &lt;td style="padding: 10px; vertical-align: top;"&gt;
                &lt;div style="font-weight: bold; margin-bottom: 5px;"&gt;
                    Turbidity &lt;span style="font-size: 14px;"&gt;↗️ &lt;span style="color: #666; font-size: 11px;"&gt;+33%&lt;/span&gt;&lt;/span&gt;
                &lt;/div&gt;
                &lt;div style="background: #ddd; border-radius: 10px; height: 8px; overflow: hidden;"&gt;
                    &lt;div style="background: #2196f3; height: 100%; width: 100%; transition: width 0.3s;"&gt;&lt;/div&gt;
                &lt;/div&gt;
                &lt;div style="font-size: 10px; color: #999; margin-top: 3px;"&gt;7d avg: 94.27 NTU&lt;/div&gt;
            &lt;/td&gt;
            &lt;td style="padding: 10px; text-align: right; vertical-align: top;"&gt;
                &lt;span style="color: #2196f3; font-size: 18px; font-weight: bold;"&gt;125.69&lt;/span&gt;
                &lt;span style="color: #666; font-size: 12px; display: block; margin-top: 2px;"&gt;NTU&lt;/span&gt;
            &lt;/td&gt;
        &lt;/tr&gt;

        &lt;tr style="background: #f0f0f0;"&gt;
            &lt;td style="padding: 10px; vertical-align: top;"&gt;
                &lt;div style="font-weight: bold; margin-bottom: 5px;"&gt;
                    Water Quality &lt;span style="font-size: 14px;"&gt;→ &lt;span style="color: #666; font-size: 11px;"&gt;stable&lt;/span&gt;&lt;/span&gt;
                &lt;/div&gt;
                &lt;div style="background: #ddd; border-radius: 10px; height: 8px; overflow: hidden;"&gt;
                    &lt;div style="background: #2196f3; height: 100%; width: 11.875878906550948%; transition: width 0.3s;"&gt;&lt;/div&gt;
                &lt;/div&gt;
                &lt;div style="font-size: 10px; color: #999; margin-top: 3px;"&gt;7d avg: 11.78 index&lt;/div&gt;
            &lt;/td&gt;
            &lt;td style="padding: 10px; text-align: right; vertical-align: top;"&gt;
                &lt;span style="color: #2196f3; font-size: 18px; font-weight: bold;"&gt;11.88&lt;/span&gt;
                &lt;span style="color: #666; font-size: 12px; display: block; margin-top: 2px;"&gt;index&lt;/span&gt;
            &lt;/td&gt;
        &lt;/tr&gt;

    &lt;/table&gt;
&lt;/div&gt;
&lt;/div&gt;]]&gt;</description>
      <Point>
        <coordinates>101.71387778,3.16356234,0</coordinates>
      </Point>
    </Placemark>
    <Placemark>
      <name />
      <styleUrl>#boom_trap</styleUrl>
      <description>&lt;![CDATA[
&lt;div style="font-family: Arial, sans-serif; width: 350px; padding: 15px;"&gt;
    &lt;h2 style="color: #2c5364; margin: 0 0 15px 0; font-size: 20px; border-bottom: 2px solid #4fc3f7; padding-bottom: 10px;"&gt;
        BOOM_TRAP_029
    &lt;/h2&gt;
    &lt;table style="width: 100%; border-collapse: collapse; margin-bottom: 15px;"&gt;
        &lt;tr style="background: #f0f0f0;"&gt;
            &lt;td style="padding: 10px; font-weight: bold; width: 40%;"&gt;Type:&lt;/td&gt;
            &lt;td style="padding: 10px;"&gt;Boom Trap&lt;/td&gt;
        &lt;/tr&gt;
        &lt;tr&gt;
            &lt;td style="padding: 10px; font-weight: bold;"&gt;Location:&lt;/td&gt;
            &lt;td style="padding: 10px; font-size: 12px;"&gt;3.164071°N&lt;br&gt;101.729481°E&lt;/td&gt;
        &lt;/tr&gt;
    &lt;/table&gt;
    
&lt;div style="background: #f8f9fa; padding: 15px; border-radius: 8px; margin-top: 10px;"&gt;
    &lt;h3 style="color: #2c5364; margin: 0 0 15px 0; font-size: 16px;"&gt;📊 Active Sensors (8)&lt;/h3&gt;
    &lt;table style="width: 100%; border-collapse: collapse;"&gt;

        &lt;tr style="background: #ffffff;"&gt;
            &lt;td style="padding: 10px; vertical-align: top;"&gt;
                &lt;div style="font-weight: bold; margin-bottom: 5px;"&gt;
                    Conductivity &lt;span style="font-size: 14px;"&gt;↗️ &lt;span style="color: #666; font-size: 11px;"&gt;+33%&lt;/span&gt;&lt;/span&gt;
                &lt;/div&gt;
                &lt;div style="background: #ddd; border-radius: 10px; height: 8px; overflow: hidden;"&gt;
                    &lt;div style="background: #2196f3; height: 100%; width: 100%; transition: width 0.3s;"&gt;&lt;/div&gt;
                &lt;/div&gt;
                &lt;div style="font-size: 10px; color: #999; margin-top: 3px;"&gt;7d avg: 389.47 μS/cm&lt;/div&gt;
            &lt;/td&gt;
            &lt;td style="padding: 10px; text-align: right; vertical-align: top;"&gt;
                &lt;span style="color: #2196f3; font-size: 18px; font-weight: bold;"&gt;519.30&lt;/span&gt;
                &lt;span style="color: #666; font-size: 12px; display: block; margin-top: 2px;"&gt;μS/cm&lt;/span&gt;
            &lt;/td&gt;
        &lt;/tr&gt;

        &lt;tr style="background: #f0f0f0;"&gt;
            &lt;td style="padding: 10px; vertical-align: top;"&gt;
                &lt;div style="font-weight: bold; margin-bottom: 5px;"&gt;
                    Depth Gauge &lt;span style="font-size: 14px;"&gt;→ &lt;span style="color: #666; font-size: 11px;"&gt;stable&lt;/span&gt;&lt;/span&gt;
                &lt;/div&gt;
                &lt;div style="background: #ddd; border-radius: 10px; height: 8px; overflow: hidden;"&gt;
                    &lt;div style="background: #2196f3; height: 100%; width: 6.541230617290051%; transition: width 0.3s;"&gt;&lt;/div&gt;
                &lt;/div&gt;
                &lt;div style="font-size: 10px; color: #999; margin-top: 3px;"&gt;7d avg: 6.29 m&lt;/div&gt;
            &lt;/td&gt;
            &lt;td style="padding: 10px; text-align: right; vertical-align: top;"&gt;
                &lt;span style="color: #2196f3; font-size: 18px; font-weight: bold;"&gt;6.54&lt;/span&gt;
                &lt;span style="color: #666; font-size: 12px; display: block; margin-top: 2px;"&gt;m&lt;/span&gt;
            &lt;/td&gt;
        &lt;/tr&gt;

        &lt;tr style="background: #ffffff;"&gt;
            &lt;td style="padding: 10px; vertical-align: top;"&gt;
                &lt;div style="font-weight: bold; margin-bottom: 5px;"&gt;
                    Dissolved Oxygen &lt;span style="font-size: 14px;"&gt;→ &lt;span style="color: #666; font-size: 11px;"&gt;stable&lt;/span&gt;&lt;/span&gt;
                &lt;/div&gt;
                &lt;div style="background: #ddd; border-radius: 10px; height: 8px; overflow: hidden;"&gt;
                    &lt;div style="background: #2196f3; height: 100%; width: 7.691453756960468%; transition: width 0.3s;"&gt;&lt;/div&gt;
                &lt;/div&gt;
                &lt;div style="font-size: 10px; color: #999; margin-top: 3px;"&gt;7d avg: 7.68 mg/L&lt;/div&gt;
            &lt;/td&gt;
            &lt;td style="padding: 10px; text-align: right; vertical-align: top;"&gt;
                &lt;span style="color: #2196f3; font-size: 18px; font-weight: bold;"&gt;7.69&lt;/span&gt;
                &lt;span style="color: #666; font-size: 12px; display: block; margin-top: 2px;"&gt;mg/L&lt;/span&gt;
            &lt;/td&gt;
        &lt;/tr&gt;

        &lt;tr style="background: #f0f0f0;"&gt;
            &lt;td style="padding: 10px; vertical-align: top;"&gt;
                &lt;div style="font-weight: bold; margin-bottom: 5px;"&gt;
                    Flow Meter &lt;span style="font-size: 14px;"&gt;↘️ &lt;span style="color: #666; font-size: 11px;"&gt;-7%&lt;/span&gt;&lt;/span&gt;
                &lt;/div&gt;
                &lt;div style="background: #ddd; border-radius: 10px; height: 8px; overflow: hidden;"&gt;
                    &lt;div style="background: #2196f3; height: 100%; width: 1.268066622236953%; transition: width 0.3s;"&gt;&lt;/div&gt;
                &lt;/div&gt;
                &lt;div style="font-size: 10px; color: #999; margin-top: 3px;"&gt;7d avg: 1.36 m3/s&lt;/div&gt;
            &lt;/td&gt;
            &lt;td style="padding: 10px; text-align: right; vertical-align: top;"&gt;
                &lt;span style="color: #2196f3; font-size: 18px; font-weight: bold;"&gt;1.27&lt;/span&gt;
                &lt;span style="color: #666; font-size: 12px; display: block; margin-top: 2px;"&gt;m3/s&lt;/span&gt;
            &lt;/td&gt;
        &lt;/tr&gt;

        &lt;tr style="background: #ffffff;"&gt;
            &lt;td style="padding: 10px; vertical-align: top;"&gt;
                &lt;div style="font-weight: bold; margin-bottom: 5px;"&gt;
                    Ph Sensor &lt;span style="font-size: 14px;"&gt;↘️ &lt;span style="color: #666; font-size: 11px;"&gt;-9%&lt;/span&gt;&lt;/span&gt;
                &lt;/div&gt;
                &lt;div style="background: #ddd; border-radius: 10px; height: 8px; overflow: hidden;"&gt;
                    &lt;div style="background: #2196f3; height: 100%; width: 4.96853129210498%; transition: width 0.3s;"&gt;&lt;/div&gt;
                &lt;/div&gt;
                &lt;div style="font-size: 10px; color: #999; margin-top: 3px;"&gt;7d avg: 5.47 pH&lt;/div&gt;
            &lt;/td&gt;
            &lt;td style="padding: 10px; text-align: right; vertical-align: top;"&gt;
                &lt;span style="color: #2196f3; font-size: 18px; font-weight: bold;"&gt;4.97&lt;/span&gt;
                &lt;span style="color: #666; font-size: 12px; display: block; margin-top: 2px;"&gt;pH&lt;/span&gt;
            &lt;/td&gt;
        &lt;/tr&gt;

        &lt;tr style="background: #f0f0f0;"&gt;
            &lt;td style="padding: 10px; vertical-align: top;"&gt;
                &lt;div style="font-weight: bold; margin-bottom: 5px;"&gt;
                    Temperature &lt;span style="font-size: 14px;"&gt;→ &lt;span style="color: #666; font-size: 11px;"&gt;stable&lt;/span&gt;&lt;/span&gt;
                &lt;/div&gt;
                &lt;div style="background: #ddd; border-radius: 10px; height: 8px; overflow: hidden;"&gt;
                    &lt;div style="background: #2196f3; height: 100%; width: 27.65923187236707%; transition: width 0.3s;"&gt;&lt;/div&gt;
                &lt;/div&gt;
                &lt;div style="font-size: 10px; color: #999; margin-top: 3px;"&gt;7d avg: 27.77 °C&lt;/div&gt;
            &lt;/td&gt;
            &lt;td style="padding: 10px; text-align: right; vertical-align: top;"&gt;
                &lt;span style="color: #2196f3; font-size: 18px; font-weight: bold;"&gt;27.66&lt;/span&gt;
                &lt;span style="color: #666; font-size: 12px; display: block; margin-top: 2px;"&gt;°C&lt;/span&gt;
            &lt;/td&gt;
        &lt;/tr&gt;

        &lt;tr style="background: #ffffff;"&gt;
            &lt;td style="padding: 10px; vertical-align: top;"&gt;
                &lt;div style="font-weight: bold; margin-bottom: 5px;"&gt;
                    Turbidity &lt;span style="font-size: 14px;"&gt;↗️ &lt;span style="color: #666; font-size: 11px;"&gt;+33%&lt;/span&gt;&lt;/span&gt;
                &lt;/div&gt;
                &lt;div style="background: #ddd; border-radius: 10px; height: 8px; overflow: hidden;"&gt;
                    &lt;div style="background: #2196f3; height: 100%; width: 89.17706041336949%; transition: width 0.3s;"&gt;&lt;/div&gt;
                &lt;/div&gt;
                &lt;div style="font-size: 10px; color: #999; margin-top: 3px;"&gt;7d avg: 66.88 NTU&lt;/div&gt;
            &lt;/td&gt;
            &lt;td style="padding: 10px; text-align: right; vertical-align: top;"&gt;
                &lt;span style="color: #2196f3; font-size: 18px; font-weight: bold;"&gt;89.18&lt;/span&gt;
                &lt;span style="color: #666; font-size: 12px; display: block; margin-top: 2px;"&gt;NTU&lt;/span&gt;
            &lt;/td&gt;
        &lt;/tr&gt;

        &lt;tr style="background: #f0f0f0;"&gt;
            &lt;td style="padding: 10px; vertical-align: top;"&gt;
                &lt;div style="font-weight: bold; margin-bottom: 5px;"&gt;
                    Water Quality &lt;span style="font-size: 14px;"&gt;↗️ &lt;span style="color: #666; font-size: 11px;"&gt;+5%&lt;/span&gt;&lt;/span&gt;
                &lt;/div&gt;
                &lt;div style="background: #ddd; border-radius: 10px; height: 8px; overflow: hidden;"&gt;
                    &lt;div style="background: #2196f3; height: 100%; width: 4.743339586725845%; transition: width 0.3s;"&gt;&lt;/div&gt;
                &lt;/div&gt;
                &lt;div style="font-size: 10px; color: #999; margin-top: 3px;"&gt;7d avg: 4.51 index&lt;/div&gt;
            &lt;/td&gt;
            &lt;td style="padding: 10px; text-align: right; vertical-align: top;"&gt;
                &lt;span style="color: #2196f3; font-size: 18px; font-weight: bold;"&gt;4.74&lt;/span&gt;
                &lt;span style="color: #666; font-size: 12px; display: block; margin-top: 2px;"&gt;index&lt;/span&gt;
            &lt;/td&gt;
        &lt;/tr&gt;

    &lt;/table&gt;
&lt;/div&gt;
&lt;/div&gt;]]&gt;</description>
      <Point>
        <coordinates>101.72948144,3.16407063,0</coordinates>
      </Point>
    </Placemark>
    <Placemark>
      <name />
      <styleUrl>#boom_trap</styleUrl>
      <description>&lt;![CDATA[
&lt;div style="font-family: Arial, sans-serif; width: 350px; padding: 15px;"&gt;
    &lt;h2 style="color: #2c5364; margin: 0 0 15px 0; font-size: 20px; border-bottom: 2px solid #4fc3f7; padding-bottom: 10px;"&gt;
        BOOM_TRAP_030
    &lt;/h2&gt;
    &lt;table style="width: 100%; border-collapse: collapse; margin-bottom: 15px;"&gt;
        &lt;tr style="background: #f0f0f0;"&gt;
            &lt;td style="padding: 10px; font-weight: bold; width: 40%;"&gt;Type:&lt;/td&gt;
            &lt;td style="padding: 10px;"&gt;Boom Trap&lt;/td&gt;
        &lt;/tr&gt;
        &lt;tr&gt;
            &lt;td style="padding: 10px; font-weight: bold;"&gt;Location:&lt;/td&gt;
            &lt;td style="padding: 10px; font-size: 12px;"&gt;3.164924°N&lt;br&gt;101.736990°E&lt;/td&gt;
        &lt;/tr&gt;
    &lt;/table&gt;
    
&lt;div style="background: #f8f9fa; padding: 15px; border-radius: 8px; margin-top: 10px;"&gt;
    &lt;h3 style="color: #2c5364; margin: 0 0 15px 0; font-size: 16px;"&gt;📊 Active Sensors (8)&lt;/h3&gt;
    &lt;table style="width: 100%; border-collapse: collapse;"&gt;

        &lt;tr style="background: #ffffff;"&gt;
            &lt;td style="padding: 10px; vertical-align: top;"&gt;
                &lt;div style="font-weight: bold; margin-bottom: 5px;"&gt;
                    Conductivity &lt;span style="font-size: 14px;"&gt;↗️ &lt;span style="color: #666; font-size: 11px;"&gt;+33%&lt;/span&gt;&lt;/span&gt;
                &lt;/div&gt;
                &lt;div style="background: #ddd; border-radius: 10px; height: 8px; overflow: hidden;"&gt;
                    &lt;div style="background: #2196f3; height: 100%; width: 100%; transition: width 0.3s;"&gt;&lt;/div&gt;
                &lt;/div&gt;
                &lt;div style="font-size: 10px; color: #999; margin-top: 3px;"&gt;7d avg: 368.01 μS/cm&lt;/div&gt;
            &lt;/td&gt;
            &lt;td style="padding: 10px; text-align: right; vertical-align: top;"&gt;
                &lt;span style="color: #2196f3; font-size: 18px; font-weight: bold;"&gt;490.68&lt;/span&gt;
                &lt;span style="color: #666; font-size: 12px; display: block; margin-top: 2px;"&gt;μS/cm&lt;/span&gt;
            &lt;/td&gt;
        &lt;/tr&gt;

        &lt;tr style="background: #f0f0f0;"&gt;
            &lt;td style="padding: 10px; vertical-align: top;"&gt;
                &lt;div style="font-weight: bold; margin-bottom: 5px;"&gt;
                    Depth Gauge &lt;span style="font-size: 14px;"&gt;→ &lt;span style="color: #666; font-size: 11px;"&gt;stable&lt;/span&gt;&lt;/span&gt;
                &lt;/div&gt;
                &lt;div style="background: #ddd; border-radius: 10px; height: 8px; overflow: hidden;"&gt;
                    &lt;div style="background: #2196f3; height: 100%; width: 6.445321407836063%; transition: width 0.3s;"&gt;&lt;/div&gt;
                &lt;/div&gt;
                &lt;div style="font-size: 10px; color: #999; margin-top: 3px;"&gt;7d avg: 6.41 m&lt;/div&gt;
            &lt;/td&gt;
            &lt;td style="padding: 10px; text-align: right; vertical-align: top;"&gt;
                &lt;span style="color: #2196f3; font-size: 18px; font-weight: bold;"&gt;6.45&lt;/span&gt;
                &lt;span style="color: #666; font-size: 12px; display: block; margin-top: 2px;"&gt;m&lt;/span&gt;
            &lt;/td&gt;
        &lt;/tr&gt;

        &lt;tr style="background: #ffffff;"&gt;
            &lt;td style="padding: 10px; vertical-align: top;"&gt;
                &lt;div style="font-weight: bold; margin-bottom: 5px;"&gt;
                    Dissolved Oxygen &lt;span style="font-size: 14px;"&gt;↘️ &lt;span style="color: #666; font-size: 11px;"&gt;-9%&lt;/span&gt;&lt;/span&gt;
                &lt;/div&gt;
                &lt;div style="background: #ddd; border-radius: 10px; height: 8px; overflow: hidden;"&gt;
                    &lt;div style="background: #2196f3; height: 100%; width: 10.324417660663%; transition: width 0.3s;"&gt;&lt;/div&gt;
                &lt;/div&gt;
                &lt;div style="font-size: 10px; color: #999; margin-top: 3px;"&gt;7d avg: 11.31 mg/L&lt;/div&gt;
            &lt;/td&gt;
            &lt;td style="padding: 10px; text-align: right; vertical-align: top;"&gt;
                &lt;span style="color: #2196f3; font-size: 18px; font-weight: bold;"&gt;10.32&lt;/span&gt;
                &lt;span style="color: #666; font-size: 12px; display: block; margin-top: 2px;"&gt;mg/L&lt;/span&gt;
            &lt;/td&gt;
        &lt;/tr&gt;

        &lt;tr style="background: #f0f0f0;"&gt;
            &lt;td style="padding: 10px; vertical-align: top;"&gt;
                &lt;div style="font-weight: bold; margin-bottom: 5px;"&gt;
                    Flow Meter &lt;span style="font-size: 14px;"&gt;→ &lt;span style="color: #666; font-size: 11px;"&gt;stable&lt;/span&gt;&lt;/span&gt;
                &lt;/div&gt;
                &lt;div style="background: #ddd; border-radius: 10px; height: 8px; overflow: hidden;"&gt;
                    &lt;div style="background: #2196f3; height: 100%; width: 1.5027066856010214%; transition: width 0.3s;"&gt;&lt;/div&gt;
                &lt;/div&gt;
                &lt;div style="font-size: 10px; color: #999; margin-top: 3px;"&gt;7d avg: 1.52 m3/s&lt;/div&gt;
            &lt;/td&gt;
            &lt;td style="padding: 10px; text-align: right; vertical-align: top;"&gt;
                &lt;span style="color: #2196f3; font-size: 18px; font-weight: bold;"&gt;1.50&lt;/span&gt;
                &lt;span style="color: #666; font-size: 12px; display: block; margin-top: 2px;"&gt;m3/s&lt;/span&gt;
            &lt;/td&gt;
        &lt;/tr&gt;

        &lt;tr style="background: #ffffff;"&gt;
            &lt;td style="padding: 10px; vertical-align: top;"&gt;
                &lt;div style="font-weight: bold; margin-bottom: 5px;"&gt;
                    Ph Sensor &lt;span style="font-size: 14px;"&gt;→ &lt;span style="color: #666; font-size: 11px;"&gt;stable&lt;/span&gt;&lt;/span&gt;
                &lt;/div&gt;
                &lt;div style="background: #ddd; border-radius: 10px; height: 8px; overflow: hidden;"&gt;
                    &lt;div style="background: #2196f3; height: 100%; width: 5.561459682074006%; transition: width 0.3s;"&gt;&lt;/div&gt;
                &lt;/div&gt;
                &lt;div style="font-size: 10px; color: #999; margin-top: 3px;"&gt;7d avg: 5.49 pH&lt;/div&gt;
            &lt;/td&gt;
            &lt;td style="padding: 10px; text-align: right; vertical-align: top;"&gt;
                &lt;span style="color: #2196f3; font-size: 18px; font-weight: bold;"&gt;5.56&lt;/span&gt;
                &lt;span style="color: #666; font-size: 12px; display: block; margin-top: 2px;"&gt;pH&lt;/span&gt;
            &lt;/td&gt;
        &lt;/tr&gt;

        &lt;tr style="background: #f0f0f0;"&gt;
            &lt;td style="padding: 10px; vertical-align: top;"&gt;
                &lt;div style="font-weight: bold; margin-bottom: 5px;"&gt;
                    Temperature &lt;span style="font-size: 14px;"&gt;→ &lt;span style="color: #666; font-size: 11px;"&gt;stable&lt;/span&gt;&lt;/span&gt;
                &lt;/div&gt;
                &lt;div style="background: #ddd; border-radius: 10px; height: 8px; overflow: hidden;"&gt;
                    &lt;div style="background: #2196f3; height: 100%; width: 15.5582997818366%; transition: width 0.3s;"&gt;&lt;/div&gt;
                &lt;/div&gt;
                &lt;div style="font-size: 10px; color: #999; margin-top: 3px;"&gt;7d avg: 15.39 °C&lt;/div&gt;
            &lt;/td&gt;
            &lt;td style="padding: 10px; text-align: right; vertical-align: top;"&gt;
                &lt;span style="color: #2196f3; font-size: 18px; font-weight: bold;"&gt;15.56&lt;/span&gt;
                &lt;span style="color: #666; font-size: 12px; display: block; margin-top: 2px;"&gt;°C&lt;/span&gt;
            &lt;/td&gt;
        &lt;/tr&gt;

        &lt;tr style="background: #ffffff;"&gt;
            &lt;td style="padding: 10px; vertical-align: top;"&gt;
                &lt;div style="font-weight: bold; margin-bottom: 5px;"&gt;
                    Turbidity &lt;span style="font-size: 14px;"&gt;↗️ &lt;span style="color: #666; font-size: 11px;"&gt;+33%&lt;/span&gt;&lt;/span&gt;
                &lt;/div&gt;
                &lt;div style="background: #ddd; border-radius: 10px; height: 8px; overflow: hidden;"&gt;
                    &lt;div style="background: #2196f3; height: 100%; width: 93.41658333117823%; transition: width 0.3s;"&gt;&lt;/div&gt;
                &lt;/div&gt;
                &lt;div style="font-size: 10px; color: #999; margin-top: 3px;"&gt;7d avg: 70.06 NTU&lt;/div&gt;
            &lt;/td&gt;
            &lt;td style="padding: 10px; text-align: right; vertical-align: top;"&gt;
                &lt;span style="color: #2196f3; font-size: 18px; font-weight: bold;"&gt;93.42&lt;/span&gt;
                &lt;span style="color: #666; font-size: 12px; display: block; margin-top: 2px;"&gt;NTU&lt;/span&gt;
            &lt;/td&gt;
        &lt;/tr&gt;

        &lt;tr style="background: #f0f0f0;"&gt;
            &lt;td style="padding: 10px; vertical-align: top;"&gt;
                &lt;div style="font-weight: bold; margin-bottom: 5px;"&gt;
                    Water Quality &lt;span style="font-size: 14px;"&gt;→ &lt;span style="color: #666; font-size: 11px;"&gt;stable&lt;/span&gt;&lt;/span&gt;
                &lt;/div&gt;
                &lt;div style="background: #ddd; border-radius: 10px; height: 8px; overflow: hidden;"&gt;
                    &lt;div style="background: #2196f3; height: 100%; width: 6.1831399914543645%; transition: width 0.3s;"&gt;&lt;/div&gt;
                &lt;/div&gt;
                &lt;div style="font-size: 10px; color: #999; margin-top: 3px;"&gt;7d avg: 6.26 index&lt;/div&gt;
            &lt;/td&gt;
            &lt;td style="padding: 10px; text-align: right; vertical-align: top;"&gt;
                &lt;span style="color: #2196f3; font-size: 18px; font-weight: bold;"&gt;6.18&lt;/span&gt;
                &lt;span style="color: #666; font-size: 12px; display: block; margin-top: 2px;"&gt;index&lt;/span&gt;
            &lt;/td&gt;
        &lt;/tr&gt;

    &lt;/table&gt;
&lt;/div&gt;
&lt;/div&gt;]]&gt;</description>
      <Point>
        <coordinates>101.73698952,3.16492355,0</coordinates>
      </Point>
    </Placemark>
    <Placemark>
      <name />
      <styleUrl>#boom_trap</styleUrl>
      <description>&lt;![CDATA[
&lt;div style="font-family: Arial, sans-serif; width: 350px; padding: 15px;"&gt;
    &lt;h2 style="color: #2c5364; margin: 0 0 15px 0; font-size: 20px; border-bottom: 2px solid #4fc3f7; padding-bottom: 10px;"&gt;
        BOOM_TRAP_031
    &lt;/h2&gt;
    &lt;table style="width: 100%; border-collapse: collapse; margin-bottom: 15px;"&gt;
        &lt;tr style="background: #f0f0f0;"&gt;
            &lt;td style="padding: 10px; font-weight: bold; width: 40%;"&gt;Type:&lt;/td&gt;
            &lt;td style="padding: 10px;"&gt;Boom Trap&lt;/td&gt;
        &lt;/tr&gt;
        &lt;tr&gt;
            &lt;td style="padding: 10px; font-weight: bold;"&gt;Location:&lt;/td&gt;
            &lt;td style="padding: 10px; font-size: 12px;"&gt;3.172748°N&lt;br&gt;101.756759°E&lt;/td&gt;
        &lt;/tr&gt;
    &lt;/table&gt;
    
&lt;div style="background: #f8f9fa; padding: 15px; border-radius: 8px; margin-top: 10px;"&gt;
    &lt;h3 style="color: #2c5364; margin: 0 0 15px 0; font-size: 16px;"&gt;📊 Active Sensors (8)&lt;/h3&gt;
    &lt;table style="width: 100%; border-collapse: collapse;"&gt;

        &lt;tr style="background: #ffffff;"&gt;
            &lt;td style="padding: 10px; vertical-align: top;"&gt;
                &lt;div style="font-weight: bold; margin-bottom: 5px;"&gt;
                    Conductivity &lt;span style="font-size: 14px;"&gt;↗️ &lt;span style="color: #666; font-size: 11px;"&gt;+33%&lt;/span&gt;&lt;/span&gt;
                &lt;/div&gt;
                &lt;div style="background: #ddd; border-radius: 10px; height: 8px; overflow: hidden;"&gt;
                    &lt;div style="background: #2196f3; height: 100%; width: 100%; transition: width 0.3s;"&gt;&lt;/div&gt;
                &lt;/div&gt;
                &lt;div style="font-size: 10px; color: #999; margin-top: 3px;"&gt;7d avg: 330.58 μS/cm&lt;/div&gt;
            &lt;/td&gt;
            &lt;td style="padding: 10px; text-align: right; vertical-align: top;"&gt;
                &lt;span style="color: #2196f3; font-size: 18px; font-weight: bold;"&gt;440.77&lt;/span&gt;
                &lt;span style="color: #666; font-size: 12px; display: block; margin-top: 2px;"&gt;μS/cm&lt;/span&gt;
            &lt;/td&gt;
        &lt;/tr&gt;

        &lt;tr style="background: #f0f0f0;"&gt;
            &lt;td style="padding: 10px; vertical-align: top;"&gt;
                &lt;div style="font-weight: bold; margin-bottom: 5px;"&gt;
                    Depth Gauge &lt;span style="font-size: 14px;"&gt;→ &lt;span style="color: #666; font-size: 11px;"&gt;stable&lt;/span&gt;&lt;/span&gt;
                &lt;/div&gt;
                &lt;div style="background: #ddd; border-radius: 10px; height: 8px; overflow: hidden;"&gt;
                    &lt;div style="background: #2196f3; height: 100%; width: 4.495499566074262%; transition: width 0.3s;"&gt;&lt;/div&gt;
                &lt;/div&gt;
                &lt;div style="font-size: 10px; color: #999; margin-top: 3px;"&gt;7d avg: 4.48 m&lt;/div&gt;
            &lt;/td&gt;
            &lt;td style="padding: 10px; text-align: right; vertical-align: top;"&gt;
                &lt;span style="color: #2196f3; font-size: 18px; font-weight: bold;"&gt;4.50&lt;/span&gt;
                &lt;span style="color: #666; font-size: 12px; display: block; margin-top: 2px;"&gt;m&lt;/span&gt;
            &lt;/td&gt;
        &lt;/tr&gt;

        &lt;tr style="background: #ffffff;"&gt;
            &lt;td style="padding: 10px; vertical-align: top;"&gt;
                &lt;div style="font-weight: bold; margin-bottom: 5px;"&gt;
                    Dissolved Oxygen &lt;span style="font-size: 14px;"&gt;→ &lt;span style="color: #666; font-size: 11px;"&gt;stable&lt;/span&gt;&lt;/span&gt;
                &lt;/div&gt;
                &lt;div style="background: #ddd; border-radius: 10px; height: 8px; overflow: hidden;"&gt;
                    &lt;div style="background: #2196f3; height: 100%; width: 5.172183817987621%; transition: width 0.3s;"&gt;&lt;/div&gt;
                &lt;/div&gt;
                &lt;div style="font-size: 10px; color: #999; margin-top: 3px;"&gt;7d avg: 5.35 mg/L&lt;/div&gt;
            &lt;/td&gt;
            &lt;td style="padding: 10px; text-align: right; vertical-align: top;"&gt;
                &lt;span style="color: #2196f3; font-size: 18px; font-weight: bold;"&gt;5.17&lt;/span&gt;
                &lt;span style="color: #666; font-size: 12px; display: block; margin-top: 2px;"&gt;mg/L&lt;/span&gt;
            &lt;/td&gt;
        &lt;/tr&gt;

        &lt;tr style="background: #f0f0f0;"&gt;
            &lt;td style="padding: 10px; vertical-align: top;"&gt;
                &lt;div style="font-weight: bold; margin-bottom: 5px;"&gt;
                    Flow Meter &lt;span style="font-size: 14px;"&gt;↘️ &lt;span style="color: #666; font-size: 11px;"&gt;-7%&lt;/span&gt;&lt;/span&gt;
                &lt;/div&gt;
                &lt;div style="background: #ddd; border-radius: 10px; height: 8px; overflow: hidden;"&gt;
                    &lt;div style="background: #2196f3; height: 100%; width: 1.655307443327746%; transition: width 0.3s;"&gt;&lt;/div&gt;
                &lt;/div&gt;
                &lt;div style="font-size: 10px; color: #999; margin-top: 3px;"&gt;7d avg: 1.78 m3/s&lt;/div&gt;
            &lt;/td&gt;
            &lt;td style="padding: 10px; text-align: right; vertical-align: top;"&gt;
                &lt;span style="color: #2196f3; font-size: 18px; font-weight: bold;"&gt;1.66&lt;/span&gt;
                &lt;span style="color: #666; font-size: 12px; display: block; margin-top: 2px;"&gt;m3/s&lt;/span&gt;
            &lt;/td&gt;
        &lt;/tr&gt;

        &lt;tr style="background: #ffffff;"&gt;
            &lt;td style="padding: 10px; vertical-align: top;"&gt;
                &lt;div style="font-weight: bold; margin-bottom: 5px;"&gt;
                    Ph Sensor &lt;span style="font-size: 14px;"&gt;→ &lt;span style="color: #666; font-size: 11px;"&gt;stable&lt;/span&gt;&lt;/span&gt;
                &lt;/div&gt;
                &lt;div style="background: #ddd; border-radius: 10px; height: 8px; overflow: hidden;"&gt;
                    &lt;div style="background: #2196f3; height: 100%; width: 8.376989239863864%; transition: width 0.3s;"&gt;&lt;/div&gt;
                &lt;/div&gt;
                &lt;div style="font-size: 10px; color: #999; margin-top: 3px;"&gt;7d avg: 8.65 pH&lt;/div&gt;
            &lt;/td&gt;
            &lt;td style="padding: 10px; text-align: right; vertical-align: top;"&gt;
                &lt;span style="color: #2196f3; font-size: 18px; font-weight: bold;"&gt;8.38&lt;/span&gt;
                &lt;span style="color: #666; font-size: 12px; display: block; margin-top: 2px;"&gt;pH&lt;/span&gt;
            &lt;/td&gt;
        &lt;/tr&gt;

        &lt;tr style="background: #f0f0f0;"&gt;
            &lt;td style="padding: 10px; vertical-align: top;"&gt;
                &lt;div style="font-weight: bold; margin-bottom: 5px;"&gt;
                    Temperature &lt;span style="font-size: 14px;"&gt;↘️ &lt;span style="color: #666; font-size: 11px;"&gt;-6%&lt;/span&gt;&lt;/span&gt;
                &lt;/div&gt;
                &lt;div style="background: #ddd; border-radius: 10px; height: 8px; overflow: hidden;"&gt;
                    &lt;div style="background: #2196f3; height: 100%; width: 29.826767097435216%; transition: width 0.3s;"&gt;&lt;/div&gt;
                &lt;/div&gt;
                &lt;div style="font-size: 10px; color: #999; margin-top: 3px;"&gt;7d avg: 31.83 °C&lt;/div&gt;
            &lt;/td&gt;
            &lt;td style="padding: 10px; text-align: right; vertical-align: top;"&gt;
                &lt;span style="color: #2196f3; font-size: 18px; font-weight: bold;"&gt;29.83&lt;/span&gt;
                &lt;span style="color: #666; font-size: 12px; display: block; margin-top: 2px;"&gt;°C&lt;/span&gt;
            &lt;/td&gt;
        &lt;/tr&gt;

        &lt;tr style="background: #ffffff;"&gt;
            &lt;td style="padding: 10px; vertical-align: top;"&gt;
                &lt;div style="font-weight: bold; margin-bottom: 5px;"&gt;
                    Turbidity &lt;span style="font-size: 14px;"&gt;↗️ &lt;span style="color: #666; font-size: 11px;"&gt;+33%&lt;/span&gt;&lt;/span&gt;
                &lt;/div&gt;
                &lt;div style="background: #ddd; border-radius: 10px; height: 8px; overflow: hidden;"&gt;
                    &lt;div style="background: #2196f3; height: 100%; width: 62.01352830968301%; transition: width 0.3s;"&gt;&lt;/div&gt;
                &lt;/div&gt;
                &lt;div style="font-size: 10px; color: #999; margin-top: 3px;"&gt;7d avg: 46.51 NTU&lt;/div&gt;
            &lt;/td&gt;
            &lt;td style="padding: 10px; text-align: right; vertical-align: top;"&gt;
                &lt;span style="color: #2196f3; font-size: 18px; font-weight: bold;"&gt;62.01&lt;/span&gt;
                &lt;span style="color: #666; font-size: 12px; display: block; margin-top: 2px;"&gt;NTU&lt;/span&gt;
            &lt;/td&gt;
        &lt;/tr&gt;

        &lt;tr style="background: #f0f0f0;"&gt;
            &lt;td style="padding: 10px; vertical-align: top;"&gt;
                &lt;div style="font-weight: bold; margin-bottom: 5px;"&gt;
                    Water Quality &lt;span style="font-size: 14px;"&gt;→ &lt;span style="color: #666; font-size: 11px;"&gt;stable&lt;/span&gt;&lt;/span&gt;
                &lt;/div&gt;
                &lt;div style="background: #ddd; border-radius: 10px; height: 8px; overflow: hidden;"&gt;
                    &lt;div style="background: #2196f3; height: 100%; width: 10.71358098619006%; transition: width 0.3s;"&gt;&lt;/div&gt;
                &lt;/div&gt;
                &lt;div style="font-size: 10px; color: #999; margin-top: 3px;"&gt;7d avg: 11.17 index&lt;/div&gt;
            &lt;/td&gt;
            &lt;td style="padding: 10px; text-align: right; vertical-align: top;"&gt;
                &lt;span style="color: #2196f3; font-size: 18px; font-weight: bold;"&gt;10.71&lt;/span&gt;
                &lt;span style="color: #666; font-size: 12px; display: block; margin-top: 2px;"&gt;index&lt;/span&gt;
            &lt;/td&gt;
        &lt;/tr&gt;

    &lt;/table&gt;
&lt;/div&gt;
&lt;/div&gt;]]&gt;</description>
      <Point>
        <coordinates>101.75675853,3.17274849,0</coordinates>
      </Point>
    </Placemark>
    <Placemark>
      <name />
      <styleUrl>#boom_trap</styleUrl>
      <description>&lt;![CDATA[
&lt;div style="font-family: Arial, sans-serif; width: 350px; padding: 15px;"&gt;
    &lt;h2 style="color: #2c5364; margin: 0 0 15px 0; font-size: 20px; border-bottom: 2px solid #4fc3f7; padding-bottom: 10px;"&gt;
        BOOM_TRAP_032
    &lt;/h2&gt;
    &lt;table style="width: 100%; border-collapse: collapse; margin-bottom: 15px;"&gt;
        &lt;tr style="background: #f0f0f0;"&gt;
            &lt;td style="padding: 10px; font-weight: bold; width: 40%;"&gt;Type:&lt;/td&gt;
            &lt;td style="padding: 10px;"&gt;Boom Trap&lt;/td&gt;
        &lt;/tr&gt;
        &lt;tr&gt;
            &lt;td style="padding: 10px; font-weight: bold;"&gt;Location:&lt;/td&gt;
            &lt;td style="padding: 10px; font-size: 12px;"&gt;3.219355°N&lt;br&gt;101.750436°E&lt;/td&gt;
        &lt;/tr&gt;
    &lt;/table&gt;
    
&lt;div style="background: #f8f9fa; padding: 15px; border-radius: 8px; margin-top: 10px;"&gt;
    &lt;h3 style="color: #2c5364; margin: 0 0 15px 0; font-size: 16px;"&gt;📊 Active Sensors (8)&lt;/h3&gt;
    &lt;table style="width: 100%; border-collapse: collapse;"&gt;

        &lt;tr style="background: #ffffff;"&gt;
            &lt;td style="padding: 10px; vertical-align: top;"&gt;
                &lt;div style="font-weight: bold; margin-bottom: 5px;"&gt;
                    Conductivity &lt;span style="font-size: 14px;"&gt;↗️ &lt;span style="color: #666; font-size: 11px;"&gt;+33%&lt;/span&gt;&lt;/span&gt;
                &lt;/div&gt;
                &lt;div style="background: #ddd; border-radius: 10px; height: 8px; overflow: hidden;"&gt;
                    &lt;div style="background: #2196f3; height: 100%; width: 100%; transition: width 0.3s;"&gt;&lt;/div&gt;
                &lt;/div&gt;
                &lt;div style="font-size: 10px; color: #999; margin-top: 3px;"&gt;7d avg: 353.47 μS/cm&lt;/div&gt;
            &lt;/td&gt;
            &lt;td style="padding: 10px; text-align: right; vertical-align: top;"&gt;
                &lt;span style="color: #2196f3; font-size: 18px; font-weight: bold;"&gt;471.29&lt;/span&gt;
                &lt;span style="color: #666; font-size: 12px; display: block; margin-top: 2px;"&gt;μS/cm&lt;/span&gt;
            &lt;/td&gt;
        &lt;/tr&gt;

        &lt;tr style="background: #f0f0f0;"&gt;
            &lt;td style="padding: 10px; vertical-align: top;"&gt;
                &lt;div style="font-weight: bold; margin-bottom: 5px;"&gt;
                    Depth Gauge &lt;span style="font-size: 14px;"&gt;→ &lt;span style="color: #666; font-size: 11px;"&gt;stable&lt;/span&gt;&lt;/span&gt;
                &lt;/div&gt;
                &lt;div style="background: #ddd; border-radius: 10px; height: 8px; overflow: hidden;"&gt;
                    &lt;div style="background: #2196f3; height: 100%; width: 2.217988355993544%; transition: width 0.3s;"&gt;&lt;/div&gt;
                &lt;/div&gt;
                &lt;div style="font-size: 10px; color: #999; margin-top: 3px;"&gt;7d avg: 2.13 m&lt;/div&gt;
            &lt;/td&gt;
            &lt;td style="padding: 10px; text-align: right; vertical-align: top;"&gt;
                &lt;span style="color: #2196f3; font-size: 18px; font-weight: bold;"&gt;2.22&lt;/span&gt;
                &lt;span style="color: #666; font-size: 12px; display: block; margin-top: 2px;"&gt;m&lt;/span&gt;
            &lt;/td&gt;
        &lt;/tr&gt;

        &lt;tr style="background: #ffffff;"&gt;
            &lt;td style="padding: 10px; vertical-align: top;"&gt;
                &lt;div style="font-weight: bold; margin-bottom: 5px;"&gt;
                    Dissolved Oxygen &lt;span style="font-size: 14px;"&gt;↗️ &lt;span style="color: #666; font-size: 11px;"&gt;+7%&lt;/span&gt;&lt;/span&gt;
                &lt;/div&gt;
                &lt;div style="background: #ddd; border-radius: 10px; height: 8px; overflow: hidden;"&gt;
                    &lt;div style="background: #2196f3; height: 100%; width: 7.050041408483191%; transition: width 0.3s;"&gt;&lt;/div&gt;
                &lt;/div&gt;
                &lt;div style="font-size: 10px; color: #999; margin-top: 3px;"&gt;7d avg: 6.56 mg/L&lt;/div&gt;
            &lt;/td&gt;
            &lt;td style="padding: 10px; text-align: right; vertical-align: top;"&gt;
                &lt;span style="color: #2196f3; font-size: 18px; font-weight: bold;"&gt;7.05&lt;/span&gt;
                &lt;span style="color: #666; font-size: 12px; display: block; margin-top: 2px;"&gt;mg/L&lt;/span&gt;
            &lt;/td&gt;
        &lt;/tr&gt;

        &lt;tr style="background: #f0f0f0;"&gt;
            &lt;td style="padding: 10px; vertical-align: top;"&gt;
                &lt;div style="font-weight: bold; margin-bottom: 5px;"&gt;
                    Flow Meter &lt;span style="font-size: 14px;"&gt;↗️ &lt;span style="color: #666; font-size: 11px;"&gt;+5%&lt;/span&gt;&lt;/span&gt;
                &lt;/div&gt;
                &lt;div style="background: #ddd; border-radius: 10px; height: 8px; overflow: hidden;"&gt;
                    &lt;div style="background: #2196f3; height: 100%; width: 1.9103274652997098%; transition: width 0.3s;"&gt;&lt;/div&gt;
                &lt;/div&gt;
                &lt;div style="font-size: 10px; color: #999; margin-top: 3px;"&gt;7d avg: 1.81 m3/s&lt;/div&gt;
            &lt;/td&gt;
            &lt;td style="padding: 10px; text-align: right; vertical-align: top;"&gt;
                &lt;span style="color: #2196f3; font-size: 18px; font-weight: bold;"&gt;1.91&lt;/span&gt;
                &lt;span style="color: #666; font-size: 12px; display: block; margin-top: 2px;"&gt;m3/s&lt;/span&gt;
            &lt;/td&gt;
        &lt;/tr&gt;

        &lt;tr style="background: #ffffff;"&gt;
            &lt;td style="padding: 10px; vertical-align: top;"&gt;
                &lt;div style="font-weight: bold; margin-bottom: 5px;"&gt;
                    Ph Sensor &lt;span style="font-size: 14px;"&gt;→ &lt;span style="color: #666; font-size: 11px;"&gt;stable&lt;/span&gt;&lt;/span&gt;
                &lt;/div&gt;
                &lt;div style="background: #ddd; border-radius: 10px; height: 8px; overflow: hidden;"&gt;
                    &lt;div style="background: #2196f3; height: 100%; width: 7.425830774876499%; transition: width 0.3s;"&gt;&lt;/div&gt;
                &lt;/div&gt;
                &lt;div style="font-size: 10px; color: #999; margin-top: 3px;"&gt;7d avg: 7.59 pH&lt;/div&gt;
            &lt;/td&gt;
            &lt;td style="padding: 10px; text-align: right; vertical-align: top;"&gt;
                &lt;span style="color: #2196f3; font-size: 18px; font-weight: bold;"&gt;7.43&lt;/span&gt;
                &lt;span style="color: #666; font-size: 12px; display: block; margin-top: 2px;"&gt;pH&lt;/span&gt;
            &lt;/td&gt;
        &lt;/tr&gt;

        &lt;tr style="background: #f0f0f0;"&gt;
            &lt;td style="padding: 10px; vertical-align: top;"&gt;
                &lt;div style="font-weight: bold; margin-bottom: 5px;"&gt;
                    Temperature &lt;span style="font-size: 14px;"&gt;→ &lt;span style="color: #666; font-size: 11px;"&gt;stable&lt;/span&gt;&lt;/span&gt;
                &lt;/div&gt;
                &lt;div style="background: #ddd; border-radius: 10px; height: 8px; overflow: hidden;"&gt;
                    &lt;div style="background: #2196f3; height: 100%; width: 15.300351679865425%; transition: width 0.3s;"&gt;&lt;/div&gt;
                &lt;/div&gt;
                &lt;div style="font-size: 10px; color: #999; margin-top: 3px;"&gt;7d avg: 15.69 °C&lt;/div&gt;
            &lt;/td&gt;
            &lt;td style="padding: 10px; text-align: right; vertical-align: top;"&gt;
                &lt;span style="color: #2196f3; font-size: 18px; font-weight: bold;"&gt;15.30&lt;/span&gt;
                &lt;span style="color: #666; font-size: 12px; display: block; margin-top: 2px;"&gt;°C&lt;/span&gt;
            &lt;/td&gt;
        &lt;/tr&gt;

        &lt;tr style="background: #ffffff;"&gt;
            &lt;td style="padding: 10px; vertical-align: top;"&gt;
                &lt;div style="font-weight: bold; margin-bottom: 5px;"&gt;
                    Turbidity &lt;span style="font-size: 14px;"&gt;↗️ &lt;span style="color: #666; font-size: 11px;"&gt;+33%&lt;/span&gt;&lt;/span&gt;
                &lt;/div&gt;
                &lt;div style="background: #ddd; border-radius: 10px; height: 8px; overflow: hidden;"&gt;
                    &lt;div style="background: #2196f3; height: 100%; width: 52.6551839665707%; transition: width 0.3s;"&gt;&lt;/div&gt;
                &lt;/div&gt;
                &lt;div style="font-size: 10px; color: #999; margin-top: 3px;"&gt;7d avg: 39.49 NTU&lt;/div&gt;
            &lt;/td&gt;
            &lt;td style="padding: 10px; text-align: right; vertical-align: top;"&gt;
                &lt;span style="color: #2196f3; font-size: 18px; font-weight: bold;"&gt;52.66&lt;/span&gt;
                &lt;span style="color: #666; font-size: 12px; display: block; margin-top: 2px;"&gt;NTU&lt;/span&gt;
            &lt;/td&gt;
        &lt;/tr&gt;

        &lt;tr style="background: #f0f0f0;"&gt;
            &lt;td style="padding: 10px; vertical-align: top;"&gt;
                &lt;div style="font-weight: bold; margin-bottom: 5px;"&gt;
                    Water Quality &lt;span style="font-size: 14px;"&gt;→ &lt;span style="color: #666; font-size: 11px;"&gt;stable&lt;/span&gt;&lt;/span&gt;
                &lt;/div&gt;
                &lt;div style="background: #ddd; border-radius: 10px; height: 8px; overflow: hidden;"&gt;
                    &lt;div style="background: #2196f3; height: 100%; width: 8.767148826489414%; transition: width 0.3s;"&gt;&lt;/div&gt;
                &lt;/div&gt;
                &lt;div style="font-size: 10px; color: #999; margin-top: 3px;"&gt;7d avg: 8.58 index&lt;/div&gt;
            &lt;/td&gt;
            &lt;td style="padding: 10px; text-align: right; vertical-align: top;"&gt;
                &lt;span style="color: #2196f3; font-size: 18px; font-weight: bold;"&gt;8.77&lt;/span&gt;
                &lt;span style="color: #666; font-size: 12px; display: block; margin-top: 2px;"&gt;index&lt;/span&gt;
            &lt;/td&gt;
        &lt;/tr&gt;

    &lt;/table&gt;
&lt;/div&gt;
&lt;/div&gt;]]&gt;</description>
      <Point>
        <coordinates>101.75043553,3.21935506,0</coordinates>
      </Point>
    </Placemark>
    <Placemark>
      <name />
      <styleUrl>#boom_trap</styleUrl>
      <description>&lt;![CDATA[
&lt;div style="font-family: Arial, sans-serif; width: 350px; padding: 15px;"&gt;
    &lt;h2 style="color: #2c5364; margin: 0 0 15px 0; font-size: 20px; border-bottom: 2px solid #4fc3f7; padding-bottom: 10px;"&gt;
        BOOM_TRAP_033
    &lt;/h2&gt;
    &lt;table style="width: 100%; border-collapse: collapse; margin-bottom: 15px;"&gt;
        &lt;tr style="background: #f0f0f0;"&gt;
            &lt;td style="padding: 10px; font-weight: bold; width: 40%;"&gt;Type:&lt;/td&gt;
            &lt;td style="padding: 10px;"&gt;Boom Trap&lt;/td&gt;
        &lt;/tr&gt;
        &lt;tr&gt;
            &lt;td style="padding: 10px; font-weight: bold;"&gt;Location:&lt;/td&gt;
            &lt;td style="padding: 10px; font-size: 12px;"&gt;3.225376°N&lt;br&gt;101.751523°E&lt;/td&gt;
        &lt;/tr&gt;
    &lt;/table&gt;
    
&lt;div style="background: #f8f9fa; padding: 15px; border-radius: 8px; margin-top: 10px;"&gt;
    &lt;h3 style="color: #2c5364; margin: 0 0 15px 0; font-size: 16px;"&gt;📊 Active Sensors (8)&lt;/h3&gt;
    &lt;table style="width: 100%; border-collapse: collapse;"&gt;

        &lt;tr style="background: #ffffff;"&gt;
            &lt;td style="padding: 10px; vertical-align: top;"&gt;
                &lt;div style="font-weight: bold; margin-bottom: 5px;"&gt;
                    Conductivity &lt;span style="font-size: 14px;"&gt;↗️ &lt;span style="color: #666; font-size: 11px;"&gt;+33%&lt;/span&gt;&lt;/span&gt;
                &lt;/div&gt;
                &lt;div style="background: #ddd; border-radius: 10px; height: 8px; overflow: hidden;"&gt;
                    &lt;div style="background: #2196f3; height: 100%; width: 100%; transition: width 0.3s;"&gt;&lt;/div&gt;
                &lt;/div&gt;
                &lt;div style="font-size: 10px; color: #999; margin-top: 3px;"&gt;7d avg: 467.30 μS/cm&lt;/div&gt;
            &lt;/td&gt;
            &lt;td style="padding: 10px; text-align: right; vertical-align: top;"&gt;
                &lt;span style="color: #2196f3; font-size: 18px; font-weight: bold;"&gt;623.07&lt;/span&gt;
                &lt;span style="color: #666; font-size: 12px; display: block; margin-top: 2px;"&gt;μS/cm&lt;/span&gt;
            &lt;/td&gt;
        &lt;/tr&gt;

        &lt;tr style="background: #f0f0f0;"&gt;
            &lt;td style="padding: 10px; vertical-align: top;"&gt;
                &lt;div style="font-weight: bold; margin-bottom: 5px;"&gt;
                    Depth Gauge &lt;span style="font-size: 14px;"&gt;→ &lt;span style="color: #666; font-size: 11px;"&gt;stable&lt;/span&gt;&lt;/span&gt;
                &lt;/div&gt;
                &lt;div style="background: #ddd; border-radius: 10px; height: 8px; overflow: hidden;"&gt;
                    &lt;div style="background: #2196f3; height: 100%; width: 3.37340408741559%; transition: width 0.3s;"&gt;&lt;/div&gt;
                &lt;/div&gt;
                &lt;div style="font-size: 10px; color: #999; margin-top: 3px;"&gt;7d avg: 3.46 m&lt;/div&gt;
            &lt;/td&gt;
            &lt;td style="padding: 10px; text-align: right; vertical-align: top;"&gt;
                &lt;span style="color: #2196f3; font-size: 18px; font-weight: bold;"&gt;3.37&lt;/span&gt;
                &lt;span style="color: #666; font-size: 12px; display: block; margin-top: 2px;"&gt;m&lt;/span&gt;
            &lt;/td&gt;
        &lt;/tr&gt;

        &lt;tr style="background: #ffffff;"&gt;
            &lt;td style="padding: 10px; vertical-align: top;"&gt;
                &lt;div style="font-weight: bold; margin-bottom: 5px;"&gt;
                    Dissolved Oxygen &lt;span style="font-size: 14px;"&gt;→ &lt;span style="color: #666; font-size: 11px;"&gt;stable&lt;/span&gt;&lt;/span&gt;
                &lt;/div&gt;
                &lt;div style="background: #ddd; border-radius: 10px; height: 8px; overflow: hidden;"&gt;
                    &lt;div style="background: #2196f3; height: 100%; width: 6.133835940797788%; transition: width 0.3s;"&gt;&lt;/div&gt;
                &lt;/div&gt;
                &lt;div style="font-size: 10px; color: #999; margin-top: 3px;"&gt;7d avg: 6.22 mg/L&lt;/div&gt;
            &lt;/td&gt;
            &lt;td style="padding: 10px; text-align: right; vertical-align: top;"&gt;
                &lt;span style="color: #2196f3; font-size: 18px; font-weight: bold;"&gt;6.13&lt;/span&gt;
                &lt;span style="color: #666; font-size: 12px; display: block; margin-top: 2px;"&gt;mg/L&lt;/span&gt;
            &lt;/td&gt;
        &lt;/tr&gt;

        &lt;tr style="background: #f0f0f0;"&gt;
            &lt;td style="padding: 10px; vertical-align: top;"&gt;
                &lt;div style="font-weight: bold; margin-bottom: 5px;"&gt;
                    Flow Meter &lt;span style="font-size: 14px;"&gt;↘️ &lt;span style="color: #666; font-size: 11px;"&gt;-6%&lt;/span&gt;&lt;/span&gt;
                &lt;/div&gt;
                &lt;div style="background: #ddd; border-radius: 10px; height: 8px; overflow: hidden;"&gt;
                    &lt;div style="background: #2196f3; height: 100%; width: 1.8767060873352064%; transition: width 0.3s;"&gt;&lt;/div&gt;
                &lt;/div&gt;
                &lt;div style="font-size: 10px; color: #999; margin-top: 3px;"&gt;7d avg: 2.00 m3/s&lt;/div&gt;
            &lt;/td&gt;
            &lt;td style="padding: 10px; text-align: right; vertical-align: top;"&gt;
                &lt;span style="color: #2196f3; font-size: 18px; font-weight: bold;"&gt;1.88&lt;/span&gt;
                &lt;span style="color: #666; font-size: 12px; display: block; margin-top: 2px;"&gt;m3/s&lt;/span&gt;
            &lt;/td&gt;
        &lt;/tr&gt;

        &lt;tr style="background: #ffffff;"&gt;
            &lt;td style="padding: 10px; vertical-align: top;"&gt;
                &lt;div style="font-weight: bold; margin-bottom: 5px;"&gt;
                    Ph Sensor &lt;span style="font-size: 14px;"&gt;↘️ &lt;span style="color: #666; font-size: 11px;"&gt;-6%&lt;/span&gt;&lt;/span&gt;
                &lt;/div&gt;
                &lt;div style="background: #ddd; border-radius: 10px; height: 8px; overflow: hidden;"&gt;
                    &lt;div style="background: #2196f3; height: 100%; width: 4.54386499015633%; transition: width 0.3s;"&gt;&lt;/div&gt;
                &lt;/div&gt;
                &lt;div style="font-size: 10px; color: #999; margin-top: 3px;"&gt;7d avg: 4.86 pH&lt;/div&gt;
            &lt;/td&gt;
            &lt;td style="padding: 10px; text-align: right; vertical-align: top;"&gt;
                &lt;span style="color: #2196f3; font-size: 18px; font-weight: bold;"&gt;4.54&lt;/span&gt;
                &lt;span style="color: #666; font-size: 12px; display: block; margin-top: 2px;"&gt;pH&lt;/span&gt;
            &lt;/td&gt;
        &lt;/tr&gt;

        &lt;tr style="background: #f0f0f0;"&gt;
            &lt;td style="padding: 10px; vertical-align: top;"&gt;
                &lt;div style="font-weight: bold; margin-bottom: 5px;"&gt;
                    Temperature &lt;span style="font-size: 14px;"&gt;→ &lt;span style="color: #666; font-size: 11px;"&gt;stable&lt;/span&gt;&lt;/span&gt;
                &lt;/div&gt;
                &lt;div style="background: #ddd; border-radius: 10px; height: 8px; overflow: hidden;"&gt;
                    &lt;div style="background: #2196f3; height: 100%; width: 19.232970847037908%; transition: width 0.3s;"&gt;&lt;/div&gt;
                &lt;/div&gt;
                &lt;div style="font-size: 10px; color: #999; margin-top: 3px;"&gt;7d avg: 18.43 °C&lt;/div&gt;
            &lt;/td&gt;
            &lt;td style="padding: 10px; text-align: right; vertical-align: top;"&gt;
                &lt;span style="color: #2196f3; font-size: 18px; font-weight: bold;"&gt;19.23&lt;/span&gt;
                &lt;span style="color: #666; font-size: 12px; display: block; margin-top: 2px;"&gt;°C&lt;/span&gt;
            &lt;/td&gt;
        &lt;/tr&gt;

        &lt;tr style="background: #ffffff;"&gt;
            &lt;td style="padding: 10px; vertical-align: top;"&gt;
                &lt;div style="font-weight: bold; margin-bottom: 5px;"&gt;
                    Turbidity &lt;span style="font-size: 14px;"&gt;↗️ &lt;span style="color: #666; font-size: 11px;"&gt;+33%&lt;/span&gt;&lt;/span&gt;
                &lt;/div&gt;
                &lt;div style="background: #ddd; border-radius: 10px; height: 8px; overflow: hidden;"&gt;
                    &lt;div style="background: #2196f3; height: 100%; width: 52.74903706526023%; transition: width 0.3s;"&gt;&lt;/div&gt;
                &lt;/div&gt;
                &lt;div style="font-size: 10px; color: #999; margin-top: 3px;"&gt;7d avg: 39.56 NTU&lt;/div&gt;
            &lt;/td&gt;
            &lt;td style="padding: 10px; text-align: right; vertical-align: top;"&gt;
                &lt;span style="color: #2196f3; font-size: 18px; font-weight: bold;"&gt;52.75&lt;/span&gt;
                &lt;span style="color: #666; font-size: 12px; display: block; margin-top: 2px;"&gt;NTU&lt;/span&gt;
            &lt;/td&gt;
        &lt;/tr&gt;

        &lt;tr style="background: #f0f0f0;"&gt;
            &lt;td style="padding: 10px; vertical-align: top;"&gt;
                &lt;div style="font-weight: bold; margin-bottom: 5px;"&gt;
                    Water Quality &lt;span style="font-size: 14px;"&gt;→ &lt;span style="color: #666; font-size: 11px;"&gt;stable&lt;/span&gt;&lt;/span&gt;
                &lt;/div&gt;
                &lt;div style="background: #ddd; border-radius: 10px; height: 8px; overflow: hidden;"&gt;
                    &lt;div style="background: #2196f3; height: 100%; width: 5.725905116736019%; transition: width 0.3s;"&gt;&lt;/div&gt;
                &lt;/div&gt;
                &lt;div style="font-size: 10px; color: #999; margin-top: 3px;"&gt;7d avg: 5.62 index&lt;/div&gt;
            &lt;/td&gt;
            &lt;td style="padding: 10px; text-align: right; vertical-align: top;"&gt;
                &lt;span style="color: #2196f3; font-size: 18px; font-weight: bold;"&gt;5.73&lt;/span&gt;
                &lt;span style="color: #666; font-size: 12px; display: block; margin-top: 2px;"&gt;index&lt;/span&gt;
            &lt;/td&gt;
        &lt;/tr&gt;

    &lt;/table&gt;
&lt;/div&gt;
&lt;/div&gt;]]&gt;</description>
      <Point>
        <coordinates>101.75152261,3.22537577,0</coordinates>
      </Point>
    </Placemark>
    <Placemark>
      <name />
      <styleUrl>#boom_trap</styleUrl>
      <description>&lt;![CDATA[
&lt;div style="font-family: Arial, sans-serif; width: 350px; padding: 15px;"&gt;
    &lt;h2 style="color: #2c5364; margin: 0 0 15px 0; font-size: 20px; border-bottom: 2px solid #4fc3f7; padding-bottom: 10px;"&gt;
        BOOM_TRAP_034
    &lt;/h2&gt;
    &lt;table style="width: 100%; border-collapse: collapse; margin-bottom: 15px;"&gt;
        &lt;tr style="background: #f0f0f0;"&gt;
            &lt;td style="padding: 10px; font-weight: bold; width: 40%;"&gt;Type:&lt;/td&gt;
            &lt;td style="padding: 10px;"&gt;Boom Trap&lt;/td&gt;
        &lt;/tr&gt;
        &lt;tr&gt;
            &lt;td style="padding: 10px; font-weight: bold;"&gt;Location:&lt;/td&gt;
            &lt;td style="padding: 10px; font-size: 12px;"&gt;3.231412°N&lt;br&gt;101.751770°E&lt;/td&gt;
        &lt;/tr&gt;
    &lt;/table&gt;
    
&lt;div style="background: #f8f9fa; padding: 15px; border-radius: 8px; margin-top: 10px;"&gt;
    &lt;h3 style="color: #2c5364; margin: 0 0 15px 0; font-size: 16px;"&gt;📊 Active Sensors (8)&lt;/h3&gt;
    &lt;table style="width: 100%; border-collapse: collapse;"&gt;

        &lt;tr style="background: #ffffff;"&gt;
            &lt;td style="padding: 10px; vertical-align: top;"&gt;
                &lt;div style="font-weight: bold; margin-bottom: 5px;"&gt;
                    Conductivity &lt;span style="font-size: 14px;"&gt;↗️ &lt;span style="color: #666; font-size: 11px;"&gt;+33%&lt;/span&gt;&lt;/span&gt;
                &lt;/div&gt;
                &lt;div style="background: #ddd; border-radius: 10px; height: 8px; overflow: hidden;"&gt;
                    &lt;div style="background: #2196f3; height: 100%; width: 100%; transition: width 0.3s;"&gt;&lt;/div&gt;
                &lt;/div&gt;
                &lt;div style="font-size: 10px; color: #999; margin-top: 3px;"&gt;7d avg: 708.06 μS/cm&lt;/div&gt;
            &lt;/td&gt;
            &lt;td style="padding: 10px; text-align: right; vertical-align: top;"&gt;
                &lt;span style="color: #2196f3; font-size: 18px; font-weight: bold;"&gt;944.08&lt;/span&gt;
                &lt;span style="color: #666; font-size: 12px; display: block; margin-top: 2px;"&gt;μS/cm&lt;/span&gt;
            &lt;/td&gt;
        &lt;/tr&gt;

        &lt;tr style="background: #f0f0f0;"&gt;
            &lt;td style="padding: 10px; vertical-align: top;"&gt;
                &lt;div style="font-weight: bold; margin-bottom: 5px;"&gt;
                    Depth Gauge &lt;span style="font-size: 14px;"&gt;→ &lt;span style="color: #666; font-size: 11px;"&gt;stable&lt;/span&gt;&lt;/span&gt;
                &lt;/div&gt;
                &lt;div style="background: #ddd; border-radius: 10px; height: 8px; overflow: hidden;"&gt;
                    &lt;div style="background: #2196f3; height: 100%; width: 2.1221129658985514%; transition: width 0.3s;"&gt;&lt;/div&gt;
                &lt;/div&gt;
                &lt;div style="font-size: 10px; color: #999; margin-top: 3px;"&gt;7d avg: 2.06 m&lt;/div&gt;
            &lt;/td&gt;
            &lt;td style="padding: 10px; text-align: right; vertical-align: top;"&gt;
                &lt;span style="color: #2196f3; font-size: 18px; font-weight: bold;"&gt;2.12&lt;/span&gt;
                &lt;span style="color: #666; font-size: 12px; display: block; margin-top: 2px;"&gt;m&lt;/span&gt;
            &lt;/td&gt;
        &lt;/tr&gt;

        &lt;tr style="background: #ffffff;"&gt;
            &lt;td style="padding: 10px; vertical-align: top;"&gt;
                &lt;div style="font-weight: bold; margin-bottom: 5px;"&gt;
                    Dissolved Oxygen &lt;span style="font-size: 14px;"&gt;→ &lt;span style="color: #666; font-size: 11px;"&gt;stable&lt;/span&gt;&lt;/span&gt;
                &lt;/div&gt;
                &lt;div style="background: #ddd; border-radius: 10px; height: 8px; overflow: hidden;"&gt;
                    &lt;div style="background: #2196f3; height: 100%; width: 9.274605698312362%; transition: width 0.3s;"&gt;&lt;/div&gt;
                &lt;/div&gt;
                &lt;div style="font-size: 10px; color: #999; margin-top: 3px;"&gt;7d avg: 9.00 mg/L&lt;/div&gt;
            &lt;/td&gt;
            &lt;td style="padding: 10px; text-align: right; vertical-align: top;"&gt;
                &lt;span style="color: #2196f3; font-size: 18px; font-weight: bold;"&gt;9.27&lt;/span&gt;
                &lt;span style="color: #666; font-size: 12px; display: block; margin-top: 2px;"&gt;mg/L&lt;/span&gt;
            &lt;/td&gt;
        &lt;/tr&gt;

        &lt;tr style="background: #f0f0f0;"&gt;
            &lt;td style="padding: 10px; vertical-align: top;"&gt;
                &lt;div style="font-weight: bold; margin-bottom: 5px;"&gt;
                    Flow Meter &lt;span style="font-size: 14px;"&gt;↗️ &lt;span style="color: #666; font-size: 11px;"&gt;+6%&lt;/span&gt;&lt;/span&gt;
                &lt;/div&gt;
                &lt;div style="background: #ddd; border-radius: 10px; height: 8px; overflow: hidden;"&gt;
                    &lt;div style="background: #2196f3; height: 100%; width: 2.060949586053707%; transition: width 0.3s;"&gt;&lt;/div&gt;
                &lt;/div&gt;
                &lt;div style="font-size: 10px; color: #999; margin-top: 3px;"&gt;7d avg: 1.95 m3/s&lt;/div&gt;
            &lt;/td&gt;
            &lt;td style="padding: 10px; text-align: right; vertical-align: top;"&gt;
                &lt;span style="color: #2196f3; font-size: 18px; font-weight: bold;"&gt;2.06&lt;/span&gt;
                &lt;span style="color: #666; font-size: 12px; display: block; margin-top: 2px;"&gt;m3/s&lt;/span&gt;
            &lt;/td&gt;
        &lt;/tr&gt;

        &lt;tr style="background: #ffffff;"&gt;
            &lt;td style="padding: 10px; vertical-align: top;"&gt;
                &lt;div style="font-weight: bold; margin-bottom: 5px;"&gt;
                    Ph Sensor &lt;span style="font-size: 14px;"&gt;↗️ &lt;span style="color: #666; font-size: 11px;"&gt;+5%&lt;/span&gt;&lt;/span&gt;
                &lt;/div&gt;
                &lt;div style="background: #ddd; border-radius: 10px; height: 8px; overflow: hidden;"&gt;
                    &lt;div style="background: #2196f3; height: 100%; width: 7.313405502281594%; transition: width 0.3s;"&gt;&lt;/div&gt;
                &lt;/div&gt;
                &lt;div style="font-size: 10px; color: #999; margin-top: 3px;"&gt;7d avg: 6.94 pH&lt;/div&gt;
            &lt;/td&gt;
            &lt;td style="padding: 10px; text-align: right; vertical-align: top;"&gt;
                &lt;span style="color: #2196f3; font-size: 18px; font-weight: bold;"&gt;7.31&lt;/span&gt;
                &lt;span style="color: #666; font-size: 12px; display: block; margin-top: 2px;"&gt;pH&lt;/span&gt;
            &lt;/td&gt;
        &lt;/tr&gt;

        &lt;tr style="background: #f0f0f0;"&gt;
            &lt;td style="padding: 10px; vertical-align: top;"&gt;
                &lt;div style="font-weight: bold; margin-bottom: 5px;"&gt;
                    Temperature &lt;span style="font-size: 14px;"&gt;→ &lt;span style="color: #666; font-size: 11px;"&gt;stable&lt;/span&gt;&lt;/span&gt;
                &lt;/div&gt;
                &lt;div style="background: #ddd; border-radius: 10px; height: 8px; overflow: hidden;"&gt;
                    &lt;div style="background: #2196f3; height: 100%; width: 29.67192845872785%; transition: width 0.3s;"&gt;&lt;/div&gt;
                &lt;/div&gt;
                &lt;div style="font-size: 10px; color: #999; margin-top: 3px;"&gt;7d avg: 29.68 °C&lt;/div&gt;
            &lt;/td&gt;
            &lt;td style="padding: 10px; text-align: right; vertical-align: top;"&gt;
                &lt;span style="color: #2196f3; font-size: 18px; font-weight: bold;"&gt;29.67&lt;/span&gt;
                &lt;span style="color: #666; font-size: 12px; display: block; margin-top: 2px;"&gt;°C&lt;/span&gt;
            &lt;/td&gt;
        &lt;/tr&gt;

        &lt;tr style="background: #ffffff;"&gt;
            &lt;td style="padding: 10px; vertical-align: top;"&gt;
                &lt;div style="font-weight: bold; margin-bottom: 5px;"&gt;
                    Turbidity &lt;span style="font-size: 14px;"&gt;↗️ &lt;span style="color: #666; font-size: 11px;"&gt;+33%&lt;/span&gt;&lt;/span&gt;
                &lt;/div&gt;
                &lt;div style="background: #ddd; border-radius: 10px; height: 8px; overflow: hidden;"&gt;
                    &lt;div style="background: #2196f3; height: 100%; width: 46.778236575909006%; transition: width 0.3s;"&gt;&lt;/div&gt;
                &lt;/div&gt;
                &lt;div style="font-size: 10px; color: #999; margin-top: 3px;"&gt;7d avg: 35.08 NTU&lt;/div&gt;
            &lt;/td&gt;
            &lt;td style="padding: 10px; text-align: right; vertical-align: top;"&gt;
                &lt;span style="color: #2196f3; font-size: 18px; font-weight: bold;"&gt;46.78&lt;/span&gt;
                &lt;span style="color: #666; font-size: 12px; display: block; margin-top: 2px;"&gt;NTU&lt;/span&gt;
            &lt;/td&gt;
        &lt;/tr&gt;

        &lt;tr style="background: #f0f0f0;"&gt;
            &lt;td style="padding: 10px; vertical-align: top;"&gt;
                &lt;div style="font-weight: bold; margin-bottom: 5px;"&gt;
                    Water Quality &lt;span style="font-size: 14px;"&gt;↘️ &lt;span style="color: #666; font-size: 11px;"&gt;-7%&lt;/span&gt;&lt;/span&gt;
                &lt;/div&gt;
                &lt;div style="background: #ddd; border-radius: 10px; height: 8px; overflow: hidden;"&gt;
                    &lt;div style="background: #2196f3; height: 100%; width: 8.01551005636014%; transition: width 0.3s;"&gt;&lt;/div&gt;
                &lt;/div&gt;
                &lt;div style="font-size: 10px; color: #999; margin-top: 3px;"&gt;7d avg: 8.63 index&lt;/div&gt;
            &lt;/td&gt;
            &lt;td style="padding: 10px; text-align: right; vertical-align: top;"&gt;
                &lt;span style="color: #2196f3; font-size: 18px; font-weight: bold;"&gt;8.02&lt;/span&gt;
                &lt;span style="color: #666; font-size: 12px; display: block; margin-top: 2px;"&gt;index&lt;/span&gt;
            &lt;/td&gt;
        &lt;/tr&gt;

    &lt;/table&gt;
&lt;/div&gt;
&lt;/div&gt;]]&gt;</description>
      <Point>
        <coordinates>101.75176962,3.23141227,0</coordinates>
      </Point>
    </Placemark>
    <Placemark>
      <name />
      <styleUrl>#boom_trap</styleUrl>
      <description>&lt;![CDATA[
&lt;div style="font-family: Arial, sans-serif; width: 350px; padding: 15px;"&gt;
    &lt;h2 style="color: #2c5364; margin: 0 0 15px 0; font-size: 20px; border-bottom: 2px solid #4fc3f7; padding-bottom: 10px;"&gt;
        BOOM_TRAP_035
    &lt;/h2&gt;
    &lt;table style="width: 100%; border-collapse: collapse; margin-bottom: 15px;"&gt;
        &lt;tr style="background: #f0f0f0;"&gt;
            &lt;td style="padding: 10px; font-weight: bold; width: 40%;"&gt;Type:&lt;/td&gt;
            &lt;td style="padding: 10px;"&gt;Boom Trap&lt;/td&gt;
        &lt;/tr&gt;
        &lt;tr&gt;
            &lt;td style="padding: 10px; font-weight: bold;"&gt;Location:&lt;/td&gt;
            &lt;td style="padding: 10px; font-size: 12px;"&gt;3.222639°N&lt;br&gt;101.752281°E&lt;/td&gt;
        &lt;/tr&gt;
    &lt;/table&gt;
    
&lt;div style="background: #f8f9fa; padding: 15px; border-radius: 8px; margin-top: 10px;"&gt;
    &lt;h3 style="color: #2c5364; margin: 0 0 15px 0; font-size: 16px;"&gt;📊 Active Sensors (8)&lt;/h3&gt;
    &lt;table style="width: 100%; border-collapse: collapse;"&gt;

        &lt;tr style="background: #ffffff;"&gt;
            &lt;td style="padding: 10px; vertical-align: top;"&gt;
                &lt;div style="font-weight: bold; margin-bottom: 5px;"&gt;
                    Conductivity &lt;span style="font-size: 14px;"&gt;↗️ &lt;span style="color: #666; font-size: 11px;"&gt;+33%&lt;/span&gt;&lt;/span&gt;
                &lt;/div&gt;
                &lt;div style="background: #ddd; border-radius: 10px; height: 8px; overflow: hidden;"&gt;
                    &lt;div style="background: #2196f3; height: 100%; width: 100%; transition: width 0.3s;"&gt;&lt;/div&gt;
                &lt;/div&gt;
                &lt;div style="font-size: 10px; color: #999; margin-top: 3px;"&gt;7d avg: 478.35 μS/cm&lt;/div&gt;
            &lt;/td&gt;
            &lt;td style="padding: 10px; text-align: right; vertical-align: top;"&gt;
                &lt;span style="color: #2196f3; font-size: 18px; font-weight: bold;"&gt;637.80&lt;/span&gt;
                &lt;span style="color: #666; font-size: 12px; display: block; margin-top: 2px;"&gt;μS/cm&lt;/span&gt;
            &lt;/td&gt;
        &lt;/tr&gt;

        &lt;tr style="background: #f0f0f0;"&gt;
            &lt;td style="padding: 10px; vertical-align: top;"&gt;
                &lt;div style="font-weight: bold; margin-bottom: 5px;"&gt;
                    Depth Gauge &lt;span style="font-size: 14px;"&gt;↘️ &lt;span style="color: #666; font-size: 11px;"&gt;-6%&lt;/span&gt;&lt;/span&gt;
                &lt;/div&gt;
                &lt;div style="background: #ddd; border-radius: 10px; height: 8px; overflow: hidden;"&gt;
                    &lt;div style="background: #2196f3; height: 100%; width: 2.1556996001867654%; transition: width 0.3s;"&gt;&lt;/div&gt;
                &lt;/div&gt;
                &lt;div style="font-size: 10px; color: #999; margin-top: 3px;"&gt;7d avg: 2.30 m&lt;/div&gt;
            &lt;/td&gt;
            &lt;td style="padding: 10px; text-align: right; vertical-align: top;"&gt;
                &lt;span style="color: #2196f3; font-size: 18px; font-weight: bold;"&gt;2.16&lt;/span&gt;
                &lt;span style="color: #666; font-size: 12px; display: block; margin-top: 2px;"&gt;m&lt;/span&gt;
            &lt;/td&gt;
        &lt;/tr&gt;

        &lt;tr style="background: #ffffff;"&gt;
            &lt;td style="padding: 10px; vertical-align: top;"&gt;
                &lt;div style="font-weight: bold; margin-bottom: 5px;"&gt;
                    Dissolved Oxygen &lt;span style="font-size: 14px;"&gt;→ &lt;span style="color: #666; font-size: 11px;"&gt;stable&lt;/span&gt;&lt;/span&gt;
                &lt;/div&gt;
                &lt;div style="background: #ddd; border-radius: 10px; height: 8px; overflow: hidden;"&gt;
                    &lt;div style="background: #2196f3; height: 100%; width: 7.235030570032612%; transition: width 0.3s;"&gt;&lt;/div&gt;
                &lt;/div&gt;
                &lt;div style="font-size: 10px; color: #999; margin-top: 3px;"&gt;7d avg: 7.14 mg/L&lt;/div&gt;
            &lt;/td&gt;
            &lt;td style="padding: 10px; text-align: right; vertical-align: top;"&gt;
                &lt;span style="color: #2196f3; font-size: 18px; font-weight: bold;"&gt;7.24&lt;/span&gt;
                &lt;span style="color: #666; font-size: 12px; display: block; margin-top: 2px;"&gt;mg/L&lt;/span&gt;
            &lt;/td&gt;
        &lt;/tr&gt;

        &lt;tr style="background: #f0f0f0;"&gt;
            &lt;td style="padding: 10px; vertical-align: top;"&gt;
                &lt;div style="font-weight: bold; margin-bottom: 5px;"&gt;
                    Flow Meter &lt;span style="font-size: 14px;"&gt;→ &lt;span style="color: #666; font-size: 11px;"&gt;stable&lt;/span&gt;&lt;/span&gt;
                &lt;/div&gt;
                &lt;div style="background: #ddd; border-radius: 10px; height: 8px; overflow: hidden;"&gt;
                    &lt;div style="background: #2196f3; height: 100%; width: 1.834097379144655%; transition: width 0.3s;"&gt;&lt;/div&gt;
                &lt;/div&gt;
                &lt;div style="font-size: 10px; color: #999; margin-top: 3px;"&gt;7d avg: 1.91 m3/s&lt;/div&gt;
            &lt;/td&gt;
            &lt;td style="padding: 10px; text-align: right; vertical-align: top;"&gt;
                &lt;span style="color: #2196f3; font-size: 18px; font-weight: bold;"&gt;1.83&lt;/span&gt;
                &lt;span style="color: #666; font-size: 12px; display: block; margin-top: 2px;"&gt;m3/s&lt;/span&gt;
            &lt;/td&gt;
        &lt;/tr&gt;

        &lt;tr style="background: #ffffff;"&gt;
            &lt;td style="padding: 10px; vertical-align: top;"&gt;
                &lt;div style="font-weight: bold; margin-bottom: 5px;"&gt;
                    Ph Sensor &lt;span style="font-size: 14px;"&gt;↗️ &lt;span style="color: #666; font-size: 11px;"&gt;+6%&lt;/span&gt;&lt;/span&gt;
                &lt;/div&gt;
                &lt;div style="background: #ddd; border-radius: 10px; height: 8px; overflow: hidden;"&gt;
                    &lt;div style="background: #2196f3; height: 100%; width: 9.056517758915481%; transition: width 0.3s;"&gt;&lt;/div&gt;
                &lt;/div&gt;
                &lt;div style="font-size: 10px; color: #999; margin-top: 3px;"&gt;7d avg: 8.56 pH&lt;/div&gt;
            &lt;/td&gt;
            &lt;td style="padding: 10px; text-align: right; vertical-align: top;"&gt;
                &lt;span style="color: #2196f3; font-size: 18px; font-weight: bold;"&gt;9.06&lt;/span&gt;
                &lt;span style="color: #666; font-size: 12px; display: block; margin-top: 2px;"&gt;pH&lt;/span&gt;
            &lt;/td&gt;
        &lt;/tr&gt;

        &lt;tr style="background: #f0f0f0;"&gt;
            &lt;td style="padding: 10px; vertical-align: top;"&gt;
                &lt;div style="font-weight: bold; margin-bottom: 5px;"&gt;
                    Temperature &lt;span style="font-size: 14px;"&gt;↘️ &lt;span style="color: #666; font-size: 11px;"&gt;-8%&lt;/span&gt;&lt;/span&gt;
                &lt;/div&gt;
                &lt;div style="background: #ddd; border-radius: 10px; height: 8px; overflow: hidden;"&gt;
                    &lt;div style="background: #2196f3; height: 100%; width: 16.393901667658387%; transition: width 0.3s;"&gt;&lt;/div&gt;
                &lt;/div&gt;
                &lt;div style="font-size: 10px; color: #999; margin-top: 3px;"&gt;7d avg: 17.78 °C&lt;/div&gt;
            &lt;/td&gt;
            &lt;td style="padding: 10px; text-align: right; vertical-align: top;"&gt;
                &lt;span style="color: #2196f3; font-size: 18px; font-weight: bold;"&gt;16.39&lt;/span&gt;
                &lt;span style="color: #666; font-size: 12px; display: block; margin-top: 2px;"&gt;°C&lt;/span&gt;
            &lt;/td&gt;
        &lt;/tr&gt;

        &lt;tr style="background: #ffffff;"&gt;
            &lt;td style="padding: 10px; vertical-align: top;"&gt;
                &lt;div style="font-weight: bold; margin-bottom: 5px;"&gt;
                    Turbidity &lt;span style="font-size: 14px;"&gt;↗️ &lt;span style="color: #666; font-size: 11px;"&gt;+33%&lt;/span&gt;&lt;/span&gt;
                &lt;/div&gt;
                &lt;div style="background: #ddd; border-radius: 10px; height: 8px; overflow: hidden;"&gt;
                    &lt;div style="background: #2196f3; height: 100%; width: 60.96735486293534%; transition: width 0.3s;"&gt;&lt;/div&gt;
                &lt;/div&gt;
                &lt;div style="font-size: 10px; color: #999; margin-top: 3px;"&gt;7d avg: 45.73 NTU&lt;/div&gt;
            &lt;/td&gt;
            &lt;td style="padding: 10px; text-align: right; vertical-align: top;"&gt;
                &lt;span style="color: #2196f3; font-size: 18px; font-weight: bold;"&gt;60.97&lt;/span&gt;
                &lt;span style="color: #666; font-size: 12px; display: block; margin-top: 2px;"&gt;NTU&lt;/span&gt;
            &lt;/td&gt;
        &lt;/tr&gt;

        &lt;tr style="background: #f0f0f0;"&gt;
            &lt;td style="padding: 10px; vertical-align: top;"&gt;
                &lt;div style="font-weight: bold; margin-bottom: 5px;"&gt;
                    Water Quality &lt;span style="font-size: 14px;"&gt;→ &lt;span style="color: #666; font-size: 11px;"&gt;stable&lt;/span&gt;&lt;/span&gt;
                &lt;/div&gt;
                &lt;div style="background: #ddd; border-radius: 10px; height: 8px; overflow: hidden;"&gt;
                    &lt;div style="background: #2196f3; height: 100%; width: 7.326970976060501%; transition: width 0.3s;"&gt;&lt;/div&gt;
                &lt;/div&gt;
                &lt;div style="font-size: 10px; color: #999; margin-top: 3px;"&gt;7d avg: 7.22 index&lt;/div&gt;
            &lt;/td&gt;
            &lt;td style="padding: 10px; text-align: right; vertical-align: top;"&gt;
                &lt;span style="color: #2196f3; font-size: 18px; font-weight: bold;"&gt;7.33&lt;/span&gt;
                &lt;span style="color: #666; font-size: 12px; display: block; margin-top: 2px;"&gt;index&lt;/span&gt;
            &lt;/td&gt;
        &lt;/tr&gt;

    &lt;/table&gt;
&lt;/div&gt;
&lt;/div&gt;]]&gt;</description>
      <Point>
        <coordinates>101.75228132,3.2226389,0</coordinates>
      </Point>
    </Placemark>
    <Placemark>
      <name />
      <styleUrl>#boom_trap</styleUrl>
      <description>&lt;![CDATA[
&lt;div style="font-family: Arial, sans-serif; width: 350px; padding: 15px;"&gt;
    &lt;h2 style="color: #2c5364; margin: 0 0 15px 0; font-size: 20px; border-bottom: 2px solid #4fc3f7; padding-bottom: 10px;"&gt;
        BOOM_TRAP_036
    &lt;/h2&gt;
    &lt;table style="width: 100%; border-collapse: collapse; margin-bottom: 15px;"&gt;
        &lt;tr style="background: #f0f0f0;"&gt;
            &lt;td style="padding: 10px; font-weight: bold; width: 40%;"&gt;Type:&lt;/td&gt;
            &lt;td style="padding: 10px;"&gt;Boom Trap&lt;/td&gt;
        &lt;/tr&gt;
        &lt;tr&gt;
            &lt;td style="padding: 10px; font-weight: bold;"&gt;Location:&lt;/td&gt;
            &lt;td style="padding: 10px; font-size: 12px;"&gt;3.211280°N&lt;br&gt;101.754529°E&lt;/td&gt;
        &lt;/tr&gt;
    &lt;/table&gt;
    
&lt;div style="background: #f8f9fa; padding: 15px; border-radius: 8px; margin-top: 10px;"&gt;
    &lt;h3 style="color: #2c5364; margin: 0 0 15px 0; font-size: 16px;"&gt;📊 Active Sensors (8)&lt;/h3&gt;
    &lt;table style="width: 100%; border-collapse: collapse;"&gt;

        &lt;tr style="background: #ffffff;"&gt;
            &lt;td style="padding: 10px; vertical-align: top;"&gt;
                &lt;div style="font-weight: bold; margin-bottom: 5px;"&gt;
                    Conductivity &lt;span style="font-size: 14px;"&gt;↗️ &lt;span style="color: #666; font-size: 11px;"&gt;+33%&lt;/span&gt;&lt;/span&gt;
                &lt;/div&gt;
                &lt;div style="background: #ddd; border-radius: 10px; height: 8px; overflow: hidden;"&gt;
                    &lt;div style="background: #2196f3; height: 100%; width: 100%; transition: width 0.3s;"&gt;&lt;/div&gt;
                &lt;/div&gt;
                &lt;div style="font-size: 10px; color: #999; margin-top: 3px;"&gt;7d avg: 434.99 μS/cm&lt;/div&gt;
            &lt;/td&gt;
            &lt;td style="padding: 10px; text-align: right; vertical-align: top;"&gt;
                &lt;span style="color: #2196f3; font-size: 18px; font-weight: bold;"&gt;579.99&lt;/span&gt;
                &lt;span style="color: #666; font-size: 12px; display: block; margin-top: 2px;"&gt;μS/cm&lt;/span&gt;
            &lt;/td&gt;
        &lt;/tr&gt;

        &lt;tr style="background: #f0f0f0;"&gt;
            &lt;td style="padding: 10px; vertical-align: top;"&gt;
                &lt;div style="font-weight: bold; margin-bottom: 5px;"&gt;
                    Depth Gauge &lt;span style="font-size: 14px;"&gt;→ &lt;span style="color: #666; font-size: 11px;"&gt;stable&lt;/span&gt;&lt;/span&gt;
                &lt;/div&gt;
                &lt;div style="background: #ddd; border-radius: 10px; height: 8px; overflow: hidden;"&gt;
                    &lt;div style="background: #2196f3; height: 100%; width: 4.4216639410472665%; transition: width 0.3s;"&gt;&lt;/div&gt;
                &lt;/div&gt;
                &lt;div style="font-size: 10px; color: #999; margin-top: 3px;"&gt;7d avg: 4.54 m&lt;/div&gt;
            &lt;/td&gt;
            &lt;td style="padding: 10px; text-align: right; vertical-align: top;"&gt;
                &lt;span style="color: #2196f3; font-size: 18px; font-weight: bold;"&gt;4.42&lt;/span&gt;
                &lt;span style="color: #666; font-size: 12px; display: block; margin-top: 2px;"&gt;m&lt;/span&gt;
            &lt;/td&gt;
        &lt;/tr&gt;

        &lt;tr style="background: #ffffff;"&gt;
            &lt;td style="padding: 10px; vertical-align: top;"&gt;
                &lt;div style="font-weight: bold; margin-bottom: 5px;"&gt;
                    Dissolved Oxygen &lt;span style="font-size: 14px;"&gt;→ &lt;span style="color: #666; font-size: 11px;"&gt;stable&lt;/span&gt;&lt;/span&gt;
                &lt;/div&gt;
                &lt;div style="background: #ddd; border-radius: 10px; height: 8px; overflow: hidden;"&gt;
                    &lt;div style="background: #2196f3; height: 100%; width: 5.296348014150128%; transition: width 0.3s;"&gt;&lt;/div&gt;
                &lt;/div&gt;
                &lt;div style="font-size: 10px; color: #999; margin-top: 3px;"&gt;7d avg: 5.55 mg/L&lt;/div&gt;
            &lt;/td&gt;
            &lt;td style="padding: 10px; text-align: right; vertical-align: top;"&gt;
                &lt;span style="color: #2196f3; font-size: 18px; font-weight: bold;"&gt;5.30&lt;/span&gt;
                &lt;span style="color: #666; font-size: 12px; display: block; margin-top: 2px;"&gt;mg/L&lt;/span&gt;
            &lt;/td&gt;
        &lt;/tr&gt;

        &lt;tr style="background: #f0f0f0;"&gt;
            &lt;td style="padding: 10px; vertical-align: top;"&gt;
                &lt;div style="font-weight: bold; margin-bottom: 5px;"&gt;
                    Flow Meter &lt;span style="font-size: 14px;"&gt;↗️ &lt;span style="color: #666; font-size: 11px;"&gt;+5%&lt;/span&gt;&lt;/span&gt;
                &lt;/div&gt;
                &lt;div style="background: #ddd; border-radius: 10px; height: 8px; overflow: hidden;"&gt;
                    &lt;div style="background: #2196f3; height: 100%; width: 2.2519324773205756%; transition: width 0.3s;"&gt;&lt;/div&gt;
                &lt;/div&gt;
                &lt;div style="font-size: 10px; color: #999; margin-top: 3px;"&gt;7d avg: 2.13 m3/s&lt;/div&gt;
            &lt;/td&gt;
            &lt;td style="padding: 10px; text-align: right; vertical-align: top;"&gt;
                &lt;span style="color: #2196f3; font-size: 18px; font-weight: bold;"&gt;2.25&lt;/span&gt;
                &lt;span style="color: #666; font-size: 12px; display: block; margin-top: 2px;"&gt;m3/s&lt;/span&gt;
            &lt;/td&gt;
        &lt;/tr&gt;

        &lt;tr style="background: #ffffff;"&gt;
            &lt;td style="padding: 10px; vertical-align: top;"&gt;
                &lt;div style="font-weight: bold; margin-bottom: 5px;"&gt;
                    Ph Sensor &lt;span style="font-size: 14px;"&gt;→ &lt;span style="color: #666; font-size: 11px;"&gt;stable&lt;/span&gt;&lt;/span&gt;
                &lt;/div&gt;
                &lt;div style="background: #ddd; border-radius: 10px; height: 8px; overflow: hidden;"&gt;
                    &lt;div style="background: #2196f3; height: 100%; width: 9.130442163808347%; transition: width 0.3s;"&gt;&lt;/div&gt;
                &lt;/div&gt;
                &lt;div style="font-size: 10px; color: #999; margin-top: 3px;"&gt;7d avg: 8.95 pH&lt;/div&gt;
            &lt;/td&gt;
            &lt;td style="padding: 10px; text-align: right; vertical-align: top;"&gt;
                &lt;span style="color: #2196f3; font-size: 18px; font-weight: bold;"&gt;9.13&lt;/span&gt;
                &lt;span style="color: #666; font-size: 12px; display: block; margin-top: 2px;"&gt;pH&lt;/span&gt;
            &lt;/td&gt;
        &lt;/tr&gt;

        &lt;tr style="background: #f0f0f0;"&gt;
            &lt;td style="padding: 10px; vertical-align: top;"&gt;
                &lt;div style="font-weight: bold; margin-bottom: 5px;"&gt;
                    Temperature &lt;span style="font-size: 14px;"&gt;→ &lt;span style="color: #666; font-size: 11px;"&gt;stable&lt;/span&gt;&lt;/span&gt;
                &lt;/div&gt;
                &lt;div style="background: #ddd; border-radius: 10px; height: 8px; overflow: hidden;"&gt;
                    &lt;div style="background: #2196f3; height: 100%; width: 43.32185634986667%; transition: width 0.3s;"&gt;&lt;/div&gt;
                &lt;/div&gt;
                &lt;div style="font-size: 10px; color: #999; margin-top: 3px;"&gt;7d avg: 44.31 °C&lt;/div&gt;
            &lt;/td&gt;
            &lt;td style="padding: 10px; text-align: right; vertical-align: top;"&gt;
                &lt;span style="color: #2196f3; font-size: 18px; font-weight: bold;"&gt;43.32&lt;/span&gt;
                &lt;span style="color: #666; font-size: 12px; display: block; margin-top: 2px;"&gt;°C&lt;/span&gt;
            &lt;/td&gt;
        &lt;/tr&gt;

        &lt;tr style="background: #ffffff;"&gt;
            &lt;td style="padding: 10px; vertical-align: top;"&gt;
                &lt;div style="font-weight: bold; margin-bottom: 5px;"&gt;
                    Turbidity &lt;span style="font-size: 14px;"&gt;↗️ &lt;span style="color: #666; font-size: 11px;"&gt;+33%&lt;/span&gt;&lt;/span&gt;
                &lt;/div&gt;
                &lt;div style="background: #ddd; border-radius: 10px; height: 8px; overflow: hidden;"&gt;
                    &lt;div style="background: #2196f3; height: 100%; width: 80.1487743649412%; transition: width 0.3s;"&gt;&lt;/div&gt;
                &lt;/div&gt;
                &lt;div style="font-size: 10px; color: #999; margin-top: 3px;"&gt;7d avg: 60.11 NTU&lt;/div&gt;
            &lt;/td&gt;
            &lt;td style="padding: 10px; text-align: right; vertical-align: top;"&gt;
                &lt;span style="color: #2196f3; font-size: 18px; font-weight: bold;"&gt;80.15&lt;/span&gt;
                &lt;span style="color: #666; font-size: 12px; display: block; margin-top: 2px;"&gt;NTU&lt;/span&gt;
            &lt;/td&gt;
        &lt;/tr&gt;

        &lt;tr style="background: #f0f0f0;"&gt;
            &lt;td style="padding: 10px; vertical-align: top;"&gt;
                &lt;div style="font-weight: bold; margin-bottom: 5px;"&gt;
                    Water Quality &lt;span style="font-size: 14px;"&gt;→ &lt;span style="color: #666; font-size: 11px;"&gt;stable&lt;/span&gt;&lt;/span&gt;
                &lt;/div&gt;
                &lt;div style="background: #ddd; border-radius: 10px; height: 8px; overflow: hidden;"&gt;
                    &lt;div style="background: #2196f3; height: 100%; width: 4.581886624141022%; transition: width 0.3s;"&gt;&lt;/div&gt;
                &lt;/div&gt;
                &lt;div style="font-size: 10px; color: #999; margin-top: 3px;"&gt;7d avg: 4.42 index&lt;/div&gt;
            &lt;/td&gt;
            &lt;td style="padding: 10px; text-align: right; vertical-align: top;"&gt;
                &lt;span style="color: #2196f3; font-size: 18px; font-weight: bold;"&gt;4.58&lt;/span&gt;
                &lt;span style="color: #666; font-size: 12px; display: block; margin-top: 2px;"&gt;index&lt;/span&gt;
            &lt;/td&gt;
        &lt;/tr&gt;

    &lt;/table&gt;
&lt;/div&gt;
&lt;/div&gt;]]&gt;</description>
      <Point>
        <coordinates>101.75452863,3.21127952,0</coordinates>
      </Point>
    </Placemark>
    <Placemark>
      <name />
      <styleUrl>#boom_trap</styleUrl>
      <description>&lt;![CDATA[
&lt;div style="font-family: Arial, sans-serif; width: 350px; padding: 15px;"&gt;
    &lt;h2 style="color: #2c5364; margin: 0 0 15px 0; font-size: 20px; border-bottom: 2px solid #4fc3f7; padding-bottom: 10px;"&gt;
        BOOM_TRAP_037
    &lt;/h2&gt;
    &lt;table style="width: 100%; border-collapse: collapse; margin-bottom: 15px;"&gt;
        &lt;tr style="background: #f0f0f0;"&gt;
            &lt;td style="padding: 10px; font-weight: bold; width: 40%;"&gt;Type:&lt;/td&gt;
            &lt;td style="padding: 10px;"&gt;Boom Trap&lt;/td&gt;
        &lt;/tr&gt;
        &lt;tr&gt;
            &lt;td style="padding: 10px; font-weight: bold;"&gt;Location:&lt;/td&gt;
            &lt;td style="padding: 10px; font-size: 12px;"&gt;3.180333°N&lt;br&gt;101.758894°E&lt;/td&gt;
        &lt;/tr&gt;
    &lt;/table&gt;
    
&lt;div style="background: #f8f9fa; padding: 15px; border-radius: 8px; margin-top: 10px;"&gt;
    &lt;h3 style="color: #2c5364; margin: 0 0 15px 0; font-size: 16px;"&gt;📊 Active Sensors (8)&lt;/h3&gt;
    &lt;table style="width: 100%; border-collapse: collapse;"&gt;

        &lt;tr style="background: #ffffff;"&gt;
            &lt;td style="padding: 10px; vertical-align: top;"&gt;
                &lt;div style="font-weight: bold; margin-bottom: 5px;"&gt;
                    Conductivity &lt;span style="font-size: 14px;"&gt;↗️ &lt;span style="color: #666; font-size: 11px;"&gt;+33%&lt;/span&gt;&lt;/span&gt;
                &lt;/div&gt;
                &lt;div style="background: #ddd; border-radius: 10px; height: 8px; overflow: hidden;"&gt;
                    &lt;div style="background: #2196f3; height: 100%; width: 100%; transition: width 0.3s;"&gt;&lt;/div&gt;
                &lt;/div&gt;
                &lt;div style="font-size: 10px; color: #999; margin-top: 3px;"&gt;7d avg: 417.74 μS/cm&lt;/div&gt;
            &lt;/td&gt;
            &lt;td style="padding: 10px; text-align: right; vertical-align: top;"&gt;
                &lt;span style="color: #2196f3; font-size: 18px; font-weight: bold;"&gt;556.98&lt;/span&gt;
                &lt;span style="color: #666; font-size: 12px; display: block; margin-top: 2px;"&gt;μS/cm&lt;/span&gt;
            &lt;/td&gt;
        &lt;/tr&gt;

        &lt;tr style="background: #f0f0f0;"&gt;
            &lt;td style="padding: 10px; vertical-align: top;"&gt;
                &lt;div style="font-weight: bold; margin-bottom: 5px;"&gt;
                    Depth Gauge &lt;span style="font-size: 14px;"&gt;↘️ &lt;span style="color: #666; font-size: 11px;"&gt;-6%&lt;/span&gt;&lt;/span&gt;
                &lt;/div&gt;
                &lt;div style="background: #ddd; border-radius: 10px; height: 8px; overflow: hidden;"&gt;
                    &lt;div style="background: #2196f3; height: 100%; width: 2.70336795118502%; transition: width 0.3s;"&gt;&lt;/div&gt;
                &lt;/div&gt;
                &lt;div style="font-size: 10px; color: #999; margin-top: 3px;"&gt;7d avg: 2.87 m&lt;/div&gt;
            &lt;/td&gt;
            &lt;td style="padding: 10px; text-align: right; vertical-align: top;"&gt;
                &lt;span style="color: #2196f3; font-size: 18px; font-weight: bold;"&gt;2.70&lt;/span&gt;
                &lt;span style="color: #666; font-size: 12px; display: block; margin-top: 2px;"&gt;m&lt;/span&gt;
            &lt;/td&gt;
        &lt;/tr&gt;

        &lt;tr style="background: #ffffff;"&gt;
            &lt;td style="padding: 10px; vertical-align: top;"&gt;
                &lt;div style="font-weight: bold; margin-bottom: 5px;"&gt;
                    Dissolved Oxygen &lt;span style="font-size: 14px;"&gt;↗️ &lt;span style="color: #666; font-size: 11px;"&gt;+8%&lt;/span&gt;&lt;/span&gt;
                &lt;/div&gt;
                &lt;div style="background: #ddd; border-radius: 10px; height: 8px; overflow: hidden;"&gt;
                    &lt;div style="background: #2196f3; height: 100%; width: 8.246771301662623%; transition: width 0.3s;"&gt;&lt;/div&gt;
                &lt;/div&gt;
                &lt;div style="font-size: 10px; color: #999; margin-top: 3px;"&gt;7d avg: 7.65 mg/L&lt;/div&gt;
            &lt;/td&gt;
            &lt;td style="padding: 10px; text-align: right; vertical-align: top;"&gt;
                &lt;span style="color: #2196f3; font-size: 18px; font-weight: bold;"&gt;8.25&lt;/span&gt;
                &lt;span style="color: #666; font-size: 12px; display: block; margin-top: 2px;"&gt;mg/L&lt;/span&gt;
            &lt;/td&gt;
        &lt;/tr&gt;

        &lt;tr style="background: #f0f0f0;"&gt;
            &lt;td style="padding: 10px; vertical-align: top;"&gt;
                &lt;div style="font-weight: bold; margin-bottom: 5px;"&gt;
                    Flow Meter &lt;span style="font-size: 14px;"&gt;→ &lt;span style="color: #666; font-size: 11px;"&gt;stable&lt;/span&gt;&lt;/span&gt;
                &lt;/div&gt;
                &lt;div style="background: #ddd; border-radius: 10px; height: 8px; overflow: hidden;"&gt;
                    &lt;div style="background: #2196f3; height: 100%; width: 2.7797127918302587%; transition: width 0.3s;"&gt;&lt;/div&gt;
                &lt;/div&gt;
                &lt;div style="font-size: 10px; color: #999; margin-top: 3px;"&gt;7d avg: 2.72 m3/s&lt;/div&gt;
            &lt;/td&gt;
            &lt;td style="padding: 10px; text-align: right; vertical-align: top;"&gt;
                &lt;span style="color: #2196f3; font-size: 18px; font-weight: bold;"&gt;2.78&lt;/span&gt;
                &lt;span style="color: #666; font-size: 12px; display: block; margin-top: 2px;"&gt;m3/s&lt;/span&gt;
            &lt;/td&gt;
        &lt;/tr&gt;

        &lt;tr style="background: #ffffff;"&gt;
            &lt;td style="padding: 10px; vertical-align: top;"&gt;
                &lt;div style="font-weight: bold; margin-bottom: 5px;"&gt;
                    Ph Sensor &lt;span style="font-size: 14px;"&gt;↗️ &lt;span style="color: #666; font-size: 11px;"&gt;+9%&lt;/span&gt;&lt;/span&gt;
                &lt;/div&gt;
                &lt;div style="background: #ddd; border-radius: 10px; height: 8px; overflow: hidden;"&gt;
                    &lt;div style="background: #2196f3; height: 100%; width: 6.83521380426421%; transition: width 0.3s;"&gt;&lt;/div&gt;
                &lt;/div&gt;
                &lt;div style="font-size: 10px; color: #999; margin-top: 3px;"&gt;7d avg: 6.29 pH&lt;/div&gt;
            &lt;/td&gt;
            &lt;td style="padding: 10px; text-align: right; vertical-align: top;"&gt;
                &lt;span style="color: #2196f3; font-size: 18px; font-weight: bold;"&gt;6.84&lt;/span&gt;
                &lt;span style="color: #666; font-size: 12px; display: block; margin-top: 2px;"&gt;pH&lt;/span&gt;
            &lt;/td&gt;
        &lt;/tr&gt;

        &lt;tr style="background: #f0f0f0;"&gt;
            &lt;td style="padding: 10px; vertical-align: top;"&gt;
                &lt;div style="font-weight: bold; margin-bottom: 5px;"&gt;
                    Temperature &lt;span style="font-size: 14px;"&gt;→ &lt;span style="color: #666; font-size: 11px;"&gt;stable&lt;/span&gt;&lt;/span&gt;
                &lt;/div&gt;
                &lt;div style="background: #ddd; border-radius: 10px; height: 8px; overflow: hidden;"&gt;
                    &lt;div style="background: #2196f3; height: 100%; width: 21.84056240287119%; transition: width 0.3s;"&gt;&lt;/div&gt;
                &lt;/div&gt;
                &lt;div style="font-size: 10px; color: #999; margin-top: 3px;"&gt;7d avg: 22.55 °C&lt;/div&gt;
            &lt;/td&gt;
            &lt;td style="padding: 10px; text-align: right; vertical-align: top;"&gt;
                &lt;span style="color: #2196f3; font-size: 18px; font-weight: bold;"&gt;21.84&lt;/span&gt;
                &lt;span style="color: #666; font-size: 12px; display: block; margin-top: 2px;"&gt;°C&lt;/span&gt;
            &lt;/td&gt;
        &lt;/tr&gt;

        &lt;tr style="background: #ffffff;"&gt;
            &lt;td style="padding: 10px; vertical-align: top;"&gt;
                &lt;div style="font-weight: bold; margin-bottom: 5px;"&gt;
                    Turbidity &lt;span style="font-size: 14px;"&gt;↗️ &lt;span style="color: #666; font-size: 11px;"&gt;+33%&lt;/span&gt;&lt;/span&gt;
                &lt;/div&gt;
                &lt;div style="background: #ddd; border-radius: 10px; height: 8px; overflow: hidden;"&gt;
                    &lt;div style="background: #2196f3; height: 100%; width: 52.09253003924458%; transition: width 0.3s;"&gt;&lt;/div&gt;
                &lt;/div&gt;
                &lt;div style="font-size: 10px; color: #999; margin-top: 3px;"&gt;7d avg: 39.07 NTU&lt;/div&gt;
            &lt;/td&gt;
            &lt;td style="padding: 10px; text-align: right; vertical-align: top;"&gt;
                &lt;span style="color: #2196f3; font-size: 18px; font-weight: bold;"&gt;52.09&lt;/span&gt;
                &lt;span style="color: #666; font-size: 12px; display: block; margin-top: 2px;"&gt;NTU&lt;/span&gt;
            &lt;/td&gt;
        &lt;/tr&gt;

        &lt;tr style="background: #f0f0f0;"&gt;
            &lt;td style="padding: 10px; vertical-align: top;"&gt;
                &lt;div style="font-weight: bold; margin-bottom: 5px;"&gt;
                    Water Quality &lt;span style="font-size: 14px;"&gt;→ &lt;span style="color: #666; font-size: 11px;"&gt;stable&lt;/span&gt;&lt;/span&gt;
                &lt;/div&gt;
                &lt;div style="background: #ddd; border-radius: 10px; height: 8px; overflow: hidden;"&gt;
                    &lt;div style="background: #2196f3; height: 100%; width: 8.323513886472467%; transition: width 0.3s;"&gt;&lt;/div&gt;
                &lt;/div&gt;
                &lt;div style="font-size: 10px; color: #999; margin-top: 3px;"&gt;7d avg: 8.47 index&lt;/div&gt;
            &lt;/td&gt;
            &lt;td style="padding: 10px; text-align: right; vertical-align: top;"&gt;
                &lt;span style="color: #2196f3; font-size: 18px; font-weight: bold;"&gt;8.32&lt;/span&gt;
                &lt;span style="color: #666; font-size: 12px; display: block; margin-top: 2px;"&gt;index&lt;/span&gt;
            &lt;/td&gt;
        &lt;/tr&gt;

    &lt;/table&gt;
&lt;/div&gt;
&lt;/div&gt;]]&gt;</description>
      <Point>
        <coordinates>101.75889446,3.18033325,0</coordinates>
      </Point>
    </Placemark>
    <Placemark>
      <name />
      <styleUrl>#boom_trap</styleUrl>
      <description>&lt;![CDATA[
&lt;div style="font-family: Arial, sans-serif; width: 350px; padding: 15px;"&gt;
    &lt;h2 style="color: #2c5364; margin: 0 0 15px 0; font-size: 20px; border-bottom: 2px solid #4fc3f7; padding-bottom: 10px;"&gt;
        BOOM_TRAP_038
    &lt;/h2&gt;
    &lt;table style="width: 100%; border-collapse: collapse; margin-bottom: 15px;"&gt;
        &lt;tr style="background: #f0f0f0;"&gt;
            &lt;td style="padding: 10px; font-weight: bold; width: 40%;"&gt;Type:&lt;/td&gt;
            &lt;td style="padding: 10px;"&gt;Boom Trap&lt;/td&gt;
        &lt;/tr&gt;
        &lt;tr&gt;
            &lt;td style="padding: 10px; font-weight: bold;"&gt;Location:&lt;/td&gt;
            &lt;td style="padding: 10px; font-size: 12px;"&gt;3.207062°N&lt;br&gt;101.756715°E&lt;/td&gt;
        &lt;/tr&gt;
    &lt;/table&gt;
    
&lt;div style="background: #f8f9fa; padding: 15px; border-radius: 8px; margin-top: 10px;"&gt;
    &lt;h3 style="color: #2c5364; margin: 0 0 15px 0; font-size: 16px;"&gt;📊 Active Sensors (8)&lt;/h3&gt;
    &lt;table style="width: 100%; border-collapse: collapse;"&gt;

        &lt;tr style="background: #ffffff;"&gt;
            &lt;td style="padding: 10px; vertical-align: top;"&gt;
                &lt;div style="font-weight: bold; margin-bottom: 5px;"&gt;
                    Conductivity &lt;span style="font-size: 14px;"&gt;↗️ &lt;span style="color: #666; font-size: 11px;"&gt;+33%&lt;/span&gt;&lt;/span&gt;
                &lt;/div&gt;
                &lt;div style="background: #ddd; border-radius: 10px; height: 8px; overflow: hidden;"&gt;
                    &lt;div style="background: #2196f3; height: 100%; width: 100%; transition: width 0.3s;"&gt;&lt;/div&gt;
                &lt;/div&gt;
                &lt;div style="font-size: 10px; color: #999; margin-top: 3px;"&gt;7d avg: 419.83 μS/cm&lt;/div&gt;
            &lt;/td&gt;
            &lt;td style="padding: 10px; text-align: right; vertical-align: top;"&gt;
                &lt;span style="color: #2196f3; font-size: 18px; font-weight: bold;"&gt;559.77&lt;/span&gt;
                &lt;span style="color: #666; font-size: 12px; display: block; margin-top: 2px;"&gt;μS/cm&lt;/span&gt;
            &lt;/td&gt;
        &lt;/tr&gt;

        &lt;tr style="background: #f0f0f0;"&gt;
            &lt;td style="padding: 10px; vertical-align: top;"&gt;
                &lt;div style="font-weight: bold; margin-bottom: 5px;"&gt;
                    Depth Gauge &lt;span style="font-size: 14px;"&gt;→ &lt;span style="color: #666; font-size: 11px;"&gt;stable&lt;/span&gt;&lt;/span&gt;
                &lt;/div&gt;
                &lt;div style="background: #ddd; border-radius: 10px; height: 8px; overflow: hidden;"&gt;
                    &lt;div style="background: #2196f3; height: 100%; width: 6.302694477442344%; transition: width 0.3s;"&gt;&lt;/div&gt;
                &lt;/div&gt;
                &lt;div style="font-size: 10px; color: #999; margin-top: 3px;"&gt;7d avg: 6.03 m&lt;/div&gt;
            &lt;/td&gt;
            &lt;td style="padding: 10px; text-align: right; vertical-align: top;"&gt;
                &lt;span style="color: #2196f3; font-size: 18px; font-weight: bold;"&gt;6.30&lt;/span&gt;
                &lt;span style="color: #666; font-size: 12px; display: block; margin-top: 2px;"&gt;m&lt;/span&gt;
            &lt;/td&gt;
        &lt;/tr&gt;

        &lt;tr style="background: #ffffff;"&gt;
            &lt;td style="padding: 10px; vertical-align: top;"&gt;
                &lt;div style="font-weight: bold; margin-bottom: 5px;"&gt;
                    Dissolved Oxygen &lt;span style="font-size: 14px;"&gt;↗️ &lt;span style="color: #666; font-size: 11px;"&gt;+6%&lt;/span&gt;&lt;/span&gt;
                &lt;/div&gt;
                &lt;div style="background: #ddd; border-radius: 10px; height: 8px; overflow: hidden;"&gt;
                    &lt;div style="background: #2196f3; height: 100%; width: 7.922388190692055%; transition: width 0.3s;"&gt;&lt;/div&gt;
                &lt;/div&gt;
                &lt;div style="font-size: 10px; color: #999; margin-top: 3px;"&gt;7d avg: 7.47 mg/L&lt;/div&gt;
            &lt;/td&gt;
            &lt;td style="padding: 10px; text-align: right; vertical-align: top;"&gt;
                &lt;span style="color: #2196f3; font-size: 18px; font-weight: bold;"&gt;7.92&lt;/span&gt;
                &lt;span style="color: #666; font-size: 12px; display: block; margin-top: 2px;"&gt;mg/L&lt;/span&gt;
            &lt;/td&gt;
        &lt;/tr&gt;

        &lt;tr style="background: #f0f0f0;"&gt;
            &lt;td style="padding: 10px; vertical-align: top;"&gt;
                &lt;div style="font-weight: bold; margin-bottom: 5px;"&gt;
                    Flow Meter &lt;span style="font-size: 14px;"&gt;→ &lt;span style="color: #666; font-size: 11px;"&gt;stable&lt;/span&gt;&lt;/span&gt;
                &lt;/div&gt;
                &lt;div style="background: #ddd; border-radius: 10px; height: 8px; overflow: hidden;"&gt;
                    &lt;div style="background: #2196f3; height: 100%; width: 2.925917557702563%; transition: width 0.3s;"&gt;&lt;/div&gt;
                &lt;/div&gt;
                &lt;div style="font-size: 10px; color: #999; margin-top: 3px;"&gt;7d avg: 2.84 m3/s&lt;/div&gt;
            &lt;/td&gt;
            &lt;td style="padding: 10px; text-align: right; vertical-align: top;"&gt;
                &lt;span style="color: #2196f3; font-size: 18px; font-weight: bold;"&gt;2.93&lt;/span&gt;
                &lt;span style="color: #666; font-size: 12px; display: block; margin-top: 2px;"&gt;m3/s&lt;/span&gt;
            &lt;/td&gt;
        &lt;/tr&gt;

        &lt;tr style="background: #ffffff;"&gt;
            &lt;td style="padding: 10px; vertical-align: top;"&gt;
                &lt;div style="font-weight: bold; margin-bottom: 5px;"&gt;
                    Ph Sensor &lt;span style="font-size: 14px;"&gt;→ &lt;span style="color: #666; font-size: 11px;"&gt;stable&lt;/span&gt;&lt;/span&gt;
                &lt;/div&gt;
                &lt;div style="background: #ddd; border-radius: 10px; height: 8px; overflow: hidden;"&gt;
                    &lt;div style="background: #2196f3; height: 100%; width: 8.56257546447086%; transition: width 0.3s;"&gt;&lt;/div&gt;
                &lt;/div&gt;
                &lt;div style="font-size: 10px; color: #999; margin-top: 3px;"&gt;7d avg: 8.77 pH&lt;/div&gt;
            &lt;/td&gt;
            &lt;td style="padding: 10px; text-align: right; vertical-align: top;"&gt;
                &lt;span style="color: #2196f3; font-size: 18px; font-weight: bold;"&gt;8.56&lt;/span&gt;
                &lt;span style="color: #666; font-size: 12px; display: block; margin-top: 2px;"&gt;pH&lt;/span&gt;
            &lt;/td&gt;
        &lt;/tr&gt;

        &lt;tr style="background: #f0f0f0;"&gt;
            &lt;td style="padding: 10px; vertical-align: top;"&gt;
                &lt;div style="font-weight: bold; margin-bottom: 5px;"&gt;
                    Temperature &lt;span style="font-size: 14px;"&gt;→ &lt;span style="color: #666; font-size: 11px;"&gt;stable&lt;/span&gt;&lt;/span&gt;
                &lt;/div&gt;
                &lt;div style="background: #ddd; border-radius: 10px; height: 8px; overflow: hidden;"&gt;
                    &lt;div style="background: #2196f3; height: 100%; width: 21.563866192799615%; transition: width 0.3s;"&gt;&lt;/div&gt;
                &lt;/div&gt;
                &lt;div style="font-size: 10px; color: #999; margin-top: 3px;"&gt;7d avg: 22.66 °C&lt;/div&gt;
            &lt;/td&gt;
            &lt;td style="padding: 10px; text-align: right; vertical-align: top;"&gt;
                &lt;span style="color: #2196f3; font-size: 18px; font-weight: bold;"&gt;21.56&lt;/span&gt;
                &lt;span style="color: #666; font-size: 12px; display: block; margin-top: 2px;"&gt;°C&lt;/span&gt;
            &lt;/td&gt;
        &lt;/tr&gt;

        &lt;tr style="background: #ffffff;"&gt;
            &lt;td style="padding: 10px; vertical-align: top;"&gt;
                &lt;div style="font-weight: bold; margin-bottom: 5px;"&gt;
                    Turbidity &lt;span style="font-size: 14px;"&gt;↗️ &lt;span style="color: #666; font-size: 11px;"&gt;+33%&lt;/span&gt;&lt;/span&gt;
                &lt;/div&gt;
                &lt;div style="background: #ddd; border-radius: 10px; height: 8px; overflow: hidden;"&gt;
                    &lt;div style="background: #2196f3; height: 100%; width: 61.04481710486696%; transition: width 0.3s;"&gt;&lt;/div&gt;
                &lt;/div&gt;
                &lt;div style="font-size: 10px; color: #999; margin-top: 3px;"&gt;7d avg: 45.78 NTU&lt;/div&gt;
            &lt;/td&gt;
            &lt;td style="padding: 10px; text-align: right; vertical-align: top;"&gt;
                &lt;span style="color: #2196f3; font-size: 18px; font-weight: bold;"&gt;61.04&lt;/span&gt;
                &lt;span style="color: #666; font-size: 12px; display: block; margin-top: 2px;"&gt;NTU&lt;/span&gt;
            &lt;/td&gt;
        &lt;/tr&gt;

        &lt;tr style="background: #f0f0f0;"&gt;
            &lt;td style="padding: 10px; vertical-align: top;"&gt;
                &lt;div style="font-weight: bold; margin-bottom: 5px;"&gt;
                    Water Quality &lt;span style="font-size: 14px;"&gt;↘️ &lt;span style="color: #666; font-size: 11px;"&gt;-8%&lt;/span&gt;&lt;/span&gt;
                &lt;/div&gt;
                &lt;div style="background: #ddd; border-radius: 10px; height: 8px; overflow: hidden;"&gt;
                    &lt;div style="background: #2196f3; height: 100%; width: 5.13451756615607%; transition: width 0.3s;"&gt;&lt;/div&gt;
                &lt;/div&gt;
                &lt;div style="font-size: 10px; color: #999; margin-top: 3px;"&gt;7d avg: 5.58 index&lt;/div&gt;
            &lt;/td&gt;
            &lt;td style="padding: 10px; text-align: right; vertical-align: top;"&gt;
                &lt;span style="color: #2196f3; font-size: 18px; font-weight: bold;"&gt;5.13&lt;/span&gt;
                &lt;span style="color: #666; font-size: 12px; display: block; margin-top: 2px;"&gt;index&lt;/span&gt;
            &lt;/td&gt;
        &lt;/tr&gt;

    &lt;/table&gt;
&lt;/div&gt;
&lt;/div&gt;]]&gt;</description>
      <Point>
        <coordinates>101.75671538,3.20706204,0</coordinates>
      </Point>
    </Placemark>
    <Placemark>
      <name />
      <styleUrl>#boom_trap</styleUrl>
      <description>&lt;![CDATA[
&lt;div style="font-family: Arial, sans-serif; width: 350px; padding: 15px;"&gt;
    &lt;h2 style="color: #2c5364; margin: 0 0 15px 0; font-size: 20px; border-bottom: 2px solid #4fc3f7; padding-bottom: 10px;"&gt;
        BOOM_TRAP_039
    &lt;/h2&gt;
    &lt;table style="width: 100%; border-collapse: collapse; margin-bottom: 15px;"&gt;
        &lt;tr style="background: #f0f0f0;"&gt;
            &lt;td style="padding: 10px; font-weight: bold; width: 40%;"&gt;Type:&lt;/td&gt;
            &lt;td style="padding: 10px;"&gt;Boom Trap&lt;/td&gt;
        &lt;/tr&gt;
        &lt;tr&gt;
            &lt;td style="padding: 10px; font-weight: bold;"&gt;Location:&lt;/td&gt;
            &lt;td style="padding: 10px; font-size: 12px;"&gt;3.203895°N&lt;br&gt;101.758061°E&lt;/td&gt;
        &lt;/tr&gt;
    &lt;/table&gt;
    
&lt;div style="background: #f8f9fa; padding: 15px; border-radius: 8px; margin-top: 10px;"&gt;
    &lt;h3 style="color: #2c5364; margin: 0 0 15px 0; font-size: 16px;"&gt;📊 Active Sensors (8)&lt;/h3&gt;
    &lt;table style="width: 100%; border-collapse: collapse;"&gt;

        &lt;tr style="background: #ffffff;"&gt;
            &lt;td style="padding: 10px; vertical-align: top;"&gt;
                &lt;div style="font-weight: bold; margin-bottom: 5px;"&gt;
                    Conductivity &lt;span style="font-size: 14px;"&gt;↗️ &lt;span style="color: #666; font-size: 11px;"&gt;+33%&lt;/span&gt;&lt;/span&gt;
                &lt;/div&gt;
                &lt;div style="background: #ddd; border-radius: 10px; height: 8px; overflow: hidden;"&gt;
                    &lt;div style="background: #2196f3; height: 100%; width: 100%; transition: width 0.3s;"&gt;&lt;/div&gt;
                &lt;/div&gt;
                &lt;div style="font-size: 10px; color: #999; margin-top: 3px;"&gt;7d avg: 343.32 μS/cm&lt;/div&gt;
            &lt;/td&gt;
            &lt;td style="padding: 10px; text-align: right; vertical-align: top;"&gt;
                &lt;span style="color: #2196f3; font-size: 18px; font-weight: bold;"&gt;457.76&lt;/span&gt;
                &lt;span style="color: #666; font-size: 12px; display: block; margin-top: 2px;"&gt;μS/cm&lt;/span&gt;
            &lt;/td&gt;
        &lt;/tr&gt;

        &lt;tr style="background: #f0f0f0;"&gt;
            &lt;td style="padding: 10px; vertical-align: top;"&gt;
                &lt;div style="font-weight: bold; margin-bottom: 5px;"&gt;
                    Depth Gauge &lt;span style="font-size: 14px;"&gt;↘️ &lt;span style="color: #666; font-size: 11px;"&gt;-9%&lt;/span&gt;&lt;/span&gt;
                &lt;/div&gt;
                &lt;div style="background: #ddd; border-radius: 10px; height: 8px; overflow: hidden;"&gt;
                    &lt;div style="background: #2196f3; height: 100%; width: 5.84745585157262%; transition: width 0.3s;"&gt;&lt;/div&gt;
                &lt;/div&gt;
                &lt;div style="font-size: 10px; color: #999; margin-top: 3px;"&gt;7d avg: 6.43 m&lt;/div&gt;
            &lt;/td&gt;
            &lt;td style="padding: 10px; text-align: right; vertical-align: top;"&gt;
                &lt;span style="color: #2196f3; font-size: 18px; font-weight: bold;"&gt;5.85&lt;/span&gt;
                &lt;span style="color: #666; font-size: 12px; display: block; margin-top: 2px;"&gt;m&lt;/span&gt;
            &lt;/td&gt;
        &lt;/tr&gt;

        &lt;tr style="background: #ffffff;"&gt;
            &lt;td style="padding: 10px; vertical-align: top;"&gt;
                &lt;div style="font-weight: bold; margin-bottom: 5px;"&gt;
                    Dissolved Oxygen &lt;span style="font-size: 14px;"&gt;→ &lt;span style="color: #666; font-size: 11px;"&gt;stable&lt;/span&gt;&lt;/span&gt;
                &lt;/div&gt;
                &lt;div style="background: #ddd; border-radius: 10px; height: 8px; overflow: hidden;"&gt;
                    &lt;div style="background: #2196f3; height: 100%; width: 8.311388782722652%; transition: width 0.3s;"&gt;&lt;/div&gt;
                &lt;/div&gt;
                &lt;div style="font-size: 10px; color: #999; margin-top: 3px;"&gt;7d avg: 8.70 mg/L&lt;/div&gt;
            &lt;/td&gt;
            &lt;td style="padding: 10px; text-align: right; vertical-align: top;"&gt;
                &lt;span style="color: #2196f3; font-size: 18px; font-weight: bold;"&gt;8.31&lt;/span&gt;
                &lt;span style="color: #666; font-size: 12px; display: block; margin-top: 2px;"&gt;mg/L&lt;/span&gt;
            &lt;/td&gt;
        &lt;/tr&gt;

        &lt;tr style="background: #f0f0f0;"&gt;
            &lt;td style="padding: 10px; vertical-align: top;"&gt;
                &lt;div style="font-weight: bold; margin-bottom: 5px;"&gt;
                    Flow Meter &lt;span style="font-size: 14px;"&gt;→ &lt;span style="color: #666; font-size: 11px;"&gt;stable&lt;/span&gt;&lt;/span&gt;
                &lt;/div&gt;
                &lt;div style="background: #ddd; border-radius: 10px; height: 8px; overflow: hidden;"&gt;
                    &lt;div style="background: #2196f3; height: 100%; width: 1.4832501655166241%; transition: width 0.3s;"&gt;&lt;/div&gt;
                &lt;/div&gt;
                &lt;div style="font-size: 10px; color: #999; margin-top: 3px;"&gt;7d avg: 1.43 m3/s&lt;/div&gt;
            &lt;/td&gt;
            &lt;td style="padding: 10px; text-align: right; vertical-align: top;"&gt;
                &lt;span style="color: #2196f3; font-size: 18px; font-weight: bold;"&gt;1.48&lt;/span&gt;
                &lt;span style="color: #666; font-size: 12px; display: block; margin-top: 2px;"&gt;m3/s&lt;/span&gt;
            &lt;/td&gt;
        &lt;/tr&gt;

        &lt;tr style="background: #ffffff;"&gt;
            &lt;td style="padding: 10px; vertical-align: top;"&gt;
                &lt;div style="font-weight: bold; margin-bottom: 5px;"&gt;
                    Ph Sensor &lt;span style="font-size: 14px;"&gt;↘️ &lt;span style="color: #666; font-size: 11px;"&gt;-5%&lt;/span&gt;&lt;/span&gt;
                &lt;/div&gt;
                &lt;div style="background: #ddd; border-radius: 10px; height: 8px; overflow: hidden;"&gt;
                    &lt;div style="background: #2196f3; height: 100%; width: 4.570023395651169%; transition: width 0.3s;"&gt;&lt;/div&gt;
                &lt;/div&gt;
                &lt;div style="font-size: 10px; color: #999; margin-top: 3px;"&gt;7d avg: 4.82 pH&lt;/div&gt;
            &lt;/td&gt;
            &lt;td style="padding: 10px; text-align: right; vertical-align: top;"&gt;
                &lt;span style="color: #2196f3; font-size: 18px; font-weight: bold;"&gt;4.57&lt;/span&gt;
                &lt;span style="color: #666; font-size: 12px; display: block; margin-top: 2px;"&gt;pH&lt;/span&gt;
            &lt;/td&gt;
        &lt;/tr&gt;

        &lt;tr style="background: #f0f0f0;"&gt;
            &lt;td style="padding: 10px; vertical-align: top;"&gt;
                &lt;div style="font-weight: bold; margin-bottom: 5px;"&gt;
                    Temperature &lt;span style="font-size: 14px;"&gt;→ &lt;span style="color: #666; font-size: 11px;"&gt;stable&lt;/span&gt;&lt;/span&gt;
                &lt;/div&gt;
                &lt;div style="background: #ddd; border-radius: 10px; height: 8px; overflow: hidden;"&gt;
                    &lt;div style="background: #2196f3; height: 100%; width: 19.048414524090436%; transition: width 0.3s;"&gt;&lt;/div&gt;
                &lt;/div&gt;
                &lt;div style="font-size: 10px; color: #999; margin-top: 3px;"&gt;7d avg: 19.53 °C&lt;/div&gt;
            &lt;/td&gt;
            &lt;td style="padding: 10px; text-align: right; vertical-align: top;"&gt;
                &lt;span style="color: #2196f3; font-size: 18px; font-weight: bold;"&gt;19.05&lt;/span&gt;
                &lt;span style="color: #666; font-size: 12px; display: block; margin-top: 2px;"&gt;°C&lt;/span&gt;
            &lt;/td&gt;
        &lt;/tr&gt;

        &lt;tr style="background: #ffffff;"&gt;
            &lt;td style="padding: 10px; vertical-align: top;"&gt;
                &lt;div style="font-weight: bold; margin-bottom: 5px;"&gt;
                    Turbidity &lt;span style="font-size: 14px;"&gt;↗️ &lt;span style="color: #666; font-size: 11px;"&gt;+33%&lt;/span&gt;&lt;/span&gt;
                &lt;/div&gt;
                &lt;div style="background: #ddd; border-radius: 10px; height: 8px; overflow: hidden;"&gt;
                    &lt;div style="background: #2196f3; height: 100%; width: 100%; transition: width 0.3s;"&gt;&lt;/div&gt;
                &lt;/div&gt;
                &lt;div style="font-size: 10px; color: #999; margin-top: 3px;"&gt;7d avg: 96.83 NTU&lt;/div&gt;
            &lt;/td&gt;
            &lt;td style="padding: 10px; text-align: right; vertical-align: top;"&gt;
                &lt;span style="color: #2196f3; font-size: 18px; font-weight: bold;"&gt;129.10&lt;/span&gt;
                &lt;span style="color: #666; font-size: 12px; display: block; margin-top: 2px;"&gt;NTU&lt;/span&gt;
            &lt;/td&gt;
        &lt;/tr&gt;

        &lt;tr style="background: #f0f0f0;"&gt;
            &lt;td style="padding: 10px; vertical-align: top;"&gt;
                &lt;div style="font-weight: bold; margin-bottom: 5px;"&gt;
                    Water Quality &lt;span style="font-size: 14px;"&gt;→ &lt;span style="color: #666; font-size: 11px;"&gt;stable&lt;/span&gt;&lt;/span&gt;
                &lt;/div&gt;
                &lt;div style="background: #ddd; border-radius: 10px; height: 8px; overflow: hidden;"&gt;
                    &lt;div style="background: #2196f3; height: 100%; width: 8.678794998402008%; transition: width 0.3s;"&gt;&lt;/div&gt;
                &lt;/div&gt;
                &lt;div style="font-size: 10px; color: #999; margin-top: 3px;"&gt;7d avg: 8.94 index&lt;/div&gt;
            &lt;/td&gt;
            &lt;td style="padding: 10px; text-align: right; vertical-align: top;"&gt;
                &lt;span style="color: #2196f3; font-size: 18px; font-weight: bold;"&gt;8.68&lt;/span&gt;
                &lt;span style="color: #666; font-size: 12px; display: block; margin-top: 2px;"&gt;index&lt;/span&gt;
            &lt;/td&gt;
        &lt;/tr&gt;

    &lt;/table&gt;
&lt;/div&gt;
&lt;/div&gt;]]&gt;</description>
      <Point>
        <coordinates>101.7580606,3.20389545,0</coordinates>
      </Point>
    </Placemark>
    <Placemark>
      <name />
      <styleUrl>#boom_trap</styleUrl>
      <description>&lt;![CDATA[
&lt;div style="font-family: Arial, sans-serif; width: 350px; padding: 15px;"&gt;
    &lt;h2 style="color: #2c5364; margin: 0 0 15px 0; font-size: 20px; border-bottom: 2px solid #4fc3f7; padding-bottom: 10px;"&gt;
        BOOM_TRAP_040
    &lt;/h2&gt;
    &lt;table style="width: 100%; border-collapse: collapse; margin-bottom: 15px;"&gt;
        &lt;tr style="background: #f0f0f0;"&gt;
            &lt;td style="padding: 10px; font-weight: bold; width: 40%;"&gt;Type:&lt;/td&gt;
            &lt;td style="padding: 10px;"&gt;Boom Trap&lt;/td&gt;
        &lt;/tr&gt;
        &lt;tr&gt;
            &lt;td style="padding: 10px; font-weight: bold;"&gt;Location:&lt;/td&gt;
            &lt;td style="padding: 10px; font-size: 12px;"&gt;3.196706°N&lt;br&gt;101.761844°E&lt;/td&gt;
        &lt;/tr&gt;
    &lt;/table&gt;
    
&lt;div style="background: #f8f9fa; padding: 15px; border-radius: 8px; margin-top: 10px;"&gt;
    &lt;h3 style="color: #2c5364; margin: 0 0 15px 0; font-size: 16px;"&gt;📊 Active Sensors (8)&lt;/h3&gt;
    &lt;table style="width: 100%; border-collapse: collapse;"&gt;

        &lt;tr style="background: #ffffff;"&gt;
            &lt;td style="padding: 10px; vertical-align: top;"&gt;
                &lt;div style="font-weight: bold; margin-bottom: 5px;"&gt;
                    Conductivity &lt;span style="font-size: 14px;"&gt;↗️ &lt;span style="color: #666; font-size: 11px;"&gt;+33%&lt;/span&gt;&lt;/span&gt;
                &lt;/div&gt;
                &lt;div style="background: #ddd; border-radius: 10px; height: 8px; overflow: hidden;"&gt;
                    &lt;div style="background: #2196f3; height: 100%; width: 100%; transition: width 0.3s;"&gt;&lt;/div&gt;
                &lt;/div&gt;
                &lt;div style="font-size: 10px; color: #999; margin-top: 3px;"&gt;7d avg: 685.02 μS/cm&lt;/div&gt;
            &lt;/td&gt;
            &lt;td style="padding: 10px; text-align: right; vertical-align: top;"&gt;
                &lt;span style="color: #2196f3; font-size: 18px; font-weight: bold;"&gt;913.36&lt;/span&gt;
                &lt;span style="color: #666; font-size: 12px; display: block; margin-top: 2px;"&gt;μS/cm&lt;/span&gt;
            &lt;/td&gt;
        &lt;/tr&gt;

        &lt;tr style="background: #f0f0f0;"&gt;
            &lt;td style="padding: 10px; vertical-align: top;"&gt;
                &lt;div style="font-weight: bold; margin-bottom: 5px;"&gt;
                    Depth Gauge &lt;span style="font-size: 14px;"&gt;→ &lt;span style="color: #666; font-size: 11px;"&gt;stable&lt;/span&gt;&lt;/span&gt;
                &lt;/div&gt;
                &lt;div style="background: #ddd; border-radius: 10px; height: 8px; overflow: hidden;"&gt;
                    &lt;div style="background: #2196f3; height: 100%; width: 6.613319540746009%; transition: width 0.3s;"&gt;&lt;/div&gt;
                &lt;/div&gt;
                &lt;div style="font-size: 10px; color: #999; margin-top: 3px;"&gt;7d avg: 6.47 m&lt;/div&gt;
            &lt;/td&gt;
            &lt;td style="padding: 10px; text-align: right; vertical-align: top;"&gt;
                &lt;span style="color: #2196f3; font-size: 18px; font-weight: bold;"&gt;6.61&lt;/span&gt;
                &lt;span style="color: #666; font-size: 12px; display: block; margin-top: 2px;"&gt;m&lt;/span&gt;
            &lt;/td&gt;
        &lt;/tr&gt;

        &lt;tr style="background: #ffffff;"&gt;
            &lt;td style="padding: 10px; vertical-align: top;"&gt;
                &lt;div style="font-weight: bold; margin-bottom: 5px;"&gt;
                    Dissolved Oxygen &lt;span style="font-size: 14px;"&gt;↘️ &lt;span style="color: #666; font-size: 11px;"&gt;-10%&lt;/span&gt;&lt;/span&gt;
                &lt;/div&gt;
                &lt;div style="background: #ddd; border-radius: 10px; height: 8px; overflow: hidden;"&gt;
                    &lt;div style="background: #2196f3; height: 100%; width: 6.161301463755544%; transition: width 0.3s;"&gt;&lt;/div&gt;
                &lt;/div&gt;
                &lt;div style="font-size: 10px; color: #999; margin-top: 3px;"&gt;7d avg: 6.87 mg/L&lt;/div&gt;
            &lt;/td&gt;
            &lt;td style="padding: 10px; text-align: right; vertical-align: top;"&gt;
                &lt;span style="color: #2196f3; font-size: 18px; font-weight: bold;"&gt;6.16&lt;/span&gt;
                &lt;span style="color: #666; font-size: 12px; display: block; margin-top: 2px;"&gt;mg/L&lt;/span&gt;
            &lt;/td&gt;
        &lt;/tr&gt;

        &lt;tr style="background: #f0f0f0;"&gt;
            &lt;td style="padding: 10px; vertical-align: top;"&gt;
                &lt;div style="font-weight: bold; margin-bottom: 5px;"&gt;
                    Flow Meter &lt;span style="font-size: 14px;"&gt;→ &lt;span style="color: #666; font-size: 11px;"&gt;stable&lt;/span&gt;&lt;/span&gt;
                &lt;/div&gt;
                &lt;div style="background: #ddd; border-radius: 10px; height: 8px; overflow: hidden;"&gt;
                    &lt;div style="background: #2196f3; height: 100%; width: 2.4742797986540186%; transition: width 0.3s;"&gt;&lt;/div&gt;
                &lt;/div&gt;
                &lt;div style="font-size: 10px; color: #999; margin-top: 3px;"&gt;7d avg: 2.57 m3/s&lt;/div&gt;
            &lt;/td&gt;
            &lt;td style="padding: 10px; text-align: right; vertical-align: top;"&gt;
                &lt;span style="color: #2196f3; font-size: 18px; font-weight: bold;"&gt;2.47&lt;/span&gt;
                &lt;span style="color: #666; font-size: 12px; display: block; margin-top: 2px;"&gt;m3/s&lt;/span&gt;
            &lt;/td&gt;
        &lt;/tr&gt;

        &lt;tr style="background: #ffffff;"&gt;
            &lt;td style="padding: 10px; vertical-align: top;"&gt;
                &lt;div style="font-weight: bold; margin-bottom: 5px;"&gt;
                    Ph Sensor &lt;span style="font-size: 14px;"&gt;→ &lt;span style="color: #666; font-size: 11px;"&gt;stable&lt;/span&gt;&lt;/span&gt;
                &lt;/div&gt;
                &lt;div style="background: #ddd; border-radius: 10px; height: 8px; overflow: hidden;"&gt;
                    &lt;div style="background: #2196f3; height: 100%; width: 6.177625085593874%; transition: width 0.3s;"&gt;&lt;/div&gt;
                &lt;/div&gt;
                &lt;div style="font-size: 10px; color: #999; margin-top: 3px;"&gt;7d avg: 6.27 pH&lt;/div&gt;
            &lt;/td&gt;
            &lt;td style="padding: 10px; text-align: right; vertical-align: top;"&gt;
                &lt;span style="color: #2196f3; font-size: 18px; font-weight: bold;"&gt;6.18&lt;/span&gt;
                &lt;span style="color: #666; font-size: 12px; display: block; margin-top: 2px;"&gt;pH&lt;/span&gt;
            &lt;/td&gt;
        &lt;/tr&gt;

        &lt;tr style="background: #f0f0f0;"&gt;
            &lt;td style="padding: 10px; vertical-align: top;"&gt;
                &lt;div style="font-weight: bold; margin-bottom: 5px;"&gt;
                    Temperature &lt;span style="font-size: 14px;"&gt;→ &lt;span style="color: #666; font-size: 11px;"&gt;stable&lt;/span&gt;&lt;/span&gt;
                &lt;/div&gt;
                &lt;div style="background: #ddd; border-radius: 10px; height: 8px; overflow: hidden;"&gt;
                    &lt;div style="background: #2196f3; height: 100%; width: 21.448678451665515%; transition: width 0.3s;"&gt;&lt;/div&gt;
                &lt;/div&gt;
                &lt;div style="font-size: 10px; color: #999; margin-top: 3px;"&gt;7d avg: 20.54 °C&lt;/div&gt;
            &lt;/td&gt;
            &lt;td style="padding: 10px; text-align: right; vertical-align: top;"&gt;
                &lt;span style="color: #2196f3; font-size: 18px; font-weight: bold;"&gt;21.45&lt;/span&gt;
                &lt;span style="color: #666; font-size: 12px; display: block; margin-top: 2px;"&gt;°C&lt;/span&gt;
            &lt;/td&gt;
        &lt;/tr&gt;

        &lt;tr style="background: #ffffff;"&gt;
            &lt;td style="padding: 10px; vertical-align: top;"&gt;
                &lt;div style="font-weight: bold; margin-bottom: 5px;"&gt;
                    Turbidity &lt;span style="font-size: 14px;"&gt;↗️ &lt;span style="color: #666; font-size: 11px;"&gt;+33%&lt;/span&gt;&lt;/span&gt;
                &lt;/div&gt;
                &lt;div style="background: #ddd; border-radius: 10px; height: 8px; overflow: hidden;"&gt;
                    &lt;div style="background: #2196f3; height: 100%; width: 92.7072255149128%; transition: width 0.3s;"&gt;&lt;/div&gt;
                &lt;/div&gt;
                &lt;div style="font-size: 10px; color: #999; margin-top: 3px;"&gt;7d avg: 69.53 NTU&lt;/div&gt;
            &lt;/td&gt;
            &lt;td style="padding: 10px; text-align: right; vertical-align: top;"&gt;
                &lt;span style="color: #2196f3; font-size: 18px; font-weight: bold;"&gt;92.71&lt;/span&gt;
                &lt;span style="color: #666; font-size: 12px; display: block; margin-top: 2px;"&gt;NTU&lt;/span&gt;
            &lt;/td&gt;
        &lt;/tr&gt;

        &lt;tr style="background: #f0f0f0;"&gt;
            &lt;td style="padding: 10px; vertical-align: top;"&gt;
                &lt;div style="font-weight: bold; margin-bottom: 5px;"&gt;
                    Water Quality &lt;span style="font-size: 14px;"&gt;↗️ &lt;span style="color: #666; font-size: 11px;"&gt;+9%&lt;/span&gt;&lt;/span&gt;
                &lt;/div&gt;
                &lt;div style="background: #ddd; border-radius: 10px; height: 8px; overflow: hidden;"&gt;
                    &lt;div style="background: #2196f3; height: 100%; width: 9.334727321243802%; transition: width 0.3s;"&gt;&lt;/div&gt;
                &lt;/div&gt;
                &lt;div style="font-size: 10px; color: #999; margin-top: 3px;"&gt;7d avg: 8.59 index&lt;/div&gt;
            &lt;/td&gt;
            &lt;td style="padding: 10px; text-align: right; vertical-align: top;"&gt;
                &lt;span style="color: #2196f3; font-size: 18px; font-weight: bold;"&gt;9.33&lt;/span&gt;
                &lt;span style="color: #666; font-size: 12px; display: block; margin-top: 2px;"&gt;index&lt;/span&gt;
            &lt;/td&gt;
        &lt;/tr&gt;

    &lt;/table&gt;
&lt;/div&gt;
&lt;/div&gt;]]&gt;</description>
      <Point>
        <coordinates>101.76184448,3.19670617,0</coordinates>
      </Point>
    </Placemark>
    <Placemark>
      <name />
      <styleUrl>#flood_monitor</styleUrl>
      <description>&lt;![CDATA[
&lt;div style="font-family: Arial, sans-serif; width: 350px; padding: 15px;"&gt;
    &lt;h2 style="color: #2c5364; margin: 0 0 15px 0; font-size: 20px; border-bottom: 2px solid #4fc3f7; padding-bottom: 10px;"&gt;
        FLOOD_MONITOR_001
    &lt;/h2&gt;
    &lt;table style="width: 100%; border-collapse: collapse; margin-bottom: 15px;"&gt;
        &lt;tr style="background: #f0f0f0;"&gt;
            &lt;td style="padding: 10px; font-weight: bold; width: 40%;"&gt;Type:&lt;/td&gt;
            &lt;td style="padding: 10px;"&gt;Flood Monitor&lt;/td&gt;
        &lt;/tr&gt;
        &lt;tr&gt;
            &lt;td style="padding: 10px; font-weight: bold;"&gt;Location:&lt;/td&gt;
            &lt;td style="padding: 10px; font-size: 12px;"&gt;3.024698°N&lt;br&gt;101.378590°E&lt;/td&gt;
        &lt;/tr&gt;
    &lt;/table&gt;
    
&lt;div style="background: #f8f9fa; padding: 15px; border-radius: 8px; margin-top: 10px;"&gt;
    &lt;h3 style="color: #2c5364; margin: 0 0 15px 0; font-size: 16px;"&gt;📊 Active Sensors (8)&lt;/h3&gt;
    &lt;table style="width: 100%; border-collapse: collapse;"&gt;

        &lt;tr style="background: #ffffff;"&gt;
            &lt;td style="padding: 10px; vertical-align: top;"&gt;
                &lt;div style="font-weight: bold; margin-bottom: 5px;"&gt;
                    Conductivity &lt;span style="font-size: 14px;"&gt;↗️ &lt;span style="color: #666; font-size: 11px;"&gt;+33%&lt;/span&gt;&lt;/span&gt;
                &lt;/div&gt;
                &lt;div style="background: #ddd; border-radius: 10px; height: 8px; overflow: hidden;"&gt;
                    &lt;div style="background: #2196f3; height: 100%; width: 100%; transition: width 0.3s;"&gt;&lt;/div&gt;
                &lt;/div&gt;
                &lt;div style="font-size: 10px; color: #999; margin-top: 3px;"&gt;7d avg: 370.49 μS/cm&lt;/div&gt;
            &lt;/td&gt;
            &lt;td style="padding: 10px; text-align: right; vertical-align: top;"&gt;
                &lt;span style="color: #2196f3; font-size: 18px; font-weight: bold;"&gt;493.99&lt;/span&gt;
                &lt;span style="color: #666; font-size: 12px; display: block; margin-top: 2px;"&gt;μS/cm&lt;/span&gt;
            &lt;/td&gt;
        &lt;/tr&gt;

        &lt;tr style="background: #f0f0f0;"&gt;
            &lt;td style="padding: 10px; vertical-align: top;"&gt;
                &lt;div style="font-weight: bold; margin-bottom: 5px;"&gt;
                    Depth Gauge &lt;span style="font-size: 14px;"&gt;↘️ &lt;span style="color: #666; font-size: 11px;"&gt;-7%&lt;/span&gt;&lt;/span&gt;
                &lt;/div&gt;
                &lt;div style="background: #ddd; border-radius: 10px; height: 8px; overflow: hidden;"&gt;
                    &lt;div style="background: #2196f3; height: 100%; width: 3.2652494719936356%; transition: width 0.3s;"&gt;&lt;/div&gt;
                &lt;/div&gt;
                &lt;div style="font-size: 10px; color: #999; margin-top: 3px;"&gt;7d avg: 3.50 m&lt;/div&gt;
            &lt;/td&gt;
            &lt;td style="padding: 10px; text-align: right; vertical-align: top;"&gt;
                &lt;span style="color: #2196f3; font-size: 18px; font-weight: bold;"&gt;3.27&lt;/span&gt;
                &lt;span style="color: #666; font-size: 12px; display: block; margin-top: 2px;"&gt;m&lt;/span&gt;
            &lt;/td&gt;
        &lt;/tr&gt;

        &lt;tr style="background: #ffffff;"&gt;
            &lt;td style="padding: 10px; vertical-align: top;"&gt;
                &lt;div style="font-weight: bold; margin-bottom: 5px;"&gt;
                    Dissolved Oxygen &lt;span style="font-size: 14px;"&gt;→ &lt;span style="color: #666; font-size: 11px;"&gt;stable&lt;/span&gt;&lt;/span&gt;
                &lt;/div&gt;
                &lt;div style="background: #ddd; border-radius: 10px; height: 8px; overflow: hidden;"&gt;
                    &lt;div style="background: #2196f3; height: 100%; width: 7.848464087745044%; transition: width 0.3s;"&gt;&lt;/div&gt;
                &lt;/div&gt;
                &lt;div style="font-size: 10px; color: #999; margin-top: 3px;"&gt;7d avg: 7.94 mg/L&lt;/div&gt;
            &lt;/td&gt;
            &lt;td style="padding: 10px; text-align: right; vertical-align: top;"&gt;
                &lt;span style="color: #2196f3; font-size: 18px; font-weight: bold;"&gt;7.85&lt;/span&gt;
                &lt;span style="color: #666; font-size: 12px; display: block; margin-top: 2px;"&gt;mg/L&lt;/span&gt;
            &lt;/td&gt;
        &lt;/tr&gt;

        &lt;tr style="background: #f0f0f0;"&gt;
            &lt;td style="padding: 10px; vertical-align: top;"&gt;
                &lt;div style="font-weight: bold; margin-bottom: 5px;"&gt;
                    Flow Meter &lt;span style="font-size: 14px;"&gt;↗️ &lt;span style="color: #666; font-size: 11px;"&gt;+8%&lt;/span&gt;&lt;/span&gt;
                &lt;/div&gt;
                &lt;div style="background: #ddd; border-radius: 10px; height: 8px; overflow: hidden;"&gt;
                    &lt;div style="background: #2196f3; height: 100%; width: 1.920768743998762%; transition: width 0.3s;"&gt;&lt;/div&gt;
                &lt;/div&gt;
                &lt;div style="font-size: 10px; color: #999; margin-top: 3px;"&gt;7d avg: 1.78 m3/s&lt;/div&gt;
            &lt;/td&gt;
            &lt;td style="padding: 10px; text-align: right; vertical-align: top;"&gt;
                &lt;span style="color: #2196f3; font-size: 18px; font-weight: bold;"&gt;1.92&lt;/span&gt;
                &lt;span style="color: #666; font-size: 12px; display: block; margin-top: 2px;"&gt;m3/s&lt;/span&gt;
            &lt;/td&gt;
        &lt;/tr&gt;

        &lt;tr style="background: #ffffff;"&gt;
            &lt;td style="padding: 10px; vertical-align: top;"&gt;
                &lt;div style="font-weight: bold; margin-bottom: 5px;"&gt;
                    Ph Sensor &lt;span style="font-size: 14px;"&gt;↘️ &lt;span style="color: #666; font-size: 11px;"&gt;-10%&lt;/span&gt;&lt;/span&gt;
                &lt;/div&gt;
                &lt;div style="background: #ddd; border-radius: 10px; height: 8px; overflow: hidden;"&gt;
                    &lt;div style="background: #2196f3; height: 100%; width: 5.234340943655421%; transition: width 0.3s;"&gt;&lt;/div&gt;
                &lt;/div&gt;
                &lt;div style="font-size: 10px; color: #999; margin-top: 3px;"&gt;7d avg: 5.80 pH&lt;/div&gt;
            &lt;/td&gt;
            &lt;td style="padding: 10px; text-align: right; vertical-align: top;"&gt;
                &lt;span style="color: #2196f3; font-size: 18px; font-weight: bold;"&gt;5.23&lt;/span&gt;
                &lt;span style="color: #666; font-size: 12px; display: block; margin-top: 2px;"&gt;pH&lt;/span&gt;
            &lt;/td&gt;
        &lt;/tr&gt;

        &lt;tr style="background: #f0f0f0;"&gt;
            &lt;td style="padding: 10px; vertical-align: top;"&gt;
                &lt;div style="font-weight: bold; margin-bottom: 5px;"&gt;
                    Temperature &lt;span style="font-size: 14px;"&gt;→ &lt;span style="color: #666; font-size: 11px;"&gt;stable&lt;/span&gt;&lt;/span&gt;
                &lt;/div&gt;
                &lt;div style="background: #ddd; border-radius: 10px; height: 8px; overflow: hidden;"&gt;
                    &lt;div style="background: #2196f3; height: 100%; width: 15.32865426820803%; transition: width 0.3s;"&gt;&lt;/div&gt;
                &lt;/div&gt;
                &lt;div style="font-size: 10px; color: #999; margin-top: 3px;"&gt;7d avg: 16.06 °C&lt;/div&gt;
            &lt;/td&gt;
            &lt;td style="padding: 10px; text-align: right; vertical-align: top;"&gt;
                &lt;span style="color: #2196f3; font-size: 18px; font-weight: bold;"&gt;15.33&lt;/span&gt;
                &lt;span style="color: #666; font-size: 12px; display: block; margin-top: 2px;"&gt;°C&lt;/span&gt;
            &lt;/td&gt;
        &lt;/tr&gt;

        &lt;tr style="background: #ffffff;"&gt;
            &lt;td style="padding: 10px; vertical-align: top;"&gt;
                &lt;div style="font-weight: bold; margin-bottom: 5px;"&gt;
                    Turbidity &lt;span style="font-size: 14px;"&gt;↗️ &lt;span style="color: #666; font-size: 11px;"&gt;+33%&lt;/span&gt;&lt;/span&gt;
                &lt;/div&gt;
                &lt;div style="background: #ddd; border-radius: 10px; height: 8px; overflow: hidden;"&gt;
                    &lt;div style="background: #2196f3; height: 100%; width: 87.93661645992056%; transition: width 0.3s;"&gt;&lt;/div&gt;
                &lt;/div&gt;
                &lt;div style="font-size: 10px; color: #999; margin-top: 3px;"&gt;7d avg: 65.95 NTU&lt;/div&gt;
            &lt;/td&gt;
            &lt;td style="padding: 10px; text-align: right; vertical-align: top;"&gt;
                &lt;span style="color: #2196f3; font-size: 18px; font-weight: bold;"&gt;87.94&lt;/span&gt;
                &lt;span style="color: #666; font-size: 12px; display: block; margin-top: 2px;"&gt;NTU&lt;/span&gt;
            &lt;/td&gt;
        &lt;/tr&gt;

        &lt;tr style="background: #f0f0f0;"&gt;
            &lt;td style="padding: 10px; vertical-align: top;"&gt;
                &lt;div style="font-weight: bold; margin-bottom: 5px;"&gt;
                    Water Quality &lt;span style="font-size: 14px;"&gt;→ &lt;span style="color: #666; font-size: 11px;"&gt;stable&lt;/span&gt;&lt;/span&gt;
                &lt;/div&gt;
                &lt;div style="background: #ddd; border-radius: 10px; height: 8px; overflow: hidden;"&gt;
                    &lt;div style="background: #2196f3; height: 100%; width: 8.435102912103982%; transition: width 0.3s;"&gt;&lt;/div&gt;
                &lt;/div&gt;
                &lt;div style="font-size: 10px; color: #999; margin-top: 3px;"&gt;7d avg: 8.65 index&lt;/div&gt;
            &lt;/td&gt;
            &lt;td style="padding: 10px; text-align: right; vertical-align: top;"&gt;
                &lt;span style="color: #2196f3; font-size: 18px; font-weight: bold;"&gt;8.44&lt;/span&gt;
                &lt;span style="color: #666; font-size: 12px; display: block; margin-top: 2px;"&gt;index&lt;/span&gt;
            &lt;/td&gt;
        &lt;/tr&gt;

    &lt;/table&gt;
&lt;/div&gt;
&lt;/div&gt;]]&gt;</description>
      <Point>
        <coordinates>101.37859048,3.02469773,0</coordinates>
      </Point>
    </Placemark>
    <Placemark>
      <name />
      <styleUrl>#flood_monitor</styleUrl>
      <description>&lt;![CDATA[
&lt;div style="font-family: Arial, sans-serif; width: 350px; padding: 15px;"&gt;
    &lt;h2 style="color: #2c5364; margin: 0 0 15px 0; font-size: 20px; border-bottom: 2px solid #4fc3f7; padding-bottom: 10px;"&gt;
        FLOOD_MONITOR_002
    &lt;/h2&gt;
    &lt;table style="width: 100%; border-collapse: collapse; margin-bottom: 15px;"&gt;
        &lt;tr style="background: #f0f0f0;"&gt;
            &lt;td style="padding: 10px; font-weight: bold; width: 40%;"&gt;Type:&lt;/td&gt;
            &lt;td style="padding: 10px;"&gt;Flood Monitor&lt;/td&gt;
        &lt;/tr&gt;
        &lt;tr&gt;
            &lt;td style="padding: 10px; font-weight: bold;"&gt;Location:&lt;/td&gt;
            &lt;td style="padding: 10px; font-size: 12px;"&gt;3.045463°N&lt;br&gt;101.451408°E&lt;/td&gt;
        &lt;/tr&gt;
    &lt;/table&gt;
    
&lt;div style="background: #f8f9fa; padding: 15px; border-radius: 8px; margin-top: 10px;"&gt;
    &lt;h3 style="color: #2c5364; margin: 0 0 15px 0; font-size: 16px;"&gt;📊 Active Sensors (8)&lt;/h3&gt;
    &lt;table style="width: 100%; border-collapse: collapse;"&gt;

        &lt;tr style="background: #ffffff;"&gt;
            &lt;td style="padding: 10px; vertical-align: top;"&gt;
                &lt;div style="font-weight: bold; margin-bottom: 5px;"&gt;
                    Conductivity &lt;span style="font-size: 14px;"&gt;↗️ &lt;span style="color: #666; font-size: 11px;"&gt;+33%&lt;/span&gt;&lt;/span&gt;
                &lt;/div&gt;
                &lt;div style="background: #ddd; border-radius: 10px; height: 8px; overflow: hidden;"&gt;
                    &lt;div style="background: #2196f3; height: 100%; width: 100%; transition: width 0.3s;"&gt;&lt;/div&gt;
                &lt;/div&gt;
                &lt;div style="font-size: 10px; color: #999; margin-top: 3px;"&gt;7d avg: 610.63 μS/cm&lt;/div&gt;
            &lt;/td&gt;
            &lt;td style="padding: 10px; text-align: right; vertical-align: top;"&gt;
                &lt;span style="color: #2196f3; font-size: 18px; font-weight: bold;"&gt;814.17&lt;/span&gt;
                &lt;span style="color: #666; font-size: 12px; display: block; margin-top: 2px;"&gt;μS/cm&lt;/span&gt;
            &lt;/td&gt;
        &lt;/tr&gt;

        &lt;tr style="background: #f0f0f0;"&gt;
            &lt;td style="padding: 10px; vertical-align: top;"&gt;
                &lt;div style="font-weight: bold; margin-bottom: 5px;"&gt;
                    Depth Gauge &lt;span style="font-size: 14px;"&gt;↘️ &lt;span style="color: #666; font-size: 11px;"&gt;-6%&lt;/span&gt;&lt;/span&gt;
                &lt;/div&gt;
                &lt;div style="background: #ddd; border-radius: 10px; height: 8px; overflow: hidden;"&gt;
                    &lt;div style="background: #2196f3; height: 100%; width: 2.448253548040978%; transition: width 0.3s;"&gt;&lt;/div&gt;
                &lt;/div&gt;
                &lt;div style="font-size: 10px; color: #999; margin-top: 3px;"&gt;7d avg: 2.60 m&lt;/div&gt;
            &lt;/td&gt;
            &lt;td style="padding: 10px; text-align: right; vertical-align: top;"&gt;
                &lt;span style="color: #2196f3; font-size: 18px; font-weight: bold;"&gt;2.45&lt;/span&gt;
                &lt;span style="color: #666; font-size: 12px; display: block; margin-top: 2px;"&gt;m&lt;/span&gt;
            &lt;/td&gt;
        &lt;/tr&gt;

        &lt;tr style="background: #ffffff;"&gt;
            &lt;td style="padding: 10px; vertical-align: top;"&gt;
                &lt;div style="font-weight: bold; margin-bottom: 5px;"&gt;
                    Dissolved Oxygen &lt;span style="font-size: 14px;"&gt;→ &lt;span style="color: #666; font-size: 11px;"&gt;stable&lt;/span&gt;&lt;/span&gt;
                &lt;/div&gt;
                &lt;div style="background: #ddd; border-radius: 10px; height: 8px; overflow: hidden;"&gt;
                    &lt;div style="background: #2196f3; height: 100%; width: 11.557119250640337%; transition: width 0.3s;"&gt;&lt;/div&gt;
                &lt;/div&gt;
                &lt;div style="font-size: 10px; color: #999; margin-top: 3px;"&gt;7d avg: 11.36 mg/L&lt;/div&gt;
            &lt;/td&gt;
            &lt;td style="padding: 10px; text-align: right; vertical-align: top;"&gt;
                &lt;span style="color: #2196f3; font-size: 18px; font-weight: bold;"&gt;11.56&lt;/span&gt;
                &lt;span style="color: #666; font-size: 12px; display: block; margin-top: 2px;"&gt;mg/L&lt;/span&gt;
            &lt;/td&gt;
        &lt;/tr&gt;

        &lt;tr style="background: #f0f0f0;"&gt;
            &lt;td style="padding: 10px; vertical-align: top;"&gt;
                &lt;div style="font-weight: bold; margin-bottom: 5px;"&gt;
                    Flow Meter &lt;span style="font-size: 14px;"&gt;→ &lt;span style="color: #666; font-size: 11px;"&gt;stable&lt;/span&gt;&lt;/span&gt;
                &lt;/div&gt;
                &lt;div style="background: #ddd; border-radius: 10px; height: 8px; overflow: hidden;"&gt;
                    &lt;div style="background: #2196f3; height: 100%; width: 2.8483547778373084%; transition: width 0.3s;"&gt;&lt;/div&gt;
                &lt;/div&gt;
                &lt;div style="font-size: 10px; color: #999; margin-top: 3px;"&gt;7d avg: 2.82 m3/s&lt;/div&gt;
            &lt;/td&gt;
            &lt;td style="padding: 10px; text-align: right; vertical-align: top;"&gt;
                &lt;span style="color: #2196f3; font-size: 18px; font-weight: bold;"&gt;2.85&lt;/span&gt;
                &lt;span style="color: #666; font-size: 12px; display: block; margin-top: 2px;"&gt;m3/s&lt;/span&gt;
            &lt;/td&gt;
        &lt;/tr&gt;

        &lt;tr style="background: #ffffff;"&gt;
            &lt;td style="padding: 10px; vertical-align: top;"&gt;
                &lt;div style="font-weight: bold; margin-bottom: 5px;"&gt;
                    Ph Sensor &lt;span style="font-size: 14px;"&gt;→ &lt;span style="color: #666; font-size: 11px;"&gt;stable&lt;/span&gt;&lt;/span&gt;
                &lt;/div&gt;
                &lt;div style="background: #ddd; border-radius: 10px; height: 8px; overflow: hidden;"&gt;
                    &lt;div style="background: #2196f3; height: 100%; width: 10.360115189488424%; transition: width 0.3s;"&gt;&lt;/div&gt;
                &lt;/div&gt;
                &lt;div style="font-size: 10px; color: #999; margin-top: 3px;"&gt;7d avg: 10.47 pH&lt;/div&gt;
            &lt;/td&gt;
            &lt;td style="padding: 10px; text-align: right; vertical-align: top;"&gt;
                &lt;span style="color: #2196f3; font-size: 18px; font-weight: bold;"&gt;10.36&lt;/span&gt;
                &lt;span style="color: #666; font-size: 12px; display: block; margin-top: 2px;"&gt;pH&lt;/span&gt;
            &lt;/td&gt;
        &lt;/tr&gt;

        &lt;tr style="background: #f0f0f0;"&gt;
            &lt;td style="padding: 10px; vertical-align: top;"&gt;
                &lt;div style="font-weight: bold; margin-bottom: 5px;"&gt;
                    Temperature &lt;span style="font-size: 14px;"&gt;→ &lt;span style="color: #666; font-size: 11px;"&gt;stable&lt;/span&gt;&lt;/span&gt;
                &lt;/div&gt;
                &lt;div style="background: #ddd; border-radius: 10px; height: 8px; overflow: hidden;"&gt;
                    &lt;div style="background: #2196f3; height: 100%; width: 31.58300036723017%; transition: width 0.3s;"&gt;&lt;/div&gt;
                &lt;/div&gt;
                &lt;div style="font-size: 10px; color: #999; margin-top: 3px;"&gt;7d avg: 31.81 °C&lt;/div&gt;
            &lt;/td&gt;
            &lt;td style="padding: 10px; text-align: right; vertical-align: top;"&gt;
                &lt;span style="color: #2196f3; font-size: 18px; font-weight: bold;"&gt;31.58&lt;/span&gt;
                &lt;span style="color: #666; font-size: 12px; display: block; margin-top: 2px;"&gt;°C&lt;/span&gt;
            &lt;/td&gt;
        &lt;/tr&gt;

        &lt;tr style="background: #ffffff;"&gt;
            &lt;td style="padding: 10px; vertical-align: top;"&gt;
                &lt;div style="font-weight: bold; margin-bottom: 5px;"&gt;
                    Turbidity &lt;span style="font-size: 14px;"&gt;↗️ &lt;span style="color: #666; font-size: 11px;"&gt;+33%&lt;/span&gt;&lt;/span&gt;
                &lt;/div&gt;
                &lt;div style="background: #ddd; border-radius: 10px; height: 8px; overflow: hidden;"&gt;
                    &lt;div style="background: #2196f3; height: 100%; width: 100%; transition: width 0.3s;"&gt;&lt;/div&gt;
                &lt;/div&gt;
                &lt;div style="font-size: 10px; color: #999; margin-top: 3px;"&gt;7d avg: 85.44 NTU&lt;/div&gt;
            &lt;/td&gt;
            &lt;td style="padding: 10px; text-align: right; vertical-align: top;"&gt;
                &lt;span style="color: #2196f3; font-size: 18px; font-weight: bold;"&gt;113.92&lt;/span&gt;
                &lt;span style="color: #666; font-size: 12px; display: block; margin-top: 2px;"&gt;NTU&lt;/span&gt;
            &lt;/td&gt;
        &lt;/tr&gt;

        &lt;tr style="background: #f0f0f0;"&gt;
            &lt;td style="padding: 10px; vertical-align: top;"&gt;
                &lt;div style="font-weight: bold; margin-bottom: 5px;"&gt;
                    Water Quality &lt;span style="font-size: 14px;"&gt;→ &lt;span style="color: #666; font-size: 11px;"&gt;stable&lt;/span&gt;&lt;/span&gt;
                &lt;/div&gt;
                &lt;div style="background: #ddd; border-radius: 10px; height: 8px; overflow: hidden;"&gt;
                    &lt;div style="background: #2196f3; height: 100%; width: 8.845290272787285%; transition: width 0.3s;"&gt;&lt;/div&gt;
                &lt;/div&gt;
                &lt;div style="font-size: 10px; color: #999; margin-top: 3px;"&gt;7d avg: 9.03 index&lt;/div&gt;
            &lt;/td&gt;
            &lt;td style="padding: 10px; text-align: right; vertical-align: top;"&gt;
                &lt;span style="color: #2196f3; font-size: 18px; font-weight: bold;"&gt;8.85&lt;/span&gt;
                &lt;span style="color: #666; font-size: 12px; display: block; margin-top: 2px;"&gt;index&lt;/span&gt;
            &lt;/td&gt;
        &lt;/tr&gt;

    &lt;/table&gt;
&lt;/div&gt;
&lt;/div&gt;]]&gt;</description>
      <Point>
        <coordinates>101.45140831,3.04546332,0</coordinates>
      </Point>
    </Placemark>
    <Placemark>
      <name />
      <styleUrl>#flood_monitor</styleUrl>
      <description>&lt;![CDATA[
&lt;div style="font-family: Arial, sans-serif; width: 350px; padding: 15px;"&gt;
    &lt;h2 style="color: #2c5364; margin: 0 0 15px 0; font-size: 20px; border-bottom: 2px solid #4fc3f7; padding-bottom: 10px;"&gt;
        FLOOD_MONITOR_003
    &lt;/h2&gt;
    &lt;table style="width: 100%; border-collapse: collapse; margin-bottom: 15px;"&gt;
        &lt;tr style="background: #f0f0f0;"&gt;
            &lt;td style="padding: 10px; font-weight: bold; width: 40%;"&gt;Type:&lt;/td&gt;
            &lt;td style="padding: 10px;"&gt;Flood Monitor&lt;/td&gt;
        &lt;/tr&gt;
        &lt;tr&gt;
            &lt;td style="padding: 10px; font-weight: bold;"&gt;Location:&lt;/td&gt;
            &lt;td style="padding: 10px; font-size: 12px;"&gt;3.039229°N&lt;br&gt;101.532900°E&lt;/td&gt;
        &lt;/tr&gt;
    &lt;/table&gt;
    
&lt;div style="background: #f8f9fa; padding: 15px; border-radius: 8px; margin-top: 10px;"&gt;
    &lt;h3 style="color: #2c5364; margin: 0 0 15px 0; font-size: 16px;"&gt;📊 Active Sensors (8)&lt;/h3&gt;
    &lt;table style="width: 100%; border-collapse: collapse;"&gt;

        &lt;tr style="background: #ffffff;"&gt;
            &lt;td style="padding: 10px; vertical-align: top;"&gt;
                &lt;div style="font-weight: bold; margin-bottom: 5px;"&gt;
                    Conductivity &lt;span style="font-size: 14px;"&gt;↗️ &lt;span style="color: #666; font-size: 11px;"&gt;+33%&lt;/span&gt;&lt;/span&gt;
                &lt;/div&gt;
                &lt;div style="background: #ddd; border-radius: 10px; height: 8px; overflow: hidden;"&gt;
                    &lt;div style="background: #2196f3; height: 100%; width: 100%; transition: width 0.3s;"&gt;&lt;/div&gt;
                &lt;/div&gt;
                &lt;div style="font-size: 10px; color: #999; margin-top: 3px;"&gt;7d avg: 319.56 μS/cm&lt;/div&gt;
            &lt;/td&gt;
            &lt;td style="padding: 10px; text-align: right; vertical-align: top;"&gt;
                &lt;span style="color: #2196f3; font-size: 18px; font-weight: bold;"&gt;426.08&lt;/span&gt;
                &lt;span style="color: #666; font-size: 12px; display: block; margin-top: 2px;"&gt;μS/cm&lt;/span&gt;
            &lt;/td&gt;
        &lt;/tr&gt;

        &lt;tr style="background: #f0f0f0;"&gt;
            &lt;td style="padding: 10px; vertical-align: top;"&gt;
                &lt;div style="font-weight: bold; margin-bottom: 5px;"&gt;
                    Depth Gauge &lt;span style="font-size: 14px;"&gt;→ &lt;span style="color: #666; font-size: 11px;"&gt;stable&lt;/span&gt;&lt;/span&gt;
                &lt;/div&gt;
                &lt;div style="background: #ddd; border-radius: 10px; height: 8px; overflow: hidden;"&gt;
                    &lt;div style="background: #2196f3; height: 100%; width: 2.7395579344695413%; transition: width 0.3s;"&gt;&lt;/div&gt;
                &lt;/div&gt;
                &lt;div style="font-size: 10px; color: #999; margin-top: 3px;"&gt;7d avg: 2.77 m&lt;/div&gt;
            &lt;/td&gt;
            &lt;td style="padding: 10px; text-align: right; vertical-align: top;"&gt;
                &lt;span style="color: #2196f3; font-size: 18px; font-weight: bold;"&gt;2.74&lt;/span&gt;
                &lt;span style="color: #666; font-size: 12px; display: block; margin-top: 2px;"&gt;m&lt;/span&gt;
            &lt;/td&gt;
        &lt;/tr&gt;

        &lt;tr style="background: #ffffff;"&gt;
            &lt;td style="padding: 10px; vertical-align: top;"&gt;
                &lt;div style="font-weight: bold; margin-bottom: 5px;"&gt;
                    Dissolved Oxygen &lt;span style="font-size: 14px;"&gt;→ &lt;span style="color: #666; font-size: 11px;"&gt;stable&lt;/span&gt;&lt;/span&gt;
                &lt;/div&gt;
                &lt;div style="background: #ddd; border-radius: 10px; height: 8px; overflow: hidden;"&gt;
                    &lt;div style="background: #2196f3; height: 100%; width: 5.94775333254984%; transition: width 0.3s;"&gt;&lt;/div&gt;
                &lt;/div&gt;
                &lt;div style="font-size: 10px; color: #999; margin-top: 3px;"&gt;7d avg: 5.81 mg/L&lt;/div&gt;
            &lt;/td&gt;
            &lt;td style="padding: 10px; text-align: right; vertical-align: top;"&gt;
                &lt;span style="color: #2196f3; font-size: 18px; font-weight: bold;"&gt;5.95&lt;/span&gt;
                &lt;span style="color: #666; font-size: 12px; display: block; margin-top: 2px;"&gt;mg/L&lt;/span&gt;
            &lt;/td&gt;
        &lt;/tr&gt;

        &lt;tr style="background: #f0f0f0;"&gt;
            &lt;td style="padding: 10px; vertical-align: top;"&gt;
                &lt;div style="font-weight: bold; margin-bottom: 5px;"&gt;
                    Flow Meter &lt;span style="font-size: 14px;"&gt;→ &lt;span style="color: #666; font-size: 11px;"&gt;stable&lt;/span&gt;&lt;/span&gt;
                &lt;/div&gt;
                &lt;div style="background: #ddd; border-radius: 10px; height: 8px; overflow: hidden;"&gt;
                    &lt;div style="background: #2196f3; height: 100%; width: 2.743345106186188%; transition: width 0.3s;"&gt;&lt;/div&gt;
                &lt;/div&gt;
                &lt;div style="font-size: 10px; color: #999; margin-top: 3px;"&gt;7d avg: 2.88 m3/s&lt;/div&gt;
            &lt;/td&gt;
            &lt;td style="padding: 10px; text-align: right; vertical-align: top;"&gt;
                &lt;span style="color: #2196f3; font-size: 18px; font-weight: bold;"&gt;2.74&lt;/span&gt;
                &lt;span style="color: #666; font-size: 12px; display: block; margin-top: 2px;"&gt;m3/s&lt;/span&gt;
            &lt;/td&gt;
        &lt;/tr&gt;

        &lt;tr style="background: #ffffff;"&gt;
            &lt;td style="padding: 10px; vertical-align: top;"&gt;
                &lt;div style="font-weight: bold; margin-bottom: 5px;"&gt;
                    Ph Sensor &lt;span style="font-size: 14px;"&gt;→ &lt;span style="color: #666; font-size: 11px;"&gt;stable&lt;/span&gt;&lt;/span&gt;
                &lt;/div&gt;
                &lt;div style="background: #ddd; border-radius: 10px; height: 8px; overflow: hidden;"&gt;
                    &lt;div style="background: #2196f3; height: 100%; width: 5.646337070558951%; transition: width 0.3s;"&gt;&lt;/div&gt;
                &lt;/div&gt;
                &lt;div style="font-size: 10px; color: #999; margin-top: 3px;"&gt;7d avg: 5.49 pH&lt;/div&gt;
            &lt;/td&gt;
            &lt;td style="padding: 10px; text-align: right; vertical-align: top;"&gt;
                &lt;span style="color: #2196f3; font-size: 18px; font-weight: bold;"&gt;5.65&lt;/span&gt;
                &lt;span style="color: #666; font-size: 12px; display: block; margin-top: 2px;"&gt;pH&lt;/span&gt;
            &lt;/td&gt;
        &lt;/tr&gt;

        &lt;tr style="background: #f0f0f0;"&gt;
            &lt;td style="padding: 10px; vertical-align: top;"&gt;
                &lt;div style="font-weight: bold; margin-bottom: 5px;"&gt;
                    Temperature &lt;span style="font-size: 14px;"&gt;→ &lt;span style="color: #666; font-size: 11px;"&gt;stable&lt;/span&gt;&lt;/span&gt;
                &lt;/div&gt;
                &lt;div style="background: #ddd; border-radius: 10px; height: 8px; overflow: hidden;"&gt;
                    &lt;div style="background: #2196f3; height: 100%; width: 23.10619067307253%; transition: width 0.3s;"&gt;&lt;/div&gt;
                &lt;/div&gt;
                &lt;div style="font-size: 10px; color: #999; margin-top: 3px;"&gt;7d avg: 23.34 °C&lt;/div&gt;
            &lt;/td&gt;
            &lt;td style="padding: 10px; text-align: right; vertical-align: top;"&gt;
                &lt;span style="color: #2196f3; font-size: 18px; font-weight: bold;"&gt;23.11&lt;/span&gt;
                &lt;span style="color: #666; font-size: 12px; display: block; margin-top: 2px;"&gt;°C&lt;/span&gt;
            &lt;/td&gt;
        &lt;/tr&gt;

        &lt;tr style="background: #ffffff;"&gt;
            &lt;td style="padding: 10px; vertical-align: top;"&gt;
                &lt;div style="font-weight: bold; margin-bottom: 5px;"&gt;
                    Turbidity &lt;span style="font-size: 14px;"&gt;↗️ &lt;span style="color: #666; font-size: 11px;"&gt;+33%&lt;/span&gt;&lt;/span&gt;
                &lt;/div&gt;
                &lt;div style="background: #ddd; border-radius: 10px; height: 8px; overflow: hidden;"&gt;
                    &lt;div style="background: #2196f3; height: 100%; width: 40.217145070786174%; transition: width 0.3s;"&gt;&lt;/div&gt;
                &lt;/div&gt;
                &lt;div style="font-size: 10px; color: #999; margin-top: 3px;"&gt;7d avg: 30.16 NTU&lt;/div&gt;
            &lt;/td&gt;
            &lt;td style="padding: 10px; text-align: right; vertical-align: top;"&gt;
                &lt;span style="color: #2196f3; font-size: 18px; font-weight: bold;"&gt;40.22&lt;/span&gt;
                &lt;span style="color: #666; font-size: 12px; display: block; margin-top: 2px;"&gt;NTU&lt;/span&gt;
            &lt;/td&gt;
        &lt;/tr&gt;

        &lt;tr style="background: #f0f0f0;"&gt;
            &lt;td style="padding: 10px; vertical-align: top;"&gt;
                &lt;div style="font-weight: bold; margin-bottom: 5px;"&gt;
                    Water Quality &lt;span style="font-size: 14px;"&gt;→ &lt;span style="color: #666; font-size: 11px;"&gt;stable&lt;/span&gt;&lt;/span&gt;
                &lt;/div&gt;
                &lt;div style="background: #ddd; border-radius: 10px; height: 8px; overflow: hidden;"&gt;
                    &lt;div style="background: #2196f3; height: 100%; width: 5.631136242083406%; transition: width 0.3s;"&gt;&lt;/div&gt;
                &lt;/div&gt;
                &lt;div style="font-size: 10px; color: #999; margin-top: 3px;"&gt;7d avg: 5.71 index&lt;/div&gt;
            &lt;/td&gt;
            &lt;td style="padding: 10px; text-align: right; vertical-align: top;"&gt;
                &lt;span style="color: #2196f3; font-size: 18px; font-weight: bold;"&gt;5.63&lt;/span&gt;
                &lt;span style="color: #666; font-size: 12px; display: block; margin-top: 2px;"&gt;index&lt;/span&gt;
            &lt;/td&gt;
        &lt;/tr&gt;

    &lt;/table&gt;
&lt;/div&gt;
&lt;/div&gt;]]&gt;</description>
      <Point>
        <coordinates>101.5329003,3.03922903,0</coordinates>
      </Point>
    </Placemark>
    <Placemark>
      <name />
      <styleUrl>#flood_monitor</styleUrl>
      <description>&lt;![CDATA[
&lt;div style="font-family: Arial, sans-serif; width: 350px; padding: 15px;"&gt;
    &lt;h2 style="color: #2c5364; margin: 0 0 15px 0; font-size: 20px; border-bottom: 2px solid #4fc3f7; padding-bottom: 10px;"&gt;
        FLOOD_MONITOR_004
    &lt;/h2&gt;
    &lt;table style="width: 100%; border-collapse: collapse; margin-bottom: 15px;"&gt;
        &lt;tr style="background: #f0f0f0;"&gt;
            &lt;td style="padding: 10px; font-weight: bold; width: 40%;"&gt;Type:&lt;/td&gt;
            &lt;td style="padding: 10px;"&gt;Flood Monitor&lt;/td&gt;
        &lt;/tr&gt;
        &lt;tr&gt;
            &lt;td style="padding: 10px; font-weight: bold;"&gt;Location:&lt;/td&gt;
            &lt;td style="padding: 10px; font-size: 12px;"&gt;2.999620°N&lt;br&gt;101.584605°E&lt;/td&gt;
        &lt;/tr&gt;
    &lt;/table&gt;
    
&lt;div style="background: #f8f9fa; padding: 15px; border-radius: 8px; margin-top: 10px;"&gt;
    &lt;h3 style="color: #2c5364; margin: 0 0 15px 0; font-size: 16px;"&gt;📊 Active Sensors (8)&lt;/h3&gt;
    &lt;table style="width: 100%; border-collapse: collapse;"&gt;

        &lt;tr style="background: #ffffff;"&gt;
            &lt;td style="padding: 10px; vertical-align: top;"&gt;
                &lt;div style="font-weight: bold; margin-bottom: 5px;"&gt;
                    Conductivity &lt;span style="font-size: 14px;"&gt;↗️ &lt;span style="color: #666; font-size: 11px;"&gt;+33%&lt;/span&gt;&lt;/span&gt;
                &lt;/div&gt;
                &lt;div style="background: #ddd; border-radius: 10px; height: 8px; overflow: hidden;"&gt;
                    &lt;div style="background: #2196f3; height: 100%; width: 100%; transition: width 0.3s;"&gt;&lt;/div&gt;
                &lt;/div&gt;
                &lt;div style="font-size: 10px; color: #999; margin-top: 3px;"&gt;7d avg: 495.49 μS/cm&lt;/div&gt;
            &lt;/td&gt;
            &lt;td style="padding: 10px; text-align: right; vertical-align: top;"&gt;
                &lt;span style="color: #2196f3; font-size: 18px; font-weight: bold;"&gt;660.66&lt;/span&gt;
                &lt;span style="color: #666; font-size: 12px; display: block; margin-top: 2px;"&gt;μS/cm&lt;/span&gt;
            &lt;/td&gt;
        &lt;/tr&gt;

        &lt;tr style="background: #f0f0f0;"&gt;
            &lt;td style="padding: 10px; vertical-align: top;"&gt;
                &lt;div style="font-weight: bold; margin-bottom: 5px;"&gt;
                    Depth Gauge &lt;span style="font-size: 14px;"&gt;→ &lt;span style="color: #666; font-size: 11px;"&gt;stable&lt;/span&gt;&lt;/span&gt;
                &lt;/div&gt;
                &lt;div style="background: #ddd; border-radius: 10px; height: 8px; overflow: hidden;"&gt;
                    &lt;div style="background: #2196f3; height: 100%; width: 3.290735718914824%; transition: width 0.3s;"&gt;&lt;/div&gt;
                &lt;/div&gt;
                &lt;div style="font-size: 10px; color: #999; margin-top: 3px;"&gt;7d avg: 3.46 m&lt;/div&gt;
            &lt;/td&gt;
            &lt;td style="padding: 10px; text-align: right; vertical-align: top;"&gt;
                &lt;span style="color: #2196f3; font-size: 18px; font-weight: bold;"&gt;3.29&lt;/span&gt;
                &lt;span style="color: #666; font-size: 12px; display: block; margin-top: 2px;"&gt;m&lt;/span&gt;
            &lt;/td&gt;
        &lt;/tr&gt;

        &lt;tr style="background: #ffffff;"&gt;
            &lt;td style="padding: 10px; vertical-align: top;"&gt;
                &lt;div style="font-weight: bold; margin-bottom: 5px;"&gt;
                    Dissolved Oxygen &lt;span style="font-size: 14px;"&gt;→ &lt;span style="color: #666; font-size: 11px;"&gt;stable&lt;/span&gt;&lt;/span&gt;
                &lt;/div&gt;
                &lt;div style="background: #ddd; border-radius: 10px; height: 8px; overflow: hidden;"&gt;
                    &lt;div style="background: #2196f3; height: 100%; width: 6.928668628272433%; transition: width 0.3s;"&gt;&lt;/div&gt;
                &lt;/div&gt;
                &lt;div style="font-size: 10px; color: #999; margin-top: 3px;"&gt;7d avg: 6.70 mg/L&lt;/div&gt;
            &lt;/td&gt;
            &lt;td style="padding: 10px; text-align: right; vertical-align: top;"&gt;
                &lt;span style="color: #2196f3; font-size: 18px; font-weight: bold;"&gt;6.93&lt;/span&gt;
                &lt;span style="color: #666; font-size: 12px; display: block; margin-top: 2px;"&gt;mg/L&lt;/span&gt;
            &lt;/td&gt;
        &lt;/tr&gt;

        &lt;tr style="background: #f0f0f0;"&gt;
            &lt;td style="padding: 10px; vertical-align: top;"&gt;
                &lt;div style="font-weight: bold; margin-bottom: 5px;"&gt;
                    Flow Meter &lt;span style="font-size: 14px;"&gt;↘️ &lt;span style="color: #666; font-size: 11px;"&gt;-11%&lt;/span&gt;&lt;/span&gt;
                &lt;/div&gt;
                &lt;div style="background: #ddd; border-radius: 10px; height: 8px; overflow: hidden;"&gt;
                    &lt;div style="background: #2196f3; height: 100%; width: 2.0359636901298823%; transition: width 0.3s;"&gt;&lt;/div&gt;
                &lt;/div&gt;
                &lt;div style="font-size: 10px; color: #999; margin-top: 3px;"&gt;7d avg: 2.28 m3/s&lt;/div&gt;
            &lt;/td&gt;
            &lt;td style="padding: 10px; text-align: right; vertical-align: top;"&gt;
                &lt;span style="color: #2196f3; font-size: 18px; font-weight: bold;"&gt;2.04&lt;/span&gt;
                &lt;span style="color: #666; font-size: 12px; display: block; margin-top: 2px;"&gt;m3/s&lt;/span&gt;
            &lt;/td&gt;
        &lt;/tr&gt;

        &lt;tr style="background: #ffffff;"&gt;
            &lt;td style="padding: 10px; vertical-align: top;"&gt;
                &lt;div style="font-weight: bold; margin-bottom: 5px;"&gt;
                    Ph Sensor &lt;span style="font-size: 14px;"&gt;→ &lt;span style="color: #666; font-size: 11px;"&gt;stable&lt;/span&gt;&lt;/span&gt;
                &lt;/div&gt;
                &lt;div style="background: #ddd; border-radius: 10px; height: 8px; overflow: hidden;"&gt;
                    &lt;div style="background: #2196f3; height: 100%; width: 5.004289213237346%; transition: width 0.3s;"&gt;&lt;/div&gt;
                &lt;/div&gt;
                &lt;div style="font-size: 10px; color: #999; margin-top: 3px;"&gt;7d avg: 4.85 pH&lt;/div&gt;
            &lt;/td&gt;
            &lt;td style="padding: 10px; text-align: right; vertical-align: top;"&gt;
                &lt;span style="color: #2196f3; font-size: 18px; font-weight: bold;"&gt;5.00&lt;/span&gt;
                &lt;span style="color: #666; font-size: 12px; display: block; margin-top: 2px;"&gt;pH&lt;/span&gt;
            &lt;/td&gt;
        &lt;/tr&gt;

        &lt;tr style="background: #f0f0f0;"&gt;
            &lt;td style="padding: 10px; vertical-align: top;"&gt;
                &lt;div style="font-weight: bold; margin-bottom: 5px;"&gt;
                    Temperature &lt;span style="font-size: 14px;"&gt;↗️ &lt;span style="color: #666; font-size: 11px;"&gt;+5%&lt;/span&gt;&lt;/span&gt;
                &lt;/div&gt;
                &lt;div style="background: #ddd; border-radius: 10px; height: 8px; overflow: hidden;"&gt;
                    &lt;div style="background: #2196f3; height: 100%; width: 22.639622259354073%; transition: width 0.3s;"&gt;&lt;/div&gt;
                &lt;/div&gt;
                &lt;div style="font-size: 10px; color: #999; margin-top: 3px;"&gt;7d avg: 21.55 °C&lt;/div&gt;
            &lt;/td&gt;
            &lt;td style="padding: 10px; text-align: right; vertical-align: top;"&gt;
                &lt;span style="color: #2196f3; font-size: 18px; font-weight: bold;"&gt;22.64&lt;/span&gt;
                &lt;span style="color: #666; font-size: 12px; display: block; margin-top: 2px;"&gt;°C&lt;/span&gt;
            &lt;/td&gt;
        &lt;/tr&gt;

        &lt;tr style="background: #ffffff;"&gt;
            &lt;td style="padding: 10px; vertical-align: top;"&gt;
                &lt;div style="font-weight: bold; margin-bottom: 5px;"&gt;
                    Turbidity &lt;span style="font-size: 14px;"&gt;↗️ &lt;span style="color: #666; font-size: 11px;"&gt;+33%&lt;/span&gt;&lt;/span&gt;
                &lt;/div&gt;
                &lt;div style="background: #ddd; border-radius: 10px; height: 8px; overflow: hidden;"&gt;
                    &lt;div style="background: #2196f3; height: 100%; width: 86.95203084225648%; transition: width 0.3s;"&gt;&lt;/div&gt;
                &lt;/div&gt;
                &lt;div style="font-size: 10px; color: #999; margin-top: 3px;"&gt;7d avg: 65.21 NTU&lt;/div&gt;
            &lt;/td&gt;
            &lt;td style="padding: 10px; text-align: right; vertical-align: top;"&gt;
                &lt;span style="color: #2196f3; font-size: 18px; font-weight: bold;"&gt;86.95&lt;/span&gt;
                &lt;span style="color: #666; font-size: 12px; display: block; margin-top: 2px;"&gt;NTU&lt;/span&gt;
            &lt;/td&gt;
        &lt;/tr&gt;

        &lt;tr style="background: #f0f0f0;"&gt;
            &lt;td style="padding: 10px; vertical-align: top;"&gt;
                &lt;div style="font-weight: bold; margin-bottom: 5px;"&gt;
                    Water Quality &lt;span style="font-size: 14px;"&gt;↗️ &lt;span style="color: #666; font-size: 11px;"&gt;+11%&lt;/span&gt;&lt;/span&gt;
                &lt;/div&gt;
                &lt;div style="background: #ddd; border-radius: 10px; height: 8px; overflow: hidden;"&gt;
                    &lt;div style="background: #2196f3; height: 100%; width: 4.972540730295313%; transition: width 0.3s;"&gt;&lt;/div&gt;
                &lt;/div&gt;
                &lt;div style="font-size: 10px; color: #999; margin-top: 3px;"&gt;7d avg: 4.49 index&lt;/div&gt;
            &lt;/td&gt;
            &lt;td style="padding: 10px; text-align: right; vertical-align: top;"&gt;
                &lt;span style="color: #2196f3; font-size: 18px; font-weight: bold;"&gt;4.97&lt;/span&gt;
                &lt;span style="color: #666; font-size: 12px; display: block; margin-top: 2px;"&gt;index&lt;/span&gt;
            &lt;/td&gt;
        &lt;/tr&gt;

    &lt;/table&gt;
&lt;/div&gt;
&lt;/div&gt;]]&gt;</description>
      <Point>
        <coordinates>101.58460514,2.99961994,0</coordinates>
      </Point>
    </Placemark>
    <Placemark>
      <name />
      <styleUrl>#flood_monitor</styleUrl>
      <description>&lt;![CDATA[
&lt;div style="font-family: Arial, sans-serif; width: 350px; padding: 15px;"&gt;
    &lt;h2 style="color: #2c5364; margin: 0 0 15px 0; font-size: 20px; border-bottom: 2px solid #4fc3f7; padding-bottom: 10px;"&gt;
        FLOOD_MONITOR_005
    &lt;/h2&gt;
    &lt;table style="width: 100%; border-collapse: collapse; margin-bottom: 15px;"&gt;
        &lt;tr style="background: #f0f0f0;"&gt;
            &lt;td style="padding: 10px; font-weight: bold; width: 40%;"&gt;Type:&lt;/td&gt;
            &lt;td style="padding: 10px;"&gt;Flood Monitor&lt;/td&gt;
        &lt;/tr&gt;
        &lt;tr&gt;
            &lt;td style="padding: 10px; font-weight: bold;"&gt;Location:&lt;/td&gt;
            &lt;td style="padding: 10px; font-size: 12px;"&gt;3.095446°N&lt;br&gt;101.672360°E&lt;/td&gt;
        &lt;/tr&gt;
    &lt;/table&gt;
    
&lt;div style="background: #f8f9fa; padding: 15px; border-radius: 8px; margin-top: 10px;"&gt;
    &lt;h3 style="color: #2c5364; margin: 0 0 15px 0; font-size: 16px;"&gt;📊 Active Sensors (8)&lt;/h3&gt;
    &lt;table style="width: 100%; border-collapse: collapse;"&gt;

        &lt;tr style="background: #ffffff;"&gt;
            &lt;td style="padding: 10px; vertical-align: top;"&gt;
                &lt;div style="font-weight: bold; margin-bottom: 5px;"&gt;
                    Conductivity &lt;span style="font-size: 14px;"&gt;↗️ &lt;span style="color: #666; font-size: 11px;"&gt;+33%&lt;/span&gt;&lt;/span&gt;
                &lt;/div&gt;
                &lt;div style="background: #ddd; border-radius: 10px; height: 8px; overflow: hidden;"&gt;
                    &lt;div style="background: #2196f3; height: 100%; width: 100%; transition: width 0.3s;"&gt;&lt;/div&gt;
                &lt;/div&gt;
                &lt;div style="font-size: 10px; color: #999; margin-top: 3px;"&gt;7d avg: 420.58 μS/cm&lt;/div&gt;
            &lt;/td&gt;
            &lt;td style="padding: 10px; text-align: right; vertical-align: top;"&gt;
                &lt;span style="color: #2196f3; font-size: 18px; font-weight: bold;"&gt;560.77&lt;/span&gt;
                &lt;span style="color: #666; font-size: 12px; display: block; margin-top: 2px;"&gt;μS/cm&lt;/span&gt;
            &lt;/td&gt;
        &lt;/tr&gt;

        &lt;tr style="background: #f0f0f0;"&gt;
            &lt;td style="padding: 10px; vertical-align: top;"&gt;
                &lt;div style="font-weight: bold; margin-bottom: 5px;"&gt;
                    Depth Gauge &lt;span style="font-size: 14px;"&gt;↗️ &lt;span style="color: #666; font-size: 11px;"&gt;+9%&lt;/span&gt;&lt;/span&gt;
                &lt;/div&gt;
                &lt;div style="background: #ddd; border-radius: 10px; height: 8px; overflow: hidden;"&gt;
                    &lt;div style="background: #2196f3; height: 100%; width: 5.997242300815442%; transition: width 0.3s;"&gt;&lt;/div&gt;
                &lt;/div&gt;
                &lt;div style="font-size: 10px; color: #999; margin-top: 3px;"&gt;7d avg: 5.49 m&lt;/div&gt;
            &lt;/td&gt;
            &lt;td style="padding: 10px; text-align: right; vertical-align: top;"&gt;
                &lt;span style="color: #2196f3; font-size: 18px; font-weight: bold;"&gt;6.00&lt;/span&gt;
                &lt;span style="color: #666; font-size: 12px; display: block; margin-top: 2px;"&gt;m&lt;/span&gt;
            &lt;/td&gt;
        &lt;/tr&gt;

        &lt;tr style="background: #ffffff;"&gt;
            &lt;td style="padding: 10px; vertical-align: top;"&gt;
                &lt;div style="font-weight: bold; margin-bottom: 5px;"&gt;
                    Dissolved Oxygen &lt;span style="font-size: 14px;"&gt;↗️ &lt;span style="color: #666; font-size: 11px;"&gt;+5%&lt;/span&gt;&lt;/span&gt;
                &lt;/div&gt;
                &lt;div style="background: #ddd; border-radius: 10px; height: 8px; overflow: hidden;"&gt;
                    &lt;div style="background: #2196f3; height: 100%; width: 6.609115044766628%; transition: width 0.3s;"&gt;&lt;/div&gt;
                &lt;/div&gt;
                &lt;div style="font-size: 10px; color: #999; margin-top: 3px;"&gt;7d avg: 6.28 mg/L&lt;/div&gt;
            &lt;/td&gt;
            &lt;td style="padding: 10px; text-align: right; vertical-align: top;"&gt;
                &lt;span style="color: #2196f3; font-size: 18px; font-weight: bold;"&gt;6.61&lt;/span&gt;
                &lt;span style="color: #666; font-size: 12px; display: block; margin-top: 2px;"&gt;mg/L&lt;/span&gt;
            &lt;/td&gt;
        &lt;/tr&gt;

        &lt;tr style="background: #f0f0f0;"&gt;
            &lt;td style="padding: 10px; vertical-align: top;"&gt;
                &lt;div style="font-weight: bold; margin-bottom: 5px;"&gt;
                    Flow Meter &lt;span style="font-size: 14px;"&gt;↗️ &lt;span style="color: #666; font-size: 11px;"&gt;+7%&lt;/span&gt;&lt;/span&gt;
                &lt;/div&gt;
                &lt;div style="background: #ddd; border-radius: 10px; height: 8px; overflow: hidden;"&gt;
                    &lt;div style="background: #2196f3; height: 100%; width: 2.2470355093256007%; transition: width 0.3s;"&gt;&lt;/div&gt;
                &lt;/div&gt;
                &lt;div style="font-size: 10px; color: #999; margin-top: 3px;"&gt;7d avg: 2.10 m3/s&lt;/div&gt;
            &lt;/td&gt;
            &lt;td style="padding: 10px; text-align: right; vertical-align: top;"&gt;
                &lt;span style="color: #2196f3; font-size: 18px; font-weight: bold;"&gt;2.25&lt;/span&gt;
                &lt;span style="color: #666; font-size: 12px; display: block; margin-top: 2px;"&gt;m3/s&lt;/span&gt;
            &lt;/td&gt;
        &lt;/tr&gt;

        &lt;tr style="background: #ffffff;"&gt;
            &lt;td style="padding: 10px; vertical-align: top;"&gt;
                &lt;div style="font-weight: bold; margin-bottom: 5px;"&gt;
                    Ph Sensor &lt;span style="font-size: 14px;"&gt;→ &lt;span style="color: #666; font-size: 11px;"&gt;stable&lt;/span&gt;&lt;/span&gt;
                &lt;/div&gt;
                &lt;div style="background: #ddd; border-radius: 10px; height: 8px; overflow: hidden;"&gt;
                    &lt;div style="background: #2196f3; height: 100%; width: 7.809482628635822%; transition: width 0.3s;"&gt;&lt;/div&gt;
                &lt;/div&gt;
                &lt;div style="font-size: 10px; color: #999; margin-top: 3px;"&gt;7d avg: 7.73 pH&lt;/div&gt;
            &lt;/td&gt;
            &lt;td style="padding: 10px; text-align: right; vertical-align: top;"&gt;
                &lt;span style="color: #2196f3; font-size: 18px; font-weight: bold;"&gt;7.81&lt;/span&gt;
                &lt;span style="color: #666; font-size: 12px; display: block; margin-top: 2px;"&gt;pH&lt;/span&gt;
            &lt;/td&gt;
        &lt;/tr&gt;

        &lt;tr style="background: #f0f0f0;"&gt;
            &lt;td style="padding: 10px; vertical-align: top;"&gt;
                &lt;div style="font-weight: bold; margin-bottom: 5px;"&gt;
                    Temperature &lt;span style="font-size: 14px;"&gt;↘️ &lt;span style="color: #666; font-size: 11px;"&gt;-6%&lt;/span&gt;&lt;/span&gt;
                &lt;/div&gt;
                &lt;div style="background: #ddd; border-radius: 10px; height: 8px; overflow: hidden;"&gt;
                    &lt;div style="background: #2196f3; height: 100%; width: 20.945737869484553%; transition: width 0.3s;"&gt;&lt;/div&gt;
                &lt;/div&gt;
                &lt;div style="font-size: 10px; color: #999; margin-top: 3px;"&gt;7d avg: 22.19 °C&lt;/div&gt;
            &lt;/td&gt;
            &lt;td style="padding: 10px; text-align: right; vertical-align: top;"&gt;
                &lt;span style="color: #2196f3; font-size: 18px; font-weight: bold;"&gt;20.95&lt;/span&gt;
                &lt;span style="color: #666; font-size: 12px; display: block; margin-top: 2px;"&gt;°C&lt;/span&gt;
            &lt;/td&gt;
        &lt;/tr&gt;

        &lt;tr style="background: #ffffff;"&gt;
            &lt;td style="padding: 10px; vertical-align: top;"&gt;
                &lt;div style="font-weight: bold; margin-bottom: 5px;"&gt;
                    Turbidity &lt;span style="font-size: 14px;"&gt;↗️ &lt;span style="color: #666; font-size: 11px;"&gt;+33%&lt;/span&gt;&lt;/span&gt;
                &lt;/div&gt;
                &lt;div style="background: #ddd; border-radius: 10px; height: 8px; overflow: hidden;"&gt;
                    &lt;div style="background: #2196f3; height: 100%; width: 66.30708675895984%; transition: width 0.3s;"&gt;&lt;/div&gt;
                &lt;/div&gt;
                &lt;div style="font-size: 10px; color: #999; margin-top: 3px;"&gt;7d avg: 49.73 NTU&lt;/div&gt;
            &lt;/td&gt;
            &lt;td style="padding: 10px; text-align: right; vertical-align: top;"&gt;
                &lt;span style="color: #2196f3; font-size: 18px; font-weight: bold;"&gt;66.31&lt;/span&gt;
                &lt;span style="color: #666; font-size: 12px; display: block; margin-top: 2px;"&gt;NTU&lt;/span&gt;
            &lt;/td&gt;
        &lt;/tr&gt;

        &lt;tr style="background: #f0f0f0;"&gt;
            &lt;td style="padding: 10px; vertical-align: top;"&gt;
                &lt;div style="font-weight: bold; margin-bottom: 5px;"&gt;
                    Water Quality &lt;span style="font-size: 14px;"&gt;→ &lt;span style="color: #666; font-size: 11px;"&gt;stable&lt;/span&gt;&lt;/span&gt;
                &lt;/div&gt;
                &lt;div style="background: #ddd; border-radius: 10px; height: 8px; overflow: hidden;"&gt;
                    &lt;div style="background: #2196f3; height: 100%; width: 10.302654286507059%; transition: width 0.3s;"&gt;&lt;/div&gt;
                &lt;/div&gt;
                &lt;div style="font-size: 10px; color: #999; margin-top: 3px;"&gt;7d avg: 9.84 index&lt;/div&gt;
            &lt;/td&gt;
            &lt;td style="padding: 10px; text-align: right; vertical-align: top;"&gt;
                &lt;span style="color: #2196f3; font-size: 18px; font-weight: bold;"&gt;10.30&lt;/span&gt;
                &lt;span style="color: #666; font-size: 12px; display: block; margin-top: 2px;"&gt;index&lt;/span&gt;
            &lt;/td&gt;
        &lt;/tr&gt;

    &lt;/table&gt;
&lt;/div&gt;
&lt;/div&gt;]]&gt;</description>
      <Point>
        <coordinates>101.67236041,3.09544559,0</coordinates>
      </Point>
    </Placemark>
    <Placemark>
      <name />
      <styleUrl>#flood_monitor</styleUrl>
      <description>&lt;![CDATA[
&lt;div style="font-family: Arial, sans-serif; width: 350px; padding: 15px;"&gt;
    &lt;h2 style="color: #2c5364; margin: 0 0 15px 0; font-size: 20px; border-bottom: 2px solid #4fc3f7; padding-bottom: 10px;"&gt;
        FLOOD_MONITOR_006
    &lt;/h2&gt;
    &lt;table style="width: 100%; border-collapse: collapse; margin-bottom: 15px;"&gt;
        &lt;tr style="background: #f0f0f0;"&gt;
            &lt;td style="padding: 10px; font-weight: bold; width: 40%;"&gt;Type:&lt;/td&gt;
            &lt;td style="padding: 10px;"&gt;Flood Monitor&lt;/td&gt;
        &lt;/tr&gt;
        &lt;tr&gt;
            &lt;td style="padding: 10px; font-weight: bold;"&gt;Location:&lt;/td&gt;
            &lt;td style="padding: 10px; font-size: 12px;"&gt;3.148116°N&lt;br&gt;101.696787°E&lt;/td&gt;
        &lt;/tr&gt;
    &lt;/table&gt;
    
&lt;div style="background: #f8f9fa; padding: 15px; border-radius: 8px; margin-top: 10px;"&gt;
    &lt;h3 style="color: #2c5364; margin: 0 0 15px 0; font-size: 16px;"&gt;📊 Active Sensors (8)&lt;/h3&gt;
    &lt;table style="width: 100%; border-collapse: collapse;"&gt;

        &lt;tr style="background: #ffffff;"&gt;
            &lt;td style="padding: 10px; vertical-align: top;"&gt;
                &lt;div style="font-weight: bold; margin-bottom: 5px;"&gt;
                    Conductivity &lt;span style="font-size: 14px;"&gt;↗️ &lt;span style="color: #666; font-size: 11px;"&gt;+33%&lt;/span&gt;&lt;/span&gt;
                &lt;/div&gt;
                &lt;div style="background: #ddd; border-radius: 10px; height: 8px; overflow: hidden;"&gt;
                    &lt;div style="background: #2196f3; height: 100%; width: 100%; transition: width 0.3s;"&gt;&lt;/div&gt;
                &lt;/div&gt;
                &lt;div style="font-size: 10px; color: #999; margin-top: 3px;"&gt;7d avg: 392.13 μS/cm&lt;/div&gt;
            &lt;/td&gt;
            &lt;td style="padding: 10px; text-align: right; vertical-align: top;"&gt;
                &lt;span style="color: #2196f3; font-size: 18px; font-weight: bold;"&gt;522.84&lt;/span&gt;
                &lt;span style="color: #666; font-size: 12px; display: block; margin-top: 2px;"&gt;μS/cm&lt;/span&gt;
            &lt;/td&gt;
        &lt;/tr&gt;

        &lt;tr style="background: #f0f0f0;"&gt;
            &lt;td style="padding: 10px; vertical-align: top;"&gt;
                &lt;div style="font-weight: bold; margin-bottom: 5px;"&gt;
                    Depth Gauge &lt;span style="font-size: 14px;"&gt;→ &lt;span style="color: #666; font-size: 11px;"&gt;stable&lt;/span&gt;&lt;/span&gt;
                &lt;/div&gt;
                &lt;div style="background: #ddd; border-radius: 10px; height: 8px; overflow: hidden;"&gt;
                    &lt;div style="background: #2196f3; height: 100%; width: 2.250442323166797%; transition: width 0.3s;"&gt;&lt;/div&gt;
                &lt;/div&gt;
                &lt;div style="font-size: 10px; color: #999; margin-top: 3px;"&gt;7d avg: 2.33 m&lt;/div&gt;
            &lt;/td&gt;
            &lt;td style="padding: 10px; text-align: right; vertical-align: top;"&gt;
                &lt;span style="color: #2196f3; font-size: 18px; font-weight: bold;"&gt;2.25&lt;/span&gt;
                &lt;span style="color: #666; font-size: 12px; display: block; margin-top: 2px;"&gt;m&lt;/span&gt;
            &lt;/td&gt;
        &lt;/tr&gt;

        &lt;tr style="background: #ffffff;"&gt;
            &lt;td style="padding: 10px; vertical-align: top;"&gt;
                &lt;div style="font-weight: bold; margin-bottom: 5px;"&gt;
                    Dissolved Oxygen &lt;span style="font-size: 14px;"&gt;↗️ &lt;span style="color: #666; font-size: 11px;"&gt;+6%&lt;/span&gt;&lt;/span&gt;
                &lt;/div&gt;
                &lt;div style="background: #ddd; border-radius: 10px; height: 8px; overflow: hidden;"&gt;
                    &lt;div style="background: #2196f3; height: 100%; width: 9.49477832657208%; transition: width 0.3s;"&gt;&lt;/div&gt;
                &lt;/div&gt;
                &lt;div style="font-size: 10px; color: #999; margin-top: 3px;"&gt;7d avg: 8.93 mg/L&lt;/div&gt;
            &lt;/td&gt;
            &lt;td style="padding: 10px; text-align: right; vertical-align: top;"&gt;
                &lt;span style="color: #2196f3; font-size: 18px; font-weight: bold;"&gt;9.49&lt;/span&gt;
                &lt;span style="color: #666; font-size: 12px; display: block; margin-top: 2px;"&gt;mg/L&lt;/span&gt;
            &lt;/td&gt;
        &lt;/tr&gt;

        &lt;tr style="background: #f0f0f0;"&gt;
            &lt;td style="padding: 10px; vertical-align: top;"&gt;
                &lt;div style="font-weight: bold; margin-bottom: 5px;"&gt;
                    Flow Meter &lt;span style="font-size: 14px;"&gt;→ &lt;span style="color: #666; font-size: 11px;"&gt;stable&lt;/span&gt;&lt;/span&gt;
                &lt;/div&gt;
                &lt;div style="background: #ddd; border-radius: 10px; height: 8px; overflow: hidden;"&gt;
                    &lt;div style="background: #2196f3; height: 100%; width: 2.163504804518326%; transition: width 0.3s;"&gt;&lt;/div&gt;
                &lt;/div&gt;
                &lt;div style="font-size: 10px; color: #999; margin-top: 3px;"&gt;7d avg: 2.12 m3/s&lt;/div&gt;
            &lt;/td&gt;
            &lt;td style="padding: 10px; text-align: right; vertical-align: top;"&gt;
                &lt;span style="color: #2196f3; font-size: 18px; font-weight: bold;"&gt;2.16&lt;/span&gt;
                &lt;span style="color: #666; font-size: 12px; display: block; margin-top: 2px;"&gt;m3/s&lt;/span&gt;
            &lt;/td&gt;
        &lt;/tr&gt;

        &lt;tr style="background: #ffffff;"&gt;
            &lt;td style="padding: 10px; vertical-align: top;"&gt;
                &lt;div style="font-weight: bold; margin-bottom: 5px;"&gt;
                    Ph Sensor &lt;span style="font-size: 14px;"&gt;→ &lt;span style="color: #666; font-size: 11px;"&gt;stable&lt;/span&gt;&lt;/span&gt;
                &lt;/div&gt;
                &lt;div style="background: #ddd; border-radius: 10px; height: 8px; overflow: hidden;"&gt;
                    &lt;div style="background: #2196f3; height: 100%; width: 7.340896409365108%; transition: width 0.3s;"&gt;&lt;/div&gt;
                &lt;/div&gt;
                &lt;div style="font-size: 10px; color: #999; margin-top: 3px;"&gt;7d avg: 7.30 pH&lt;/div&gt;
            &lt;/td&gt;
            &lt;td style="padding: 10px; text-align: right; vertical-align: top;"&gt;
                &lt;span style="color: #2196f3; font-size: 18px; font-weight: bold;"&gt;7.34&lt;/span&gt;
                &lt;span style="color: #666; font-size: 12px; display: block; margin-top: 2px;"&gt;pH&lt;/span&gt;
            &lt;/td&gt;
        &lt;/tr&gt;

        &lt;tr style="background: #f0f0f0;"&gt;
            &lt;td style="padding: 10px; vertical-align: top;"&gt;
                &lt;div style="font-weight: bold; margin-bottom: 5px;"&gt;
                    Temperature &lt;span style="font-size: 14px;"&gt;→ &lt;span style="color: #666; font-size: 11px;"&gt;stable&lt;/span&gt;&lt;/span&gt;
                &lt;/div&gt;
                &lt;div style="background: #ddd; border-radius: 10px; height: 8px; overflow: hidden;"&gt;
                    &lt;div style="background: #2196f3; height: 100%; width: 17.688477036387624%; transition: width 0.3s;"&gt;&lt;/div&gt;
                &lt;/div&gt;
                &lt;div style="font-size: 10px; color: #999; margin-top: 3px;"&gt;7d avg: 17.06 °C&lt;/div&gt;
            &lt;/td&gt;
            &lt;td style="padding: 10px; text-align: right; vertical-align: top;"&gt;
                &lt;span style="color: #2196f3; font-size: 18px; font-weight: bold;"&gt;17.69&lt;/span&gt;
                &lt;span style="color: #666; font-size: 12px; display: block; margin-top: 2px;"&gt;°C&lt;/span&gt;
            &lt;/td&gt;
        &lt;/tr&gt;

        &lt;tr style="background: #ffffff;"&gt;
            &lt;td style="padding: 10px; vertical-align: top;"&gt;
                &lt;div style="font-weight: bold; margin-bottom: 5px;"&gt;
                    Turbidity &lt;span style="font-size: 14px;"&gt;↗️ &lt;span style="color: #666; font-size: 11px;"&gt;+33%&lt;/span&gt;&lt;/span&gt;
                &lt;/div&gt;
                &lt;div style="background: #ddd; border-radius: 10px; height: 8px; overflow: hidden;"&gt;
                    &lt;div style="background: #2196f3; height: 100%; width: 92.33361627621736%; transition: width 0.3s;"&gt;&lt;/div&gt;
                &lt;/div&gt;
                &lt;div style="font-size: 10px; color: #999; margin-top: 3px;"&gt;7d avg: 69.25 NTU&lt;/div&gt;
            &lt;/td&gt;
            &lt;td style="padding: 10px; text-align: right; vertical-align: top;"&gt;
                &lt;span style="color: #2196f3; font-size: 18px; font-weight: bold;"&gt;92.33&lt;/span&gt;
                &lt;span style="color: #666; font-size: 12px; display: block; margin-top: 2px;"&gt;NTU&lt;/span&gt;
            &lt;/td&gt;
        &lt;/tr&gt;

        &lt;tr style="background: #f0f0f0;"&gt;
            &lt;td style="padding: 10px; vertical-align: top;"&gt;
                &lt;div style="font-weight: bold; margin-bottom: 5px;"&gt;
                    Water Quality &lt;span style="font-size: 14px;"&gt;↗️ &lt;span style="color: #666; font-size: 11px;"&gt;+5%&lt;/span&gt;&lt;/span&gt;
                &lt;/div&gt;
                &lt;div style="background: #ddd; border-radius: 10px; height: 8px; overflow: hidden;"&gt;
                    &lt;div style="background: #2196f3; height: 100%; width: 6.067021718544239%; transition: width 0.3s;"&gt;&lt;/div&gt;
                &lt;/div&gt;
                &lt;div style="font-size: 10px; color: #999; margin-top: 3px;"&gt;7d avg: 5.75 index&lt;/div&gt;
            &lt;/td&gt;
            &lt;td style="padding: 10px; text-align: right; vertical-align: top;"&gt;
                &lt;span style="color: #2196f3; font-size: 18px; font-weight: bold;"&gt;6.07&lt;/span&gt;
                &lt;span style="color: #666; font-size: 12px; display: block; margin-top: 2px;"&gt;index&lt;/span&gt;
            &lt;/td&gt;
        &lt;/tr&gt;

    &lt;/table&gt;
&lt;/div&gt;
&lt;/div&gt;]]&gt;</description>
      <Point>
        <coordinates>101.69678668,3.14811551,0</coordinates>
      </Point>
    </Placemark>
    <Placemark>
      <name />
      <styleUrl>#flood_monitor</styleUrl>
      <description>&lt;![CDATA[
&lt;div style="font-family: Arial, sans-serif; width: 350px; padding: 15px;"&gt;
    &lt;h2 style="color: #2c5364; margin: 0 0 15px 0; font-size: 20px; border-bottom: 2px solid #4fc3f7; padding-bottom: 10px;"&gt;
        FLOOD_MONITOR_007
    &lt;/h2&gt;
    &lt;table style="width: 100%; border-collapse: collapse; margin-bottom: 15px;"&gt;
        &lt;tr style="background: #f0f0f0;"&gt;
            &lt;td style="padding: 10px; font-weight: bold; width: 40%;"&gt;Type:&lt;/td&gt;
            &lt;td style="padding: 10px;"&gt;Flood Monitor&lt;/td&gt;
        &lt;/tr&gt;
        &lt;tr&gt;
            &lt;td style="padding: 10px; font-weight: bold;"&gt;Location:&lt;/td&gt;
            &lt;td style="padding: 10px; font-size: 12px;"&gt;3.167478°N&lt;br&gt;101.746806°E&lt;/td&gt;
        &lt;/tr&gt;
    &lt;/table&gt;
    
&lt;div style="background: #f8f9fa; padding: 15px; border-radius: 8px; margin-top: 10px;"&gt;
    &lt;h3 style="color: #2c5364; margin: 0 0 15px 0; font-size: 16px;"&gt;📊 Active Sensors (8)&lt;/h3&gt;
    &lt;table style="width: 100%; border-collapse: collapse;"&gt;

        &lt;tr style="background: #ffffff;"&gt;
            &lt;td style="padding: 10px; vertical-align: top;"&gt;
                &lt;div style="font-weight: bold; margin-bottom: 5px;"&gt;
                    Conductivity &lt;span style="font-size: 14px;"&gt;↗️ &lt;span style="color: #666; font-size: 11px;"&gt;+33%&lt;/span&gt;&lt;/span&gt;
                &lt;/div&gt;
                &lt;div style="background: #ddd; border-radius: 10px; height: 8px; overflow: hidden;"&gt;
                    &lt;div style="background: #2196f3; height: 100%; width: 100%; transition: width 0.3s;"&gt;&lt;/div&gt;
                &lt;/div&gt;
                &lt;div style="font-size: 10px; color: #999; margin-top: 3px;"&gt;7d avg: 498.56 μS/cm&lt;/div&gt;
            &lt;/td&gt;
            &lt;td style="padding: 10px; text-align: right; vertical-align: top;"&gt;
                &lt;span style="color: #2196f3; font-size: 18px; font-weight: bold;"&gt;664.75&lt;/span&gt;
                &lt;span style="color: #666; font-size: 12px; display: block; margin-top: 2px;"&gt;μS/cm&lt;/span&gt;
            &lt;/td&gt;
        &lt;/tr&gt;

        &lt;tr style="background: #f0f0f0;"&gt;
            &lt;td style="padding: 10px; vertical-align: top;"&gt;
                &lt;div style="font-weight: bold; margin-bottom: 5px;"&gt;
                    Depth Gauge &lt;span style="font-size: 14px;"&gt;→ &lt;span style="color: #666; font-size: 11px;"&gt;stable&lt;/span&gt;&lt;/span&gt;
                &lt;/div&gt;
                &lt;div style="background: #ddd; border-radius: 10px; height: 8px; overflow: hidden;"&gt;
                    &lt;div style="background: #2196f3; height: 100%; width: 2.508130288091434%; transition: width 0.3s;"&gt;&lt;/div&gt;
                &lt;/div&gt;
                &lt;div style="font-size: 10px; color: #999; margin-top: 3px;"&gt;7d avg: 2.43 m&lt;/div&gt;
            &lt;/td&gt;
            &lt;td style="padding: 10px; text-align: right; vertical-align: top;"&gt;
                &lt;span style="color: #2196f3; font-size: 18px; font-weight: bold;"&gt;2.51&lt;/span&gt;
                &lt;span style="color: #666; font-size: 12px; display: block; margin-top: 2px;"&gt;m&lt;/span&gt;
            &lt;/td&gt;
        &lt;/tr&gt;

        &lt;tr style="background: #ffffff;"&gt;
            &lt;td style="padding: 10px; vertical-align: top;"&gt;
                &lt;div style="font-weight: bold; margin-bottom: 5px;"&gt;
                    Dissolved Oxygen &lt;span style="font-size: 14px;"&gt;↘️ &lt;span style="color: #666; font-size: 11px;"&gt;-5%&lt;/span&gt;&lt;/span&gt;
                &lt;/div&gt;
                &lt;div style="background: #ddd; border-radius: 10px; height: 8px; overflow: hidden;"&gt;
                    &lt;div style="background: #2196f3; height: 100%; width: 5.1333460994572055%; transition: width 0.3s;"&gt;&lt;/div&gt;
                &lt;/div&gt;
                &lt;div style="font-size: 10px; color: #999; margin-top: 3px;"&gt;7d avg: 5.42 mg/L&lt;/div&gt;
            &lt;/td&gt;
            &lt;td style="padding: 10px; text-align: right; vertical-align: top;"&gt;
                &lt;span style="color: #2196f3; font-size: 18px; font-weight: bold;"&gt;5.13&lt;/span&gt;
                &lt;span style="color: #666; font-size: 12px; display: block; margin-top: 2px;"&gt;mg/L&lt;/span&gt;
            &lt;/td&gt;
        &lt;/tr&gt;

        &lt;tr style="background: #f0f0f0;"&gt;
            &lt;td style="padding: 10px; vertical-align: top;"&gt;
                &lt;div style="font-weight: bold; margin-bottom: 5px;"&gt;
                    Flow Meter &lt;span style="font-size: 14px;"&gt;→ &lt;span style="color: #666; font-size: 11px;"&gt;stable&lt;/span&gt;&lt;/span&gt;
                &lt;/div&gt;
                &lt;div style="background: #ddd; border-radius: 10px; height: 8px; overflow: hidden;"&gt;
                    &lt;div style="background: #2196f3; height: 100%; width: 1.9566685267053754%; transition: width 0.3s;"&gt;&lt;/div&gt;
                &lt;/div&gt;
                &lt;div style="font-size: 10px; color: #999; margin-top: 3px;"&gt;7d avg: 2.04 m3/s&lt;/div&gt;
            &lt;/td&gt;
            &lt;td style="padding: 10px; text-align: right; vertical-align: top;"&gt;
                &lt;span style="color: #2196f3; font-size: 18px; font-weight: bold;"&gt;1.96&lt;/span&gt;
                &lt;span style="color: #666; font-size: 12px; display: block; margin-top: 2px;"&gt;m3/s&lt;/span&gt;
            &lt;/td&gt;
        &lt;/tr&gt;

        &lt;tr style="background: #ffffff;"&gt;
            &lt;td style="padding: 10px; vertical-align: top;"&gt;
                &lt;div style="font-weight: bold; margin-bottom: 5px;"&gt;
                    Ph Sensor &lt;span style="font-size: 14px;"&gt;↘️ &lt;span style="color: #666; font-size: 11px;"&gt;-5%&lt;/span&gt;&lt;/span&gt;
                &lt;/div&gt;
                &lt;div style="background: #ddd; border-radius: 10px; height: 8px; overflow: hidden;"&gt;
                    &lt;div style="background: #2196f3; height: 100%; width: 8.106016099904421%; transition: width 0.3s;"&gt;&lt;/div&gt;
                &lt;/div&gt;
                &lt;div style="font-size: 10px; color: #999; margin-top: 3px;"&gt;7d avg: 8.55 pH&lt;/div&gt;
            &lt;/td&gt;
            &lt;td style="padding: 10px; text-align: right; vertical-align: top;"&gt;
                &lt;span style="color: #2196f3; font-size: 18px; font-weight: bold;"&gt;8.11&lt;/span&gt;
                &lt;span style="color: #666; font-size: 12px; display: block; margin-top: 2px;"&gt;pH&lt;/span&gt;
            &lt;/td&gt;
        &lt;/tr&gt;

        &lt;tr style="background: #f0f0f0;"&gt;
            &lt;td style="padding: 10px; vertical-align: top;"&gt;
                &lt;div style="font-weight: bold; margin-bottom: 5px;"&gt;
                    Temperature &lt;span style="font-size: 14px;"&gt;→ &lt;span style="color: #666; font-size: 11px;"&gt;stable&lt;/span&gt;&lt;/span&gt;
                &lt;/div&gt;
                &lt;div style="background: #ddd; border-radius: 10px; height: 8px; overflow: hidden;"&gt;
                    &lt;div style="background: #2196f3; height: 100%; width: 32.155751547068164%; transition: width 0.3s;"&gt;&lt;/div&gt;
                &lt;/div&gt;
                &lt;div style="font-size: 10px; color: #999; margin-top: 3px;"&gt;7d avg: 33.51 °C&lt;/div&gt;
            &lt;/td&gt;
            &lt;td style="padding: 10px; text-align: right; vertical-align: top;"&gt;
                &lt;span style="color: #2196f3; font-size: 18px; font-weight: bold;"&gt;32.16&lt;/span&gt;
                &lt;span style="color: #666; font-size: 12px; display: block; margin-top: 2px;"&gt;°C&lt;/span&gt;
            &lt;/td&gt;
        &lt;/tr&gt;

        &lt;tr style="background: #ffffff;"&gt;
            &lt;td style="padding: 10px; vertical-align: top;"&gt;
                &lt;div style="font-weight: bold; margin-bottom: 5px;"&gt;
                    Turbidity &lt;span style="font-size: 14px;"&gt;↗️ &lt;span style="color: #666; font-size: 11px;"&gt;+33%&lt;/span&gt;&lt;/span&gt;
                &lt;/div&gt;
                &lt;div style="background: #ddd; border-radius: 10px; height: 8px; overflow: hidden;"&gt;
                    &lt;div style="background: #2196f3; height: 100%; width: 97.02849382685119%; transition: width 0.3s;"&gt;&lt;/div&gt;
                &lt;/div&gt;
                &lt;div style="font-size: 10px; color: #999; margin-top: 3px;"&gt;7d avg: 72.77 NTU&lt;/div&gt;
            &lt;/td&gt;
            &lt;td style="padding: 10px; text-align: right; vertical-align: top;"&gt;
                &lt;span style="color: #2196f3; font-size: 18px; font-weight: bold;"&gt;97.03&lt;/span&gt;
                &lt;span style="color: #666; font-size: 12px; display: block; margin-top: 2px;"&gt;NTU&lt;/span&gt;
            &lt;/td&gt;
        &lt;/tr&gt;

        &lt;tr style="background: #f0f0f0;"&gt;
            &lt;td style="padding: 10px; vertical-align: top;"&gt;
                &lt;div style="font-weight: bold; margin-bottom: 5px;"&gt;
                    Water Quality &lt;span style="font-size: 14px;"&gt;→ &lt;span style="color: #666; font-size: 11px;"&gt;stable&lt;/span&gt;&lt;/span&gt;
                &lt;/div&gt;
                &lt;div style="background: #ddd; border-radius: 10px; height: 8px; overflow: hidden;"&gt;
                    &lt;div style="background: #2196f3; height: 100%; width: 6.422999507456368%; transition: width 0.3s;"&gt;&lt;/div&gt;
                &lt;/div&gt;
                &lt;div style="font-size: 10px; color: #999; margin-top: 3px;"&gt;7d avg: 6.70 index&lt;/div&gt;
            &lt;/td&gt;
            &lt;td style="padding: 10px; text-align: right; vertical-align: top;"&gt;
                &lt;span style="color: #2196f3; font-size: 18px; font-weight: bold;"&gt;6.42&lt;/span&gt;
                &lt;span style="color: #666; font-size: 12px; display: block; margin-top: 2px;"&gt;index&lt;/span&gt;
            &lt;/td&gt;
        &lt;/tr&gt;

    &lt;/table&gt;
&lt;/div&gt;
&lt;/div&gt;]]&gt;</description>
      <Point>
        <coordinates>101.74680627,3.16747767,0</coordinates>
      </Point>
    </Placemark>
    <Placemark>
      <name />
      <styleUrl>#flood_monitor</styleUrl>
      <description>&lt;![CDATA[
&lt;div style="font-family: Arial, sans-serif; width: 350px; padding: 15px;"&gt;
    &lt;h2 style="color: #2c5364; margin: 0 0 15px 0; font-size: 20px; border-bottom: 2px solid #4fc3f7; padding-bottom: 10px;"&gt;
        FLOOD_MONITOR_008
    &lt;/h2&gt;
    &lt;table style="width: 100%; border-collapse: collapse; margin-bottom: 15px;"&gt;
        &lt;tr style="background: #f0f0f0;"&gt;
            &lt;td style="padding: 10px; font-weight: bold; width: 40%;"&gt;Type:&lt;/td&gt;
            &lt;td style="padding: 10px;"&gt;Flood Monitor&lt;/td&gt;
        &lt;/tr&gt;
        &lt;tr&gt;
            &lt;td style="padding: 10px; font-weight: bold;"&gt;Location:&lt;/td&gt;
            &lt;td style="padding: 10px; font-size: 12px;"&gt;3.215636°N&lt;br&gt;101.752942°E&lt;/td&gt;
        &lt;/tr&gt;
    &lt;/table&gt;
    
&lt;div style="background: #f8f9fa; padding: 15px; border-radius: 8px; margin-top: 10px;"&gt;
    &lt;h3 style="color: #2c5364; margin: 0 0 15px 0; font-size: 16px;"&gt;📊 Active Sensors (8)&lt;/h3&gt;
    &lt;table style="width: 100%; border-collapse: collapse;"&gt;

        &lt;tr style="background: #ffffff;"&gt;
            &lt;td style="padding: 10px; vertical-align: top;"&gt;
                &lt;div style="font-weight: bold; margin-bottom: 5px;"&gt;
                    Conductivity &lt;span style="font-size: 14px;"&gt;↗️ &lt;span style="color: #666; font-size: 11px;"&gt;+33%&lt;/span&gt;&lt;/span&gt;
                &lt;/div&gt;
                &lt;div style="background: #ddd; border-radius: 10px; height: 8px; overflow: hidden;"&gt;
                    &lt;div style="background: #2196f3; height: 100%; width: 100%; transition: width 0.3s;"&gt;&lt;/div&gt;
                &lt;/div&gt;
                &lt;div style="font-size: 10px; color: #999; margin-top: 3px;"&gt;7d avg: 341.11 μS/cm&lt;/div&gt;
            &lt;/td&gt;
            &lt;td style="padding: 10px; text-align: right; vertical-align: top;"&gt;
                &lt;span style="color: #2196f3; font-size: 18px; font-weight: bold;"&gt;454.81&lt;/span&gt;
                &lt;span style="color: #666; font-size: 12px; display: block; margin-top: 2px;"&gt;μS/cm&lt;/span&gt;
            &lt;/td&gt;
        &lt;/tr&gt;

        &lt;tr style="background: #f0f0f0;"&gt;
            &lt;td style="padding: 10px; vertical-align: top;"&gt;
                &lt;div style="font-weight: bold; margin-bottom: 5px;"&gt;
                    Depth Gauge &lt;span style="font-size: 14px;"&gt;→ &lt;span style="color: #666; font-size: 11px;"&gt;stable&lt;/span&gt;&lt;/span&gt;
                &lt;/div&gt;
                &lt;div style="background: #ddd; border-radius: 10px; height: 8px; overflow: hidden;"&gt;
                    &lt;div style="background: #2196f3; height: 100%; width: 2.563774639502222%; transition: width 0.3s;"&gt;&lt;/div&gt;
                &lt;/div&gt;
                &lt;div style="font-size: 10px; color: #999; margin-top: 3px;"&gt;7d avg: 2.68 m&lt;/div&gt;
            &lt;/td&gt;
            &lt;td style="padding: 10px; text-align: right; vertical-align: top;"&gt;
                &lt;span style="color: #2196f3; font-size: 18px; font-weight: bold;"&gt;2.56&lt;/span&gt;
                &lt;span style="color: #666; font-size: 12px; display: block; margin-top: 2px;"&gt;m&lt;/span&gt;
            &lt;/td&gt;
        &lt;/tr&gt;

        &lt;tr style="background: #ffffff;"&gt;
            &lt;td style="padding: 10px; vertical-align: top;"&gt;
                &lt;div style="font-weight: bold; margin-bottom: 5px;"&gt;
                    Dissolved Oxygen &lt;span style="font-size: 14px;"&gt;→ &lt;span style="color: #666; font-size: 11px;"&gt;stable&lt;/span&gt;&lt;/span&gt;
                &lt;/div&gt;
                &lt;div style="background: #ddd; border-radius: 10px; height: 8px; overflow: hidden;"&gt;
                    &lt;div style="background: #2196f3; height: 100%; width: 11.62001968671246%; transition: width 0.3s;"&gt;&lt;/div&gt;
                &lt;/div&gt;
                &lt;div style="font-size: 10px; color: #999; margin-top: 3px;"&gt;7d avg: 11.84 mg/L&lt;/div&gt;
            &lt;/td&gt;
            &lt;td style="padding: 10px; text-align: right; vertical-align: top;"&gt;
                &lt;span style="color: #2196f3; font-size: 18px; font-weight: bold;"&gt;11.62&lt;/span&gt;
                &lt;span style="color: #666; font-size: 12px; display: block; margin-top: 2px;"&gt;mg/L&lt;/span&gt;
            &lt;/td&gt;
        &lt;/tr&gt;

        &lt;tr style="background: #f0f0f0;"&gt;
            &lt;td style="padding: 10px; vertical-align: top;"&gt;
                &lt;div style="font-weight: bold; margin-bottom: 5px;"&gt;
                    Flow Meter &lt;span style="font-size: 14px;"&gt;→ &lt;span style="color: #666; font-size: 11px;"&gt;stable&lt;/span&gt;&lt;/span&gt;
                &lt;/div&gt;
                &lt;div style="background: #ddd; border-radius: 10px; height: 8px; overflow: hidden;"&gt;
                    &lt;div style="background: #2196f3; height: 100%; width: 2.755863257485438%; transition: width 0.3s;"&gt;&lt;/div&gt;
                &lt;/div&gt;
                &lt;div style="font-size: 10px; color: #999; margin-top: 3px;"&gt;7d avg: 2.82 m3/s&lt;/div&gt;
            &lt;/td&gt;
            &lt;td style="padding: 10px; text-align: right; vertical-align: top;"&gt;
                &lt;span style="color: #2196f3; font-size: 18px; font-weight: bold;"&gt;2.76&lt;/span&gt;
                &lt;span style="color: #666; font-size: 12px; display: block; margin-top: 2px;"&gt;m3/s&lt;/span&gt;
            &lt;/td&gt;
        &lt;/tr&gt;

        &lt;tr style="background: #ffffff;"&gt;
            &lt;td style="padding: 10px; vertical-align: top;"&gt;
                &lt;div style="font-weight: bold; margin-bottom: 5px;"&gt;
                    Ph Sensor &lt;span style="font-size: 14px;"&gt;↘️ &lt;span style="color: #666; font-size: 11px;"&gt;-8%&lt;/span&gt;&lt;/span&gt;
                &lt;/div&gt;
                &lt;div style="background: #ddd; border-radius: 10px; height: 8px; overflow: hidden;"&gt;
                    &lt;div style="background: #2196f3; height: 100%; width: 6.1511572336455185%; transition: width 0.3s;"&gt;&lt;/div&gt;
                &lt;/div&gt;
                &lt;div style="font-size: 10px; color: #999; margin-top: 3px;"&gt;7d avg: 6.69 pH&lt;/div&gt;
            &lt;/td&gt;
            &lt;td style="padding: 10px; text-align: right; vertical-align: top;"&gt;
                &lt;span style="color: #2196f3; font-size: 18px; font-weight: bold;"&gt;6.15&lt;/span&gt;
                &lt;span style="color: #666; font-size: 12px; display: block; margin-top: 2px;"&gt;pH&lt;/span&gt;
            &lt;/td&gt;
        &lt;/tr&gt;

        &lt;tr style="background: #f0f0f0;"&gt;
            &lt;td style="padding: 10px; vertical-align: top;"&gt;
                &lt;div style="font-weight: bold; margin-bottom: 5px;"&gt;
                    Temperature &lt;span style="font-size: 14px;"&gt;→ &lt;span style="color: #666; font-size: 11px;"&gt;stable&lt;/span&gt;&lt;/span&gt;
                &lt;/div&gt;
                &lt;div style="background: #ddd; border-radius: 10px; height: 8px; overflow: hidden;"&gt;
                    &lt;div style="background: #2196f3; height: 100%; width: 25.820773346025565%; transition: width 0.3s;"&gt;&lt;/div&gt;
                &lt;/div&gt;
                &lt;div style="font-size: 10px; color: #999; margin-top: 3px;"&gt;7d avg: 24.76 °C&lt;/div&gt;
            &lt;/td&gt;
            &lt;td style="padding: 10px; text-align: right; vertical-align: top;"&gt;
                &lt;span style="color: #2196f3; font-size: 18px; font-weight: bold;"&gt;25.82&lt;/span&gt;
                &lt;span style="color: #666; font-size: 12px; display: block; margin-top: 2px;"&gt;°C&lt;/span&gt;
            &lt;/td&gt;
        &lt;/tr&gt;

        &lt;tr style="background: #ffffff;"&gt;
            &lt;td style="padding: 10px; vertical-align: top;"&gt;
                &lt;div style="font-weight: bold; margin-bottom: 5px;"&gt;
                    Turbidity &lt;span style="font-size: 14px;"&gt;↗️ &lt;span style="color: #666; font-size: 11px;"&gt;+33%&lt;/span&gt;&lt;/span&gt;
                &lt;/div&gt;
                &lt;div style="background: #ddd; border-radius: 10px; height: 8px; overflow: hidden;"&gt;
                    &lt;div style="background: #2196f3; height: 100%; width: 55.342156153656255%; transition: width 0.3s;"&gt;&lt;/div&gt;
                &lt;/div&gt;
                &lt;div style="font-size: 10px; color: #999; margin-top: 3px;"&gt;7d avg: 41.51 NTU&lt;/div&gt;
            &lt;/td&gt;
            &lt;td style="padding: 10px; text-align: right; vertical-align: top;"&gt;
                &lt;span style="color: #2196f3; font-size: 18px; font-weight: bold;"&gt;55.34&lt;/span&gt;
                &lt;span style="color: #666; font-size: 12px; display: block; margin-top: 2px;"&gt;NTU&lt;/span&gt;
            &lt;/td&gt;
        &lt;/tr&gt;

        &lt;tr style="background: #f0f0f0;"&gt;
            &lt;td style="padding: 10px; vertical-align: top;"&gt;
                &lt;div style="font-weight: bold; margin-bottom: 5px;"&gt;
                    Water Quality &lt;span style="font-size: 14px;"&gt;↗️ &lt;span style="color: #666; font-size: 11px;"&gt;+10%&lt;/span&gt;&lt;/span&gt;
                &lt;/div&gt;
                &lt;div style="background: #ddd; border-radius: 10px; height: 8px; overflow: hidden;"&gt;
                    &lt;div style="background: #2196f3; height: 100%; width: 5.426775916837898%; transition: width 0.3s;"&gt;&lt;/div&gt;
                &lt;/div&gt;
                &lt;div style="font-size: 10px; color: #999; margin-top: 3px;"&gt;7d avg: 4.93 index&lt;/div&gt;
            &lt;/td&gt;
            &lt;td style="padding: 10px; text-align: right; vertical-align: top;"&gt;
                &lt;span style="color: #2196f3; font-size: 18px; font-weight: bold;"&gt;5.43&lt;/span&gt;
                &lt;span style="color: #666; font-size: 12px; display: block; margin-top: 2px;"&gt;index&lt;/span&gt;
            &lt;/td&gt;
        &lt;/tr&gt;

    &lt;/table&gt;
&lt;/div&gt;
&lt;/div&gt;]]&gt;</description>
      <Point>
        <coordinates>101.75294234,3.21563631,0</coordinates>
      </Point>
    </Placemark>
    <Placemark>
      <name />
      <styleUrl>#MANGROVE_ISLET</styleUrl>
      <description>&lt;![CDATA[
&lt;div style="font-family: Arial, sans-serif; width: 350px; padding: 15px;"&gt;
    &lt;h2 style="color: #2c5364; margin: 0 0 15px 0; font-size: 20px; border-bottom: 2px solid #4fc3f7; padding-bottom: 10px;"&gt;
        ISLET_001
    &lt;/h2&gt;
    &lt;table style="width: 100%; border-collapse: collapse; margin-bottom: 15px;"&gt;
        &lt;tr style="background: #f0f0f0;"&gt;
            &lt;td style="padding: 10px; font-weight: bold; width: 40%;"&gt;Type:&lt;/td&gt;
            &lt;td style="padding: 10px;"&gt;MANGROVE_ISLET&lt;/td&gt;
        &lt;/tr&gt;
        &lt;tr&gt;
            &lt;td style="padding: 10px; font-weight: bold;"&gt;Location:&lt;/td&gt;
            &lt;td style="padding: 10px; font-size: 12px;"&gt;3.016517°N&lt;br&gt;101.207400°E&lt;/td&gt;
        &lt;/tr&gt;
    &lt;/table&gt;
    
&lt;div style="background: #f8f9fa; padding: 15px; border-radius: 8px; margin-top: 10px;"&gt;
    &lt;h3 style="color: #2c5364; margin: 0 0 15px 0; font-size: 16px;"&gt;📊 Active Sensors (8)&lt;/h3&gt;
    &lt;table style="width: 100%; border-collapse: collapse;"&gt;

        &lt;tr style="background: #ffffff;"&gt;
            &lt;td style="padding: 10px; vertical-align: top;"&gt;
                &lt;div style="font-weight: bold; margin-bottom: 5px;"&gt;
                    Co2 Atmospheric &lt;span style="font-size: 14px;"&gt;→ &lt;span style="color: #666; font-size: 11px;"&gt;stable&lt;/span&gt;&lt;/span&gt;
                &lt;/div&gt;
                &lt;div style="background: #ddd; border-radius: 10px; height: 8px; overflow: hidden;"&gt;
                    &lt;div style="background: #2196f3; height: 100%; width: 100%; transition: width 0.3s;"&gt;&lt;/div&gt;
                &lt;/div&gt;
                &lt;div style="font-size: 10px; color: #999; margin-top: 3px;"&gt;7d avg: 416.25 ppm&lt;/div&gt;
            &lt;/td&gt;
            &lt;td style="padding: 10px; text-align: right; vertical-align: top;"&gt;
                &lt;span style="color: #2196f3; font-size: 18px; font-weight: bold;"&gt;400.76&lt;/span&gt;
                &lt;span style="color: #666; font-size: 12px; display: block; margin-top: 2px;"&gt;ppm&lt;/span&gt;
            &lt;/td&gt;
        &lt;/tr&gt;

        &lt;tr style="background: #f0f0f0;"&gt;
            &lt;td style="padding: 10px; vertical-align: top;"&gt;
                &lt;div style="font-weight: bold; margin-bottom: 5px;"&gt;
                    Dissolved Oxygen &lt;span style="font-size: 14px;"&gt;→ &lt;span style="color: #666; font-size: 11px;"&gt;stable&lt;/span&gt;&lt;/span&gt;
                &lt;/div&gt;
                &lt;div style="background: #ddd; border-radius: 10px; height: 8px; overflow: hidden;"&gt;
                    &lt;div style="background: #2196f3; height: 100%; width: 6.3673423404677525%; transition: width 0.3s;"&gt;&lt;/div&gt;
                &lt;/div&gt;
                &lt;div style="font-size: 10px; color: #999; margin-top: 3px;"&gt;7d avg: 6.37 mg/L&lt;/div&gt;
            &lt;/td&gt;
            &lt;td style="padding: 10px; text-align: right; vertical-align: top;"&gt;
                &lt;span style="color: #2196f3; font-size: 18px; font-weight: bold;"&gt;6.37&lt;/span&gt;
                &lt;span style="color: #666; font-size: 12px; display: block; margin-top: 2px;"&gt;mg/L&lt;/span&gt;
            &lt;/td&gt;
        &lt;/tr&gt;

        &lt;tr style="background: #ffffff;"&gt;
            &lt;td style="padding: 10px; vertical-align: top;"&gt;
                &lt;div style="font-weight: bold; margin-bottom: 5px;"&gt;
                    Salinity &lt;span style="font-size: 14px;"&gt;↗️ &lt;span style="color: #666; font-size: 11px;"&gt;+10%&lt;/span&gt;&lt;/span&gt;
                &lt;/div&gt;
                &lt;div style="background: #ddd; border-radius: 10px; height: 8px; overflow: hidden;"&gt;
                    &lt;div style="background: #2196f3; height: 100%; width: 29.66530388187441%; transition: width 0.3s;"&gt;&lt;/div&gt;
                &lt;/div&gt;
                &lt;div style="font-size: 10px; color: #999; margin-top: 3px;"&gt;7d avg: 26.98 ppt&lt;/div&gt;
            &lt;/td&gt;
            &lt;td style="padding: 10px; text-align: right; vertical-align: top;"&gt;
                &lt;span style="color: #2196f3; font-size: 18px; font-weight: bold;"&gt;29.67&lt;/span&gt;
                &lt;span style="color: #666; font-size: 12px; display: block; margin-top: 2px;"&gt;ppt&lt;/span&gt;
            &lt;/td&gt;
        &lt;/tr&gt;

        &lt;tr style="background: #f0f0f0;"&gt;
            &lt;td style="padding: 10px; vertical-align: top;"&gt;
                &lt;div style="font-weight: bold; margin-bottom: 5px;"&gt;
                    Sediment Accret &lt;span style="font-size: 14px;"&gt;↘️ &lt;span style="color: #666; font-size: 11px;"&gt;-24%&lt;/span&gt;&lt;/span&gt;
                &lt;/div&gt;
                &lt;div style="background: #ddd; border-radius: 10px; height: 8px; overflow: hidden;"&gt;
                    &lt;div style="background: #2196f3; height: 100%; width: 6.1118020404022655%; transition: width 0.3s;"&gt;&lt;/div&gt;
                &lt;/div&gt;
                &lt;div style="font-size: 10px; color: #999; margin-top: 3px;"&gt;7d avg: 8.08 mm/yr&lt;/div&gt;
            &lt;/td&gt;
            &lt;td style="padding: 10px; text-align: right; vertical-align: top;"&gt;
                &lt;span style="color: #2196f3; font-size: 18px; font-weight: bold;"&gt;6.11&lt;/span&gt;
                &lt;span style="color: #666; font-size: 12px; display: block; margin-top: 2px;"&gt;mm/yr&lt;/span&gt;
            &lt;/td&gt;
        &lt;/tr&gt;

        &lt;tr style="background: #ffffff;"&gt;
            &lt;td style="padding: 10px; vertical-align: top;"&gt;
                &lt;div style="font-weight: bold; margin-bottom: 5px;"&gt;
                    Soil Moisture &lt;span style="font-size: 14px;"&gt;↘️ &lt;span style="color: #666; font-size: 11px;"&gt;-19%&lt;/span&gt;&lt;/span&gt;
                &lt;/div&gt;
                &lt;div style="background: #ddd; border-radius: 10px; height: 8px; overflow: hidden;"&gt;
                    &lt;div style="background: #2196f3; height: 100%; width: 52.510161473783235%; transition: width 0.3s;"&gt;&lt;/div&gt;
                &lt;/div&gt;
                &lt;div style="font-size: 10px; color: #999; margin-top: 3px;"&gt;7d avg: 64.65 %&lt;/div&gt;
            &lt;/td&gt;
            &lt;td style="padding: 10px; text-align: right; vertical-align: top;"&gt;
                &lt;span style="color: #2196f3; font-size: 18px; font-weight: bold;"&gt;52.51&lt;/span&gt;
                &lt;span style="color: #666; font-size: 12px; display: block; margin-top: 2px;"&gt;%&lt;/span&gt;
            &lt;/td&gt;
        &lt;/tr&gt;

        &lt;tr style="background: #f0f0f0;"&gt;
            &lt;td style="padding: 10px; vertical-align: top;"&gt;
                &lt;div style="font-weight: bold; margin-bottom: 5px;"&gt;
                    Tide Level &lt;span style="font-size: 14px;"&gt;↘️ &lt;span style="color: #666; font-size: 11px;"&gt;-72%&lt;/span&gt;&lt;/span&gt;
                &lt;/div&gt;
                &lt;div style="background: #ddd; border-radius: 10px; height: 8px; overflow: hidden;"&gt;
                    &lt;div style="background: #2196f3; height: 100%; width: 0.4884636447152449%; transition: width 0.3s;"&gt;&lt;/div&gt;
                &lt;/div&gt;
                &lt;div style="font-size: 10px; color: #999; margin-top: 3px;"&gt;7d avg: 1.75 m&lt;/div&gt;
            &lt;/td&gt;
            &lt;td style="padding: 10px; text-align: right; vertical-align: top;"&gt;
                &lt;span style="color: #2196f3; font-size: 18px; font-weight: bold;"&gt;0.49&lt;/span&gt;
                &lt;span style="color: #666; font-size: 12px; display: block; margin-top: 2px;"&gt;m&lt;/span&gt;
            &lt;/td&gt;
        &lt;/tr&gt;

        &lt;tr style="background: #ffffff;"&gt;
            &lt;td style="padding: 10px; vertical-align: top;"&gt;
                &lt;div style="font-weight: bold; margin-bottom: 5px;"&gt;
                    Turbidity &lt;span style="font-size: 14px;"&gt;↘️ &lt;span style="color: #666; font-size: 11px;"&gt;-58%&lt;/span&gt;&lt;/span&gt;
                &lt;/div&gt;
                &lt;div style="background: #ddd; border-radius: 10px; height: 8px; overflow: hidden;"&gt;
                    &lt;div style="background: #2196f3; height: 100%; width: 9.545333786977604%; transition: width 0.3s;"&gt;&lt;/div&gt;
                &lt;/div&gt;
                &lt;div style="font-size: 10px; color: #999; margin-top: 3px;"&gt;7d avg: 22.63 NTU&lt;/div&gt;
            &lt;/td&gt;
            &lt;td style="padding: 10px; text-align: right; vertical-align: top;"&gt;
                &lt;span style="color: #2196f3; font-size: 18px; font-weight: bold;"&gt;9.55&lt;/span&gt;
                &lt;span style="color: #666; font-size: 12px; display: block; margin-top: 2px;"&gt;NTU&lt;/span&gt;
            &lt;/td&gt;
        &lt;/tr&gt;

        &lt;tr style="background: #f0f0f0;"&gt;
            &lt;td style="padding: 10px; vertical-align: top;"&gt;
                &lt;div style="font-weight: bold; margin-bottom: 5px;"&gt;
                    Water Temp &lt;span style="font-size: 14px;"&gt;→ &lt;span style="color: #666; font-size: 11px;"&gt;stable&lt;/span&gt;&lt;/span&gt;
                &lt;/div&gt;
                &lt;div style="background: #ddd; border-radius: 10px; height: 8px; overflow: hidden;"&gt;
                    &lt;div style="background: #2196f3; height: 100%; width: 28.11831941398705%; transition: width 0.3s;"&gt;&lt;/div&gt;
                &lt;/div&gt;
                &lt;div style="font-size: 10px; color: #999; margin-top: 3px;"&gt;7d avg: 28.02 °C&lt;/div&gt;
            &lt;/td&gt;
            &lt;td style="padding: 10px; text-align: right; vertical-align: top;"&gt;
                &lt;span style="color: #2196f3; font-size: 18px; font-weight: bold;"&gt;28.12&lt;/span&gt;
                &lt;span style="color: #666; font-size: 12px; display: block; margin-top: 2px;"&gt;°C&lt;/span&gt;
            &lt;/td&gt;
        &lt;/tr&gt;

    &lt;/table&gt;
&lt;/div&gt;
&lt;/div&gt;]]&gt;</description>
      <Point>
        <coordinates>101.2074,3.016517,0</coordinates>
      </Point>
    </Placemark>
    <Placemark>
      <name />
      <styleUrl>#MANGROVE_ISLET</styleUrl>
      <description>&lt;![CDATA[
&lt;div style="font-family: Arial, sans-serif; width: 350px; padding: 15px;"&gt;
    &lt;h2 style="color: #2c5364; margin: 0 0 15px 0; font-size: 20px; border-bottom: 2px solid #4fc3f7; padding-bottom: 10px;"&gt;
        ISLET_002
    &lt;/h2&gt;
    &lt;table style="width: 100%; border-collapse: collapse; margin-bottom: 15px;"&gt;
        &lt;tr style="background: #f0f0f0;"&gt;
            &lt;td style="padding: 10px; font-weight: bold; width: 40%;"&gt;Type:&lt;/td&gt;
            &lt;td style="padding: 10px;"&gt;MANGROVE_ISLET&lt;/td&gt;
        &lt;/tr&gt;
        &lt;tr&gt;
            &lt;td style="padding: 10px; font-weight: bold;"&gt;Location:&lt;/td&gt;
            &lt;td style="padding: 10px; font-size: 12px;"&gt;3.018319°N&lt;br&gt;101.207400°E&lt;/td&gt;
        &lt;/tr&gt;
    &lt;/table&gt;
    
&lt;div style="background: #f8f9fa; padding: 15px; border-radius: 8px; margin-top: 10px;"&gt;
    &lt;h3 style="color: #2c5364; margin: 0 0 15px 0; font-size: 16px;"&gt;📊 Active Sensors (8)&lt;/h3&gt;
    &lt;table style="width: 100%; border-collapse: collapse;"&gt;

        &lt;tr style="background: #ffffff;"&gt;
            &lt;td style="padding: 10px; vertical-align: top;"&gt;
                &lt;div style="font-weight: bold; margin-bottom: 5px;"&gt;
                    Co2 Atmospheric &lt;span style="font-size: 14px;"&gt;↘️ &lt;span style="color: #666; font-size: 11px;"&gt;-6%&lt;/span&gt;&lt;/span&gt;
                &lt;/div&gt;
                &lt;div style="background: #ddd; border-radius: 10px; height: 8px; overflow: hidden;"&gt;
                    &lt;div style="background: #2196f3; height: 100%; width: 100%; transition: width 0.3s;"&gt;&lt;/div&gt;
                &lt;/div&gt;
                &lt;div style="font-size: 10px; color: #999; margin-top: 3px;"&gt;7d avg: 417.68 ppm&lt;/div&gt;
            &lt;/td&gt;
            &lt;td style="padding: 10px; text-align: right; vertical-align: top;"&gt;
                &lt;span style="color: #2196f3; font-size: 18px; font-weight: bold;"&gt;392.11&lt;/span&gt;
                &lt;span style="color: #666; font-size: 12px; display: block; margin-top: 2px;"&gt;ppm&lt;/span&gt;
            &lt;/td&gt;
        &lt;/tr&gt;

        &lt;tr style="background: #f0f0f0;"&gt;
            &lt;td style="padding: 10px; vertical-align: top;"&gt;
                &lt;div style="font-weight: bold; margin-bottom: 5px;"&gt;
                    Dissolved Oxygen &lt;span style="font-size: 14px;"&gt;↘️ &lt;span style="color: #666; font-size: 11px;"&gt;-24%&lt;/span&gt;&lt;/span&gt;
                &lt;/div&gt;
                &lt;div style="background: #ddd; border-radius: 10px; height: 8px; overflow: hidden;"&gt;
                    &lt;div style="background: #2196f3; height: 100%; width: 5.157768678164664%; transition: width 0.3s;"&gt;&lt;/div&gt;
                &lt;/div&gt;
                &lt;div style="font-size: 10px; color: #999; margin-top: 3px;"&gt;7d avg: 6.80 mg/L&lt;/div&gt;
            &lt;/td&gt;
            &lt;td style="padding: 10px; text-align: right; vertical-align: top;"&gt;
                &lt;span style="color: #2196f3; font-size: 18px; font-weight: bold;"&gt;5.16&lt;/span&gt;
                &lt;span style="color: #666; font-size: 12px; display: block; margin-top: 2px;"&gt;mg/L&lt;/span&gt;
            &lt;/td&gt;
        &lt;/tr&gt;

        &lt;tr style="background: #ffffff;"&gt;
            &lt;td style="padding: 10px; vertical-align: top;"&gt;
                &lt;div style="font-weight: bold; margin-bottom: 5px;"&gt;
                    Salinity &lt;span style="font-size: 14px;"&gt;↘️ &lt;span style="color: #666; font-size: 11px;"&gt;-15%&lt;/span&gt;&lt;/span&gt;
                &lt;/div&gt;
                &lt;div style="background: #ddd; border-radius: 10px; height: 8px; overflow: hidden;"&gt;
                    &lt;div style="background: #2196f3; height: 100%; width: 21.054500096715973%; transition: width 0.3s;"&gt;&lt;/div&gt;
                &lt;/div&gt;
                &lt;div style="font-size: 10px; color: #999; margin-top: 3px;"&gt;7d avg: 24.86 ppt&lt;/div&gt;
            &lt;/td&gt;
            &lt;td style="padding: 10px; text-align: right; vertical-align: top;"&gt;
                &lt;span style="color: #2196f3; font-size: 18px; font-weight: bold;"&gt;21.05&lt;/span&gt;
                &lt;span style="color: #666; font-size: 12px; display: block; margin-top: 2px;"&gt;ppt&lt;/span&gt;
            &lt;/td&gt;
        &lt;/tr&gt;

        &lt;tr style="background: #f0f0f0;"&gt;
            &lt;td style="padding: 10px; vertical-align: top;"&gt;
                &lt;div style="font-weight: bold; margin-bottom: 5px;"&gt;
                    Sediment Accret &lt;span style="font-size: 14px;"&gt;↘️ &lt;span style="color: #666; font-size: 11px;"&gt;-11%&lt;/span&gt;&lt;/span&gt;
                &lt;/div&gt;
                &lt;div style="background: #ddd; border-radius: 10px; height: 8px; overflow: hidden;"&gt;
                    &lt;div style="background: #2196f3; height: 100%; width: 6.4043374109165825%; transition: width 0.3s;"&gt;&lt;/div&gt;
                &lt;/div&gt;
                &lt;div style="font-size: 10px; color: #999; margin-top: 3px;"&gt;7d avg: 7.16 mm/yr&lt;/div&gt;
            &lt;/td&gt;
            &lt;td style="padding: 10px; text-align: right; vertical-align: top;"&gt;
                &lt;span style="color: #2196f3; font-size: 18px; font-weight: bold;"&gt;6.40&lt;/span&gt;
                &lt;span style="color: #666; font-size: 12px; display: block; margin-top: 2px;"&gt;mm/yr&lt;/span&gt;
            &lt;/td&gt;
        &lt;/tr&gt;

        &lt;tr style="background: #ffffff;"&gt;
            &lt;td style="padding: 10px; vertical-align: top;"&gt;
                &lt;div style="font-weight: bold; margin-bottom: 5px;"&gt;
                    Soil Moisture &lt;span style="font-size: 14px;"&gt;↘️ &lt;span style="color: #666; font-size: 11px;"&gt;-9%&lt;/span&gt;&lt;/span&gt;
                &lt;/div&gt;
                &lt;div style="background: #ddd; border-radius: 10px; height: 8px; overflow: hidden;"&gt;
                    &lt;div style="background: #2196f3; height: 100%; width: 61.49445121641048%; transition: width 0.3s;"&gt;&lt;/div&gt;
                &lt;/div&gt;
                &lt;div style="font-size: 10px; color: #999; margin-top: 3px;"&gt;7d avg: 67.51 %&lt;/div&gt;
            &lt;/td&gt;
            &lt;td style="padding: 10px; text-align: right; vertical-align: top;"&gt;
                &lt;span style="color: #2196f3; font-size: 18px; font-weight: bold;"&gt;61.49&lt;/span&gt;
                &lt;span style="color: #666; font-size: 12px; display: block; margin-top: 2px;"&gt;%&lt;/span&gt;
            &lt;/td&gt;
        &lt;/tr&gt;

        &lt;tr style="background: #f0f0f0;"&gt;
            &lt;td style="padding: 10px; vertical-align: top;"&gt;
                &lt;div style="font-weight: bold; margin-bottom: 5px;"&gt;
                    Tide Level &lt;span style="font-size: 14px;"&gt;↘️ &lt;span style="color: #666; font-size: 11px;"&gt;-27%&lt;/span&gt;&lt;/span&gt;
                &lt;/div&gt;
                &lt;div style="background: #ddd; border-radius: 10px; height: 8px; overflow: hidden;"&gt;
                    &lt;div style="background: #2196f3; height: 100%; width: 1.1168018173084775%; transition: width 0.3s;"&gt;&lt;/div&gt;
                &lt;/div&gt;
                &lt;div style="font-size: 10px; color: #999; margin-top: 3px;"&gt;7d avg: 1.53 m&lt;/div&gt;
            &lt;/td&gt;
            &lt;td style="padding: 10px; text-align: right; vertical-align: top;"&gt;
                &lt;span style="color: #2196f3; font-size: 18px; font-weight: bold;"&gt;1.12&lt;/span&gt;
                &lt;span style="color: #666; font-size: 12px; display: block; margin-top: 2px;"&gt;m&lt;/span&gt;
            &lt;/td&gt;
        &lt;/tr&gt;

        &lt;tr style="background: #ffffff;"&gt;
            &lt;td style="padding: 10px; vertical-align: top;"&gt;
                &lt;div style="font-weight: bold; margin-bottom: 5px;"&gt;
                    Turbidity &lt;span style="font-size: 14px;"&gt;↗️ &lt;span style="color: #666; font-size: 11px;"&gt;+70%&lt;/span&gt;&lt;/span&gt;
                &lt;/div&gt;
                &lt;div style="background: #ddd; border-radius: 10px; height: 8px; overflow: hidden;"&gt;
                    &lt;div style="background: #2196f3; height: 100%; width: 37.51560007735388%; transition: width 0.3s;"&gt;&lt;/div&gt;
                &lt;/div&gt;
                &lt;div style="font-size: 10px; color: #999; margin-top: 3px;"&gt;7d avg: 22.13 NTU&lt;/div&gt;
            &lt;/td&gt;
            &lt;td style="padding: 10px; text-align: right; vertical-align: top;"&gt;
                &lt;span style="color: #2196f3; font-size: 18px; font-weight: bold;"&gt;37.52&lt;/span&gt;
                &lt;span style="color: #666; font-size: 12px; display: block; margin-top: 2px;"&gt;NTU&lt;/span&gt;
            &lt;/td&gt;
        &lt;/tr&gt;

        &lt;tr style="background: #f0f0f0;"&gt;
            &lt;td style="padding: 10px; vertical-align: top;"&gt;
                &lt;div style="font-weight: bold; margin-bottom: 5px;"&gt;
                    Water Temp &lt;span style="font-size: 14px;"&gt;→ &lt;span style="color: #666; font-size: 11px;"&gt;stable&lt;/span&gt;&lt;/span&gt;
                &lt;/div&gt;
                &lt;div style="background: #ddd; border-radius: 10px; height: 8px; overflow: hidden;"&gt;
                    &lt;div style="background: #2196f3; height: 100%; width: 28.1944160550701%; transition: width 0.3s;"&gt;&lt;/div&gt;
                &lt;/div&gt;
                &lt;div style="font-size: 10px; color: #999; margin-top: 3px;"&gt;7d avg: 27.63 °C&lt;/div&gt;
            &lt;/td&gt;
            &lt;td style="padding: 10px; text-align: right; vertical-align: top;"&gt;
                &lt;span style="color: #2196f3; font-size: 18px; font-weight: bold;"&gt;28.19&lt;/span&gt;
                &lt;span style="color: #666; font-size: 12px; display: block; margin-top: 2px;"&gt;°C&lt;/span&gt;
            &lt;/td&gt;
        &lt;/tr&gt;

    &lt;/table&gt;
&lt;/div&gt;
&lt;/div&gt;]]&gt;</description>
      <Point>
        <coordinates>101.2074,3.018319,0</coordinates>
      </Point>
    </Placemark>
    <Placemark>
      <name />
      <styleUrl>#MANGROVE_ISLET</styleUrl>
      <description>&lt;![CDATA[
&lt;div style="font-family: Arial, sans-serif; width: 350px; padding: 15px;"&gt;
    &lt;h2 style="color: #2c5364; margin: 0 0 15px 0; font-size: 20px; border-bottom: 2px solid #4fc3f7; padding-bottom: 10px;"&gt;
        ISLET_003
    &lt;/h2&gt;
    &lt;table style="width: 100%; border-collapse: collapse; margin-bottom: 15px;"&gt;
        &lt;tr style="background: #f0f0f0;"&gt;
            &lt;td style="padding: 10px; font-weight: bold; width: 40%;"&gt;Type:&lt;/td&gt;
            &lt;td style="padding: 10px;"&gt;MANGROVE_ISLET&lt;/td&gt;
        &lt;/tr&gt;
        &lt;tr&gt;
            &lt;td style="padding: 10px; font-weight: bold;"&gt;Location:&lt;/td&gt;
            &lt;td style="padding: 10px; font-size: 12px;"&gt;3.020121°N&lt;br&gt;101.207400°E&lt;/td&gt;
        &lt;/tr&gt;
    &lt;/table&gt;
    
&lt;div style="background: #f8f9fa; padding: 15px; border-radius: 8px; margin-top: 10px;"&gt;
    &lt;h3 style="color: #2c5364; margin: 0 0 15px 0; font-size: 16px;"&gt;📊 Active Sensors (8)&lt;/h3&gt;
    &lt;table style="width: 100%; border-collapse: collapse;"&gt;

        &lt;tr style="background: #ffffff;"&gt;
            &lt;td style="padding: 10px; vertical-align: top;"&gt;
                &lt;div style="font-weight: bold; margin-bottom: 5px;"&gt;
                    Co2 Atmospheric &lt;span style="font-size: 14px;"&gt;→ &lt;span style="color: #666; font-size: 11px;"&gt;stable&lt;/span&gt;&lt;/span&gt;
                &lt;/div&gt;
                &lt;div style="background: #ddd; border-radius: 10px; height: 8px; overflow: hidden;"&gt;
                    &lt;div style="background: #2196f3; height: 100%; width: 100%; transition: width 0.3s;"&gt;&lt;/div&gt;
                &lt;/div&gt;
                &lt;div style="font-size: 10px; color: #999; margin-top: 3px;"&gt;7d avg: 407.09 ppm&lt;/div&gt;
            &lt;/td&gt;
            &lt;td style="padding: 10px; text-align: right; vertical-align: top;"&gt;
                &lt;span style="color: #2196f3; font-size: 18px; font-weight: bold;"&gt;406.52&lt;/span&gt;
                &lt;span style="color: #666; font-size: 12px; display: block; margin-top: 2px;"&gt;ppm&lt;/span&gt;
            &lt;/td&gt;
        &lt;/tr&gt;

        &lt;tr style="background: #f0f0f0;"&gt;
            &lt;td style="padding: 10px; vertical-align: top;"&gt;
                &lt;div style="font-weight: bold; margin-bottom: 5px;"&gt;
                    Dissolved Oxygen &lt;span style="font-size: 14px;"&gt;↘️ &lt;span style="color: #666; font-size: 11px;"&gt;-15%&lt;/span&gt;&lt;/span&gt;
                &lt;/div&gt;
                &lt;div style="background: #ddd; border-radius: 10px; height: 8px; overflow: hidden;"&gt;
                    &lt;div style="background: #2196f3; height: 100%; width: 5.388039723087283%; transition: width 0.3s;"&gt;&lt;/div&gt;
                &lt;/div&gt;
                &lt;div style="font-size: 10px; color: #999; margin-top: 3px;"&gt;7d avg: 6.33 mg/L&lt;/div&gt;
            &lt;/td&gt;
            &lt;td style="padding: 10px; text-align: right; vertical-align: top;"&gt;
                &lt;span style="color: #2196f3; font-size: 18px; font-weight: bold;"&gt;5.39&lt;/span&gt;
                &lt;span style="color: #666; font-size: 12px; display: block; margin-top: 2px;"&gt;mg/L&lt;/span&gt;
            &lt;/td&gt;
        &lt;/tr&gt;

        &lt;tr style="background: #ffffff;"&gt;
            &lt;td style="padding: 10px; vertical-align: top;"&gt;
                &lt;div style="font-weight: bold; margin-bottom: 5px;"&gt;
                    Salinity &lt;span style="font-size: 14px;"&gt;↗️ &lt;span style="color: #666; font-size: 11px;"&gt;+16%&lt;/span&gt;&lt;/span&gt;
                &lt;/div&gt;
                &lt;div style="background: #ddd; border-radius: 10px; height: 8px; overflow: hidden;"&gt;
                    &lt;div style="background: #2196f3; height: 100%; width: 30.145307913282625%; transition: width 0.3s;"&gt;&lt;/div&gt;
                &lt;/div&gt;
                &lt;div style="font-size: 10px; color: #999; margin-top: 3px;"&gt;7d avg: 26.04 ppt&lt;/div&gt;
            &lt;/td&gt;
            &lt;td style="padding: 10px; text-align: right; vertical-align: top;"&gt;
                &lt;span style="color: #2196f3; font-size: 18px; font-weight: bold;"&gt;30.15&lt;/span&gt;
                &lt;span style="color: #666; font-size: 12px; display: block; margin-top: 2px;"&gt;ppt&lt;/span&gt;
            &lt;/td&gt;
        &lt;/tr&gt;

        &lt;tr style="background: #f0f0f0;"&gt;
            &lt;td style="padding: 10px; vertical-align: top;"&gt;
                &lt;div style="font-weight: bold; margin-bottom: 5px;"&gt;
                    Sediment Accret &lt;span style="font-size: 14px;"&gt;→ &lt;span style="color: #666; font-size: 11px;"&gt;stable&lt;/span&gt;&lt;/span&gt;
                &lt;/div&gt;
                &lt;div style="background: #ddd; border-radius: 10px; height: 8px; overflow: hidden;"&gt;
                    &lt;div style="background: #2196f3; height: 100%; width: 9.126374833620995%; transition: width 0.3s;"&gt;&lt;/div&gt;
                &lt;/div&gt;
                &lt;div style="font-size: 10px; color: #999; margin-top: 3px;"&gt;7d avg: 9.12 mm/yr&lt;/div&gt;
            &lt;/td&gt;
            &lt;td style="padding: 10px; text-align: right; vertical-align: top;"&gt;
                &lt;span style="color: #2196f3; font-size: 18px; font-weight: bold;"&gt;9.13&lt;/span&gt;
                &lt;span style="color: #666; font-size: 12px; display: block; margin-top: 2px;"&gt;mm/yr&lt;/span&gt;
            &lt;/td&gt;
        &lt;/tr&gt;

        &lt;tr style="background: #ffffff;"&gt;
            &lt;td style="padding: 10px; vertical-align: top;"&gt;
                &lt;div style="font-weight: bold; margin-bottom: 5px;"&gt;
                    Soil Moisture &lt;span style="font-size: 14px;"&gt;→ &lt;span style="color: #666; font-size: 11px;"&gt;stable&lt;/span&gt;&lt;/span&gt;
                &lt;/div&gt;
                &lt;div style="background: #ddd; border-radius: 10px; height: 8px; overflow: hidden;"&gt;
                    &lt;div style="background: #2196f3; height: 100%; width: 59.34741121151228%; transition: width 0.3s;"&gt;&lt;/div&gt;
                &lt;/div&gt;
                &lt;div style="font-size: 10px; color: #999; margin-top: 3px;"&gt;7d avg: 60.80 %&lt;/div&gt;
            &lt;/td&gt;
            &lt;td style="padding: 10px; text-align: right; vertical-align: top;"&gt;
                &lt;span style="color: #2196f3; font-size: 18px; font-weight: bold;"&gt;59.35&lt;/span&gt;
                &lt;span style="color: #666; font-size: 12px; display: block; margin-top: 2px;"&gt;%&lt;/span&gt;
            &lt;/td&gt;
        &lt;/tr&gt;

        &lt;tr style="background: #f0f0f0;"&gt;
            &lt;td style="padding: 10px; vertical-align: top;"&gt;
                &lt;div style="font-weight: bold; margin-bottom: 5px;"&gt;
                    Tide Level &lt;span style="font-size: 14px;"&gt;↘️ &lt;span style="color: #666; font-size: 11px;"&gt;-19%&lt;/span&gt;&lt;/span&gt;
                &lt;/div&gt;
                &lt;div style="background: #ddd; border-radius: 10px; height: 8px; overflow: hidden;"&gt;
                    &lt;div style="background: #2196f3; height: 100%; width: 1.4197423555065087%; transition: width 0.3s;"&gt;&lt;/div&gt;
                &lt;/div&gt;
                &lt;div style="font-size: 10px; color: #999; margin-top: 3px;"&gt;7d avg: 1.76 m&lt;/div&gt;
            &lt;/td&gt;
            &lt;td style="padding: 10px; text-align: right; vertical-align: top;"&gt;
                &lt;span style="color: #2196f3; font-size: 18px; font-weight: bold;"&gt;1.42&lt;/span&gt;
                &lt;span style="color: #666; font-size: 12px; display: block; margin-top: 2px;"&gt;m&lt;/span&gt;
            &lt;/td&gt;
        &lt;/tr&gt;

        &lt;tr style="background: #ffffff;"&gt;
            &lt;td style="padding: 10px; vertical-align: top;"&gt;
                &lt;div style="font-weight: bold; margin-bottom: 5px;"&gt;
                    Turbidity &lt;span style="font-size: 14px;"&gt;→ &lt;span style="color: #666; font-size: 11px;"&gt;stable&lt;/span&gt;&lt;/span&gt;
                &lt;/div&gt;
                &lt;div style="background: #ddd; border-radius: 10px; height: 8px; overflow: hidden;"&gt;
                    &lt;div style="background: #2196f3; height: 100%; width: 19.62874225198243%; transition: width 0.3s;"&gt;&lt;/div&gt;
                &lt;/div&gt;
                &lt;div style="font-size: 10px; color: #999; margin-top: 3px;"&gt;7d avg: 20.21 NTU&lt;/div&gt;
            &lt;/td&gt;
            &lt;td style="padding: 10px; text-align: right; vertical-align: top;"&gt;
                &lt;span style="color: #2196f3; font-size: 18px; font-weight: bold;"&gt;19.63&lt;/span&gt;
                &lt;span style="color: #666; font-size: 12px; display: block; margin-top: 2px;"&gt;NTU&lt;/span&gt;
            &lt;/td&gt;
        &lt;/tr&gt;

        &lt;tr style="background: #f0f0f0;"&gt;
            &lt;td style="padding: 10px; vertical-align: top;"&gt;
                &lt;div style="font-weight: bold; margin-bottom: 5px;"&gt;
                    Water Temp &lt;span style="font-size: 14px;"&gt;→ &lt;span style="color: #666; font-size: 11px;"&gt;stable&lt;/span&gt;&lt;/span&gt;
                &lt;/div&gt;
                &lt;div style="background: #ddd; border-radius: 10px; height: 8px; overflow: hidden;"&gt;
                    &lt;div style="background: #2196f3; height: 100%; width: 27.957207452950538%; transition: width 0.3s;"&gt;&lt;/div&gt;
                &lt;/div&gt;
                &lt;div style="font-size: 10px; color: #999; margin-top: 3px;"&gt;7d avg: 27.94 °C&lt;/div&gt;
            &lt;/td&gt;
            &lt;td style="padding: 10px; text-align: right; vertical-align: top;"&gt;
                &lt;span style="color: #2196f3; font-size: 18px; font-weight: bold;"&gt;27.96&lt;/span&gt;
                &lt;span style="color: #666; font-size: 12px; display: block; margin-top: 2px;"&gt;°C&lt;/span&gt;
            &lt;/td&gt;
        &lt;/tr&gt;

    &lt;/table&gt;
&lt;/div&gt;
&lt;/div&gt;]]&gt;</description>
      <Point>
        <coordinates>101.2074,3.020121,0</coordinates>
      </Point>
    </Placemark>
    <Placemark>
      <name />
      <styleUrl>#MANGROVE_ISLET</styleUrl>
      <description>&lt;![CDATA[
&lt;div style="font-family: Arial, sans-serif; width: 350px; padding: 15px;"&gt;
    &lt;h2 style="color: #2c5364; margin: 0 0 15px 0; font-size: 20px; border-bottom: 2px solid #4fc3f7; padding-bottom: 10px;"&gt;
        ISLET_004
    &lt;/h2&gt;
    &lt;table style="width: 100%; border-collapse: collapse; margin-bottom: 15px;"&gt;
        &lt;tr style="background: #f0f0f0;"&gt;
            &lt;td style="padding: 10px; font-weight: bold; width: 40%;"&gt;Type:&lt;/td&gt;
            &lt;td style="padding: 10px;"&gt;MANGROVE_ISLET&lt;/td&gt;
        &lt;/tr&gt;
        &lt;tr&gt;
            &lt;td style="padding: 10px; font-weight: bold;"&gt;Location:&lt;/td&gt;
            &lt;td style="padding: 10px; font-size: 12px;"&gt;3.021922°N&lt;br&gt;101.207400°E&lt;/td&gt;
        &lt;/tr&gt;
    &lt;/table&gt;
    
&lt;div style="background: #f8f9fa; padding: 15px; border-radius: 8px; margin-top: 10px;"&gt;
    &lt;h3 style="color: #2c5364; margin: 0 0 15px 0; font-size: 16px;"&gt;📊 Active Sensors (8)&lt;/h3&gt;
    &lt;table style="width: 100%; border-collapse: collapse;"&gt;

        &lt;tr style="background: #ffffff;"&gt;
            &lt;td style="padding: 10px; vertical-align: top;"&gt;
                &lt;div style="font-weight: bold; margin-bottom: 5px;"&gt;
                    Co2 Atmospheric &lt;span style="font-size: 14px;"&gt;→ &lt;span style="color: #666; font-size: 11px;"&gt;stable&lt;/span&gt;&lt;/span&gt;
                &lt;/div&gt;
                &lt;div style="background: #ddd; border-radius: 10px; height: 8px; overflow: hidden;"&gt;
                    &lt;div style="background: #2196f3; height: 100%; width: 100%; transition: width 0.3s;"&gt;&lt;/div&gt;
                &lt;/div&gt;
                &lt;div style="font-size: 10px; color: #999; margin-top: 3px;"&gt;7d avg: 412.94 ppm&lt;/div&gt;
            &lt;/td&gt;
            &lt;td style="padding: 10px; text-align: right; vertical-align: top;"&gt;
                &lt;span style="color: #2196f3; font-size: 18px; font-weight: bold;"&gt;429.15&lt;/span&gt;
                &lt;span style="color: #666; font-size: 12px; display: block; margin-top: 2px;"&gt;ppm&lt;/span&gt;
            &lt;/td&gt;
        &lt;/tr&gt;

        &lt;tr style="background: #f0f0f0;"&gt;
            &lt;td style="padding: 10px; vertical-align: top;"&gt;
                &lt;div style="font-weight: bold; margin-bottom: 5px;"&gt;
                    Dissolved Oxygen &lt;span style="font-size: 14px;"&gt;→ &lt;span style="color: #666; font-size: 11px;"&gt;stable&lt;/span&gt;&lt;/span&gt;
                &lt;/div&gt;
                &lt;div style="background: #ddd; border-radius: 10px; height: 8px; overflow: hidden;"&gt;
                    &lt;div style="background: #2196f3; height: 100%; width: 6.356908738978002%; transition: width 0.3s;"&gt;&lt;/div&gt;
                &lt;/div&gt;
                &lt;div style="font-size: 10px; color: #999; margin-top: 3px;"&gt;7d avg: 6.67 mg/L&lt;/div&gt;
            &lt;/td&gt;
            &lt;td style="padding: 10px; text-align: right; vertical-align: top;"&gt;
                &lt;span style="color: #2196f3; font-size: 18px; font-weight: bold;"&gt;6.36&lt;/span&gt;
                &lt;span style="color: #666; font-size: 12px; display: block; margin-top: 2px;"&gt;mg/L&lt;/span&gt;
            &lt;/td&gt;
        &lt;/tr&gt;

        &lt;tr style="background: #ffffff;"&gt;
            &lt;td style="padding: 10px; vertical-align: top;"&gt;
                &lt;div style="font-weight: bold; margin-bottom: 5px;"&gt;
                    Salinity &lt;span style="font-size: 14px;"&gt;↗️ &lt;span style="color: #666; font-size: 11px;"&gt;+14%&lt;/span&gt;&lt;/span&gt;
                &lt;/div&gt;
                &lt;div style="background: #ddd; border-radius: 10px; height: 8px; overflow: hidden;"&gt;
                    &lt;div style="background: #2196f3; height: 100%; width: 28.750166441665232%; transition: width 0.3s;"&gt;&lt;/div&gt;
                &lt;/div&gt;
                &lt;div style="font-size: 10px; color: #999; margin-top: 3px;"&gt;7d avg: 25.22 ppt&lt;/div&gt;
            &lt;/td&gt;
            &lt;td style="padding: 10px; text-align: right; vertical-align: top;"&gt;
                &lt;span style="color: #2196f3; font-size: 18px; font-weight: bold;"&gt;28.75&lt;/span&gt;
                &lt;span style="color: #666; font-size: 12px; display: block; margin-top: 2px;"&gt;ppt&lt;/span&gt;
            &lt;/td&gt;
        &lt;/tr&gt;

        &lt;tr style="background: #f0f0f0;"&gt;
            &lt;td style="padding: 10px; vertical-align: top;"&gt;
                &lt;div style="font-weight: bold; margin-bottom: 5px;"&gt;
                    Sediment Accret &lt;span style="font-size: 14px;"&gt;→ &lt;span style="color: #666; font-size: 11px;"&gt;stable&lt;/span&gt;&lt;/span&gt;
                &lt;/div&gt;
                &lt;div style="background: #ddd; border-radius: 10px; height: 8px; overflow: hidden;"&gt;
                    &lt;div style="background: #2196f3; height: 100%; width: 9.796835541667384%; transition: width 0.3s;"&gt;&lt;/div&gt;
                &lt;/div&gt;
                &lt;div style="font-size: 10px; color: #999; margin-top: 3px;"&gt;7d avg: 9.50 mm/yr&lt;/div&gt;
            &lt;/td&gt;
            &lt;td style="padding: 10px; text-align: right; vertical-align: top;"&gt;
                &lt;span style="color: #2196f3; font-size: 18px; font-weight: bold;"&gt;9.80&lt;/span&gt;
                &lt;span style="color: #666; font-size: 12px; display: block; margin-top: 2px;"&gt;mm/yr&lt;/span&gt;
            &lt;/td&gt;
        &lt;/tr&gt;

        &lt;tr style="background: #ffffff;"&gt;
            &lt;td style="padding: 10px; vertical-align: top;"&gt;
                &lt;div style="font-weight: bold; margin-bottom: 5px;"&gt;
                    Soil Moisture &lt;span style="font-size: 14px;"&gt;→ &lt;span style="color: #666; font-size: 11px;"&gt;stable&lt;/span&gt;&lt;/span&gt;
                &lt;/div&gt;
                &lt;div style="background: #ddd; border-radius: 10px; height: 8px; overflow: hidden;"&gt;
                    &lt;div style="background: #2196f3; height: 100%; width: 77.02628173639184%; transition: width 0.3s;"&gt;&lt;/div&gt;
                &lt;/div&gt;
                &lt;div style="font-size: 10px; color: #999; margin-top: 3px;"&gt;7d avg: 73.77 %&lt;/div&gt;
            &lt;/td&gt;
            &lt;td style="padding: 10px; text-align: right; vertical-align: top;"&gt;
                &lt;span style="color: #2196f3; font-size: 18px; font-weight: bold;"&gt;77.03&lt;/span&gt;
                &lt;span style="color: #666; font-size: 12px; display: block; margin-top: 2px;"&gt;%&lt;/span&gt;
            &lt;/td&gt;
        &lt;/tr&gt;

        &lt;tr style="background: #f0f0f0;"&gt;
            &lt;td style="padding: 10px; vertical-align: top;"&gt;
                &lt;div style="font-weight: bold; margin-bottom: 5px;"&gt;
                    Tide Level &lt;span style="font-size: 14px;"&gt;↘️ &lt;span style="color: #666; font-size: 11px;"&gt;-35%&lt;/span&gt;&lt;/span&gt;
                &lt;/div&gt;
                &lt;div style="background: #ddd; border-radius: 10px; height: 8px; overflow: hidden;"&gt;
                    &lt;div style="background: #2196f3; height: 100%; width: 0.9973906309421019%; transition: width 0.3s;"&gt;&lt;/div&gt;
                &lt;/div&gt;
                &lt;div style="font-size: 10px; color: #999; margin-top: 3px;"&gt;7d avg: 1.54 m&lt;/div&gt;
            &lt;/td&gt;
            &lt;td style="padding: 10px; text-align: right; vertical-align: top;"&gt;
                &lt;span style="color: #2196f3; font-size: 18px; font-weight: bold;"&gt;1.00&lt;/span&gt;
                &lt;span style="color: #666; font-size: 12px; display: block; margin-top: 2px;"&gt;m&lt;/span&gt;
            &lt;/td&gt;
        &lt;/tr&gt;

        &lt;tr style="background: #ffffff;"&gt;
            &lt;td style="padding: 10px; vertical-align: top;"&gt;
                &lt;div style="font-weight: bold; margin-bottom: 5px;"&gt;
                    Turbidity &lt;span style="font-size: 14px;"&gt;↗️ &lt;span style="color: #666; font-size: 11px;"&gt;+27%&lt;/span&gt;&lt;/span&gt;
                &lt;/div&gt;
                &lt;div style="background: #ddd; border-radius: 10px; height: 8px; overflow: hidden;"&gt;
                    &lt;div style="background: #2196f3; height: 100%; width: 30.48049191392578%; transition: width 0.3s;"&gt;&lt;/div&gt;
                &lt;/div&gt;
                &lt;div style="font-size: 10px; color: #999; margin-top: 3px;"&gt;7d avg: 24.01 NTU&lt;/div&gt;
            &lt;/td&gt;
            &lt;td style="padding: 10px; text-align: right; vertical-align: top;"&gt;
                &lt;span style="color: #2196f3; font-size: 18px; font-weight: bold;"&gt;30.48&lt;/span&gt;
                &lt;span style="color: #666; font-size: 12px; display: block; margin-top: 2px;"&gt;NTU&lt;/span&gt;
            &lt;/td&gt;
        &lt;/tr&gt;

        &lt;tr style="background: #f0f0f0;"&gt;
            &lt;td style="padding: 10px; vertical-align: top;"&gt;
                &lt;div style="font-weight: bold; margin-bottom: 5px;"&gt;
                    Water Temp &lt;span style="font-size: 14px;"&gt;→ &lt;span style="color: #666; font-size: 11px;"&gt;stable&lt;/span&gt;&lt;/span&gt;
                &lt;/div&gt;
                &lt;div style="background: #ddd; border-radius: 10px; height: 8px; overflow: hidden;"&gt;
                    &lt;div style="background: #2196f3; height: 100%; width: 27.14964382141533%; transition: width 0.3s;"&gt;&lt;/div&gt;
                &lt;/div&gt;
                &lt;div style="font-size: 10px; color: #999; margin-top: 3px;"&gt;7d avg: 27.74 °C&lt;/div&gt;
            &lt;/td&gt;
            &lt;td style="padding: 10px; text-align: right; vertical-align: top;"&gt;
                &lt;span style="color: #2196f3; font-size: 18px; font-weight: bold;"&gt;27.15&lt;/span&gt;
                &lt;span style="color: #666; font-size: 12px; display: block; margin-top: 2px;"&gt;°C&lt;/span&gt;
            &lt;/td&gt;
        &lt;/tr&gt;

    &lt;/table&gt;
&lt;/div&gt;
&lt;/div&gt;]]&gt;</description>
      <Point>
        <coordinates>101.2074,3.021922,0</coordinates>
      </Point>
    </Placemark>
    <Placemark>
      <name />
      <styleUrl>#MANGROVE_ISLET</styleUrl>
      <description>&lt;![CDATA[
&lt;div style="font-family: Arial, sans-serif; width: 350px; padding: 15px;"&gt;
    &lt;h2 style="color: #2c5364; margin: 0 0 15px 0; font-size: 20px; border-bottom: 2px solid #4fc3f7; padding-bottom: 10px;"&gt;
        ISLET_005
    &lt;/h2&gt;
    &lt;table style="width: 100%; border-collapse: collapse; margin-bottom: 15px;"&gt;
        &lt;tr style="background: #f0f0f0;"&gt;
            &lt;td style="padding: 10px; font-weight: bold; width: 40%;"&gt;Type:&lt;/td&gt;
            &lt;td style="padding: 10px;"&gt;MANGROVE_ISLET&lt;/td&gt;
        &lt;/tr&gt;
        &lt;tr&gt;
            &lt;td style="padding: 10px; font-weight: bold;"&gt;Location:&lt;/td&gt;
            &lt;td style="padding: 10px; font-size: 12px;"&gt;3.068971°N&lt;br&gt;101.292544°E&lt;/td&gt;
        &lt;/tr&gt;
    &lt;/table&gt;
    
&lt;div style="background: #f8f9fa; padding: 15px; border-radius: 8px; margin-top: 10px;"&gt;
    &lt;h3 style="color: #2c5364; margin: 0 0 15px 0; font-size: 16px;"&gt;📊 Active Sensors (8)&lt;/h3&gt;
    &lt;table style="width: 100%; border-collapse: collapse;"&gt;

        &lt;tr style="background: #ffffff;"&gt;
            &lt;td style="padding: 10px; vertical-align: top;"&gt;
                &lt;div style="font-weight: bold; margin-bottom: 5px;"&gt;
                    Co2 Atmospheric &lt;span style="font-size: 14px;"&gt;→ &lt;span style="color: #666; font-size: 11px;"&gt;stable&lt;/span&gt;&lt;/span&gt;
                &lt;/div&gt;
                &lt;div style="background: #ddd; border-radius: 10px; height: 8px; overflow: hidden;"&gt;
                    &lt;div style="background: #2196f3; height: 100%; width: 100%; transition: width 0.3s;"&gt;&lt;/div&gt;
                &lt;/div&gt;
                &lt;div style="font-size: 10px; color: #999; margin-top: 3px;"&gt;7d avg: 408.26 ppm&lt;/div&gt;
            &lt;/td&gt;
            &lt;td style="padding: 10px; text-align: right; vertical-align: top;"&gt;
                &lt;span style="color: #2196f3; font-size: 18px; font-weight: bold;"&gt;415.92&lt;/span&gt;
                &lt;span style="color: #666; font-size: 12px; display: block; margin-top: 2px;"&gt;ppm&lt;/span&gt;
            &lt;/td&gt;
        &lt;/tr&gt;

        &lt;tr style="background: #f0f0f0;"&gt;
            &lt;td style="padding: 10px; vertical-align: top;"&gt;
                &lt;div style="font-weight: bold; margin-bottom: 5px;"&gt;
                    Dissolved Oxygen &lt;span style="font-size: 14px;"&gt;↘️ &lt;span style="color: #666; font-size: 11px;"&gt;-12%&lt;/span&gt;&lt;/span&gt;
                &lt;/div&gt;
                &lt;div style="background: #ddd; border-radius: 10px; height: 8px; overflow: hidden;"&gt;
                    &lt;div style="background: #2196f3; height: 100%; width: 5.330574880903352%; transition: width 0.3s;"&gt;&lt;/div&gt;
                &lt;/div&gt;
                &lt;div style="font-size: 10px; color: #999; margin-top: 3px;"&gt;7d avg: 6.08 mg/L&lt;/div&gt;
            &lt;/td&gt;
            &lt;td style="padding: 10px; text-align: right; vertical-align: top;"&gt;
                &lt;span style="color: #2196f3; font-size: 18px; font-weight: bold;"&gt;5.33&lt;/span&gt;
                &lt;span style="color: #666; font-size: 12px; display: block; margin-top: 2px;"&gt;mg/L&lt;/span&gt;
            &lt;/td&gt;
        &lt;/tr&gt;

        &lt;tr style="background: #ffffff;"&gt;
            &lt;td style="padding: 10px; vertical-align: top;"&gt;
                &lt;div style="font-weight: bold; margin-bottom: 5px;"&gt;
                    Salinity &lt;span style="font-size: 14px;"&gt;→ &lt;span style="color: #666; font-size: 11px;"&gt;stable&lt;/span&gt;&lt;/span&gt;
                &lt;/div&gt;
                &lt;div style="background: #ddd; border-radius: 10px; height: 8px; overflow: hidden;"&gt;
                    &lt;div style="background: #2196f3; height: 100%; width: 25.348343422222076%; transition: width 0.3s;"&gt;&lt;/div&gt;
                &lt;/div&gt;
                &lt;div style="font-size: 10px; color: #999; margin-top: 3px;"&gt;7d avg: 25.93 ppt&lt;/div&gt;
            &lt;/td&gt;
            &lt;td style="padding: 10px; text-align: right; vertical-align: top;"&gt;
                &lt;span style="color: #2196f3; font-size: 18px; font-weight: bold;"&gt;25.35&lt;/span&gt;
                &lt;span style="color: #666; font-size: 12px; display: block; margin-top: 2px;"&gt;ppt&lt;/span&gt;
            &lt;/td&gt;
        &lt;/tr&gt;

        &lt;tr style="background: #f0f0f0;"&gt;
            &lt;td style="padding: 10px; vertical-align: top;"&gt;
                &lt;div style="font-weight: bold; margin-bottom: 5px;"&gt;
                    Sediment Accret &lt;span style="font-size: 14px;"&gt;→ &lt;span style="color: #666; font-size: 11px;"&gt;stable&lt;/span&gt;&lt;/span&gt;
                &lt;/div&gt;
                &lt;div style="background: #ddd; border-radius: 10px; height: 8px; overflow: hidden;"&gt;
                    &lt;div style="background: #2196f3; height: 100%; width: 7.776414097497067%; transition: width 0.3s;"&gt;&lt;/div&gt;
                &lt;/div&gt;
                &lt;div style="font-size: 10px; color: #999; margin-top: 3px;"&gt;7d avg: 7.48 mm/yr&lt;/div&gt;
            &lt;/td&gt;
            &lt;td style="padding: 10px; text-align: right; vertical-align: top;"&gt;
                &lt;span style="color: #2196f3; font-size: 18px; font-weight: bold;"&gt;7.78&lt;/span&gt;
                &lt;span style="color: #666; font-size: 12px; display: block; margin-top: 2px;"&gt;mm/yr&lt;/span&gt;
            &lt;/td&gt;
        &lt;/tr&gt;

        &lt;tr style="background: #ffffff;"&gt;
            &lt;td style="padding: 10px; vertical-align: top;"&gt;
                &lt;div style="font-weight: bold; margin-bottom: 5px;"&gt;
                    Soil Moisture &lt;span style="font-size: 14px;"&gt;↘️ &lt;span style="color: #666; font-size: 11px;"&gt;-8%&lt;/span&gt;&lt;/span&gt;
                &lt;/div&gt;
                &lt;div style="background: #ddd; border-radius: 10px; height: 8px; overflow: hidden;"&gt;
                    &lt;div style="background: #2196f3; height: 100%; width: 61.73197763980709%; transition: width 0.3s;"&gt;&lt;/div&gt;
                &lt;/div&gt;
                &lt;div style="font-size: 10px; color: #999; margin-top: 3px;"&gt;7d avg: 67.38 %&lt;/div&gt;
            &lt;/td&gt;
            &lt;td style="padding: 10px; text-align: right; vertical-align: top;"&gt;
                &lt;span style="color: #2196f3; font-size: 18px; font-weight: bold;"&gt;61.73&lt;/span&gt;
                &lt;span style="color: #666; font-size: 12px; display: block; margin-top: 2px;"&gt;%&lt;/span&gt;
            &lt;/td&gt;
        &lt;/tr&gt;

        &lt;tr style="background: #f0f0f0;"&gt;
            &lt;td style="padding: 10px; vertical-align: top;"&gt;
                &lt;div style="font-weight: bold; margin-bottom: 5px;"&gt;
                    Tide Level &lt;span style="font-size: 14px;"&gt;↘️ &lt;span style="color: #666; font-size: 11px;"&gt;-70%&lt;/span&gt;&lt;/span&gt;
                &lt;/div&gt;
                &lt;div style="background: #ddd; border-radius: 10px; height: 8px; overflow: hidden;"&gt;
                    &lt;div style="background: #2196f3; height: 100%; width: 0.4117568394895311%; transition: width 0.3s;"&gt;&lt;/div&gt;
                &lt;/div&gt;
                &lt;div style="font-size: 10px; color: #999; margin-top: 3px;"&gt;7d avg: 1.38 m&lt;/div&gt;
            &lt;/td&gt;
            &lt;td style="padding: 10px; text-align: right; vertical-align: top;"&gt;
                &lt;span style="color: #2196f3; font-size: 18px; font-weight: bold;"&gt;0.41&lt;/span&gt;
                &lt;span style="color: #666; font-size: 12px; display: block; margin-top: 2px;"&gt;m&lt;/span&gt;
            &lt;/td&gt;
        &lt;/tr&gt;

        &lt;tr style="background: #ffffff;"&gt;
            &lt;td style="padding: 10px; vertical-align: top;"&gt;
                &lt;div style="font-weight: bold; margin-bottom: 5px;"&gt;
                    Turbidity &lt;span style="font-size: 14px;"&gt;↗️ &lt;span style="color: #666; font-size: 11px;"&gt;+39%&lt;/span&gt;&lt;/span&gt;
                &lt;/div&gt;
                &lt;div style="background: #ddd; border-radius: 10px; height: 8px; overflow: hidden;"&gt;
                    &lt;div style="background: #2196f3; height: 100%; width: 36.758994634382006%; transition: width 0.3s;"&gt;&lt;/div&gt;
                &lt;/div&gt;
                &lt;div style="font-size: 10px; color: #999; margin-top: 3px;"&gt;7d avg: 26.47 NTU&lt;/div&gt;
            &lt;/td&gt;
            &lt;td style="padding: 10px; text-align: right; vertical-align: top;"&gt;
                &lt;span style="color: #2196f3; font-size: 18px; font-weight: bold;"&gt;36.76&lt;/span&gt;
                &lt;span style="color: #666; font-size: 12px; display: block; margin-top: 2px;"&gt;NTU&lt;/span&gt;
            &lt;/td&gt;
        &lt;/tr&gt;

        &lt;tr style="background: #f0f0f0;"&gt;
            &lt;td style="padding: 10px; vertical-align: top;"&gt;
                &lt;div style="font-weight: bold; margin-bottom: 5px;"&gt;
                    Water Temp &lt;span style="font-size: 14px;"&gt;→ &lt;span style="color: #666; font-size: 11px;"&gt;stable&lt;/span&gt;&lt;/span&gt;
                &lt;/div&gt;
                &lt;div style="background: #ddd; border-radius: 10px; height: 8px; overflow: hidden;"&gt;
                    &lt;div style="background: #2196f3; height: 100%; width: 27.864236811062742%; transition: width 0.3s;"&gt;&lt;/div&gt;
                &lt;/div&gt;
                &lt;div style="font-size: 10px; color: #999; margin-top: 3px;"&gt;7d avg: 27.98 °C&lt;/div&gt;
            &lt;/td&gt;
            &lt;td style="padding: 10px; text-align: right; vertical-align: top;"&gt;
                &lt;span style="color: #2196f3; font-size: 18px; font-weight: bold;"&gt;27.86&lt;/span&gt;
                &lt;span style="color: #666; font-size: 12px; display: block; margin-top: 2px;"&gt;°C&lt;/span&gt;
            &lt;/td&gt;
        &lt;/tr&gt;

    &lt;/table&gt;
&lt;/div&gt;
&lt;/div&gt;]]&gt;</description>
      <Point>
        <coordinates>101.292544,3.068971,0</coordinates>
      </Point>
    </Placemark>
    <Placemark>
      <name />
      <styleUrl>#MANGROVE_ISLET</styleUrl>
      <description>&lt;![CDATA[
&lt;div style="font-family: Arial, sans-serif; width: 350px; padding: 15px;"&gt;
    &lt;h2 style="color: #2c5364; margin: 0 0 15px 0; font-size: 20px; border-bottom: 2px solid #4fc3f7; padding-bottom: 10px;"&gt;
        ISLET_006
    &lt;/h2&gt;
    &lt;table style="width: 100%; border-collapse: collapse; margin-bottom: 15px;"&gt;
        &lt;tr style="background: #f0f0f0;"&gt;
            &lt;td style="padding: 10px; font-weight: bold; width: 40%;"&gt;Type:&lt;/td&gt;
            &lt;td style="padding: 10px;"&gt;MANGROVE_ISLET&lt;/td&gt;
        &lt;/tr&gt;
        &lt;tr&gt;
            &lt;td style="padding: 10px; font-weight: bold;"&gt;Location:&lt;/td&gt;
            &lt;td style="padding: 10px; font-size: 12px;"&gt;3.070773°N&lt;br&gt;101.292544°E&lt;/td&gt;
        &lt;/tr&gt;
    &lt;/table&gt;
    
&lt;div style="background: #f8f9fa; padding: 15px; border-radius: 8px; margin-top: 10px;"&gt;
    &lt;h3 style="color: #2c5364; margin: 0 0 15px 0; font-size: 16px;"&gt;📊 Active Sensors (8)&lt;/h3&gt;
    &lt;table style="width: 100%; border-collapse: collapse;"&gt;

        &lt;tr style="background: #ffffff;"&gt;
            &lt;td style="padding: 10px; vertical-align: top;"&gt;
                &lt;div style="font-weight: bold; margin-bottom: 5px;"&gt;
                    Co2 Atmospheric &lt;span style="font-size: 14px;"&gt;→ &lt;span style="color: #666; font-size: 11px;"&gt;stable&lt;/span&gt;&lt;/span&gt;
                &lt;/div&gt;
                &lt;div style="background: #ddd; border-radius: 10px; height: 8px; overflow: hidden;"&gt;
                    &lt;div style="background: #2196f3; height: 100%; width: 100%; transition: width 0.3s;"&gt;&lt;/div&gt;
                &lt;/div&gt;
                &lt;div style="font-size: 10px; color: #999; margin-top: 3px;"&gt;7d avg: 415.13 ppm&lt;/div&gt;
            &lt;/td&gt;
            &lt;td style="padding: 10px; text-align: right; vertical-align: top;"&gt;
                &lt;span style="color: #2196f3; font-size: 18px; font-weight: bold;"&gt;413.06&lt;/span&gt;
                &lt;span style="color: #666; font-size: 12px; display: block; margin-top: 2px;"&gt;ppm&lt;/span&gt;
            &lt;/td&gt;
        &lt;/tr&gt;

        &lt;tr style="background: #f0f0f0;"&gt;
            &lt;td style="padding: 10px; vertical-align: top;"&gt;
                &lt;div style="font-weight: bold; margin-bottom: 5px;"&gt;
                    Dissolved Oxygen &lt;span style="font-size: 14px;"&gt;→ &lt;span style="color: #666; font-size: 11px;"&gt;stable&lt;/span&gt;&lt;/span&gt;
                &lt;/div&gt;
                &lt;div style="background: #ddd; border-radius: 10px; height: 8px; overflow: hidden;"&gt;
                    &lt;div style="background: #2196f3; height: 100%; width: 6.314949746760759%; transition: width 0.3s;"&gt;&lt;/div&gt;
                &lt;/div&gt;
                &lt;div style="font-size: 10px; color: #999; margin-top: 3px;"&gt;7d avg: 6.06 mg/L&lt;/div&gt;
            &lt;/td&gt;
            &lt;td style="padding: 10px; text-align: right; vertical-align: top;"&gt;
                &lt;span style="color: #2196f3; font-size: 18px; font-weight: bold;"&gt;6.31&lt;/span&gt;
                &lt;span style="color: #666; font-size: 12px; display: block; margin-top: 2px;"&gt;mg/L&lt;/span&gt;
            &lt;/td&gt;
        &lt;/tr&gt;

        &lt;tr style="background: #ffffff;"&gt;
            &lt;td style="padding: 10px; vertical-align: top;"&gt;
                &lt;div style="font-weight: bold; margin-bottom: 5px;"&gt;
                    Salinity &lt;span style="font-size: 14px;"&gt;↘️ &lt;span style="color: #666; font-size: 11px;"&gt;-14%&lt;/span&gt;&lt;/span&gt;
                &lt;/div&gt;
                &lt;div style="background: #ddd; border-radius: 10px; height: 8px; overflow: hidden;"&gt;
                    &lt;div style="background: #2196f3; height: 100%; width: 21.44167247756487%; transition: width 0.3s;"&gt;&lt;/div&gt;
                &lt;/div&gt;
                &lt;div style="font-size: 10px; color: #999; margin-top: 3px;"&gt;7d avg: 25.00 ppt&lt;/div&gt;
            &lt;/td&gt;
            &lt;td style="padding: 10px; text-align: right; vertical-align: top;"&gt;
                &lt;span style="color: #2196f3; font-size: 18px; font-weight: bold;"&gt;21.44&lt;/span&gt;
                &lt;span style="color: #666; font-size: 12px; display: block; margin-top: 2px;"&gt;ppt&lt;/span&gt;
            &lt;/td&gt;
        &lt;/tr&gt;

        &lt;tr style="background: #f0f0f0;"&gt;
            &lt;td style="padding: 10px; vertical-align: top;"&gt;
                &lt;div style="font-weight: bold; margin-bottom: 5px;"&gt;
                    Sediment Accret &lt;span style="font-size: 14px;"&gt;→ &lt;span style="color: #666; font-size: 11px;"&gt;stable&lt;/span&gt;&lt;/span&gt;
                &lt;/div&gt;
                &lt;div style="background: #ddd; border-radius: 10px; height: 8px; overflow: hidden;"&gt;
                    &lt;div style="background: #2196f3; height: 100%; width: 9.262319541713582%; transition: width 0.3s;"&gt;&lt;/div&gt;
                &lt;/div&gt;
                &lt;div style="font-size: 10px; color: #999; margin-top: 3px;"&gt;7d avg: 9.06 mm/yr&lt;/div&gt;
            &lt;/td&gt;
            &lt;td style="padding: 10px; text-align: right; vertical-align: top;"&gt;
                &lt;span style="color: #2196f3; font-size: 18px; font-weight: bold;"&gt;9.26&lt;/span&gt;
                &lt;span style="color: #666; font-size: 12px; display: block; margin-top: 2px;"&gt;mm/yr&lt;/span&gt;
            &lt;/td&gt;
        &lt;/tr&gt;

        &lt;tr style="background: #ffffff;"&gt;
            &lt;td style="padding: 10px; vertical-align: top;"&gt;
                &lt;div style="font-weight: bold; margin-bottom: 5px;"&gt;
                    Soil Moisture &lt;span style="font-size: 14px;"&gt;↗️ &lt;span style="color: #666; font-size: 11px;"&gt;+6%&lt;/span&gt;&lt;/span&gt;
                &lt;/div&gt;
                &lt;div style="background: #ddd; border-radius: 10px; height: 8px; overflow: hidden;"&gt;
                    &lt;div style="background: #2196f3; height: 100%; width: 76.97495918847369%; transition: width 0.3s;"&gt;&lt;/div&gt;
                &lt;/div&gt;
                &lt;div style="font-size: 10px; color: #999; margin-top: 3px;"&gt;7d avg: 72.30 %&lt;/div&gt;
            &lt;/td&gt;
            &lt;td style="padding: 10px; text-align: right; vertical-align: top;"&gt;
                &lt;span style="color: #2196f3; font-size: 18px; font-weight: bold;"&gt;76.97&lt;/span&gt;
                &lt;span style="color: #666; font-size: 12px; display: block; margin-top: 2px;"&gt;%&lt;/span&gt;
            &lt;/td&gt;
        &lt;/tr&gt;

        &lt;tr style="background: #f0f0f0;"&gt;
            &lt;td style="padding: 10px; vertical-align: top;"&gt;
                &lt;div style="font-weight: bold; margin-bottom: 5px;"&gt;
                    Tide Level &lt;span style="font-size: 14px;"&gt;↗️ &lt;span style="color: #666; font-size: 11px;"&gt;+61%&lt;/span&gt;&lt;/span&gt;
                &lt;/div&gt;
                &lt;div style="background: #ddd; border-radius: 10px; height: 8px; overflow: hidden;"&gt;
                    &lt;div style="background: #2196f3; height: 100%; width: 1.8945216097919562%; transition: width 0.3s;"&gt;&lt;/div&gt;
                &lt;/div&gt;
                &lt;div style="font-size: 10px; color: #999; margin-top: 3px;"&gt;7d avg: 1.18 m&lt;/div&gt;
            &lt;/td&gt;
            &lt;td style="padding: 10px; text-align: right; vertical-align: top;"&gt;
                &lt;span style="color: #2196f3; font-size: 18px; font-weight: bold;"&gt;1.89&lt;/span&gt;
                &lt;span style="color: #666; font-size: 12px; display: block; margin-top: 2px;"&gt;m&lt;/span&gt;
            &lt;/td&gt;
        &lt;/tr&gt;

        &lt;tr style="background: #ffffff;"&gt;
            &lt;td style="padding: 10px; vertical-align: top;"&gt;
                &lt;div style="font-weight: bold; margin-bottom: 5px;"&gt;
                    Turbidity &lt;span style="font-size: 14px;"&gt;↗️ &lt;span style="color: #666; font-size: 11px;"&gt;+44%&lt;/span&gt;&lt;/span&gt;
                &lt;/div&gt;
                &lt;div style="background: #ddd; border-radius: 10px; height: 8px; overflow: hidden;"&gt;
                    &lt;div style="background: #2196f3; height: 100%; width: 33.05398616686723%; transition: width 0.3s;"&gt;&lt;/div&gt;
                &lt;/div&gt;
                &lt;div style="font-size: 10px; color: #999; margin-top: 3px;"&gt;7d avg: 22.89 NTU&lt;/div&gt;
            &lt;/td&gt;
            &lt;td style="padding: 10px; text-align: right; vertical-align: top;"&gt;
                &lt;span style="color: #2196f3; font-size: 18px; font-weight: bold;"&gt;33.05&lt;/span&gt;
                &lt;span style="color: #666; font-size: 12px; display: block; margin-top: 2px;"&gt;NTU&lt;/span&gt;
            &lt;/td&gt;
        &lt;/tr&gt;

        &lt;tr style="background: #f0f0f0;"&gt;
            &lt;td style="padding: 10px; vertical-align: top;"&gt;
                &lt;div style="font-weight: bold; margin-bottom: 5px;"&gt;
                    Water Temp &lt;span style="font-size: 14px;"&gt;→ &lt;span style="color: #666; font-size: 11px;"&gt;stable&lt;/span&gt;&lt;/span&gt;
                &lt;/div&gt;
                &lt;div style="background: #ddd; border-radius: 10px; height: 8px; overflow: hidden;"&gt;
                    &lt;div style="background: #2196f3; height: 100%; width: 28.44838985505%; transition: width 0.3s;"&gt;&lt;/div&gt;
                &lt;/div&gt;
                &lt;div style="font-size: 10px; color: #999; margin-top: 3px;"&gt;7d avg: 27.74 °C&lt;/div&gt;
            &lt;/td&gt;
            &lt;td style="padding: 10px; text-align: right; vertical-align: top;"&gt;
                &lt;span style="color: #2196f3; font-size: 18px; font-weight: bold;"&gt;28.45&lt;/span&gt;
                &lt;span style="color: #666; font-size: 12px; display: block; margin-top: 2px;"&gt;°C&lt;/span&gt;
            &lt;/td&gt;
        &lt;/tr&gt;

    &lt;/table&gt;
&lt;/div&gt;
&lt;/div&gt;]]&gt;</description>
      <Point>
        <coordinates>101.292544,3.070773,0</coordinates>
      </Point>
    </Placemark>
    <Placemark>
      <name />
      <styleUrl>#MANGROVE_ISLET</styleUrl>
      <description>&lt;![CDATA[
&lt;div style="font-family: Arial, sans-serif; width: 350px; padding: 15px;"&gt;
    &lt;h2 style="color: #2c5364; margin: 0 0 15px 0; font-size: 20px; border-bottom: 2px solid #4fc3f7; padding-bottom: 10px;"&gt;
        ISLET_007
    &lt;/h2&gt;
    &lt;table style="width: 100%; border-collapse: collapse; margin-bottom: 15px;"&gt;
        &lt;tr style="background: #f0f0f0;"&gt;
            &lt;td style="padding: 10px; font-weight: bold; width: 40%;"&gt;Type:&lt;/td&gt;
            &lt;td style="padding: 10px;"&gt;MANGROVE_ISLET&lt;/td&gt;
        &lt;/tr&gt;
        &lt;tr&gt;
            &lt;td style="padding: 10px; font-weight: bold;"&gt;Location:&lt;/td&gt;
            &lt;td style="padding: 10px; font-size: 12px;"&gt;3.072575°N&lt;br&gt;101.292544°E&lt;/td&gt;
        &lt;/tr&gt;
    &lt;/table&gt;
    
&lt;div style="background: #f8f9fa; padding: 15px; border-radius: 8px; margin-top: 10px;"&gt;
    &lt;h3 style="color: #2c5364; margin: 0 0 15px 0; font-size: 16px;"&gt;📊 Active Sensors (8)&lt;/h3&gt;
    &lt;table style="width: 100%; border-collapse: collapse;"&gt;

        &lt;tr style="background: #ffffff;"&gt;
            &lt;td style="padding: 10px; vertical-align: top;"&gt;
                &lt;div style="font-weight: bold; margin-bottom: 5px;"&gt;
                    Co2 Atmospheric &lt;span style="font-size: 14px;"&gt;↘️ &lt;span style="color: #666; font-size: 11px;"&gt;-6%&lt;/span&gt;&lt;/span&gt;
                &lt;/div&gt;
                &lt;div style="background: #ddd; border-radius: 10px; height: 8px; overflow: hidden;"&gt;
                    &lt;div style="background: #2196f3; height: 100%; width: 100%; transition: width 0.3s;"&gt;&lt;/div&gt;
                &lt;/div&gt;
                &lt;div style="font-size: 10px; color: #999; margin-top: 3px;"&gt;7d avg: 418.82 ppm&lt;/div&gt;
            &lt;/td&gt;
            &lt;td style="padding: 10px; text-align: right; vertical-align: top;"&gt;
                &lt;span style="color: #2196f3; font-size: 18px; font-weight: bold;"&gt;395.02&lt;/span&gt;
                &lt;span style="color: #666; font-size: 12px; display: block; margin-top: 2px;"&gt;ppm&lt;/span&gt;
            &lt;/td&gt;
        &lt;/tr&gt;

        &lt;tr style="background: #f0f0f0;"&gt;
            &lt;td style="padding: 10px; vertical-align: top;"&gt;
                &lt;div style="font-weight: bold; margin-bottom: 5px;"&gt;
                    Dissolved Oxygen &lt;span style="font-size: 14px;"&gt;↗️ &lt;span style="color: #666; font-size: 11px;"&gt;+8%&lt;/span&gt;&lt;/span&gt;
                &lt;/div&gt;
                &lt;div style="background: #ddd; border-radius: 10px; height: 8px; overflow: hidden;"&gt;
                    &lt;div style="background: #2196f3; height: 100%; width: 7.235476728883232%; transition: width 0.3s;"&gt;&lt;/div&gt;
                &lt;/div&gt;
                &lt;div style="font-size: 10px; color: #999; margin-top: 3px;"&gt;7d avg: 6.70 mg/L&lt;/div&gt;
            &lt;/td&gt;
            &lt;td style="padding: 10px; text-align: right; vertical-align: top;"&gt;
                &lt;span style="color: #2196f3; font-size: 18px; font-weight: bold;"&gt;7.24&lt;/span&gt;
                &lt;span style="color: #666; font-size: 12px; display: block; margin-top: 2px;"&gt;mg/L&lt;/span&gt;
            &lt;/td&gt;
        &lt;/tr&gt;

        &lt;tr style="background: #ffffff;"&gt;
            &lt;td style="padding: 10px; vertical-align: top;"&gt;
                &lt;div style="font-weight: bold; margin-bottom: 5px;"&gt;
                    Salinity &lt;span style="font-size: 14px;"&gt;→ &lt;span style="color: #666; font-size: 11px;"&gt;stable&lt;/span&gt;&lt;/span&gt;
                &lt;/div&gt;
                &lt;div style="background: #ddd; border-radius: 10px; height: 8px; overflow: hidden;"&gt;
                    &lt;div style="background: #2196f3; height: 100%; width: 26.735511869026933%; transition: width 0.3s;"&gt;&lt;/div&gt;
                &lt;/div&gt;
                &lt;div style="font-size: 10px; color: #999; margin-top: 3px;"&gt;7d avg: 26.37 ppt&lt;/div&gt;
            &lt;/td&gt;
            &lt;td style="padding: 10px; text-align: right; vertical-align: top;"&gt;
                &lt;span style="color: #2196f3; font-size: 18px; font-weight: bold;"&gt;26.74&lt;/span&gt;
                &lt;span style="color: #666; font-size: 12px; display: block; margin-top: 2px;"&gt;ppt&lt;/span&gt;
            &lt;/td&gt;
        &lt;/tr&gt;

        &lt;tr style="background: #f0f0f0;"&gt;
            &lt;td style="padding: 10px; vertical-align: top;"&gt;
                &lt;div style="font-weight: bold; margin-bottom: 5px;"&gt;
                    Sediment Accret &lt;span style="font-size: 14px;"&gt;↗️ &lt;span style="color: #666; font-size: 11px;"&gt;+27%&lt;/span&gt;&lt;/span&gt;
                &lt;/div&gt;
                &lt;div style="background: #ddd; border-radius: 10px; height: 8px; overflow: hidden;"&gt;
                    &lt;div style="background: #2196f3; height: 100%; width: 9.884955274011059%; transition: width 0.3s;"&gt;&lt;/div&gt;
                &lt;/div&gt;
                &lt;div style="font-size: 10px; color: #999; margin-top: 3px;"&gt;7d avg: 7.81 mm/yr&lt;/div&gt;
            &lt;/td&gt;
            &lt;td style="padding: 10px; text-align: right; vertical-align: top;"&gt;
                &lt;span style="color: #2196f3; font-size: 18px; font-weight: bold;"&gt;9.88&lt;/span&gt;
                &lt;span style="color: #666; font-size: 12px; display: block; margin-top: 2px;"&gt;mm/yr&lt;/span&gt;
            &lt;/td&gt;
        &lt;/tr&gt;

        &lt;tr style="background: #ffffff;"&gt;
            &lt;td style="padding: 10px; vertical-align: top;"&gt;
                &lt;div style="font-weight: bold; margin-bottom: 5px;"&gt;
                    Soil Moisture &lt;span style="font-size: 14px;"&gt;↘️ &lt;span style="color: #666; font-size: 11px;"&gt;-16%&lt;/span&gt;&lt;/span&gt;
                &lt;/div&gt;
                &lt;div style="background: #ddd; border-radius: 10px; height: 8px; overflow: hidden;"&gt;
                    &lt;div style="background: #2196f3; height: 100%; width: 54.55444792496038%; transition: width 0.3s;"&gt;&lt;/div&gt;
                &lt;/div&gt;
                &lt;div style="font-size: 10px; color: #999; margin-top: 3px;"&gt;7d avg: 65.06 %&lt;/div&gt;
            &lt;/td&gt;
            &lt;td style="padding: 10px; text-align: right; vertical-align: top;"&gt;
                &lt;span style="color: #2196f3; font-size: 18px; font-weight: bold;"&gt;54.55&lt;/span&gt;
                &lt;span style="color: #666; font-size: 12px; display: block; margin-top: 2px;"&gt;%&lt;/span&gt;
            &lt;/td&gt;
        &lt;/tr&gt;

        &lt;tr style="background: #f0f0f0;"&gt;
            &lt;td style="padding: 10px; vertical-align: top;"&gt;
                &lt;div style="font-weight: bold; margin-bottom: 5px;"&gt;
                    Tide Level &lt;span style="font-size: 14px;"&gt;↘️ &lt;span style="color: #666; font-size: 11px;"&gt;-50%&lt;/span&gt;&lt;/span&gt;
                &lt;/div&gt;
                &lt;div style="background: #ddd; border-radius: 10px; height: 8px; overflow: hidden;"&gt;
                    &lt;div style="background: #2196f3; height: 100%; width: 0.7620508621787285%; transition: width 0.3s;"&gt;&lt;/div&gt;
                &lt;/div&gt;
                &lt;div style="font-size: 10px; color: #999; margin-top: 3px;"&gt;7d avg: 1.53 m&lt;/div&gt;
            &lt;/td&gt;
            &lt;td style="padding: 10px; text-align: right; vertical-align: top;"&gt;
                &lt;span style="color: #2196f3; font-size: 18px; font-weight: bold;"&gt;0.76&lt;/span&gt;
                &lt;span style="color: #666; font-size: 12px; display: block; margin-top: 2px;"&gt;m&lt;/span&gt;
            &lt;/td&gt;
        &lt;/tr&gt;

        &lt;tr style="background: #ffffff;"&gt;
            &lt;td style="padding: 10px; vertical-align: top;"&gt;
                &lt;div style="font-weight: bold; margin-bottom: 5px;"&gt;
                    Turbidity &lt;span style="font-size: 14px;"&gt;↗️ &lt;span style="color: #666; font-size: 11px;"&gt;+36%&lt;/span&gt;&lt;/span&gt;
                &lt;/div&gt;
                &lt;div style="background: #ddd; border-radius: 10px; height: 8px; overflow: hidden;"&gt;
                    &lt;div style="background: #2196f3; height: 100%; width: 22.05114638413697%; transition: width 0.3s;"&gt;&lt;/div&gt;
                &lt;/div&gt;
                &lt;div style="font-size: 10px; color: #999; margin-top: 3px;"&gt;7d avg: 16.27 NTU&lt;/div&gt;
            &lt;/td&gt;
            &lt;td style="padding: 10px; text-align: right; vertical-align: top;"&gt;
                &lt;span style="color: #2196f3; font-size: 18px; font-weight: bold;"&gt;22.05&lt;/span&gt;
                &lt;span style="color: #666; font-size: 12px; display: block; margin-top: 2px;"&gt;NTU&lt;/span&gt;
            &lt;/td&gt;
        &lt;/tr&gt;

        &lt;tr style="background: #f0f0f0;"&gt;
            &lt;td style="padding: 10px; vertical-align: top;"&gt;
                &lt;div style="font-weight: bold; margin-bottom: 5px;"&gt;
                    Water Temp &lt;span style="font-size: 14px;"&gt;→ &lt;span style="color: #666; font-size: 11px;"&gt;stable&lt;/span&gt;&lt;/span&gt;
                &lt;/div&gt;
                &lt;div style="background: #ddd; border-radius: 10px; height: 8px; overflow: hidden;"&gt;
                    &lt;div style="background: #2196f3; height: 100%; width: 28.920762296989476%; transition: width 0.3s;"&gt;&lt;/div&gt;
                &lt;/div&gt;
                &lt;div style="font-size: 10px; color: #999; margin-top: 3px;"&gt;7d avg: 28.80 °C&lt;/div&gt;
            &lt;/td&gt;
            &lt;td style="padding: 10px; text-align: right; vertical-align: top;"&gt;
                &lt;span style="color: #2196f3; font-size: 18px; font-weight: bold;"&gt;28.92&lt;/span&gt;
                &lt;span style="color: #666; font-size: 12px; display: block; margin-top: 2px;"&gt;°C&lt;/span&gt;
            &lt;/td&gt;
        &lt;/tr&gt;

    &lt;/table&gt;
&lt;/div&gt;
&lt;/div&gt;]]&gt;</description>
      <Point>
        <coordinates>101.292544,3.072575,0</coordinates>
      </Point>
    </Placemark>
    <Placemark>
      <name />
      <styleUrl>#MANGROVE_ISLET</styleUrl>
      <description>&lt;![CDATA[
&lt;div style="font-family: Arial, sans-serif; width: 350px; padding: 15px;"&gt;
    &lt;h2 style="color: #2c5364; margin: 0 0 15px 0; font-size: 20px; border-bottom: 2px solid #4fc3f7; padding-bottom: 10px;"&gt;
        ISLET_008
    &lt;/h2&gt;
    &lt;table style="width: 100%; border-collapse: collapse; margin-bottom: 15px;"&gt;
        &lt;tr style="background: #f0f0f0;"&gt;
            &lt;td style="padding: 10px; font-weight: bold; width: 40%;"&gt;Type:&lt;/td&gt;
            &lt;td style="padding: 10px;"&gt;MANGROVE_ISLET&lt;/td&gt;
        &lt;/tr&gt;
        &lt;tr&gt;
            &lt;td style="padding: 10px; font-weight: bold;"&gt;Location:&lt;/td&gt;
            &lt;td style="padding: 10px; font-size: 12px;"&gt;3.074376°N&lt;br&gt;101.292544°E&lt;/td&gt;
        &lt;/tr&gt;
    &lt;/table&gt;
    
&lt;div style="background: #f8f9fa; padding: 15px; border-radius: 8px; margin-top: 10px;"&gt;
    &lt;h3 style="color: #2c5364; margin: 0 0 15px 0; font-size: 16px;"&gt;📊 Active Sensors (8)&lt;/h3&gt;
    &lt;table style="width: 100%; border-collapse: collapse;"&gt;

        &lt;tr style="background: #ffffff;"&gt;
            &lt;td style="padding: 10px; vertical-align: top;"&gt;
                &lt;div style="font-weight: bold; margin-bottom: 5px;"&gt;
                    Co2 Atmospheric &lt;span style="font-size: 14px;"&gt;→ &lt;span style="color: #666; font-size: 11px;"&gt;stable&lt;/span&gt;&lt;/span&gt;
                &lt;/div&gt;
                &lt;div style="background: #ddd; border-radius: 10px; height: 8px; overflow: hidden;"&gt;
                    &lt;div style="background: #2196f3; height: 100%; width: 100%; transition: width 0.3s;"&gt;&lt;/div&gt;
                &lt;/div&gt;
                &lt;div style="font-size: 10px; color: #999; margin-top: 3px;"&gt;7d avg: 423.24 ppm&lt;/div&gt;
            &lt;/td&gt;
            &lt;td style="padding: 10px; text-align: right; vertical-align: top;"&gt;
                &lt;span style="color: #2196f3; font-size: 18px; font-weight: bold;"&gt;435.66&lt;/span&gt;
                &lt;span style="color: #666; font-size: 12px; display: block; margin-top: 2px;"&gt;ppm&lt;/span&gt;
            &lt;/td&gt;
        &lt;/tr&gt;

        &lt;tr style="background: #f0f0f0;"&gt;
            &lt;td style="padding: 10px; vertical-align: top;"&gt;
                &lt;div style="font-weight: bold; margin-bottom: 5px;"&gt;
                    Dissolved Oxygen &lt;span style="font-size: 14px;"&gt;↘️ &lt;span style="color: #666; font-size: 11px;"&gt;-22%&lt;/span&gt;&lt;/span&gt;
                &lt;/div&gt;
                &lt;div style="background: #ddd; border-radius: 10px; height: 8px; overflow: hidden;"&gt;
                    &lt;div style="background: #2196f3; height: 100%; width: 5.170714321003702%; transition: width 0.3s;"&gt;&lt;/div&gt;
                &lt;/div&gt;
                &lt;div style="font-size: 10px; color: #999; margin-top: 3px;"&gt;7d avg: 6.66 mg/L&lt;/div&gt;
            &lt;/td&gt;
            &lt;td style="padding: 10px; text-align: right; vertical-align: top;"&gt;
                &lt;span style="color: #2196f3; font-size: 18px; font-weight: bold;"&gt;5.17&lt;/span&gt;
                &lt;span style="color: #666; font-size: 12px; display: block; margin-top: 2px;"&gt;mg/L&lt;/span&gt;
            &lt;/td&gt;
        &lt;/tr&gt;

        &lt;tr style="background: #ffffff;"&gt;
            &lt;td style="padding: 10px; vertical-align: top;"&gt;
                &lt;div style="font-weight: bold; margin-bottom: 5px;"&gt;
                    Salinity &lt;span style="font-size: 14px;"&gt;↗️ &lt;span style="color: #666; font-size: 11px;"&gt;+7%&lt;/span&gt;&lt;/span&gt;
                &lt;/div&gt;
                &lt;div style="background: #ddd; border-radius: 10px; height: 8px; overflow: hidden;"&gt;
                    &lt;div style="background: #2196f3; height: 100%; width: 28.85237067399832%; transition: width 0.3s;"&gt;&lt;/div&gt;
                &lt;/div&gt;
                &lt;div style="font-size: 10px; color: #999; margin-top: 3px;"&gt;7d avg: 27.01 ppt&lt;/div&gt;
            &lt;/td&gt;
            &lt;td style="padding: 10px; text-align: right; vertical-align: top;"&gt;
                &lt;span style="color: #2196f3; font-size: 18px; font-weight: bold;"&gt;28.85&lt;/span&gt;
                &lt;span style="color: #666; font-size: 12px; display: block; margin-top: 2px;"&gt;ppt&lt;/span&gt;
            &lt;/td&gt;
        &lt;/tr&gt;

        &lt;tr style="background: #f0f0f0;"&gt;
            &lt;td style="padding: 10px; vertical-align: top;"&gt;
                &lt;div style="font-weight: bold; margin-bottom: 5px;"&gt;
                    Sediment Accret &lt;span style="font-size: 14px;"&gt;↘️ &lt;span style="color: #666; font-size: 11px;"&gt;-18%&lt;/span&gt;&lt;/span&gt;
                &lt;/div&gt;
                &lt;div style="background: #ddd; border-radius: 10px; height: 8px; overflow: hidden;"&gt;
                    &lt;div style="background: #2196f3; height: 100%; width: 6.088781769665147%; transition: width 0.3s;"&gt;&lt;/div&gt;
                &lt;/div&gt;
                &lt;div style="font-size: 10px; color: #999; margin-top: 3px;"&gt;7d avg: 7.44 mm/yr&lt;/div&gt;
            &lt;/td&gt;
            &lt;td style="padding: 10px; text-align: right; vertical-align: top;"&gt;
                &lt;span style="color: #2196f3; font-size: 18px; font-weight: bold;"&gt;6.09&lt;/span&gt;
                &lt;span style="color: #666; font-size: 12px; display: block; margin-top: 2px;"&gt;mm/yr&lt;/span&gt;
            &lt;/td&gt;
        &lt;/tr&gt;

        &lt;tr style="background: #ffffff;"&gt;
            &lt;td style="padding: 10px; vertical-align: top;"&gt;
                &lt;div style="font-weight: bold; margin-bottom: 5px;"&gt;
                    Soil Moisture &lt;span style="font-size: 14px;"&gt;→ &lt;span style="color: #666; font-size: 11px;"&gt;stable&lt;/span&gt;&lt;/span&gt;
                &lt;/div&gt;
                &lt;div style="background: #ddd; border-radius: 10px; height: 8px; overflow: hidden;"&gt;
                    &lt;div style="background: #2196f3; height: 100%; width: 68.51821298033875%; transition: width 0.3s;"&gt;&lt;/div&gt;
                &lt;/div&gt;
                &lt;div style="font-size: 10px; color: #999; margin-top: 3px;"&gt;7d avg: 68.77 %&lt;/div&gt;
            &lt;/td&gt;
            &lt;td style="padding: 10px; text-align: right; vertical-align: top;"&gt;
                &lt;span style="color: #2196f3; font-size: 18px; font-weight: bold;"&gt;68.52&lt;/span&gt;
                &lt;span style="color: #666; font-size: 12px; display: block; margin-top: 2px;"&gt;%&lt;/span&gt;
            &lt;/td&gt;
        &lt;/tr&gt;

        &lt;tr style="background: #f0f0f0;"&gt;
            &lt;td style="padding: 10px; vertical-align: top;"&gt;
                &lt;div style="font-weight: bold; margin-bottom: 5px;"&gt;
                    Tide Level &lt;span style="font-size: 14px;"&gt;↗️ &lt;span style="color: #666; font-size: 11px;"&gt;+10%&lt;/span&gt;&lt;/span&gt;
                &lt;/div&gt;
                &lt;div style="background: #ddd; border-radius: 10px; height: 8px; overflow: hidden;"&gt;
                    &lt;div style="background: #2196f3; height: 100%; width: 1.798735558374771%; transition: width 0.3s;"&gt;&lt;/div&gt;
                &lt;/div&gt;
                &lt;div style="font-size: 10px; color: #999; margin-top: 3px;"&gt;7d avg: 1.64 m&lt;/div&gt;
            &lt;/td&gt;
            &lt;td style="padding: 10px; text-align: right; vertical-align: top;"&gt;
                &lt;span style="color: #2196f3; font-size: 18px; font-weight: bold;"&gt;1.80&lt;/span&gt;
                &lt;span style="color: #666; font-size: 12px; display: block; margin-top: 2px;"&gt;m&lt;/span&gt;
            &lt;/td&gt;
        &lt;/tr&gt;

        &lt;tr style="background: #ffffff;"&gt;
            &lt;td style="padding: 10px; vertical-align: top;"&gt;
                &lt;div style="font-weight: bold; margin-bottom: 5px;"&gt;
                    Turbidity &lt;span style="font-size: 14px;"&gt;↘️ &lt;span style="color: #666; font-size: 11px;"&gt;-12%&lt;/span&gt;&lt;/span&gt;
                &lt;/div&gt;
                &lt;div style="background: #ddd; border-radius: 10px; height: 8px; overflow: hidden;"&gt;
                    &lt;div style="background: #2196f3; height: 100%; width: 18.53476881080136%; transition: width 0.3s;"&gt;&lt;/div&gt;
                &lt;/div&gt;
                &lt;div style="font-size: 10px; color: #999; margin-top: 3px;"&gt;7d avg: 21.05 NTU&lt;/div&gt;
            &lt;/td&gt;
            &lt;td style="padding: 10px; text-align: right; vertical-align: top;"&gt;
                &lt;span style="color: #2196f3; font-size: 18px; font-weight: bold;"&gt;18.53&lt;/span&gt;
                &lt;span style="color: #666; font-size: 12px; display: block; margin-top: 2px;"&gt;NTU&lt;/span&gt;
            &lt;/td&gt;
        &lt;/tr&gt;

        &lt;tr style="background: #f0f0f0;"&gt;
            &lt;td style="padding: 10px; vertical-align: top;"&gt;
                &lt;div style="font-weight: bold; margin-bottom: 5px;"&gt;
                    Water Temp &lt;span style="font-size: 14px;"&gt;↘️ &lt;span style="color: #666; font-size: 11px;"&gt;-6%&lt;/span&gt;&lt;/span&gt;
                &lt;/div&gt;
                &lt;div style="background: #ddd; border-radius: 10px; height: 8px; overflow: hidden;"&gt;
                    &lt;div style="background: #2196f3; height: 100%; width: 26.20033313564234%; transition: width 0.3s;"&gt;&lt;/div&gt;
                &lt;/div&gt;
                &lt;div style="font-size: 10px; color: #999; margin-top: 3px;"&gt;7d avg: 27.88 °C&lt;/div&gt;
            &lt;/td&gt;
            &lt;td style="padding: 10px; text-align: right; vertical-align: top;"&gt;
                &lt;span style="color: #2196f3; font-size: 18px; font-weight: bold;"&gt;26.20&lt;/span&gt;
                &lt;span style="color: #666; font-size: 12px; display: block; margin-top: 2px;"&gt;°C&lt;/span&gt;
            &lt;/td&gt;
        &lt;/tr&gt;

    &lt;/table&gt;
&lt;/div&gt;
&lt;/div&gt;]]&gt;</description>
      <Point>
        <coordinates>101.292544,3.074376,0</coordinates>
      </Point>
    </Placemark>
    <Placemark>
      <name />
      <styleUrl>#MANGROVE_ISLET</styleUrl>
      <description>&lt;![CDATA[
&lt;div style="font-family: Arial, sans-serif; width: 350px; padding: 15px;"&gt;
    &lt;h2 style="color: #2c5364; margin: 0 0 15px 0; font-size: 20px; border-bottom: 2px solid #4fc3f7; padding-bottom: 10px;"&gt;
        ISLET_009
    &lt;/h2&gt;
    &lt;table style="width: 100%; border-collapse: collapse; margin-bottom: 15px;"&gt;
        &lt;tr style="background: #f0f0f0;"&gt;
            &lt;td style="padding: 10px; font-weight: bold; width: 40%;"&gt;Type:&lt;/td&gt;
            &lt;td style="padding: 10px;"&gt;MANGROVE_ISLET&lt;/td&gt;
        &lt;/tr&gt;
        &lt;tr&gt;
            &lt;td style="padding: 10px; font-weight: bold;"&gt;Location:&lt;/td&gt;
            &lt;td style="padding: 10px; font-size: 12px;"&gt;2.983260°N&lt;br&gt;101.259929°E&lt;/td&gt;
        &lt;/tr&gt;
    &lt;/table&gt;
    
&lt;div style="background: #f8f9fa; padding: 15px; border-radius: 8px; margin-top: 10px;"&gt;
    &lt;h3 style="color: #2c5364; margin: 0 0 15px 0; font-size: 16px;"&gt;📊 Active Sensors (8)&lt;/h3&gt;
    &lt;table style="width: 100%; border-collapse: collapse;"&gt;

        &lt;tr style="background: #ffffff;"&gt;
            &lt;td style="padding: 10px; vertical-align: top;"&gt;
                &lt;div style="font-weight: bold; margin-bottom: 5px;"&gt;
                    Co2 Atmospheric &lt;span style="font-size: 14px;"&gt;→ &lt;span style="color: #666; font-size: 11px;"&gt;stable&lt;/span&gt;&lt;/span&gt;
                &lt;/div&gt;
                &lt;div style="background: #ddd; border-radius: 10px; height: 8px; overflow: hidden;"&gt;
                    &lt;div style="background: #2196f3; height: 100%; width: 100%; transition: width 0.3s;"&gt;&lt;/div&gt;
                &lt;/div&gt;
                &lt;div style="font-size: 10px; color: #999; margin-top: 3px;"&gt;7d avg: 410.16 ppm&lt;/div&gt;
            &lt;/td&gt;
            &lt;td style="padding: 10px; text-align: right; vertical-align: top;"&gt;
                &lt;span style="color: #2196f3; font-size: 18px; font-weight: bold;"&gt;412.98&lt;/span&gt;
                &lt;span style="color: #666; font-size: 12px; display: block; margin-top: 2px;"&gt;ppm&lt;/span&gt;
            &lt;/td&gt;
        &lt;/tr&gt;

        &lt;tr style="background: #f0f0f0;"&gt;
            &lt;td style="padding: 10px; vertical-align: top;"&gt;
                &lt;div style="font-weight: bold; margin-bottom: 5px;"&gt;
                    Dissolved Oxygen &lt;span style="font-size: 14px;"&gt;→ &lt;span style="color: #666; font-size: 11px;"&gt;stable&lt;/span&gt;&lt;/span&gt;
                &lt;/div&gt;
                &lt;div style="background: #ddd; border-radius: 10px; height: 8px; overflow: hidden;"&gt;
                    &lt;div style="background: #2196f3; height: 100%; width: 6.587578894736722%; transition: width 0.3s;"&gt;&lt;/div&gt;
                &lt;/div&gt;
                &lt;div style="font-size: 10px; color: #999; margin-top: 3px;"&gt;7d avg: 6.61 mg/L&lt;/div&gt;
            &lt;/td&gt;
            &lt;td style="padding: 10px; text-align: right; vertical-align: top;"&gt;
                &lt;span style="color: #2196f3; font-size: 18px; font-weight: bold;"&gt;6.59&lt;/span&gt;
                &lt;span style="color: #666; font-size: 12px; display: block; margin-top: 2px;"&gt;mg/L&lt;/span&gt;
            &lt;/td&gt;
        &lt;/tr&gt;

        &lt;tr style="background: #ffffff;"&gt;
            &lt;td style="padding: 10px; vertical-align: top;"&gt;
                &lt;div style="font-weight: bold; margin-bottom: 5px;"&gt;
                    Salinity &lt;span style="font-size: 14px;"&gt;↘️ &lt;span style="color: #666; font-size: 11px;"&gt;-19%&lt;/span&gt;&lt;/span&gt;
                &lt;/div&gt;
                &lt;div style="background: #ddd; border-radius: 10px; height: 8px; overflow: hidden;"&gt;
                    &lt;div style="background: #2196f3; height: 100%; width: 22.11645385788115%; transition: width 0.3s;"&gt;&lt;/div&gt;
                &lt;/div&gt;
                &lt;div style="font-size: 10px; color: #999; margin-top: 3px;"&gt;7d avg: 27.32 ppt&lt;/div&gt;
            &lt;/td&gt;
            &lt;td style="padding: 10px; text-align: right; vertical-align: top;"&gt;
                &lt;span style="color: #2196f3; font-size: 18px; font-weight: bold;"&gt;22.12&lt;/span&gt;
                &lt;span style="color: #666; font-size: 12px; display: block; margin-top: 2px;"&gt;ppt&lt;/span&gt;
            &lt;/td&gt;
        &lt;/tr&gt;

        &lt;tr style="background: #f0f0f0;"&gt;
            &lt;td style="padding: 10px; vertical-align: top;"&gt;
                &lt;div style="font-weight: bold; margin-bottom: 5px;"&gt;
                    Sediment Accret &lt;span style="font-size: 14px;"&gt;↗️ &lt;span style="color: #666; font-size: 11px;"&gt;+18%&lt;/span&gt;&lt;/span&gt;
                &lt;/div&gt;
                &lt;div style="background: #ddd; border-radius: 10px; height: 8px; overflow: hidden;"&gt;
                    &lt;div style="background: #2196f3; height: 100%; width: 10.037467924669961%; transition: width 0.3s;"&gt;&lt;/div&gt;
                &lt;/div&gt;
                &lt;div style="font-size: 10px; color: #999; margin-top: 3px;"&gt;7d avg: 8.49 mm/yr&lt;/div&gt;
            &lt;/td&gt;
            &lt;td style="padding: 10px; text-align: right; vertical-align: top;"&gt;
                &lt;span style="color: #2196f3; font-size: 18px; font-weight: bold;"&gt;10.04&lt;/span&gt;
                &lt;span style="color: #666; font-size: 12px; display: block; margin-top: 2px;"&gt;mm/yr&lt;/span&gt;
            &lt;/td&gt;
        &lt;/tr&gt;

        &lt;tr style="background: #ffffff;"&gt;
            &lt;td style="padding: 10px; vertical-align: top;"&gt;
                &lt;div style="font-weight: bold; margin-bottom: 5px;"&gt;
                    Soil Moisture &lt;span style="font-size: 14px;"&gt;↗️ &lt;span style="color: #666; font-size: 11px;"&gt;+9%&lt;/span&gt;&lt;/span&gt;
                &lt;/div&gt;
                &lt;div style="background: #ddd; border-radius: 10px; height: 8px; overflow: hidden;"&gt;
                    &lt;div style="background: #2196f3; height: 100%; width: 73.59285269631178%; transition: width 0.3s;"&gt;&lt;/div&gt;
                &lt;/div&gt;
                &lt;div style="font-size: 10px; color: #999; margin-top: 3px;"&gt;7d avg: 67.54 %&lt;/div&gt;
            &lt;/td&gt;
            &lt;td style="padding: 10px; text-align: right; vertical-align: top;"&gt;
                &lt;span style="color: #2196f3; font-size: 18px; font-weight: bold;"&gt;73.59&lt;/span&gt;
                &lt;span style="color: #666; font-size: 12px; display: block; margin-top: 2px;"&gt;%&lt;/span&gt;
            &lt;/td&gt;
        &lt;/tr&gt;

        &lt;tr style="background: #f0f0f0;"&gt;
            &lt;td style="padding: 10px; vertical-align: top;"&gt;
                &lt;div style="font-weight: bold; margin-bottom: 5px;"&gt;
                    Tide Level &lt;span style="font-size: 14px;"&gt;↗️ &lt;span style="color: #666; font-size: 11px;"&gt;+44%&lt;/span&gt;&lt;/span&gt;
                &lt;/div&gt;
                &lt;div style="background: #ddd; border-radius: 10px; height: 8px; overflow: hidden;"&gt;
                    &lt;div style="background: #2196f3; height: 100%; width: 1.8465443205322194%; transition: width 0.3s;"&gt;&lt;/div&gt;
                &lt;/div&gt;
                &lt;div style="font-size: 10px; color: #999; margin-top: 3px;"&gt;7d avg: 1.28 m&lt;/div&gt;
            &lt;/td&gt;
            &lt;td style="padding: 10px; text-align: right; vertical-align: top;"&gt;
                &lt;span style="color: #2196f3; font-size: 18px; font-weight: bold;"&gt;1.85&lt;/span&gt;
                &lt;span style="color: #666; font-size: 12px; display: block; margin-top: 2px;"&gt;m&lt;/span&gt;
            &lt;/td&gt;
        &lt;/tr&gt;

        &lt;tr style="background: #ffffff;"&gt;
            &lt;td style="padding: 10px; vertical-align: top;"&gt;
                &lt;div style="font-weight: bold; margin-bottom: 5px;"&gt;
                    Turbidity &lt;span style="font-size: 14px;"&gt;↘️ &lt;span style="color: #666; font-size: 11px;"&gt;-22%&lt;/span&gt;&lt;/span&gt;
                &lt;/div&gt;
                &lt;div style="background: #ddd; border-radius: 10px; height: 8px; overflow: hidden;"&gt;
                    &lt;div style="background: #2196f3; height: 100%; width: 14.960376504600207%; transition: width 0.3s;"&gt;&lt;/div&gt;
                &lt;/div&gt;
                &lt;div style="font-size: 10px; color: #999; margin-top: 3px;"&gt;7d avg: 19.15 NTU&lt;/div&gt;
            &lt;/td&gt;
            &lt;td style="padding: 10px; text-align: right; vertical-align: top;"&gt;
                &lt;span style="color: #2196f3; font-size: 18px; font-weight: bold;"&gt;14.96&lt;/span&gt;
                &lt;span style="color: #666; font-size: 12px; display: block; margin-top: 2px;"&gt;NTU&lt;/span&gt;
            &lt;/td&gt;
        &lt;/tr&gt;

        &lt;tr style="background: #f0f0f0;"&gt;
            &lt;td style="padding: 10px; vertical-align: top;"&gt;
                &lt;div style="font-weight: bold; margin-bottom: 5px;"&gt;
                    Water Temp &lt;span style="font-size: 14px;"&gt;→ &lt;span style="color: #666; font-size: 11px;"&gt;stable&lt;/span&gt;&lt;/span&gt;
                &lt;/div&gt;
                &lt;div style="background: #ddd; border-radius: 10px; height: 8px; overflow: hidden;"&gt;
                    &lt;div style="background: #2196f3; height: 100%; width: 26.334289208337637%; transition: width 0.3s;"&gt;&lt;/div&gt;
                &lt;/div&gt;
                &lt;div style="font-size: 10px; color: #999; margin-top: 3px;"&gt;7d avg: 27.52 °C&lt;/div&gt;
            &lt;/td&gt;
            &lt;td style="padding: 10px; text-align: right; vertical-align: top;"&gt;
                &lt;span style="color: #2196f3; font-size: 18px; font-weight: bold;"&gt;26.33&lt;/span&gt;
                &lt;span style="color: #666; font-size: 12px; display: block; margin-top: 2px;"&gt;°C&lt;/span&gt;
            &lt;/td&gt;
        &lt;/tr&gt;

    &lt;/table&gt;
&lt;/div&gt;
&lt;/div&gt;]]&gt;</description>
      <Point>
        <coordinates>101.259929,2.98326,0</coordinates>
      </Point>
    </Placemark>
    <Placemark>
      <name />
      <styleUrl>#MANGROVE_ISLET</styleUrl>
      <description>&lt;![CDATA[
&lt;div style="font-family: Arial, sans-serif; width: 350px; padding: 15px;"&gt;
    &lt;h2 style="color: #2c5364; margin: 0 0 15px 0; font-size: 20px; border-bottom: 2px solid #4fc3f7; padding-bottom: 10px;"&gt;
        ISLET_010
    &lt;/h2&gt;
    &lt;table style="width: 100%; border-collapse: collapse; margin-bottom: 15px;"&gt;
        &lt;tr style="background: #f0f0f0;"&gt;
            &lt;td style="padding: 10px; font-weight: bold; width: 40%;"&gt;Type:&lt;/td&gt;
            &lt;td style="padding: 10px;"&gt;MANGROVE_ISLET&lt;/td&gt;
        &lt;/tr&gt;
        &lt;tr&gt;
            &lt;td style="padding: 10px; font-weight: bold;"&gt;Location:&lt;/td&gt;
            &lt;td style="padding: 10px; font-size: 12px;"&gt;2.985062°N&lt;br&gt;101.259929°E&lt;/td&gt;
        &lt;/tr&gt;
    &lt;/table&gt;
    
&lt;div style="background: #f8f9fa; padding: 15px; border-radius: 8px; margin-top: 10px;"&gt;
    &lt;h3 style="color: #2c5364; margin: 0 0 15px 0; font-size: 16px;"&gt;📊 Active Sensors (8)&lt;/h3&gt;
    &lt;table style="width: 100%; border-collapse: collapse;"&gt;

        &lt;tr style="background: #ffffff;"&gt;
            &lt;td style="padding: 10px; vertical-align: top;"&gt;
                &lt;div style="font-weight: bold; margin-bottom: 5px;"&gt;
                    Co2 Atmospheric &lt;span style="font-size: 14px;"&gt;→ &lt;span style="color: #666; font-size: 11px;"&gt;stable&lt;/span&gt;&lt;/span&gt;
                &lt;/div&gt;
                &lt;div style="background: #ddd; border-radius: 10px; height: 8px; overflow: hidden;"&gt;
                    &lt;div style="background: #2196f3; height: 100%; width: 100%; transition: width 0.3s;"&gt;&lt;/div&gt;
                &lt;/div&gt;
                &lt;div style="font-size: 10px; color: #999; margin-top: 3px;"&gt;7d avg: 415.72 ppm&lt;/div&gt;
            &lt;/td&gt;
            &lt;td style="padding: 10px; text-align: right; vertical-align: top;"&gt;
                &lt;span style="color: #2196f3; font-size: 18px; font-weight: bold;"&gt;401.67&lt;/span&gt;
                &lt;span style="color: #666; font-size: 12px; display: block; margin-top: 2px;"&gt;ppm&lt;/span&gt;
            &lt;/td&gt;
        &lt;/tr&gt;

        &lt;tr style="background: #f0f0f0;"&gt;
            &lt;td style="padding: 10px; vertical-align: top;"&gt;
                &lt;div style="font-weight: bold; margin-bottom: 5px;"&gt;
                    Dissolved Oxygen &lt;span style="font-size: 14px;"&gt;→ &lt;span style="color: #666; font-size: 11px;"&gt;stable&lt;/span&gt;&lt;/span&gt;
                &lt;/div&gt;
                &lt;div style="background: #ddd; border-radius: 10px; height: 8px; overflow: hidden;"&gt;
                    &lt;div style="background: #2196f3; height: 100%; width: 7.010511994903659%; transition: width 0.3s;"&gt;&lt;/div&gt;
                &lt;/div&gt;
                &lt;div style="font-size: 10px; color: #999; margin-top: 3px;"&gt;7d avg: 6.72 mg/L&lt;/div&gt;
            &lt;/td&gt;
            &lt;td style="padding: 10px; text-align: right; vertical-align: top;"&gt;
                &lt;span style="color: #2196f3; font-size: 18px; font-weight: bold;"&gt;7.01&lt;/span&gt;
                &lt;span style="color: #666; font-size: 12px; display: block; margin-top: 2px;"&gt;mg/L&lt;/span&gt;
            &lt;/td&gt;
        &lt;/tr&gt;

        &lt;tr style="background: #ffffff;"&gt;
            &lt;td style="padding: 10px; vertical-align: top;"&gt;
                &lt;div style="font-weight: bold; margin-bottom: 5px;"&gt;
                    Salinity &lt;span style="font-size: 14px;"&gt;↗️ &lt;span style="color: #666; font-size: 11px;"&gt;+18%&lt;/span&gt;&lt;/span&gt;
                &lt;/div&gt;
                &lt;div style="background: #ddd; border-radius: 10px; height: 8px; overflow: hidden;"&gt;
                    &lt;div style="background: #2196f3; height: 100%; width: 30.996881290714384%; transition: width 0.3s;"&gt;&lt;/div&gt;
                &lt;/div&gt;
                &lt;div style="font-size: 10px; color: #999; margin-top: 3px;"&gt;7d avg: 26.31 ppt&lt;/div&gt;
            &lt;/td&gt;
            &lt;td style="padding: 10px; text-align: right; vertical-align: top;"&gt;
                &lt;span style="color: #2196f3; font-size: 18px; font-weight: bold;"&gt;31.00&lt;/span&gt;
                &lt;span style="color: #666; font-size: 12px; display: block; margin-top: 2px;"&gt;ppt&lt;/span&gt;
            &lt;/td&gt;
        &lt;/tr&gt;

        &lt;tr style="background: #f0f0f0;"&gt;
            &lt;td style="padding: 10px; vertical-align: top;"&gt;
                &lt;div style="font-weight: bold; margin-bottom: 5px;"&gt;
                    Sediment Accret &lt;span style="font-size: 14px;"&gt;↘️ &lt;span style="color: #666; font-size: 11px;"&gt;-35%&lt;/span&gt;&lt;/span&gt;
                &lt;/div&gt;
                &lt;div style="background: #ddd; border-radius: 10px; height: 8px; overflow: hidden;"&gt;
                    &lt;div style="background: #2196f3; height: 100%; width: 5.759859450312387%; transition: width 0.3s;"&gt;&lt;/div&gt;
                &lt;/div&gt;
                &lt;div style="font-size: 10px; color: #999; margin-top: 3px;"&gt;7d avg: 8.88 mm/yr&lt;/div&gt;
            &lt;/td&gt;
            &lt;td style="padding: 10px; text-align: right; vertical-align: top;"&gt;
                &lt;span style="color: #2196f3; font-size: 18px; font-weight: bold;"&gt;5.76&lt;/span&gt;
                &lt;span style="color: #666; font-size: 12px; display: block; margin-top: 2px;"&gt;mm/yr&lt;/span&gt;
            &lt;/td&gt;
        &lt;/tr&gt;

        &lt;tr style="background: #ffffff;"&gt;
            &lt;td style="padding: 10px; vertical-align: top;"&gt;
                &lt;div style="font-weight: bold; margin-bottom: 5px;"&gt;
                    Soil Moisture &lt;span style="font-size: 14px;"&gt;↗️ &lt;span style="color: #666; font-size: 11px;"&gt;+12%&lt;/span&gt;&lt;/span&gt;
                &lt;/div&gt;
                &lt;div style="background: #ddd; border-radius: 10px; height: 8px; overflow: hidden;"&gt;
                    &lt;div style="background: #2196f3; height: 100%; width: 73.3865804371599%; transition: width 0.3s;"&gt;&lt;/div&gt;
                &lt;/div&gt;
                &lt;div style="font-size: 10px; color: #999; margin-top: 3px;"&gt;7d avg: 65.72 %&lt;/div&gt;
            &lt;/td&gt;
            &lt;td style="padding: 10px; text-align: right; vertical-align: top;"&gt;
                &lt;span style="color: #2196f3; font-size: 18px; font-weight: bold;"&gt;73.39&lt;/span&gt;
                &lt;span style="color: #666; font-size: 12px; display: block; margin-top: 2px;"&gt;%&lt;/span&gt;
            &lt;/td&gt;
        &lt;/tr&gt;

        &lt;tr style="background: #f0f0f0;"&gt;
            &lt;td style="padding: 10px; vertical-align: top;"&gt;
                &lt;div style="font-weight: bold; margin-bottom: 5px;"&gt;
                    Tide Level &lt;span style="font-size: 14px;"&gt;↘️ &lt;span style="color: #666; font-size: 11px;"&gt;-33%&lt;/span&gt;&lt;/span&gt;
                &lt;/div&gt;
                &lt;div style="background: #ddd; border-radius: 10px; height: 8px; overflow: hidden;"&gt;
                    &lt;div style="background: #2196f3; height: 100%; width: 0.7045550855428039%; transition: width 0.3s;"&gt;&lt;/div&gt;
                &lt;/div&gt;
                &lt;div style="font-size: 10px; color: #999; margin-top: 3px;"&gt;7d avg: 1.06 m&lt;/div&gt;
            &lt;/td&gt;
            &lt;td style="padding: 10px; text-align: right; vertical-align: top;"&gt;
                &lt;span style="color: #2196f3; font-size: 18px; font-weight: bold;"&gt;0.70&lt;/span&gt;
                &lt;span style="color: #666; font-size: 12px; display: block; margin-top: 2px;"&gt;m&lt;/span&gt;
            &lt;/td&gt;
        &lt;/tr&gt;

        &lt;tr style="background: #ffffff;"&gt;
            &lt;td style="padding: 10px; vertical-align: top;"&gt;
                &lt;div style="font-weight: bold; margin-bottom: 5px;"&gt;
                    Turbidity &lt;span style="font-size: 14px;"&gt;↗️ &lt;span style="color: #666; font-size: 11px;"&gt;+29%&lt;/span&gt;&lt;/span&gt;
                &lt;/div&gt;
                &lt;div style="background: #ddd; border-radius: 10px; height: 8px; overflow: hidden;"&gt;
                    &lt;div style="background: #2196f3; height: 100%; width: 25.60211403673226%; transition: width 0.3s;"&gt;&lt;/div&gt;
                &lt;/div&gt;
                &lt;div style="font-size: 10px; color: #999; margin-top: 3px;"&gt;7d avg: 19.82 NTU&lt;/div&gt;
            &lt;/td&gt;
            &lt;td style="padding: 10px; text-align: right; vertical-align: top;"&gt;
                &lt;span style="color: #2196f3; font-size: 18px; font-weight: bold;"&gt;25.60&lt;/span&gt;
                &lt;span style="color: #666; font-size: 12px; display: block; margin-top: 2px;"&gt;NTU&lt;/span&gt;
            &lt;/td&gt;
        &lt;/tr&gt;

        &lt;tr style="background: #f0f0f0;"&gt;
            &lt;td style="padding: 10px; vertical-align: top;"&gt;
                &lt;div style="font-weight: bold; margin-bottom: 5px;"&gt;
                    Water Temp &lt;span style="font-size: 14px;"&gt;↘️ &lt;span style="color: #666; font-size: 11px;"&gt;-5%&lt;/span&gt;&lt;/span&gt;
                &lt;/div&gt;
                &lt;div style="background: #ddd; border-radius: 10px; height: 8px; overflow: hidden;"&gt;
                    &lt;div style="background: #2196f3; height: 100%; width: 26.295830655121932%; transition: width 0.3s;"&gt;&lt;/div&gt;
                &lt;/div&gt;
                &lt;div style="font-size: 10px; color: #999; margin-top: 3px;"&gt;7d avg: 27.72 °C&lt;/div&gt;
            &lt;/td&gt;
            &lt;td style="padding: 10px; text-align: right; vertical-align: top;"&gt;
                &lt;span style="color: #2196f3; font-size: 18px; font-weight: bold;"&gt;26.30&lt;/span&gt;
                &lt;span style="color: #666; font-size: 12px; display: block; margin-top: 2px;"&gt;°C&lt;/span&gt;
            &lt;/td&gt;
        &lt;/tr&gt;

    &lt;/table&gt;
&lt;/div&gt;
&lt;/div&gt;]]&gt;</description>
      <Point>
        <coordinates>101.259929,2.985062,0</coordinates>
      </Point>
    </Placemark>
    <Placemark>
      <name />
      <styleUrl>#MANGROVE_ISLET</styleUrl>
      <description>&lt;![CDATA[
&lt;div style="font-family: Arial, sans-serif; width: 350px; padding: 15px;"&gt;
    &lt;h2 style="color: #2c5364; margin: 0 0 15px 0; font-size: 20px; border-bottom: 2px solid #4fc3f7; padding-bottom: 10px;"&gt;
        ISLET_011
    &lt;/h2&gt;
    &lt;table style="width: 100%; border-collapse: collapse; margin-bottom: 15px;"&gt;
        &lt;tr style="background: #f0f0f0;"&gt;
            &lt;td style="padding: 10px; font-weight: bold; width: 40%;"&gt;Type:&lt;/td&gt;
            &lt;td style="padding: 10px;"&gt;MANGROVE_ISLET&lt;/td&gt;
        &lt;/tr&gt;
        &lt;tr&gt;
            &lt;td style="padding: 10px; font-weight: bold;"&gt;Location:&lt;/td&gt;
            &lt;td style="padding: 10px; font-size: 12px;"&gt;2.986864°N&lt;br&gt;101.259929°E&lt;/td&gt;
        &lt;/tr&gt;
    &lt;/table&gt;
    
&lt;div style="background: #f8f9fa; padding: 15px; border-radius: 8px; margin-top: 10px;"&gt;
    &lt;h3 style="color: #2c5364; margin: 0 0 15px 0; font-size: 16px;"&gt;📊 Active Sensors (8)&lt;/h3&gt;
    &lt;table style="width: 100%; border-collapse: collapse;"&gt;

        &lt;tr style="background: #ffffff;"&gt;
            &lt;td style="padding: 10px; vertical-align: top;"&gt;
                &lt;div style="font-weight: bold; margin-bottom: 5px;"&gt;
                    Co2 Atmospheric &lt;span style="font-size: 14px;"&gt;→ &lt;span style="color: #666; font-size: 11px;"&gt;stable&lt;/span&gt;&lt;/span&gt;
                &lt;/div&gt;
                &lt;div style="background: #ddd; border-radius: 10px; height: 8px; overflow: hidden;"&gt;
                    &lt;div style="background: #2196f3; height: 100%; width: 100%; transition: width 0.3s;"&gt;&lt;/div&gt;
                &lt;/div&gt;
                &lt;div style="font-size: 10px; color: #999; margin-top: 3px;"&gt;7d avg: 411.24 ppm&lt;/div&gt;
            &lt;/td&gt;
            &lt;td style="padding: 10px; text-align: right; vertical-align: top;"&gt;
                &lt;span style="color: #2196f3; font-size: 18px; font-weight: bold;"&gt;408.23&lt;/span&gt;
                &lt;span style="color: #666; font-size: 12px; display: block; margin-top: 2px;"&gt;ppm&lt;/span&gt;
            &lt;/td&gt;
        &lt;/tr&gt;

        &lt;tr style="background: #f0f0f0;"&gt;
            &lt;td style="padding: 10px; vertical-align: top;"&gt;
                &lt;div style="font-weight: bold; margin-bottom: 5px;"&gt;
                    Dissolved Oxygen &lt;span style="font-size: 14px;"&gt;→ &lt;span style="color: #666; font-size: 11px;"&gt;stable&lt;/span&gt;&lt;/span&gt;
                &lt;/div&gt;
                &lt;div style="background: #ddd; border-radius: 10px; height: 8px; overflow: hidden;"&gt;
                    &lt;div style="background: #2196f3; height: 100%; width: 6.450529065249939%; transition: width 0.3s;"&gt;&lt;/div&gt;
                &lt;/div&gt;
                &lt;div style="font-size: 10px; color: #999; margin-top: 3px;"&gt;7d avg: 6.51 mg/L&lt;/div&gt;
            &lt;/td&gt;
            &lt;td style="padding: 10px; text-align: right; vertical-align: top;"&gt;
                &lt;span style="color: #2196f3; font-size: 18px; font-weight: bold;"&gt;6.45&lt;/span&gt;
                &lt;span style="color: #666; font-size: 12px; display: block; margin-top: 2px;"&gt;mg/L&lt;/span&gt;
            &lt;/td&gt;
        &lt;/tr&gt;

        &lt;tr style="background: #ffffff;"&gt;
            &lt;td style="padding: 10px; vertical-align: top;"&gt;
                &lt;div style="font-weight: bold; margin-bottom: 5px;"&gt;
                    Salinity &lt;span style="font-size: 14px;"&gt;↗️ &lt;span style="color: #666; font-size: 11px;"&gt;+8%&lt;/span&gt;&lt;/span&gt;
                &lt;/div&gt;
                &lt;div style="background: #ddd; border-radius: 10px; height: 8px; overflow: hidden;"&gt;
                    &lt;div style="background: #2196f3; height: 100%; width: 29.601095945396143%; transition: width 0.3s;"&gt;&lt;/div&gt;
                &lt;/div&gt;
                &lt;div style="font-size: 10px; color: #999; margin-top: 3px;"&gt;7d avg: 27.53 ppt&lt;/div&gt;
            &lt;/td&gt;
            &lt;td style="padding: 10px; text-align: right; vertical-align: top;"&gt;
                &lt;span style="color: #2196f3; font-size: 18px; font-weight: bold;"&gt;29.60&lt;/span&gt;
                &lt;span style="color: #666; font-size: 12px; display: block; margin-top: 2px;"&gt;ppt&lt;/span&gt;
            &lt;/td&gt;
        &lt;/tr&gt;

        &lt;tr style="background: #f0f0f0;"&gt;
            &lt;td style="padding: 10px; vertical-align: top;"&gt;
                &lt;div style="font-weight: bold; margin-bottom: 5px;"&gt;
                    Sediment Accret &lt;span style="font-size: 14px;"&gt;↗️ &lt;span style="color: #666; font-size: 11px;"&gt;+16%&lt;/span&gt;&lt;/span&gt;
                &lt;/div&gt;
                &lt;div style="background: #ddd; border-radius: 10px; height: 8px; overflow: hidden;"&gt;
                    &lt;div style="background: #2196f3; height: 100%; width: 10.355422562511468%; transition: width 0.3s;"&gt;&lt;/div&gt;
                &lt;/div&gt;
                &lt;div style="font-size: 10px; color: #999; margin-top: 3px;"&gt;7d avg: 8.90 mm/yr&lt;/div&gt;
            &lt;/td&gt;
            &lt;td style="padding: 10px; text-align: right; vertical-align: top;"&gt;
                &lt;span style="color: #2196f3; font-size: 18px; font-weight: bold;"&gt;10.36&lt;/span&gt;
                &lt;span style="color: #666; font-size: 12px; display: block; margin-top: 2px;"&gt;mm/yr&lt;/span&gt;
            &lt;/td&gt;
        &lt;/tr&gt;

        &lt;tr style="background: #ffffff;"&gt;
            &lt;td style="padding: 10px; vertical-align: top;"&gt;
                &lt;div style="font-weight: bold; margin-bottom: 5px;"&gt;
                    Soil Moisture &lt;span style="font-size: 14px;"&gt;↗️ &lt;span style="color: #666; font-size: 11px;"&gt;+6%&lt;/span&gt;&lt;/span&gt;
                &lt;/div&gt;
                &lt;div style="background: #ddd; border-radius: 10px; height: 8px; overflow: hidden;"&gt;
                    &lt;div style="background: #2196f3; height: 100%; width: 72.72707455420765%; transition: width 0.3s;"&gt;&lt;/div&gt;
                &lt;/div&gt;
                &lt;div style="font-size: 10px; color: #999; margin-top: 3px;"&gt;7d avg: 68.58 %&lt;/div&gt;
            &lt;/td&gt;
            &lt;td style="padding: 10px; text-align: right; vertical-align: top;"&gt;
                &lt;span style="color: #2196f3; font-size: 18px; font-weight: bold;"&gt;72.73&lt;/span&gt;
                &lt;span style="color: #666; font-size: 12px; display: block; margin-top: 2px;"&gt;%&lt;/span&gt;
            &lt;/td&gt;
        &lt;/tr&gt;

        &lt;tr style="background: #f0f0f0;"&gt;
            &lt;td style="padding: 10px; vertical-align: top;"&gt;
                &lt;div style="font-weight: bold; margin-bottom: 5px;"&gt;
                    Tide Level &lt;span style="font-size: 14px;"&gt;↗️ &lt;span style="color: #666; font-size: 11px;"&gt;+7%&lt;/span&gt;&lt;/span&gt;
                &lt;/div&gt;
                &lt;div style="background: #ddd; border-radius: 10px; height: 8px; overflow: hidden;"&gt;
                    &lt;div style="background: #2196f3; height: 100%; width: 1.8185880386806643%; transition: width 0.3s;"&gt;&lt;/div&gt;
                &lt;/div&gt;
                &lt;div style="font-size: 10px; color: #999; margin-top: 3px;"&gt;7d avg: 1.70 m&lt;/div&gt;
            &lt;/td&gt;
            &lt;td style="padding: 10px; text-align: right; vertical-align: top;"&gt;
                &lt;span style="color: #2196f3; font-size: 18px; font-weight: bold;"&gt;1.82&lt;/span&gt;
                &lt;span style="color: #666; font-size: 12px; display: block; margin-top: 2px;"&gt;m&lt;/span&gt;
            &lt;/td&gt;
        &lt;/tr&gt;

        &lt;tr style="background: #ffffff;"&gt;
            &lt;td style="padding: 10px; vertical-align: top;"&gt;
                &lt;div style="font-weight: bold; margin-bottom: 5px;"&gt;
                    Turbidity &lt;span style="font-size: 14px;"&gt;↘️ &lt;span style="color: #666; font-size: 11px;"&gt;-20%&lt;/span&gt;&lt;/span&gt;
                &lt;/div&gt;
                &lt;div style="background: #ddd; border-radius: 10px; height: 8px; overflow: hidden;"&gt;
                    &lt;div style="background: #2196f3; height: 100%; width: 15.11182692859582%; transition: width 0.3s;"&gt;&lt;/div&gt;
                &lt;/div&gt;
                &lt;div style="font-size: 10px; color: #999; margin-top: 3px;"&gt;7d avg: 18.97 NTU&lt;/div&gt;
            &lt;/td&gt;
            &lt;td style="padding: 10px; text-align: right; vertical-align: top;"&gt;
                &lt;span style="color: #2196f3; font-size: 18px; font-weight: bold;"&gt;15.11&lt;/span&gt;
                &lt;span style="color: #666; font-size: 12px; display: block; margin-top: 2px;"&gt;NTU&lt;/span&gt;
            &lt;/td&gt;
        &lt;/tr&gt;

        &lt;tr style="background: #f0f0f0;"&gt;
            &lt;td style="padding: 10px; vertical-align: top;"&gt;
                &lt;div style="font-weight: bold; margin-bottom: 5px;"&gt;
                    Water Temp &lt;span style="font-size: 14px;"&gt;→ &lt;span style="color: #666; font-size: 11px;"&gt;stable&lt;/span&gt;&lt;/span&gt;
                &lt;/div&gt;
                &lt;div style="background: #ddd; border-radius: 10px; height: 8px; overflow: hidden;"&gt;
                    &lt;div style="background: #2196f3; height: 100%; width: 29.86843540791876%; transition: width 0.3s;"&gt;&lt;/div&gt;
                &lt;/div&gt;
                &lt;div style="font-size: 10px; color: #999; margin-top: 3px;"&gt;7d avg: 28.57 °C&lt;/div&gt;
            &lt;/td&gt;
            &lt;td style="padding: 10px; text-align: right; vertical-align: top;"&gt;
                &lt;span style="color: #2196f3; font-size: 18px; font-weight: bold;"&gt;29.87&lt;/span&gt;
                &lt;span style="color: #666; font-size: 12px; display: block; margin-top: 2px;"&gt;°C&lt;/span&gt;
            &lt;/td&gt;
        &lt;/tr&gt;

    &lt;/table&gt;
&lt;/div&gt;
&lt;/div&gt;]]&gt;</description>
      <Point>
        <coordinates>101.259929,2.986864,0</coordinates>
      </Point>
    </Placemark>
    <Placemark>
      <name />
      <styleUrl>#MANGROVE_ISLET</styleUrl>
      <description>&lt;![CDATA[
&lt;div style="font-family: Arial, sans-serif; width: 350px; padding: 15px;"&gt;
    &lt;h2 style="color: #2c5364; margin: 0 0 15px 0; font-size: 20px; border-bottom: 2px solid #4fc3f7; padding-bottom: 10px;"&gt;
        ISLET_012
    &lt;/h2&gt;
    &lt;table style="width: 100%; border-collapse: collapse; margin-bottom: 15px;"&gt;
        &lt;tr style="background: #f0f0f0;"&gt;
            &lt;td style="padding: 10px; font-weight: bold; width: 40%;"&gt;Type:&lt;/td&gt;
            &lt;td style="padding: 10px;"&gt;MANGROVE_ISLET&lt;/td&gt;
        &lt;/tr&gt;
        &lt;tr&gt;
            &lt;td style="padding: 10px; font-weight: bold;"&gt;Location:&lt;/td&gt;
            &lt;td style="padding: 10px; font-size: 12px;"&gt;2.988665°N&lt;br&gt;101.259929°E&lt;/td&gt;
        &lt;/tr&gt;
    &lt;/table&gt;
    
&lt;div style="background: #f8f9fa; padding: 15px; border-radius: 8px; margin-top: 10px;"&gt;
    &lt;h3 style="color: #2c5364; margin: 0 0 15px 0; font-size: 16px;"&gt;📊 Active Sensors (8)&lt;/h3&gt;
    &lt;table style="width: 100%; border-collapse: collapse;"&gt;

        &lt;tr style="background: #ffffff;"&gt;
            &lt;td style="padding: 10px; vertical-align: top;"&gt;
                &lt;div style="font-weight: bold; margin-bottom: 5px;"&gt;
                    Co2 Atmospheric &lt;span style="font-size: 14px;"&gt;→ &lt;span style="color: #666; font-size: 11px;"&gt;stable&lt;/span&gt;&lt;/span&gt;
                &lt;/div&gt;
                &lt;div style="background: #ddd; border-radius: 10px; height: 8px; overflow: hidden;"&gt;
                    &lt;div style="background: #2196f3; height: 100%; width: 100%; transition: width 0.3s;"&gt;&lt;/div&gt;
                &lt;/div&gt;
                &lt;div style="font-size: 10px; color: #999; margin-top: 3px;"&gt;7d avg: 414.63 ppm&lt;/div&gt;
            &lt;/td&gt;
            &lt;td style="padding: 10px; text-align: right; vertical-align: top;"&gt;
                &lt;span style="color: #2196f3; font-size: 18px; font-weight: bold;"&gt;427.29&lt;/span&gt;
                &lt;span style="color: #666; font-size: 12px; display: block; margin-top: 2px;"&gt;ppm&lt;/span&gt;
            &lt;/td&gt;
        &lt;/tr&gt;

        &lt;tr style="background: #f0f0f0;"&gt;
            &lt;td style="padding: 10px; vertical-align: top;"&gt;
                &lt;div style="font-weight: bold; margin-bottom: 5px;"&gt;
                    Dissolved Oxygen &lt;span style="font-size: 14px;"&gt;→ &lt;span style="color: #666; font-size: 11px;"&gt;stable&lt;/span&gt;&lt;/span&gt;
                &lt;/div&gt;
                &lt;div style="background: #ddd; border-radius: 10px; height: 8px; overflow: hidden;"&gt;
                    &lt;div style="background: #2196f3; height: 100%; width: 6.847375586424192%; transition: width 0.3s;"&gt;&lt;/div&gt;
                &lt;/div&gt;
                &lt;div style="font-size: 10px; color: #999; margin-top: 3px;"&gt;7d avg: 6.83 mg/L&lt;/div&gt;
            &lt;/td&gt;
            &lt;td style="padding: 10px; text-align: right; vertical-align: top;"&gt;
                &lt;span style="color: #2196f3; font-size: 18px; font-weight: bold;"&gt;6.85&lt;/span&gt;
                &lt;span style="color: #666; font-size: 12px; display: block; margin-top: 2px;"&gt;mg/L&lt;/span&gt;
            &lt;/td&gt;
        &lt;/tr&gt;

        &lt;tr style="background: #ffffff;"&gt;
            &lt;td style="padding: 10px; vertical-align: top;"&gt;
                &lt;div style="font-weight: bold; margin-bottom: 5px;"&gt;
                    Salinity &lt;span style="font-size: 14px;"&gt;↗️ &lt;span style="color: #666; font-size: 11px;"&gt;+7%&lt;/span&gt;&lt;/span&gt;
                &lt;/div&gt;
                &lt;div style="background: #ddd; border-radius: 10px; height: 8px; overflow: hidden;"&gt;
                    &lt;div style="background: #2196f3; height: 100%; width: 28.82038424106129%; transition: width 0.3s;"&gt;&lt;/div&gt;
                &lt;/div&gt;
                &lt;div style="font-size: 10px; color: #999; margin-top: 3px;"&gt;7d avg: 26.89 ppt&lt;/div&gt;
            &lt;/td&gt;
            &lt;td style="padding: 10px; text-align: right; vertical-align: top;"&gt;
                &lt;span style="color: #2196f3; font-size: 18px; font-weight: bold;"&gt;28.82&lt;/span&gt;
                &lt;span style="color: #666; font-size: 12px; display: block; margin-top: 2px;"&gt;ppt&lt;/span&gt;
            &lt;/td&gt;
        &lt;/tr&gt;

        &lt;tr style="background: #f0f0f0;"&gt;
            &lt;td style="padding: 10px; vertical-align: top;"&gt;
                &lt;div style="font-weight: bold; margin-bottom: 5px;"&gt;
                    Sediment Accret &lt;span style="font-size: 14px;"&gt;↘️ &lt;span style="color: #666; font-size: 11px;"&gt;-21%&lt;/span&gt;&lt;/span&gt;
                &lt;/div&gt;
                &lt;div style="background: #ddd; border-radius: 10px; height: 8px; overflow: hidden;"&gt;
                    &lt;div style="background: #2196f3; height: 100%; width: 6.580235858422847%; transition: width 0.3s;"&gt;&lt;/div&gt;
                &lt;/div&gt;
                &lt;div style="font-size: 10px; color: #999; margin-top: 3px;"&gt;7d avg: 8.28 mm/yr&lt;/div&gt;
            &lt;/td&gt;
            &lt;td style="padding: 10px; text-align: right; vertical-align: top;"&gt;
                &lt;span style="color: #2196f3; font-size: 18px; font-weight: bold;"&gt;6.58&lt;/span&gt;
                &lt;span style="color: #666; font-size: 12px; display: block; margin-top: 2px;"&gt;mm/yr&lt;/span&gt;
            &lt;/td&gt;
        &lt;/tr&gt;

        &lt;tr style="background: #ffffff;"&gt;
            &lt;td style="padding: 10px; vertical-align: top;"&gt;
                &lt;div style="font-weight: bold; margin-bottom: 5px;"&gt;
                    Soil Moisture &lt;span style="font-size: 14px;"&gt;→ &lt;span style="color: #666; font-size: 11px;"&gt;stable&lt;/span&gt;&lt;/span&gt;
                &lt;/div&gt;
                &lt;div style="background: #ddd; border-radius: 10px; height: 8px; overflow: hidden;"&gt;
                    &lt;div style="background: #2196f3; height: 100%; width: 71.22051645992296%; transition: width 0.3s;"&gt;&lt;/div&gt;
                &lt;/div&gt;
                &lt;div style="font-size: 10px; color: #999; margin-top: 3px;"&gt;7d avg: 72.83 %&lt;/div&gt;
            &lt;/td&gt;
            &lt;td style="padding: 10px; text-align: right; vertical-align: top;"&gt;
                &lt;span style="color: #2196f3; font-size: 18px; font-weight: bold;"&gt;71.22&lt;/span&gt;
                &lt;span style="color: #666; font-size: 12px; display: block; margin-top: 2px;"&gt;%&lt;/span&gt;
            &lt;/td&gt;
        &lt;/tr&gt;

        &lt;tr style="background: #f0f0f0;"&gt;
            &lt;td style="padding: 10px; vertical-align: top;"&gt;
                &lt;div style="font-weight: bold; margin-bottom: 5px;"&gt;
                    Tide Level &lt;span style="font-size: 14px;"&gt;↗️ &lt;span style="color: #666; font-size: 11px;"&gt;+27%&lt;/span&gt;&lt;/span&gt;
                &lt;/div&gt;
                &lt;div style="background: #ddd; border-radius: 10px; height: 8px; overflow: hidden;"&gt;
                    &lt;div style="background: #2196f3; height: 100%; width: 2.6171552057176855%; transition: width 0.3s;"&gt;&lt;/div&gt;
                &lt;/div&gt;
                &lt;div style="font-size: 10px; color: #999; margin-top: 3px;"&gt;7d avg: 2.06 m&lt;/div&gt;
            &lt;/td&gt;
            &lt;td style="padding: 10px; text-align: right; vertical-align: top;"&gt;
                &lt;span style="color: #2196f3; font-size: 18px; font-weight: bold;"&gt;2.62&lt;/span&gt;
                &lt;span style="color: #666; font-size: 12px; display: block; margin-top: 2px;"&gt;m&lt;/span&gt;
            &lt;/td&gt;
        &lt;/tr&gt;

        &lt;tr style="background: #ffffff;"&gt;
            &lt;td style="padding: 10px; vertical-align: top;"&gt;
                &lt;div style="font-weight: bold; margin-bottom: 5px;"&gt;
                    Turbidity &lt;span style="font-size: 14px;"&gt;↗️ &lt;span style="color: #666; font-size: 11px;"&gt;+73%&lt;/span&gt;&lt;/span&gt;
                &lt;/div&gt;
                &lt;div style="background: #ddd; border-radius: 10px; height: 8px; overflow: hidden;"&gt;
                    &lt;div style="background: #2196f3; height: 100%; width: 39.50609758251102%; transition: width 0.3s;"&gt;&lt;/div&gt;
                &lt;/div&gt;
                &lt;div style="font-size: 10px; color: #999; margin-top: 3px;"&gt;7d avg: 22.87 NTU&lt;/div&gt;
            &lt;/td&gt;
            &lt;td style="padding: 10px; text-align: right; vertical-align: top;"&gt;
                &lt;span style="color: #2196f3; font-size: 18px; font-weight: bold;"&gt;39.51&lt;/span&gt;
                &lt;span style="color: #666; font-size: 12px; display: block; margin-top: 2px;"&gt;NTU&lt;/span&gt;
            &lt;/td&gt;
        &lt;/tr&gt;

        &lt;tr style="background: #f0f0f0;"&gt;
            &lt;td style="padding: 10px; vertical-align: top;"&gt;
                &lt;div style="font-weight: bold; margin-bottom: 5px;"&gt;
                    Water Temp &lt;span style="font-size: 14px;"&gt;→ &lt;span style="color: #666; font-size: 11px;"&gt;stable&lt;/span&gt;&lt;/span&gt;
                &lt;/div&gt;
                &lt;div style="background: #ddd; border-radius: 10px; height: 8px; overflow: hidden;"&gt;
                    &lt;div style="background: #2196f3; height: 100%; width: 26.49284691058678%; transition: width 0.3s;"&gt;&lt;/div&gt;
                &lt;/div&gt;
                &lt;div style="font-size: 10px; color: #999; margin-top: 3px;"&gt;7d avg: 26.68 °C&lt;/div&gt;
            &lt;/td&gt;
            &lt;td style="padding: 10px; text-align: right; vertical-align: top;"&gt;
                &lt;span style="color: #2196f3; font-size: 18px; font-weight: bold;"&gt;26.49&lt;/span&gt;
                &lt;span style="color: #666; font-size: 12px; display: block; margin-top: 2px;"&gt;°C&lt;/span&gt;
            &lt;/td&gt;
        &lt;/tr&gt;

    &lt;/table&gt;
&lt;/div&gt;
&lt;/div&gt;]]&gt;</description>
      <Point>
        <coordinates>101.259929,2.988665,0</coordinates>
      </Point>
    </Placemark>
    <Placemark>
      <name />
      <styleUrl>#mrf</styleUrl>
      <description>&lt;![CDATA[
&lt;div style="font-family: Arial, sans-serif; width: 350px; padding: 15px;"&gt;
    &lt;h2 style="color: #2c5364; margin: 0 0 15px 0; font-size: 20px; border-bottom: 2px solid #4fc3f7; padding-bottom: 10px;"&gt;
        MRF_001
    &lt;/h2&gt;
    &lt;table style="width: 100%; border-collapse: collapse; margin-bottom: 15px;"&gt;
        &lt;tr style="background: #f0f0f0;"&gt;
            &lt;td style="padding: 10px; font-weight: bold; width: 40%;"&gt;Type:&lt;/td&gt;
            &lt;td style="padding: 10px;"&gt;MRF&lt;/td&gt;
        &lt;/tr&gt;
        &lt;tr&gt;
            &lt;td style="padding: 10px; font-weight: bold;"&gt;Location:&lt;/td&gt;
            &lt;td style="padding: 10px; font-size: 12px;"&gt;3.039144°N&lt;br&gt;101.529921°E&lt;/td&gt;
        &lt;/tr&gt;
    &lt;/table&gt;
    
&lt;div style="background: #f8f9fa; padding: 15px; border-radius: 8px; margin-top: 10px;"&gt;
    &lt;h3 style="color: #2c5364; margin: 0 0 15px 0; font-size: 16px;"&gt;📊 Active Sensors (8)&lt;/h3&gt;
    &lt;table style="width: 100%; border-collapse: collapse;"&gt;

        &lt;tr style="background: #ffffff;"&gt;
            &lt;td style="padding: 10px; vertical-align: top;"&gt;
                &lt;div style="font-weight: bold; margin-bottom: 5px;"&gt;
                    Conductivity &lt;span style="font-size: 14px;"&gt;↗️ &lt;span style="color: #666; font-size: 11px;"&gt;+33%&lt;/span&gt;&lt;/span&gt;
                &lt;/div&gt;
                &lt;div style="background: #ddd; border-radius: 10px; height: 8px; overflow: hidden;"&gt;
                    &lt;div style="background: #2196f3; height: 100%; width: 100%; transition: width 0.3s;"&gt;&lt;/div&gt;
                &lt;/div&gt;
                &lt;div style="font-size: 10px; color: #999; margin-top: 3px;"&gt;7d avg: 608.16 μS/cm&lt;/div&gt;
            &lt;/td&gt;
            &lt;td style="padding: 10px; text-align: right; vertical-align: top;"&gt;
                &lt;span style="color: #2196f3; font-size: 18px; font-weight: bold;"&gt;810.88&lt;/span&gt;
                &lt;span style="color: #666; font-size: 12px; display: block; margin-top: 2px;"&gt;μS/cm&lt;/span&gt;
            &lt;/td&gt;
        &lt;/tr&gt;

        &lt;tr style="background: #f0f0f0;"&gt;
            &lt;td style="padding: 10px; vertical-align: top;"&gt;
                &lt;div style="font-weight: bold; margin-bottom: 5px;"&gt;
                    Depth Gauge &lt;span style="font-size: 14px;"&gt;↗️ &lt;span style="color: #666; font-size: 11px;"&gt;+8%&lt;/span&gt;&lt;/span&gt;
                &lt;/div&gt;
                &lt;div style="background: #ddd; border-radius: 10px; height: 8px; overflow: hidden;"&gt;
                    &lt;div style="background: #2196f3; height: 100%; width: 3.384976345549672%; transition: width 0.3s;"&gt;&lt;/div&gt;
                &lt;/div&gt;
                &lt;div style="font-size: 10px; color: #999; margin-top: 3px;"&gt;7d avg: 3.14 m&lt;/div&gt;
            &lt;/td&gt;
            &lt;td style="padding: 10px; text-align: right; vertical-align: top;"&gt;
                &lt;span style="color: #2196f3; font-size: 18px; font-weight: bold;"&gt;3.38&lt;/span&gt;
                &lt;span style="color: #666; font-size: 12px; display: block; margin-top: 2px;"&gt;m&lt;/span&gt;
            &lt;/td&gt;
        &lt;/tr&gt;

        &lt;tr style="background: #ffffff;"&gt;
            &lt;td style="padding: 10px; vertical-align: top;"&gt;
                &lt;div style="font-weight: bold; margin-bottom: 5px;"&gt;
                    Dissolved Oxygen &lt;span style="font-size: 14px;"&gt;→ &lt;span style="color: #666; font-size: 11px;"&gt;stable&lt;/span&gt;&lt;/span&gt;
                &lt;/div&gt;
                &lt;div style="background: #ddd; border-radius: 10px; height: 8px; overflow: hidden;"&gt;
                    &lt;div style="background: #2196f3; height: 100%; width: 6.4306050758983035%; transition: width 0.3s;"&gt;&lt;/div&gt;
                &lt;/div&gt;
                &lt;div style="font-size: 10px; color: #999; margin-top: 3px;"&gt;7d avg: 6.50 mg/L&lt;/div&gt;
            &lt;/td&gt;
            &lt;td style="padding: 10px; text-align: right; vertical-align: top;"&gt;
                &lt;span style="color: #2196f3; font-size: 18px; font-weight: bold;"&gt;6.43&lt;/span&gt;
                &lt;span style="color: #666; font-size: 12px; display: block; margin-top: 2px;"&gt;mg/L&lt;/span&gt;
            &lt;/td&gt;
        &lt;/tr&gt;

        &lt;tr style="background: #f0f0f0;"&gt;
            &lt;td style="padding: 10px; vertical-align: top;"&gt;
                &lt;div style="font-weight: bold; margin-bottom: 5px;"&gt;
                    Flow Meter &lt;span style="font-size: 14px;"&gt;↘️ &lt;span style="color: #666; font-size: 11px;"&gt;-10%&lt;/span&gt;&lt;/span&gt;
                &lt;/div&gt;
                &lt;div style="background: #ddd; border-radius: 10px; height: 8px; overflow: hidden;"&gt;
                    &lt;div style="background: #2196f3; height: 100%; width: 1.5361781317741903%; transition: width 0.3s;"&gt;&lt;/div&gt;
                &lt;/div&gt;
                &lt;div style="font-size: 10px; color: #999; margin-top: 3px;"&gt;7d avg: 1.71 m3/s&lt;/div&gt;
            &lt;/td&gt;
            &lt;td style="padding: 10px; text-align: right; vertical-align: top;"&gt;
                &lt;span style="color: #2196f3; font-size: 18px; font-weight: bold;"&gt;1.54&lt;/span&gt;
                &lt;span style="color: #666; font-size: 12px; display: block; margin-top: 2px;"&gt;m3/s&lt;/span&gt;
            &lt;/td&gt;
        &lt;/tr&gt;

        &lt;tr style="background: #ffffff;"&gt;
            &lt;td style="padding: 10px; vertical-align: top;"&gt;
                &lt;div style="font-weight: bold; margin-bottom: 5px;"&gt;
                    Ph Sensor &lt;span style="font-size: 14px;"&gt;→ &lt;span style="color: #666; font-size: 11px;"&gt;stable&lt;/span&gt;&lt;/span&gt;
                &lt;/div&gt;
                &lt;div style="background: #ddd; border-radius: 10px; height: 8px; overflow: hidden;"&gt;
                    &lt;div style="background: #2196f3; height: 100%; width: 8.522114258419101%; transition: width 0.3s;"&gt;&lt;/div&gt;
                &lt;/div&gt;
                &lt;div style="font-size: 10px; color: #999; margin-top: 3px;"&gt;7d avg: 8.68 pH&lt;/div&gt;
            &lt;/td&gt;
            &lt;td style="padding: 10px; text-align: right; vertical-align: top;"&gt;
                &lt;span style="color: #2196f3; font-size: 18px; font-weight: bold;"&gt;8.52&lt;/span&gt;
                &lt;span style="color: #666; font-size: 12px; display: block; margin-top: 2px;"&gt;pH&lt;/span&gt;
            &lt;/td&gt;
        &lt;/tr&gt;

        &lt;tr style="background: #f0f0f0;"&gt;
            &lt;td style="padding: 10px; vertical-align: top;"&gt;
                &lt;div style="font-weight: bold; margin-bottom: 5px;"&gt;
                    Temperature &lt;span style="font-size: 14px;"&gt;↗️ &lt;span style="color: #666; font-size: 11px;"&gt;+5%&lt;/span&gt;&lt;/span&gt;
                &lt;/div&gt;
                &lt;div style="background: #ddd; border-radius: 10px; height: 8px; overflow: hidden;"&gt;
                    &lt;div style="background: #2196f3; height: 100%; width: 25.155068202854313%; transition: width 0.3s;"&gt;&lt;/div&gt;
                &lt;/div&gt;
                &lt;div style="font-size: 10px; color: #999; margin-top: 3px;"&gt;7d avg: 23.93 °C&lt;/div&gt;
            &lt;/td&gt;
            &lt;td style="padding: 10px; text-align: right; vertical-align: top;"&gt;
                &lt;span style="color: #2196f3; font-size: 18px; font-weight: bold;"&gt;25.16&lt;/span&gt;
                &lt;span style="color: #666; font-size: 12px; display: block; margin-top: 2px;"&gt;°C&lt;/span&gt;
            &lt;/td&gt;
        &lt;/tr&gt;

        &lt;tr style="background: #ffffff;"&gt;
            &lt;td style="padding: 10px; vertical-align: top;"&gt;
                &lt;div style="font-weight: bold; margin-bottom: 5px;"&gt;
                    Turbidity &lt;span style="font-size: 14px;"&gt;↗️ &lt;span style="color: #666; font-size: 11px;"&gt;+33%&lt;/span&gt;&lt;/span&gt;
                &lt;/div&gt;
                &lt;div style="background: #ddd; border-radius: 10px; height: 8px; overflow: hidden;"&gt;
                    &lt;div style="background: #2196f3; height: 100%; width: 81.15903199347488%; transition: width 0.3s;"&gt;&lt;/div&gt;
                &lt;/div&gt;
                &lt;div style="font-size: 10px; color: #999; margin-top: 3px;"&gt;7d avg: 60.87 NTU&lt;/div&gt;
            &lt;/td&gt;
            &lt;td style="padding: 10px; text-align: right; vertical-align: top;"&gt;
                &lt;span style="color: #2196f3; font-size: 18px; font-weight: bold;"&gt;81.16&lt;/span&gt;
                &lt;span style="color: #666; font-size: 12px; display: block; margin-top: 2px;"&gt;NTU&lt;/span&gt;
            &lt;/td&gt;
        &lt;/tr&gt;

        &lt;tr style="background: #f0f0f0;"&gt;
            &lt;td style="padding: 10px; vertical-align: top;"&gt;
                &lt;div style="font-weight: bold; margin-bottom: 5px;"&gt;
                    Water Quality &lt;span style="font-size: 14px;"&gt;↘️ &lt;span style="color: #666; font-size: 11px;"&gt;-12%&lt;/span&gt;&lt;/span&gt;
                &lt;/div&gt;
                &lt;div style="background: #ddd; border-radius: 10px; height: 8px; overflow: hidden;"&gt;
                    &lt;div style="background: #2196f3; height: 100%; width: 5.341038648814671%; transition: width 0.3s;"&gt;&lt;/div&gt;
                &lt;/div&gt;
                &lt;div style="font-size: 10px; color: #999; margin-top: 3px;"&gt;7d avg: 6.08 index&lt;/div&gt;
            &lt;/td&gt;
            &lt;td style="padding: 10px; text-align: right; vertical-align: top;"&gt;
                &lt;span style="color: #2196f3; font-size: 18px; font-weight: bold;"&gt;5.34&lt;/span&gt;
                &lt;span style="color: #666; font-size: 12px; display: block; margin-top: 2px;"&gt;index&lt;/span&gt;
            &lt;/td&gt;
        &lt;/tr&gt;

    &lt;/table&gt;
&lt;/div&gt;
&lt;/div&gt;]]&gt;</description>
      <Point>
        <coordinates>101.52992134,3.03914411,0</coordinates>
      </Point>
    </Placemark>
    <Placemark>
      <name />
      <styleUrl>#mrf</styleUrl>
      <description>&lt;![CDATA[
&lt;div style="font-family: Arial, sans-serif; width: 350px; padding: 15px;"&gt;
    &lt;h2 style="color: #2c5364; margin: 0 0 15px 0; font-size: 20px; border-bottom: 2px solid #4fc3f7; padding-bottom: 10px;"&gt;
        MRF_002
    &lt;/h2&gt;
    &lt;table style="width: 100%; border-collapse: collapse; margin-bottom: 15px;"&gt;
        &lt;tr style="background: #f0f0f0;"&gt;
            &lt;td style="padding: 10px; font-weight: bold; width: 40%;"&gt;Type:&lt;/td&gt;
            &lt;td style="padding: 10px;"&gt;MRF&lt;/td&gt;
        &lt;/tr&gt;
        &lt;tr&gt;
            &lt;td style="padding: 10px; font-weight: bold;"&gt;Location:&lt;/td&gt;
            &lt;td style="padding: 10px; font-size: 12px;"&gt;3.167725°N&lt;br&gt;101.752120°E&lt;/td&gt;
        &lt;/tr&gt;
    &lt;/table&gt;
    
&lt;div style="background: #f8f9fa; padding: 15px; border-radius: 8px; margin-top: 10px;"&gt;
    &lt;h3 style="color: #2c5364; margin: 0 0 15px 0; font-size: 16px;"&gt;📊 Active Sensors (8)&lt;/h3&gt;
    &lt;table style="width: 100%; border-collapse: collapse;"&gt;

        &lt;tr style="background: #ffffff;"&gt;
            &lt;td style="padding: 10px; vertical-align: top;"&gt;
                &lt;div style="font-weight: bold; margin-bottom: 5px;"&gt;
                    Conductivity &lt;span style="font-size: 14px;"&gt;↗️ &lt;span style="color: #666; font-size: 11px;"&gt;+33%&lt;/span&gt;&lt;/span&gt;
                &lt;/div&gt;
                &lt;div style="background: #ddd; border-radius: 10px; height: 8px; overflow: hidden;"&gt;
                    &lt;div style="background: #2196f3; height: 100%; width: 100%; transition: width 0.3s;"&gt;&lt;/div&gt;
                &lt;/div&gt;
                &lt;div style="font-size: 10px; color: #999; margin-top: 3px;"&gt;7d avg: 828.82 μS/cm&lt;/div&gt;
            &lt;/td&gt;
            &lt;td style="padding: 10px; text-align: right; vertical-align: top;"&gt;
                &lt;span style="color: #2196f3; font-size: 18px; font-weight: bold;"&gt;1105.09&lt;/span&gt;
                &lt;span style="color: #666; font-size: 12px; display: block; margin-top: 2px;"&gt;μS/cm&lt;/span&gt;
            &lt;/td&gt;
        &lt;/tr&gt;

        &lt;tr style="background: #f0f0f0;"&gt;
            &lt;td style="padding: 10px; vertical-align: top;"&gt;
                &lt;div style="font-weight: bold; margin-bottom: 5px;"&gt;
                    Depth Gauge &lt;span style="font-size: 14px;"&gt;↘️ &lt;span style="color: #666; font-size: 11px;"&gt;-7%&lt;/span&gt;&lt;/span&gt;
                &lt;/div&gt;
                &lt;div style="background: #ddd; border-radius: 10px; height: 8px; overflow: hidden;"&gt;
                    &lt;div style="background: #2196f3; height: 100%; width: 5.646670325848678%; transition: width 0.3s;"&gt;&lt;/div&gt;
                &lt;/div&gt;
                &lt;div style="font-size: 10px; color: #999; margin-top: 3px;"&gt;7d avg: 6.07 m&lt;/div&gt;
            &lt;/td&gt;
            &lt;td style="padding: 10px; text-align: right; vertical-align: top;"&gt;
                &lt;span style="color: #2196f3; font-size: 18px; font-weight: bold;"&gt;5.65&lt;/span&gt;
                &lt;span style="color: #666; font-size: 12px; display: block; margin-top: 2px;"&gt;m&lt;/span&gt;
            &lt;/td&gt;
        &lt;/tr&gt;

        &lt;tr style="background: #ffffff;"&gt;
            &lt;td style="padding: 10px; vertical-align: top;"&gt;
                &lt;div style="font-weight: bold; margin-bottom: 5px;"&gt;
                    Dissolved Oxygen &lt;span style="font-size: 14px;"&gt;→ &lt;span style="color: #666; font-size: 11px;"&gt;stable&lt;/span&gt;&lt;/span&gt;
                &lt;/div&gt;
                &lt;div style="background: #ddd; border-radius: 10px; height: 8px; overflow: hidden;"&gt;
                    &lt;div style="background: #2196f3; height: 100%; width: 8.80781069327227%; transition: width 0.3s;"&gt;&lt;/div&gt;
                &lt;/div&gt;
                &lt;div style="font-size: 10px; color: #999; margin-top: 3px;"&gt;7d avg: 8.82 mg/L&lt;/div&gt;
            &lt;/td&gt;
            &lt;td style="padding: 10px; text-align: right; vertical-align: top;"&gt;
                &lt;span style="color: #2196f3; font-size: 18px; font-weight: bold;"&gt;8.81&lt;/span&gt;
                &lt;span style="color: #666; font-size: 12px; display: block; margin-top: 2px;"&gt;mg/L&lt;/span&gt;
            &lt;/td&gt;
        &lt;/tr&gt;

        &lt;tr style="background: #f0f0f0;"&gt;
            &lt;td style="padding: 10px; vertical-align: top;"&gt;
                &lt;div style="font-weight: bold; margin-bottom: 5px;"&gt;
                    Flow Meter &lt;span style="font-size: 14px;"&gt;↗️ &lt;span style="color: #666; font-size: 11px;"&gt;+7%&lt;/span&gt;&lt;/span&gt;
                &lt;/div&gt;
                &lt;div style="background: #ddd; border-radius: 10px; height: 8px; overflow: hidden;"&gt;
                    &lt;div style="background: #2196f3; height: 100%; width: 3.0619389400964163%; transition: width 0.3s;"&gt;&lt;/div&gt;
                &lt;/div&gt;
                &lt;div style="font-size: 10px; color: #999; margin-top: 3px;"&gt;7d avg: 2.86 m3/s&lt;/div&gt;
            &lt;/td&gt;
            &lt;td style="padding: 10px; text-align: right; vertical-align: top;"&gt;
                &lt;span style="color: #2196f3; font-size: 18px; font-weight: bold;"&gt;3.06&lt;/span&gt;
                &lt;span style="color: #666; font-size: 12px; display: block; margin-top: 2px;"&gt;m3/s&lt;/span&gt;
            &lt;/td&gt;
        &lt;/tr&gt;

        &lt;tr style="background: #ffffff;"&gt;
            &lt;td style="padding: 10px; vertical-align: top;"&gt;
                &lt;div style="font-weight: bold; margin-bottom: 5px;"&gt;
                    Ph Sensor &lt;span style="font-size: 14px;"&gt;→ &lt;span style="color: #666; font-size: 11px;"&gt;stable&lt;/span&gt;&lt;/span&gt;
                &lt;/div&gt;
                &lt;div style="background: #ddd; border-radius: 10px; height: 8px; overflow: hidden;"&gt;
                    &lt;div style="background: #2196f3; height: 100%; width: 10.94620646740887%; transition: width 0.3s;"&gt;&lt;/div&gt;
                &lt;/div&gt;
                &lt;div style="font-size: 10px; color: #999; margin-top: 3px;"&gt;7d avg: 11.37 pH&lt;/div&gt;
            &lt;/td&gt;
            &lt;td style="padding: 10px; text-align: right; vertical-align: top;"&gt;
                &lt;span style="color: #2196f3; font-size: 18px; font-weight: bold;"&gt;10.95&lt;/span&gt;
                &lt;span style="color: #666; font-size: 12px; display: block; margin-top: 2px;"&gt;pH&lt;/span&gt;
            &lt;/td&gt;
        &lt;/tr&gt;

        &lt;tr style="background: #f0f0f0;"&gt;
            &lt;td style="padding: 10px; vertical-align: top;"&gt;
                &lt;div style="font-weight: bold; margin-bottom: 5px;"&gt;
                    Temperature &lt;span style="font-size: 14px;"&gt;↘️ &lt;span style="color: #666; font-size: 11px;"&gt;-9%&lt;/span&gt;&lt;/span&gt;
                &lt;/div&gt;
                &lt;div style="background: #ddd; border-radius: 10px; height: 8px; overflow: hidden;"&gt;
                    &lt;div style="background: #2196f3; height: 100%; width: 31.00178277817941%; transition: width 0.3s;"&gt;&lt;/div&gt;
                &lt;/div&gt;
                &lt;div style="font-size: 10px; color: #999; margin-top: 3px;"&gt;7d avg: 33.90 °C&lt;/div&gt;
            &lt;/td&gt;
            &lt;td style="padding: 10px; text-align: right; vertical-align: top;"&gt;
                &lt;span style="color: #2196f3; font-size: 18px; font-weight: bold;"&gt;31.00&lt;/span&gt;
                &lt;span style="color: #666; font-size: 12px; display: block; margin-top: 2px;"&gt;°C&lt;/span&gt;
            &lt;/td&gt;
        &lt;/tr&gt;

        &lt;tr style="background: #ffffff;"&gt;
            &lt;td style="padding: 10px; vertical-align: top;"&gt;
                &lt;div style="font-weight: bold; margin-bottom: 5px;"&gt;
                    Turbidity &lt;span style="font-size: 14px;"&gt;↗️ &lt;span style="color: #666; font-size: 11px;"&gt;+33%&lt;/span&gt;&lt;/span&gt;
                &lt;/div&gt;
                &lt;div style="background: #ddd; border-radius: 10px; height: 8px; overflow: hidden;"&gt;
                    &lt;div style="background: #2196f3; height: 100%; width: 100%; transition: width 0.3s;"&gt;&lt;/div&gt;
                &lt;/div&gt;
                &lt;div style="font-size: 10px; color: #999; margin-top: 3px;"&gt;7d avg: 87.96 NTU&lt;/div&gt;
            &lt;/td&gt;
            &lt;td style="padding: 10px; text-align: right; vertical-align: top;"&gt;
                &lt;span style="color: #2196f3; font-size: 18px; font-weight: bold;"&gt;117.28&lt;/span&gt;
                &lt;span style="color: #666; font-size: 12px; display: block; margin-top: 2px;"&gt;NTU&lt;/span&gt;
            &lt;/td&gt;
        &lt;/tr&gt;

        &lt;tr style="background: #f0f0f0;"&gt;
            &lt;td style="padding: 10px; vertical-align: top;"&gt;
                &lt;div style="font-weight: bold; margin-bottom: 5px;"&gt;
                    Water Quality &lt;span style="font-size: 14px;"&gt;→ &lt;span style="color: #666; font-size: 11px;"&gt;stable&lt;/span&gt;&lt;/span&gt;
                &lt;/div&gt;
                &lt;div style="background: #ddd; border-radius: 10px; height: 8px; overflow: hidden;"&gt;
                    &lt;div style="background: #2196f3; height: 100%; width: 7.701873463746568%; transition: width 0.3s;"&gt;&lt;/div&gt;
                &lt;/div&gt;
                &lt;div style="font-size: 10px; color: #999; margin-top: 3px;"&gt;7d avg: 7.35 index&lt;/div&gt;
            &lt;/td&gt;
            &lt;td style="padding: 10px; text-align: right; vertical-align: top;"&gt;
                &lt;span style="color: #2196f3; font-size: 18px; font-weight: bold;"&gt;7.70&lt;/span&gt;
                &lt;span style="color: #666; font-size: 12px; display: block; margin-top: 2px;"&gt;index&lt;/span&gt;
            &lt;/td&gt;
        &lt;/tr&gt;

    &lt;/table&gt;
&lt;/div&gt;
&lt;/div&gt;]]&gt;</description>
      <Point>
        <coordinates>101.75211974,3.16772536,0</coordinates>
      </Point>
    </Placemark>
    <Placemark>
      <name />
      <styleUrl>#pollutant_sensor</styleUrl>
      <description>&lt;![CDATA[
&lt;div style="font-family: Arial, sans-serif; width: 350px; padding: 15px;"&gt;
    &lt;h2 style="color: #2c5364; margin: 0 0 15px 0; font-size: 20px; border-bottom: 2px solid #4fc3f7; padding-bottom: 10px;"&gt;
        POLLUTANT_SENSOR_001
    &lt;/h2&gt;
    &lt;table style="width: 100%; border-collapse: collapse; margin-bottom: 15px;"&gt;
        &lt;tr style="background: #f0f0f0;"&gt;
            &lt;td style="padding: 10px; font-weight: bold; width: 40%;"&gt;Type:&lt;/td&gt;
            &lt;td style="padding: 10px;"&gt;Pollutant Sensor&lt;/td&gt;
        &lt;/tr&gt;
        &lt;tr&gt;
            &lt;td style="padding: 10px; font-weight: bold;"&gt;Location:&lt;/td&gt;
            &lt;td style="padding: 10px; font-size: 12px;"&gt;3.023563°N&lt;br&gt;101.387618°E&lt;/td&gt;
        &lt;/tr&gt;
    &lt;/table&gt;
    
&lt;div style="background: #f8f9fa; padding: 15px; border-radius: 8px; margin-top: 10px;"&gt;
    &lt;h3 style="color: #2c5364; margin: 0 0 15px 0; font-size: 16px;"&gt;📊 Active Sensors (8)&lt;/h3&gt;
    &lt;table style="width: 100%; border-collapse: collapse;"&gt;

        &lt;tr style="background: #ffffff;"&gt;
            &lt;td style="padding: 10px; vertical-align: top;"&gt;
                &lt;div style="font-weight: bold; margin-bottom: 5px;"&gt;
                    Conductivity &lt;span style="font-size: 14px;"&gt;↗️ &lt;span style="color: #666; font-size: 11px;"&gt;+33%&lt;/span&gt;&lt;/span&gt;
                &lt;/div&gt;
                &lt;div style="background: #ddd; border-radius: 10px; height: 8px; overflow: hidden;"&gt;
                    &lt;div style="background: #2196f3; height: 100%; width: 100%; transition: width 0.3s;"&gt;&lt;/div&gt;
                &lt;/div&gt;
                &lt;div style="font-size: 10px; color: #999; margin-top: 3px;"&gt;7d avg: 359.58 μS/cm&lt;/div&gt;
            &lt;/td&gt;
            &lt;td style="padding: 10px; text-align: right; vertical-align: top;"&gt;
                &lt;span style="color: #2196f3; font-size: 18px; font-weight: bold;"&gt;479.44&lt;/span&gt;
                &lt;span style="color: #666; font-size: 12px; display: block; margin-top: 2px;"&gt;μS/cm&lt;/span&gt;
            &lt;/td&gt;
        &lt;/tr&gt;

        &lt;tr style="background: #f0f0f0;"&gt;
            &lt;td style="padding: 10px; vertical-align: top;"&gt;
                &lt;div style="font-weight: bold; margin-bottom: 5px;"&gt;
                    Depth Gauge &lt;span style="font-size: 14px;"&gt;↘️ &lt;span style="color: #666; font-size: 11px;"&gt;-6%&lt;/span&gt;&lt;/span&gt;
                &lt;/div&gt;
                &lt;div style="background: #ddd; border-radius: 10px; height: 8px; overflow: hidden;"&gt;
                    &lt;div style="background: #2196f3; height: 100%; width: 2.083854487109302%; transition: width 0.3s;"&gt;&lt;/div&gt;
                &lt;/div&gt;
                &lt;div style="font-size: 10px; color: #999; margin-top: 3px;"&gt;7d avg: 2.21 m&lt;/div&gt;
            &lt;/td&gt;
            &lt;td style="padding: 10px; text-align: right; vertical-align: top;"&gt;
                &lt;span style="color: #2196f3; font-size: 18px; font-weight: bold;"&gt;2.08&lt;/span&gt;
                &lt;span style="color: #666; font-size: 12px; display: block; margin-top: 2px;"&gt;m&lt;/span&gt;
            &lt;/td&gt;
        &lt;/tr&gt;

        &lt;tr style="background: #ffffff;"&gt;
            &lt;td style="padding: 10px; vertical-align: top;"&gt;
                &lt;div style="font-weight: bold; margin-bottom: 5px;"&gt;
                    Dissolved Oxygen &lt;span style="font-size: 14px;"&gt;↗️ &lt;span style="color: #666; font-size: 11px;"&gt;+5%&lt;/span&gt;&lt;/span&gt;
                &lt;/div&gt;
                &lt;div style="background: #ddd; border-radius: 10px; height: 8px; overflow: hidden;"&gt;
                    &lt;div style="background: #2196f3; height: 100%; width: 8.316469145191652%; transition: width 0.3s;"&gt;&lt;/div&gt;
                &lt;/div&gt;
                &lt;div style="font-size: 10px; color: #999; margin-top: 3px;"&gt;7d avg: 7.91 mg/L&lt;/div&gt;
            &lt;/td&gt;
            &lt;td style="padding: 10px; text-align: right; vertical-align: top;"&gt;
                &lt;span style="color: #2196f3; font-size: 18px; font-weight: bold;"&gt;8.32&lt;/span&gt;
                &lt;span style="color: #666; font-size: 12px; display: block; margin-top: 2px;"&gt;mg/L&lt;/span&gt;
            &lt;/td&gt;
        &lt;/tr&gt;

        &lt;tr style="background: #f0f0f0;"&gt;
            &lt;td style="padding: 10px; vertical-align: top;"&gt;
                &lt;div style="font-weight: bold; margin-bottom: 5px;"&gt;
                    Flow Meter &lt;span style="font-size: 14px;"&gt;↘️ &lt;span style="color: #666; font-size: 11px;"&gt;-7%&lt;/span&gt;&lt;/span&gt;
                &lt;/div&gt;
                &lt;div style="background: #ddd; border-radius: 10px; height: 8px; overflow: hidden;"&gt;
                    &lt;div style="background: #2196f3; height: 100%; width: 1.18573289357794%; transition: width 0.3s;"&gt;&lt;/div&gt;
                &lt;/div&gt;
                &lt;div style="font-size: 10px; color: #999; margin-top: 3px;"&gt;7d avg: 1.28 m3/s&lt;/div&gt;
            &lt;/td&gt;
            &lt;td style="padding: 10px; text-align: right; vertical-align: top;"&gt;
                &lt;span style="color: #2196f3; font-size: 18px; font-weight: bold;"&gt;1.19&lt;/span&gt;
                &lt;span style="color: #666; font-size: 12px; display: block; margin-top: 2px;"&gt;m3/s&lt;/span&gt;
            &lt;/td&gt;
        &lt;/tr&gt;

        &lt;tr style="background: #ffffff;"&gt;
            &lt;td style="padding: 10px; vertical-align: top;"&gt;
                &lt;div style="font-weight: bold; margin-bottom: 5px;"&gt;
                    Ph Sensor &lt;span style="font-size: 14px;"&gt;→ &lt;span style="color: #666; font-size: 11px;"&gt;stable&lt;/span&gt;&lt;/span&gt;
                &lt;/div&gt;
                &lt;div style="background: #ddd; border-radius: 10px; height: 8px; overflow: hidden;"&gt;
                    &lt;div style="background: #2196f3; height: 100%; width: 8.501245292775351%; transition: width 0.3s;"&gt;&lt;/div&gt;
                &lt;/div&gt;
                &lt;div style="font-size: 10px; color: #999; margin-top: 3px;"&gt;7d avg: 8.64 pH&lt;/div&gt;
            &lt;/td&gt;
            &lt;td style="padding: 10px; text-align: right; vertical-align: top;"&gt;
                &lt;span style="color: #2196f3; font-size: 18px; font-weight: bold;"&gt;8.50&lt;/span&gt;
                &lt;span style="color: #666; font-size: 12px; display: block; margin-top: 2px;"&gt;pH&lt;/span&gt;
            &lt;/td&gt;
        &lt;/tr&gt;

        &lt;tr style="background: #f0f0f0;"&gt;
            &lt;td style="padding: 10px; vertical-align: top;"&gt;
                &lt;div style="font-weight: bold; margin-bottom: 5px;"&gt;
                    Temperature &lt;span style="font-size: 14px;"&gt;→ &lt;span style="color: #666; font-size: 11px;"&gt;stable&lt;/span&gt;&lt;/span&gt;
                &lt;/div&gt;
                &lt;div style="background: #ddd; border-radius: 10px; height: 8px; overflow: hidden;"&gt;
                    &lt;div style="background: #2196f3; height: 100%; width: 20.907049687839795%; transition: width 0.3s;"&gt;&lt;/div&gt;
                &lt;/div&gt;
                &lt;div style="font-size: 10px; color: #999; margin-top: 3px;"&gt;7d avg: 20.62 °C&lt;/div&gt;
            &lt;/td&gt;
            &lt;td style="padding: 10px; text-align: right; vertical-align: top;"&gt;
                &lt;span style="color: #2196f3; font-size: 18px; font-weight: bold;"&gt;20.91&lt;/span&gt;
                &lt;span style="color: #666; font-size: 12px; display: block; margin-top: 2px;"&gt;°C&lt;/span&gt;
            &lt;/td&gt;
        &lt;/tr&gt;

        &lt;tr style="background: #ffffff;"&gt;
            &lt;td style="padding: 10px; vertical-align: top;"&gt;
                &lt;div style="font-weight: bold; margin-bottom: 5px;"&gt;
                    Turbidity &lt;span style="font-size: 14px;"&gt;↗️ &lt;span style="color: #666; font-size: 11px;"&gt;+33%&lt;/span&gt;&lt;/span&gt;
                &lt;/div&gt;
                &lt;div style="background: #ddd; border-radius: 10px; height: 8px; overflow: hidden;"&gt;
                    &lt;div style="background: #2196f3; height: 100%; width: 52.710108062082604%; transition: width 0.3s;"&gt;&lt;/div&gt;
                &lt;/div&gt;
                &lt;div style="font-size: 10px; color: #999; margin-top: 3px;"&gt;7d avg: 39.53 NTU&lt;/div&gt;
            &lt;/td&gt;
            &lt;td style="padding: 10px; text-align: right; vertical-align: top;"&gt;
                &lt;span style="color: #2196f3; font-size: 18px; font-weight: bold;"&gt;52.71&lt;/span&gt;
                &lt;span style="color: #666; font-size: 12px; display: block; margin-top: 2px;"&gt;NTU&lt;/span&gt;
            &lt;/td&gt;
        &lt;/tr&gt;

        &lt;tr style="background: #f0f0f0;"&gt;
            &lt;td style="padding: 10px; vertical-align: top;"&gt;
                &lt;div style="font-weight: bold; margin-bottom: 5px;"&gt;
                    Water Quality &lt;span style="font-size: 14px;"&gt;→ &lt;span style="color: #666; font-size: 11px;"&gt;stable&lt;/span&gt;&lt;/span&gt;
                &lt;/div&gt;
                &lt;div style="background: #ddd; border-radius: 10px; height: 8px; overflow: hidden;"&gt;
                    &lt;div style="background: #2196f3; height: 100%; width: 8.781945539721766%; transition: width 0.3s;"&gt;&lt;/div&gt;
                &lt;/div&gt;
                &lt;div style="font-size: 10px; color: #999; margin-top: 3px;"&gt;7d avg: 9.08 index&lt;/div&gt;
            &lt;/td&gt;
            &lt;td style="padding: 10px; text-align: right; vertical-align: top;"&gt;
                &lt;span style="color: #2196f3; font-size: 18px; font-weight: bold;"&gt;8.78&lt;/span&gt;
                &lt;span style="color: #666; font-size: 12px; display: block; margin-top: 2px;"&gt;index&lt;/span&gt;
            &lt;/td&gt;
        &lt;/tr&gt;

    &lt;/table&gt;
&lt;/div&gt;
&lt;/div&gt;]]&gt;</description>
      <Point>
        <coordinates>101.38761808,3.02356284,0</coordinates>
      </Point>
    </Placemark>
    <Placemark>
      <name />
      <styleUrl>#pollutant_sensor</styleUrl>
      <description>&lt;![CDATA[
&lt;div style="font-family: Arial, sans-serif; width: 350px; padding: 15px;"&gt;
    &lt;h2 style="color: #2c5364; margin: 0 0 15px 0; font-size: 20px; border-bottom: 2px solid #4fc3f7; padding-bottom: 10px;"&gt;
        POLLUTANT_SENSOR_002
    &lt;/h2&gt;
    &lt;table style="width: 100%; border-collapse: collapse; margin-bottom: 15px;"&gt;
        &lt;tr style="background: #f0f0f0;"&gt;
            &lt;td style="padding: 10px; font-weight: bold; width: 40%;"&gt;Type:&lt;/td&gt;
            &lt;td style="padding: 10px;"&gt;Pollutant Sensor&lt;/td&gt;
        &lt;/tr&gt;
        &lt;tr&gt;
            &lt;td style="padding: 10px; font-weight: bold;"&gt;Location:&lt;/td&gt;
            &lt;td style="padding: 10px; font-size: 12px;"&gt;3.057741°N&lt;br&gt;101.436532°E&lt;/td&gt;
        &lt;/tr&gt;
    &lt;/table&gt;
    
&lt;div style="background: #f8f9fa; padding: 15px; border-radius: 8px; margin-top: 10px;"&gt;
    &lt;h3 style="color: #2c5364; margin: 0 0 15px 0; font-size: 16px;"&gt;📊 Active Sensors (8)&lt;/h3&gt;
    &lt;table style="width: 100%; border-collapse: collapse;"&gt;

        &lt;tr style="background: #ffffff;"&gt;
            &lt;td style="padding: 10px; vertical-align: top;"&gt;
                &lt;div style="font-weight: bold; margin-bottom: 5px;"&gt;
                    Conductivity &lt;span style="font-size: 14px;"&gt;↗️ &lt;span style="color: #666; font-size: 11px;"&gt;+33%&lt;/span&gt;&lt;/span&gt;
                &lt;/div&gt;
                &lt;div style="background: #ddd; border-radius: 10px; height: 8px; overflow: hidden;"&gt;
                    &lt;div style="background: #2196f3; height: 100%; width: 100%; transition: width 0.3s;"&gt;&lt;/div&gt;
                &lt;/div&gt;
                &lt;div style="font-size: 10px; color: #999; margin-top: 3px;"&gt;7d avg: 520.24 μS/cm&lt;/div&gt;
            &lt;/td&gt;
            &lt;td style="padding: 10px; text-align: right; vertical-align: top;"&gt;
                &lt;span style="color: #2196f3; font-size: 18px; font-weight: bold;"&gt;693.66&lt;/span&gt;
                &lt;span style="color: #666; font-size: 12px; display: block; margin-top: 2px;"&gt;μS/cm&lt;/span&gt;
            &lt;/td&gt;
        &lt;/tr&gt;

        &lt;tr style="background: #f0f0f0;"&gt;
            &lt;td style="padding: 10px; vertical-align: top;"&gt;
                &lt;div style="font-weight: bold; margin-bottom: 5px;"&gt;
                    Depth Gauge &lt;span style="font-size: 14px;"&gt;→ &lt;span style="color: #666; font-size: 11px;"&gt;stable&lt;/span&gt;&lt;/span&gt;
                &lt;/div&gt;
                &lt;div style="background: #ddd; border-radius: 10px; height: 8px; overflow: hidden;"&gt;
                    &lt;div style="background: #2196f3; height: 100%; width: 6.557795350809767%; transition: width 0.3s;"&gt;&lt;/div&gt;
                &lt;/div&gt;
                &lt;div style="font-size: 10px; color: #999; margin-top: 3px;"&gt;7d avg: 6.41 m&lt;/div&gt;
            &lt;/td&gt;
            &lt;td style="padding: 10px; text-align: right; vertical-align: top;"&gt;
                &lt;span style="color: #2196f3; font-size: 18px; font-weight: bold;"&gt;6.56&lt;/span&gt;
                &lt;span style="color: #666; font-size: 12px; display: block; margin-top: 2px;"&gt;m&lt;/span&gt;
            &lt;/td&gt;
        &lt;/tr&gt;

        &lt;tr style="background: #ffffff;"&gt;
            &lt;td style="padding: 10px; vertical-align: top;"&gt;
                &lt;div style="font-weight: bold; margin-bottom: 5px;"&gt;
                    Dissolved Oxygen &lt;span style="font-size: 14px;"&gt;→ &lt;span style="color: #666; font-size: 11px;"&gt;stable&lt;/span&gt;&lt;/span&gt;
                &lt;/div&gt;
                &lt;div style="background: #ddd; border-radius: 10px; height: 8px; overflow: hidden;"&gt;
                    &lt;div style="background: #2196f3; height: 100%; width: 7.7036575489615355%; transition: width 0.3s;"&gt;&lt;/div&gt;
                &lt;/div&gt;
                &lt;div style="font-size: 10px; color: #999; margin-top: 3px;"&gt;7d avg: 7.92 mg/L&lt;/div&gt;
            &lt;/td&gt;
            &lt;td style="padding: 10px; text-align: right; vertical-align: top;"&gt;
                &lt;span style="color: #2196f3; font-size: 18px; font-weight: bold;"&gt;7.70&lt;/span&gt;
                &lt;span style="color: #666; font-size: 12px; display: block; margin-top: 2px;"&gt;mg/L&lt;/span&gt;
            &lt;/td&gt;
        &lt;/tr&gt;

        &lt;tr style="background: #f0f0f0;"&gt;
            &lt;td style="padding: 10px; vertical-align: top;"&gt;
                &lt;div style="font-weight: bold; margin-bottom: 5px;"&gt;
                    Flow Meter &lt;span style="font-size: 14px;"&gt;→ &lt;span style="color: #666; font-size: 11px;"&gt;stable&lt;/span&gt;&lt;/span&gt;
                &lt;/div&gt;
                &lt;div style="background: #ddd; border-radius: 10px; height: 8px; overflow: hidden;"&gt;
                    &lt;div style="background: #2196f3; height: 100%; width: 1.7810875268320883%; transition: width 0.3s;"&gt;&lt;/div&gt;
                &lt;/div&gt;
                &lt;div style="font-size: 10px; color: #999; margin-top: 3px;"&gt;7d avg: 1.78 m3/s&lt;/div&gt;
            &lt;/td&gt;
            &lt;td style="padding: 10px; text-align: right; vertical-align: top;"&gt;
                &lt;span style="color: #2196f3; font-size: 18px; font-weight: bold;"&gt;1.78&lt;/span&gt;
                &lt;span style="color: #666; font-size: 12px; display: block; margin-top: 2px;"&gt;m3/s&lt;/span&gt;
            &lt;/td&gt;
        &lt;/tr&gt;

        &lt;tr style="background: #ffffff;"&gt;
            &lt;td style="padding: 10px; vertical-align: top;"&gt;
                &lt;div style="font-weight: bold; margin-bottom: 5px;"&gt;
                    Ph Sensor &lt;span style="font-size: 14px;"&gt;→ &lt;span style="color: #666; font-size: 11px;"&gt;stable&lt;/span&gt;&lt;/span&gt;
                &lt;/div&gt;
                &lt;div style="background: #ddd; border-radius: 10px; height: 8px; overflow: hidden;"&gt;
                    &lt;div style="background: #2196f3; height: 100%; width: 10.05247480843008%; transition: width 0.3s;"&gt;&lt;/div&gt;
                &lt;/div&gt;
                &lt;div style="font-size: 10px; color: #999; margin-top: 3px;"&gt;7d avg: 10.31 pH&lt;/div&gt;
            &lt;/td&gt;
            &lt;td style="padding: 10px; text-align: right; vertical-align: top;"&gt;
                &lt;span style="color: #2196f3; font-size: 18px; font-weight: bold;"&gt;10.05&lt;/span&gt;
                &lt;span style="color: #666; font-size: 12px; display: block; margin-top: 2px;"&gt;pH&lt;/span&gt;
            &lt;/td&gt;
        &lt;/tr&gt;

        &lt;tr style="background: #f0f0f0;"&gt;
            &lt;td style="padding: 10px; vertical-align: top;"&gt;
                &lt;div style="font-weight: bold; margin-bottom: 5px;"&gt;
                    Temperature &lt;span style="font-size: 14px;"&gt;↘️ &lt;span style="color: #666; font-size: 11px;"&gt;-6%&lt;/span&gt;&lt;/span&gt;
                &lt;/div&gt;
                &lt;div style="background: #ddd; border-radius: 10px; height: 8px; overflow: hidden;"&gt;
                    &lt;div style="background: #2196f3; height: 100%; width: 20.35357117646955%; transition: width 0.3s;"&gt;&lt;/div&gt;
                &lt;/div&gt;
                &lt;div style="font-size: 10px; color: #999; margin-top: 3px;"&gt;7d avg: 21.71 °C&lt;/div&gt;
            &lt;/td&gt;
            &lt;td style="padding: 10px; text-align: right; vertical-align: top;"&gt;
                &lt;span style="color: #2196f3; font-size: 18px; font-weight: bold;"&gt;20.35&lt;/span&gt;
                &lt;span style="color: #666; font-size: 12px; display: block; margin-top: 2px;"&gt;°C&lt;/span&gt;
            &lt;/td&gt;
        &lt;/tr&gt;

        &lt;tr style="background: #ffffff;"&gt;
            &lt;td style="padding: 10px; vertical-align: top;"&gt;
                &lt;div style="font-weight: bold; margin-bottom: 5px;"&gt;
                    Turbidity &lt;span style="font-size: 14px;"&gt;↗️ &lt;span style="color: #666; font-size: 11px;"&gt;+33%&lt;/span&gt;&lt;/span&gt;
                &lt;/div&gt;
                &lt;div style="background: #ddd; border-radius: 10px; height: 8px; overflow: hidden;"&gt;
                    &lt;div style="background: #2196f3; height: 100%; width: 62.74977514999105%; transition: width 0.3s;"&gt;&lt;/div&gt;
                &lt;/div&gt;
                &lt;div style="font-size: 10px; color: #999; margin-top: 3px;"&gt;7d avg: 47.06 NTU&lt;/div&gt;
            &lt;/td&gt;
            &lt;td style="padding: 10px; text-align: right; vertical-align: top;"&gt;
                &lt;span style="color: #2196f3; font-size: 18px; font-weight: bold;"&gt;62.75&lt;/span&gt;
                &lt;span style="color: #666; font-size: 12px; display: block; margin-top: 2px;"&gt;NTU&lt;/span&gt;
            &lt;/td&gt;
        &lt;/tr&gt;

        &lt;tr style="background: #f0f0f0;"&gt;
            &lt;td style="padding: 10px; vertical-align: top;"&gt;
                &lt;div style="font-weight: bold; margin-bottom: 5px;"&gt;
                    Water Quality &lt;span style="font-size: 14px;"&gt;→ &lt;span style="color: #666; font-size: 11px;"&gt;stable&lt;/span&gt;&lt;/span&gt;
                &lt;/div&gt;
                &lt;div style="background: #ddd; border-radius: 10px; height: 8px; overflow: hidden;"&gt;
                    &lt;div style="background: #2196f3; height: 100%; width: 8.869243029001016%; transition: width 0.3s;"&gt;&lt;/div&gt;
                &lt;/div&gt;
                &lt;div style="font-size: 10px; color: #999; margin-top: 3px;"&gt;7d avg: 8.83 index&lt;/div&gt;
            &lt;/td&gt;
            &lt;td style="padding: 10px; text-align: right; vertical-align: top;"&gt;
                &lt;span style="color: #2196f3; font-size: 18px; font-weight: bold;"&gt;8.87&lt;/span&gt;
                &lt;span style="color: #666; font-size: 12px; display: block; margin-top: 2px;"&gt;index&lt;/span&gt;
            &lt;/td&gt;
        &lt;/tr&gt;

    &lt;/table&gt;
&lt;/div&gt;
&lt;/div&gt;]]&gt;</description>
      <Point>
        <coordinates>101.43653186,3.05774147,0</coordinates>
      </Point>
    </Placemark>
    <Placemark>
      <name />
      <styleUrl>#pollutant_sensor</styleUrl>
      <description>&lt;![CDATA[
&lt;div style="font-family: Arial, sans-serif; width: 350px; padding: 15px;"&gt;
    &lt;h2 style="color: #2c5364; margin: 0 0 15px 0; font-size: 20px; border-bottom: 2px solid #4fc3f7; padding-bottom: 10px;"&gt;
        POLLUTANT_SENSOR_003
    &lt;/h2&gt;
    &lt;table style="width: 100%; border-collapse: collapse; margin-bottom: 15px;"&gt;
        &lt;tr style="background: #f0f0f0;"&gt;
            &lt;td style="padding: 10px; font-weight: bold; width: 40%;"&gt;Type:&lt;/td&gt;
            &lt;td style="padding: 10px;"&gt;Pollutant Sensor&lt;/td&gt;
        &lt;/tr&gt;
        &lt;tr&gt;
            &lt;td style="padding: 10px; font-weight: bold;"&gt;Location:&lt;/td&gt;
            &lt;td style="padding: 10px; font-size: 12px;"&gt;3.043107°N&lt;br&gt;101.496488°E&lt;/td&gt;
        &lt;/tr&gt;
    &lt;/table&gt;
    
&lt;div style="background: #f8f9fa; padding: 15px; border-radius: 8px; margin-top: 10px;"&gt;
    &lt;h3 style="color: #2c5364; margin: 0 0 15px 0; font-size: 16px;"&gt;📊 Active Sensors (8)&lt;/h3&gt;
    &lt;table style="width: 100%; border-collapse: collapse;"&gt;

        &lt;tr style="background: #ffffff;"&gt;
            &lt;td style="padding: 10px; vertical-align: top;"&gt;
                &lt;div style="font-weight: bold; margin-bottom: 5px;"&gt;
                    Conductivity &lt;span style="font-size: 14px;"&gt;↗️ &lt;span style="color: #666; font-size: 11px;"&gt;+33%&lt;/span&gt;&lt;/span&gt;
                &lt;/div&gt;
                &lt;div style="background: #ddd; border-radius: 10px; height: 8px; overflow: hidden;"&gt;
                    &lt;div style="background: #2196f3; height: 100%; width: 100%; transition: width 0.3s;"&gt;&lt;/div&gt;
                &lt;/div&gt;
                &lt;div style="font-size: 10px; color: #999; margin-top: 3px;"&gt;7d avg: 447.47 μS/cm&lt;/div&gt;
            &lt;/td&gt;
            &lt;td style="padding: 10px; text-align: right; vertical-align: top;"&gt;
                &lt;span style="color: #2196f3; font-size: 18px; font-weight: bold;"&gt;596.63&lt;/span&gt;
                &lt;span style="color: #666; font-size: 12px; display: block; margin-top: 2px;"&gt;μS/cm&lt;/span&gt;
            &lt;/td&gt;
        &lt;/tr&gt;

        &lt;tr style="background: #f0f0f0;"&gt;
            &lt;td style="padding: 10px; vertical-align: top;"&gt;
                &lt;div style="font-weight: bold; margin-bottom: 5px;"&gt;
                    Depth Gauge &lt;span style="font-size: 14px;"&gt;→ &lt;span style="color: #666; font-size: 11px;"&gt;stable&lt;/span&gt;&lt;/span&gt;
                &lt;/div&gt;
                &lt;div style="background: #ddd; border-radius: 10px; height: 8px; overflow: hidden;"&gt;
                    &lt;div style="background: #2196f3; height: 100%; width: 2.4480692675949647%; transition: width 0.3s;"&gt;&lt;/div&gt;
                &lt;/div&gt;
                &lt;div style="font-size: 10px; color: #999; margin-top: 3px;"&gt;7d avg: 2.34 m&lt;/div&gt;
            &lt;/td&gt;
            &lt;td style="padding: 10px; text-align: right; vertical-align: top;"&gt;
                &lt;span style="color: #2196f3; font-size: 18px; font-weight: bold;"&gt;2.45&lt;/span&gt;
                &lt;span style="color: #666; font-size: 12px; display: block; margin-top: 2px;"&gt;m&lt;/span&gt;
            &lt;/td&gt;
        &lt;/tr&gt;

        &lt;tr style="background: #ffffff;"&gt;
            &lt;td style="padding: 10px; vertical-align: top;"&gt;
                &lt;div style="font-weight: bold; margin-bottom: 5px;"&gt;
                    Dissolved Oxygen &lt;span style="font-size: 14px;"&gt;↗️ &lt;span style="color: #666; font-size: 11px;"&gt;+6%&lt;/span&gt;&lt;/span&gt;
                &lt;/div&gt;
                &lt;div style="background: #ddd; border-radius: 10px; height: 8px; overflow: hidden;"&gt;
                    &lt;div style="background: #2196f3; height: 100%; width: 7.874099202710967%; transition: width 0.3s;"&gt;&lt;/div&gt;
                &lt;/div&gt;
                &lt;div style="font-size: 10px; color: #999; margin-top: 3px;"&gt;7d avg: 7.42 mg/L&lt;/div&gt;
            &lt;/td&gt;
            &lt;td style="padding: 10px; text-align: right; vertical-align: top;"&gt;
                &lt;span style="color: #2196f3; font-size: 18px; font-weight: bold;"&gt;7.87&lt;/span&gt;
                &lt;span style="color: #666; font-size: 12px; display: block; margin-top: 2px;"&gt;mg/L&lt;/span&gt;
            &lt;/td&gt;
        &lt;/tr&gt;

        &lt;tr style="background: #f0f0f0;"&gt;
            &lt;td style="padding: 10px; vertical-align: top;"&gt;
                &lt;div style="font-weight: bold; margin-bottom: 5px;"&gt;
                    Flow Meter &lt;span style="font-size: 14px;"&gt;→ &lt;span style="color: #666; font-size: 11px;"&gt;stable&lt;/span&gt;&lt;/span&gt;
                &lt;/div&gt;
                &lt;div style="background: #ddd; border-radius: 10px; height: 8px; overflow: hidden;"&gt;
                    &lt;div style="background: #2196f3; height: 100%; width: 2.5818076079869665%; transition: width 0.3s;"&gt;&lt;/div&gt;
                &lt;/div&gt;
                &lt;div style="font-size: 10px; color: #999; margin-top: 3px;"&gt;7d avg: 2.55 m3/s&lt;/div&gt;
            &lt;/td&gt;
            &lt;td style="padding: 10px; text-align: right; vertical-align: top;"&gt;
                &lt;span style="color: #2196f3; font-size: 18px; font-weight: bold;"&gt;2.58&lt;/span&gt;
                &lt;span style="color: #666; font-size: 12px; display: block; margin-top: 2px;"&gt;m3/s&lt;/span&gt;
            &lt;/td&gt;
        &lt;/tr&gt;

        &lt;tr style="background: #ffffff;"&gt;
            &lt;td style="padding: 10px; vertical-align: top;"&gt;
                &lt;div style="font-weight: bold; margin-bottom: 5px;"&gt;
                    Ph Sensor &lt;span style="font-size: 14px;"&gt;→ &lt;span style="color: #666; font-size: 11px;"&gt;stable&lt;/span&gt;&lt;/span&gt;
                &lt;/div&gt;
                &lt;div style="background: #ddd; border-radius: 10px; height: 8px; overflow: hidden;"&gt;
                    &lt;div style="background: #2196f3; height: 100%; width: 9.62694483610313%; transition: width 0.3s;"&gt;&lt;/div&gt;
                &lt;/div&gt;
                &lt;div style="font-size: 10px; color: #999; margin-top: 3px;"&gt;7d avg: 9.76 pH&lt;/div&gt;
            &lt;/td&gt;
            &lt;td style="padding: 10px; text-align: right; vertical-align: top;"&gt;
                &lt;span style="color: #2196f3; font-size: 18px; font-weight: bold;"&gt;9.63&lt;/span&gt;
                &lt;span style="color: #666; font-size: 12px; display: block; margin-top: 2px;"&gt;pH&lt;/span&gt;
            &lt;/td&gt;
        &lt;/tr&gt;

        &lt;tr style="background: #f0f0f0;"&gt;
            &lt;td style="padding: 10px; vertical-align: top;"&gt;
                &lt;div style="font-weight: bold; margin-bottom: 5px;"&gt;
                    Temperature &lt;span style="font-size: 14px;"&gt;↘️ &lt;span style="color: #666; font-size: 11px;"&gt;-7%&lt;/span&gt;&lt;/span&gt;
                &lt;/div&gt;
                &lt;div style="background: #ddd; border-radius: 10px; height: 8px; overflow: hidden;"&gt;
                    &lt;div style="background: #2196f3; height: 100%; width: 20.41769230556402%; transition: width 0.3s;"&gt;&lt;/div&gt;
                &lt;/div&gt;
                &lt;div style="font-size: 10px; color: #999; margin-top: 3px;"&gt;7d avg: 22.04 °C&lt;/div&gt;
            &lt;/td&gt;
            &lt;td style="padding: 10px; text-align: right; vertical-align: top;"&gt;
                &lt;span style="color: #2196f3; font-size: 18px; font-weight: bold;"&gt;20.42&lt;/span&gt;
                &lt;span style="color: #666; font-size: 12px; display: block; margin-top: 2px;"&gt;°C&lt;/span&gt;
            &lt;/td&gt;
        &lt;/tr&gt;

        &lt;tr style="background: #ffffff;"&gt;
            &lt;td style="padding: 10px; vertical-align: top;"&gt;
                &lt;div style="font-weight: bold; margin-bottom: 5px;"&gt;
                    Turbidity &lt;span style="font-size: 14px;"&gt;↗️ &lt;span style="color: #666; font-size: 11px;"&gt;+33%&lt;/span&gt;&lt;/span&gt;
                &lt;/div&gt;
                &lt;div style="background: #ddd; border-radius: 10px; height: 8px; overflow: hidden;"&gt;
                    &lt;div style="background: #2196f3; height: 100%; width: 89.05583710681216%; transition: width 0.3s;"&gt;&lt;/div&gt;
                &lt;/div&gt;
                &lt;div style="font-size: 10px; color: #999; margin-top: 3px;"&gt;7d avg: 66.79 NTU&lt;/div&gt;
            &lt;/td&gt;
            &lt;td style="padding: 10px; text-align: right; vertical-align: top;"&gt;
                &lt;span style="color: #2196f3; font-size: 18px; font-weight: bold;"&gt;89.06&lt;/span&gt;
                &lt;span style="color: #666; font-size: 12px; display: block; margin-top: 2px;"&gt;NTU&lt;/span&gt;
            &lt;/td&gt;
        &lt;/tr&gt;

        &lt;tr style="background: #f0f0f0;"&gt;
            &lt;td style="padding: 10px; vertical-align: top;"&gt;
                &lt;div style="font-weight: bold; margin-bottom: 5px;"&gt;
                    Water Quality &lt;span style="font-size: 14px;"&gt;→ &lt;span style="color: #666; font-size: 11px;"&gt;stable&lt;/span&gt;&lt;/span&gt;
                &lt;/div&gt;
                &lt;div style="background: #ddd; border-radius: 10px; height: 8px; overflow: hidden;"&gt;
                    &lt;div style="background: #2196f3; height: 100%; width: 6.359787801929878%; transition: width 0.3s;"&gt;&lt;/div&gt;
                &lt;/div&gt;
                &lt;div style="font-size: 10px; color: #999; margin-top: 3px;"&gt;7d avg: 6.35 index&lt;/div&gt;
            &lt;/td&gt;
            &lt;td style="padding: 10px; text-align: right; vertical-align: top;"&gt;
                &lt;span style="color: #2196f3; font-size: 18px; font-weight: bold;"&gt;6.36&lt;/span&gt;
                &lt;span style="color: #666; font-size: 12px; display: block; margin-top: 2px;"&gt;index&lt;/span&gt;
            &lt;/td&gt;
        &lt;/tr&gt;

    &lt;/table&gt;
&lt;/div&gt;
&lt;/div&gt;]]&gt;</description>
      <Point>
        <coordinates>101.49648751,3.04310704,0</coordinates>
      </Point>
    </Placemark>
    <Placemark>
      <name />
      <styleUrl>#pollutant_sensor</styleUrl>
      <description>&lt;![CDATA[
&lt;div style="font-family: Arial, sans-serif; width: 350px; padding: 15px;"&gt;
    &lt;h2 style="color: #2c5364; margin: 0 0 15px 0; font-size: 20px; border-bottom: 2px solid #4fc3f7; padding-bottom: 10px;"&gt;
        POLLUTANT_SENSOR_004
    &lt;/h2&gt;
    &lt;table style="width: 100%; border-collapse: collapse; margin-bottom: 15px;"&gt;
        &lt;tr style="background: #f0f0f0;"&gt;
            &lt;td style="padding: 10px; font-weight: bold; width: 40%;"&gt;Type:&lt;/td&gt;
            &lt;td style="padding: 10px;"&gt;Pollutant Sensor&lt;/td&gt;
        &lt;/tr&gt;
        &lt;tr&gt;
            &lt;td style="padding: 10px; font-weight: bold;"&gt;Location:&lt;/td&gt;
            &lt;td style="padding: 10px; font-size: 12px;"&gt;2.995342°N&lt;br&gt;101.551181°E&lt;/td&gt;
        &lt;/tr&gt;
    &lt;/table&gt;
    
&lt;div style="background: #f8f9fa; padding: 15px; border-radius: 8px; margin-top: 10px;"&gt;
    &lt;h3 style="color: #2c5364; margin: 0 0 15px 0; font-size: 16px;"&gt;📊 Active Sensors (8)&lt;/h3&gt;
    &lt;table style="width: 100%; border-collapse: collapse;"&gt;

        &lt;tr style="background: #ffffff;"&gt;
            &lt;td style="padding: 10px; vertical-align: top;"&gt;
                &lt;div style="font-weight: bold; margin-bottom: 5px;"&gt;
                    Conductivity &lt;span style="font-size: 14px;"&gt;↗️ &lt;span style="color: #666; font-size: 11px;"&gt;+33%&lt;/span&gt;&lt;/span&gt;
                &lt;/div&gt;
                &lt;div style="background: #ddd; border-radius: 10px; height: 8px; overflow: hidden;"&gt;
                    &lt;div style="background: #2196f3; height: 100%; width: 100%; transition: width 0.3s;"&gt;&lt;/div&gt;
                &lt;/div&gt;
                &lt;div style="font-size: 10px; color: #999; margin-top: 3px;"&gt;7d avg: 450.06 μS/cm&lt;/div&gt;
            &lt;/td&gt;
            &lt;td style="padding: 10px; text-align: right; vertical-align: top;"&gt;
                &lt;span style="color: #2196f3; font-size: 18px; font-weight: bold;"&gt;600.08&lt;/span&gt;
                &lt;span style="color: #666; font-size: 12px; display: block; margin-top: 2px;"&gt;μS/cm&lt;/span&gt;
            &lt;/td&gt;
        &lt;/tr&gt;

        &lt;tr style="background: #f0f0f0;"&gt;
            &lt;td style="padding: 10px; vertical-align: top;"&gt;
                &lt;div style="font-weight: bold; margin-bottom: 5px;"&gt;
                    Depth Gauge &lt;span style="font-size: 14px;"&gt;↗️ &lt;span style="color: #666; font-size: 11px;"&gt;+7%&lt;/span&gt;&lt;/span&gt;
                &lt;/div&gt;
                &lt;div style="background: #ddd; border-radius: 10px; height: 8px; overflow: hidden;"&gt;
                    &lt;div style="background: #2196f3; height: 100%; width: 2.475479336878363%; transition: width 0.3s;"&gt;&lt;/div&gt;
                &lt;/div&gt;
                &lt;div style="font-size: 10px; color: #999; margin-top: 3px;"&gt;7d avg: 2.31 m&lt;/div&gt;
            &lt;/td&gt;
            &lt;td style="padding: 10px; text-align: right; vertical-align: top;"&gt;
                &lt;span style="color: #2196f3; font-size: 18px; font-weight: bold;"&gt;2.48&lt;/span&gt;
                &lt;span style="color: #666; font-size: 12px; display: block; margin-top: 2px;"&gt;m&lt;/span&gt;
            &lt;/td&gt;
        &lt;/tr&gt;

        &lt;tr style="background: #ffffff;"&gt;
            &lt;td style="padding: 10px; vertical-align: top;"&gt;
                &lt;div style="font-weight: bold; margin-bottom: 5px;"&gt;
                    Dissolved Oxygen &lt;span style="font-size: 14px;"&gt;↘️ &lt;span style="color: #666; font-size: 11px;"&gt;-7%&lt;/span&gt;&lt;/span&gt;
                &lt;/div&gt;
                &lt;div style="background: #ddd; border-radius: 10px; height: 8px; overflow: hidden;"&gt;
                    &lt;div style="background: #2196f3; height: 100%; width: 4.790846769449008%; transition: width 0.3s;"&gt;&lt;/div&gt;
                &lt;/div&gt;
                &lt;div style="font-size: 10px; color: #999; margin-top: 3px;"&gt;7d avg: 5.14 mg/L&lt;/div&gt;
            &lt;/td&gt;
            &lt;td style="padding: 10px; text-align: right; vertical-align: top;"&gt;
                &lt;span style="color: #2196f3; font-size: 18px; font-weight: bold;"&gt;4.79&lt;/span&gt;
                &lt;span style="color: #666; font-size: 12px; display: block; margin-top: 2px;"&gt;mg/L&lt;/span&gt;
            &lt;/td&gt;
        &lt;/tr&gt;

        &lt;tr style="background: #f0f0f0;"&gt;
            &lt;td style="padding: 10px; vertical-align: top;"&gt;
                &lt;div style="font-weight: bold; margin-bottom: 5px;"&gt;
                    Flow Meter &lt;span style="font-size: 14px;"&gt;→ &lt;span style="color: #666; font-size: 11px;"&gt;stable&lt;/span&gt;&lt;/span&gt;
                &lt;/div&gt;
                &lt;div style="background: #ddd; border-radius: 10px; height: 8px; overflow: hidden;"&gt;
                    &lt;div style="background: #2196f3; height: 100%; width: 3.7055203779596173%; transition: width 0.3s;"&gt;&lt;/div&gt;
                &lt;/div&gt;
                &lt;div style="font-size: 10px; color: #999; margin-top: 3px;"&gt;7d avg: 3.62 m3/s&lt;/div&gt;
            &lt;/td&gt;
            &lt;td style="padding: 10px; text-align: right; vertical-align: top;"&gt;
                &lt;span style="color: #2196f3; font-size: 18px; font-weight: bold;"&gt;3.71&lt;/span&gt;
                &lt;span style="color: #666; font-size: 12px; display: block; margin-top: 2px;"&gt;m3/s&lt;/span&gt;
            &lt;/td&gt;
        &lt;/tr&gt;

        &lt;tr style="background: #ffffff;"&gt;
            &lt;td style="padding: 10px; vertical-align: top;"&gt;
                &lt;div style="font-weight: bold; margin-bottom: 5px;"&gt;
                    Ph Sensor &lt;span style="font-size: 14px;"&gt;→ &lt;span style="color: #666; font-size: 11px;"&gt;stable&lt;/span&gt;&lt;/span&gt;
                &lt;/div&gt;
                &lt;div style="background: #ddd; border-radius: 10px; height: 8px; overflow: hidden;"&gt;
                    &lt;div style="background: #2196f3; height: 100%; width: 8.833441308522474%; transition: width 0.3s;"&gt;&lt;/div&gt;
                &lt;/div&gt;
                &lt;div style="font-size: 10px; color: #999; margin-top: 3px;"&gt;7d avg: 8.66 pH&lt;/div&gt;
            &lt;/td&gt;
            &lt;td style="padding: 10px; text-align: right; vertical-align: top;"&gt;
                &lt;span style="color: #2196f3; font-size: 18px; font-weight: bold;"&gt;8.83&lt;/span&gt;
                &lt;span style="color: #666; font-size: 12px; display: block; margin-top: 2px;"&gt;pH&lt;/span&gt;
            &lt;/td&gt;
        &lt;/tr&gt;

        &lt;tr style="background: #f0f0f0;"&gt;
            &lt;td style="padding: 10px; vertical-align: top;"&gt;
                &lt;div style="font-weight: bold; margin-bottom: 5px;"&gt;
                    Temperature &lt;span style="font-size: 14px;"&gt;→ &lt;span style="color: #666; font-size: 11px;"&gt;stable&lt;/span&gt;&lt;/span&gt;
                &lt;/div&gt;
                &lt;div style="background: #ddd; border-radius: 10px; height: 8px; overflow: hidden;"&gt;
                    &lt;div style="background: #2196f3; height: 100%; width: 32.49902690165447%; transition: width 0.3s;"&gt;&lt;/div&gt;
                &lt;/div&gt;
                &lt;div style="font-size: 10px; color: #999; margin-top: 3px;"&gt;7d avg: 33.73 °C&lt;/div&gt;
            &lt;/td&gt;
            &lt;td style="padding: 10px; text-align: right; vertical-align: top;"&gt;
                &lt;span style="color: #2196f3; font-size: 18px; font-weight: bold;"&gt;32.50&lt;/span&gt;
                &lt;span style="color: #666; font-size: 12px; display: block; margin-top: 2px;"&gt;°C&lt;/span&gt;
            &lt;/td&gt;
        &lt;/tr&gt;

        &lt;tr style="background: #ffffff;"&gt;
            &lt;td style="padding: 10px; vertical-align: top;"&gt;
                &lt;div style="font-weight: bold; margin-bottom: 5px;"&gt;
                    Turbidity &lt;span style="font-size: 14px;"&gt;↗️ &lt;span style="color: #666; font-size: 11px;"&gt;+33%&lt;/span&gt;&lt;/span&gt;
                &lt;/div&gt;
                &lt;div style="background: #ddd; border-radius: 10px; height: 8px; overflow: hidden;"&gt;
                    &lt;div style="background: #2196f3; height: 100%; width: 46.0868513421065%; transition: width 0.3s;"&gt;&lt;/div&gt;
                &lt;/div&gt;
                &lt;div style="font-size: 10px; color: #999; margin-top: 3px;"&gt;7d avg: 34.57 NTU&lt;/div&gt;
            &lt;/td&gt;
            &lt;td style="padding: 10px; text-align: right; vertical-align: top;"&gt;
                &lt;span style="color: #2196f3; font-size: 18px; font-weight: bold;"&gt;46.09&lt;/span&gt;
                &lt;span style="color: #666; font-size: 12px; display: block; margin-top: 2px;"&gt;NTU&lt;/span&gt;
            &lt;/td&gt;
        &lt;/tr&gt;

        &lt;tr style="background: #f0f0f0;"&gt;
            &lt;td style="padding: 10px; vertical-align: top;"&gt;
                &lt;div style="font-weight: bold; margin-bottom: 5px;"&gt;
                    Water Quality &lt;span style="font-size: 14px;"&gt;→ &lt;span style="color: #666; font-size: 11px;"&gt;stable&lt;/span&gt;&lt;/span&gt;
                &lt;/div&gt;
                &lt;div style="background: #ddd; border-radius: 10px; height: 8px; overflow: hidden;"&gt;
                    &lt;div style="background: #2196f3; height: 100%; width: 6.355498864181353%; transition: width 0.3s;"&gt;&lt;/div&gt;
                &lt;/div&gt;
                &lt;div style="font-size: 10px; color: #999; margin-top: 3px;"&gt;7d avg: 6.45 index&lt;/div&gt;
            &lt;/td&gt;
            &lt;td style="padding: 10px; text-align: right; vertical-align: top;"&gt;
                &lt;span style="color: #2196f3; font-size: 18px; font-weight: bold;"&gt;6.36&lt;/span&gt;
                &lt;span style="color: #666; font-size: 12px; display: block; margin-top: 2px;"&gt;index&lt;/span&gt;
            &lt;/td&gt;
        &lt;/tr&gt;

    &lt;/table&gt;
&lt;/div&gt;
&lt;/div&gt;]]&gt;</description>
      <Point>
        <coordinates>101.55118061,2.99534207,0</coordinates>
      </Point>
    </Placemark>
    <Placemark>
      <name />
      <styleUrl>#pollutant_sensor</styleUrl>
      <description>&lt;![CDATA[
&lt;div style="font-family: Arial, sans-serif; width: 350px; padding: 15px;"&gt;
    &lt;h2 style="color: #2c5364; margin: 0 0 15px 0; font-size: 20px; border-bottom: 2px solid #4fc3f7; padding-bottom: 10px;"&gt;
        POLLUTANT_SENSOR_005
    &lt;/h2&gt;
    &lt;table style="width: 100%; border-collapse: collapse; margin-bottom: 15px;"&gt;
        &lt;tr style="background: #f0f0f0;"&gt;
            &lt;td style="padding: 10px; font-weight: bold; width: 40%;"&gt;Type:&lt;/td&gt;
            &lt;td style="padding: 10px;"&gt;Pollutant Sensor&lt;/td&gt;
        &lt;/tr&gt;
        &lt;tr&gt;
            &lt;td style="padding: 10px; font-weight: bold;"&gt;Location:&lt;/td&gt;
            &lt;td style="padding: 10px; font-size: 12px;"&gt;3.036634°N&lt;br&gt;101.599512°E&lt;/td&gt;
        &lt;/tr&gt;
    &lt;/table&gt;
    
&lt;div style="background: #f8f9fa; padding: 15px; border-radius: 8px; margin-top: 10px;"&gt;
    &lt;h3 style="color: #2c5364; margin: 0 0 15px 0; font-size: 16px;"&gt;📊 Active Sensors (8)&lt;/h3&gt;
    &lt;table style="width: 100%; border-collapse: collapse;"&gt;

        &lt;tr style="background: #ffffff;"&gt;
            &lt;td style="padding: 10px; vertical-align: top;"&gt;
                &lt;div style="font-weight: bold; margin-bottom: 5px;"&gt;
                    Conductivity &lt;span style="font-size: 14px;"&gt;↗️ &lt;span style="color: #666; font-size: 11px;"&gt;+33%&lt;/span&gt;&lt;/span&gt;
                &lt;/div&gt;
                &lt;div style="background: #ddd; border-radius: 10px; height: 8px; overflow: hidden;"&gt;
                    &lt;div style="background: #2196f3; height: 100%; width: 100%; transition: width 0.3s;"&gt;&lt;/div&gt;
                &lt;/div&gt;
                &lt;div style="font-size: 10px; color: #999; margin-top: 3px;"&gt;7d avg: 661.75 μS/cm&lt;/div&gt;
            &lt;/td&gt;
            &lt;td style="padding: 10px; text-align: right; vertical-align: top;"&gt;
                &lt;span style="color: #2196f3; font-size: 18px; font-weight: bold;"&gt;882.34&lt;/span&gt;
                &lt;span style="color: #666; font-size: 12px; display: block; margin-top: 2px;"&gt;μS/cm&lt;/span&gt;
            &lt;/td&gt;
        &lt;/tr&gt;

        &lt;tr style="background: #f0f0f0;"&gt;
            &lt;td style="padding: 10px; vertical-align: top;"&gt;
                &lt;div style="font-weight: bold; margin-bottom: 5px;"&gt;
                    Depth Gauge &lt;span style="font-size: 14px;"&gt;↘️ &lt;span style="color: #666; font-size: 11px;"&gt;-10%&lt;/span&gt;&lt;/span&gt;
                &lt;/div&gt;
                &lt;div style="background: #ddd; border-radius: 10px; height: 8px; overflow: hidden;"&gt;
                    &lt;div style="background: #2196f3; height: 100%; width: 5.0952108928515605%; transition: width 0.3s;"&gt;&lt;/div&gt;
                &lt;/div&gt;
                &lt;div style="font-size: 10px; color: #999; margin-top: 3px;"&gt;7d avg: 5.65 m&lt;/div&gt;
            &lt;/td&gt;
            &lt;td style="padding: 10px; text-align: right; vertical-align: top;"&gt;
                &lt;span style="color: #2196f3; font-size: 18px; font-weight: bold;"&gt;5.10&lt;/span&gt;
                &lt;span style="color: #666; font-size: 12px; display: block; margin-top: 2px;"&gt;m&lt;/span&gt;
            &lt;/td&gt;
        &lt;/tr&gt;

        &lt;tr style="background: #ffffff;"&gt;
            &lt;td style="padding: 10px; vertical-align: top;"&gt;
                &lt;div style="font-weight: bold; margin-bottom: 5px;"&gt;
                    Dissolved Oxygen &lt;span style="font-size: 14px;"&gt;→ &lt;span style="color: #666; font-size: 11px;"&gt;stable&lt;/span&gt;&lt;/span&gt;
                &lt;/div&gt;
                &lt;div style="background: #ddd; border-radius: 10px; height: 8px; overflow: hidden;"&gt;
                    &lt;div style="background: #2196f3; height: 100%; width: 16.57672150224096%; transition: width 0.3s;"&gt;&lt;/div&gt;
                &lt;/div&gt;
                &lt;div style="font-size: 10px; color: #999; margin-top: 3px;"&gt;7d avg: 16.06 mg/L&lt;/div&gt;
            &lt;/td&gt;
            &lt;td style="padding: 10px; text-align: right; vertical-align: top;"&gt;
                &lt;span style="color: #2196f3; font-size: 18px; font-weight: bold;"&gt;16.58&lt;/span&gt;
                &lt;span style="color: #666; font-size: 12px; display: block; margin-top: 2px;"&gt;mg/L&lt;/span&gt;
            &lt;/td&gt;
        &lt;/tr&gt;

        &lt;tr style="background: #f0f0f0;"&gt;
            &lt;td style="padding: 10px; vertical-align: top;"&gt;
                &lt;div style="font-weight: bold; margin-bottom: 5px;"&gt;
                    Flow Meter &lt;span style="font-size: 14px;"&gt;↘️ &lt;span style="color: #666; font-size: 11px;"&gt;-8%&lt;/span&gt;&lt;/span&gt;
                &lt;/div&gt;
                &lt;div style="background: #ddd; border-radius: 10px; height: 8px; overflow: hidden;"&gt;
                    &lt;div style="background: #2196f3; height: 100%; width: 3.2368913284687695%; transition: width 0.3s;"&gt;&lt;/div&gt;
                &lt;/div&gt;
                &lt;div style="font-size: 10px; color: #999; margin-top: 3px;"&gt;7d avg: 3.51 m3/s&lt;/div&gt;
            &lt;/td&gt;
            &lt;td style="padding: 10px; text-align: right; vertical-align: top;"&gt;
                &lt;span style="color: #2196f3; font-size: 18px; font-weight: bold;"&gt;3.24&lt;/span&gt;
                &lt;span style="color: #666; font-size: 12px; display: block; margin-top: 2px;"&gt;m3/s&lt;/span&gt;
            &lt;/td&gt;
        &lt;/tr&gt;

        &lt;tr style="background: #ffffff;"&gt;
            &lt;td style="padding: 10px; vertical-align: top;"&gt;
                &lt;div style="font-weight: bold; margin-bottom: 5px;"&gt;
                    Ph Sensor &lt;span style="font-size: 14px;"&gt;↘️ &lt;span style="color: #666; font-size: 11px;"&gt;-5%&lt;/span&gt;&lt;/span&gt;
                &lt;/div&gt;
                &lt;div style="background: #ddd; border-radius: 10px; height: 8px; overflow: hidden;"&gt;
                    &lt;div style="background: #2196f3; height: 100%; width: 4.093874398336148%; transition: width 0.3s;"&gt;&lt;/div&gt;
                &lt;/div&gt;
                &lt;div style="font-size: 10px; color: #999; margin-top: 3px;"&gt;7d avg: 4.32 pH&lt;/div&gt;
            &lt;/td&gt;
            &lt;td style="padding: 10px; text-align: right; vertical-align: top;"&gt;
                &lt;span style="color: #2196f3; font-size: 18px; font-weight: bold;"&gt;4.09&lt;/span&gt;
                &lt;span style="color: #666; font-size: 12px; display: block; margin-top: 2px;"&gt;pH&lt;/span&gt;
            &lt;/td&gt;
        &lt;/tr&gt;

        &lt;tr style="background: #f0f0f0;"&gt;
            &lt;td style="padding: 10px; vertical-align: top;"&gt;
                &lt;div style="font-weight: bold; margin-bottom: 5px;"&gt;
                    Temperature &lt;span style="font-size: 14px;"&gt;→ &lt;span style="color: #666; font-size: 11px;"&gt;stable&lt;/span&gt;&lt;/span&gt;
                &lt;/div&gt;
                &lt;div style="background: #ddd; border-radius: 10px; height: 8px; overflow: hidden;"&gt;
                    &lt;div style="background: #2196f3; height: 100%; width: 21.42995832780895%; transition: width 0.3s;"&gt;&lt;/div&gt;
                &lt;/div&gt;
                &lt;div style="font-size: 10px; color: #999; margin-top: 3px;"&gt;7d avg: 21.72 °C&lt;/div&gt;
            &lt;/td&gt;
            &lt;td style="padding: 10px; text-align: right; vertical-align: top;"&gt;
                &lt;span style="color: #2196f3; font-size: 18px; font-weight: bold;"&gt;21.43&lt;/span&gt;
                &lt;span style="color: #666; font-size: 12px; display: block; margin-top: 2px;"&gt;°C&lt;/span&gt;
            &lt;/td&gt;
        &lt;/tr&gt;

        &lt;tr style="background: #ffffff;"&gt;
            &lt;td style="padding: 10px; vertical-align: top;"&gt;
                &lt;div style="font-weight: bold; margin-bottom: 5px;"&gt;
                    Turbidity &lt;span style="font-size: 14px;"&gt;↗️ &lt;span style="color: #666; font-size: 11px;"&gt;+33%&lt;/span&gt;&lt;/span&gt;
                &lt;/div&gt;
                &lt;div style="background: #ddd; border-radius: 10px; height: 8px; overflow: hidden;"&gt;
                    &lt;div style="background: #2196f3; height: 100%; width: 87.41067351045909%; transition: width 0.3s;"&gt;&lt;/div&gt;
                &lt;/div&gt;
                &lt;div style="font-size: 10px; color: #999; margin-top: 3px;"&gt;7d avg: 65.56 NTU&lt;/div&gt;
            &lt;/td&gt;
            &lt;td style="padding: 10px; text-align: right; vertical-align: top;"&gt;
                &lt;span style="color: #2196f3; font-size: 18px; font-weight: bold;"&gt;87.41&lt;/span&gt;
                &lt;span style="color: #666; font-size: 12px; display: block; margin-top: 2px;"&gt;NTU&lt;/span&gt;
            &lt;/td&gt;
        &lt;/tr&gt;

        &lt;tr style="background: #f0f0f0;"&gt;
            &lt;td style="padding: 10px; vertical-align: top;"&gt;
                &lt;div style="font-weight: bold; margin-bottom: 5px;"&gt;
                    Water Quality &lt;span style="font-size: 14px;"&gt;→ &lt;span style="color: #666; font-size: 11px;"&gt;stable&lt;/span&gt;&lt;/span&gt;
                &lt;/div&gt;
                &lt;div style="background: #ddd; border-radius: 10px; height: 8px; overflow: hidden;"&gt;
                    &lt;div style="background: #2196f3; height: 100%; width: 11.165977330094778%; transition: width 0.3s;"&gt;&lt;/div&gt;
                &lt;/div&gt;
                &lt;div style="font-size: 10px; color: #999; margin-top: 3px;"&gt;7d avg: 11.36 index&lt;/div&gt;
            &lt;/td&gt;
            &lt;td style="padding: 10px; text-align: right; vertical-align: top;"&gt;
                &lt;span style="color: #2196f3; font-size: 18px; font-weight: bold;"&gt;11.17&lt;/span&gt;
                &lt;span style="color: #666; font-size: 12px; display: block; margin-top: 2px;"&gt;index&lt;/span&gt;
            &lt;/td&gt;
        &lt;/tr&gt;

    &lt;/table&gt;
&lt;/div&gt;
&lt;/div&gt;]]&gt;</description>
      <Point>
        <coordinates>101.59951243,3.03663373,0</coordinates>
      </Point>
    </Placemark>
    <Placemark>
      <name />
      <styleUrl>#pollutant_sensor</styleUrl>
      <description>&lt;![CDATA[
&lt;div style="font-family: Arial, sans-serif; width: 350px; padding: 15px;"&gt;
    &lt;h2 style="color: #2c5364; margin: 0 0 15px 0; font-size: 20px; border-bottom: 2px solid #4fc3f7; padding-bottom: 10px;"&gt;
        POLLUTANT_SENSOR_006
    &lt;/h2&gt;
    &lt;table style="width: 100%; border-collapse: collapse; margin-bottom: 15px;"&gt;
        &lt;tr style="background: #f0f0f0;"&gt;
            &lt;td style="padding: 10px; font-weight: bold; width: 40%;"&gt;Type:&lt;/td&gt;
            &lt;td style="padding: 10px;"&gt;Pollutant Sensor&lt;/td&gt;
        &lt;/tr&gt;
        &lt;tr&gt;
            &lt;td style="padding: 10px; font-weight: bold;"&gt;Location:&lt;/td&gt;
            &lt;td style="padding: 10px; font-size: 12px;"&gt;3.085031°N&lt;br&gt;101.669780°E&lt;/td&gt;
        &lt;/tr&gt;
    &lt;/table&gt;
    
&lt;div style="background: #f8f9fa; padding: 15px; border-radius: 8px; margin-top: 10px;"&gt;
    &lt;h3 style="color: #2c5364; margin: 0 0 15px 0; font-size: 16px;"&gt;📊 Active Sensors (8)&lt;/h3&gt;
    &lt;table style="width: 100%; border-collapse: collapse;"&gt;

        &lt;tr style="background: #ffffff;"&gt;
            &lt;td style="padding: 10px; vertical-align: top;"&gt;
                &lt;div style="font-weight: bold; margin-bottom: 5px;"&gt;
                    Conductivity &lt;span style="font-size: 14px;"&gt;↗️ &lt;span style="color: #666; font-size: 11px;"&gt;+33%&lt;/span&gt;&lt;/span&gt;
                &lt;/div&gt;
                &lt;div style="background: #ddd; border-radius: 10px; height: 8px; overflow: hidden;"&gt;
                    &lt;div style="background: #2196f3; height: 100%; width: 100%; transition: width 0.3s;"&gt;&lt;/div&gt;
                &lt;/div&gt;
                &lt;div style="font-size: 10px; color: #999; margin-top: 3px;"&gt;7d avg: 463.91 μS/cm&lt;/div&gt;
            &lt;/td&gt;
            &lt;td style="padding: 10px; text-align: right; vertical-align: top;"&gt;
                &lt;span style="color: #2196f3; font-size: 18px; font-weight: bold;"&gt;618.55&lt;/span&gt;
                &lt;span style="color: #666; font-size: 12px; display: block; margin-top: 2px;"&gt;μS/cm&lt;/span&gt;
            &lt;/td&gt;
        &lt;/tr&gt;

        &lt;tr style="background: #f0f0f0;"&gt;
            &lt;td style="padding: 10px; vertical-align: top;"&gt;
                &lt;div style="font-weight: bold; margin-bottom: 5px;"&gt;
                    Depth Gauge &lt;span style="font-size: 14px;"&gt;→ &lt;span style="color: #666; font-size: 11px;"&gt;stable&lt;/span&gt;&lt;/span&gt;
                &lt;/div&gt;
                &lt;div style="background: #ddd; border-radius: 10px; height: 8px; overflow: hidden;"&gt;
                    &lt;div style="background: #2196f3; height: 100%; width: 4.5425505023302595%; transition: width 0.3s;"&gt;&lt;/div&gt;
                &lt;/div&gt;
                &lt;div style="font-size: 10px; color: #999; margin-top: 3px;"&gt;7d avg: 4.53 m&lt;/div&gt;
            &lt;/td&gt;
            &lt;td style="padding: 10px; text-align: right; vertical-align: top;"&gt;
                &lt;span style="color: #2196f3; font-size: 18px; font-weight: bold;"&gt;4.54&lt;/span&gt;
                &lt;span style="color: #666; font-size: 12px; display: block; margin-top: 2px;"&gt;m&lt;/span&gt;
            &lt;/td&gt;
        &lt;/tr&gt;

        &lt;tr style="background: #ffffff;"&gt;
            &lt;td style="padding: 10px; vertical-align: top;"&gt;
                &lt;div style="font-weight: bold; margin-bottom: 5px;"&gt;
                    Dissolved Oxygen &lt;span style="font-size: 14px;"&gt;↘️ &lt;span style="color: #666; font-size: 11px;"&gt;-11%&lt;/span&gt;&lt;/span&gt;
                &lt;/div&gt;
                &lt;div style="background: #ddd; border-radius: 10px; height: 8px; overflow: hidden;"&gt;
                    &lt;div style="background: #2196f3; height: 100%; width: 4.677485799641692%; transition: width 0.3s;"&gt;&lt;/div&gt;
                &lt;/div&gt;
                &lt;div style="font-size: 10px; color: #999; margin-top: 3px;"&gt;7d avg: 5.25 mg/L&lt;/div&gt;
            &lt;/td&gt;
            &lt;td style="padding: 10px; text-align: right; vertical-align: top;"&gt;
                &lt;span style="color: #2196f3; font-size: 18px; font-weight: bold;"&gt;4.68&lt;/span&gt;
                &lt;span style="color: #666; font-size: 12px; display: block; margin-top: 2px;"&gt;mg/L&lt;/span&gt;
            &lt;/td&gt;
        &lt;/tr&gt;

        &lt;tr style="background: #f0f0f0;"&gt;
            &lt;td style="padding: 10px; vertical-align: top;"&gt;
                &lt;div style="font-weight: bold; margin-bottom: 5px;"&gt;
                    Flow Meter &lt;span style="font-size: 14px;"&gt;→ &lt;span style="color: #666; font-size: 11px;"&gt;stable&lt;/span&gt;&lt;/span&gt;
                &lt;/div&gt;
                &lt;div style="background: #ddd; border-radius: 10px; height: 8px; overflow: hidden;"&gt;
                    &lt;div style="background: #2196f3; height: 100%; width: 2.81599769473495%; transition: width 0.3s;"&gt;&lt;/div&gt;
                &lt;/div&gt;
                &lt;div style="font-size: 10px; color: #999; margin-top: 3px;"&gt;7d avg: 2.71 m3/s&lt;/div&gt;
            &lt;/td&gt;
            &lt;td style="padding: 10px; text-align: right; vertical-align: top;"&gt;
                &lt;span style="color: #2196f3; font-size: 18px; font-weight: bold;"&gt;2.82&lt;/span&gt;
                &lt;span style="color: #666; font-size: 12px; display: block; margin-top: 2px;"&gt;m3/s&lt;/span&gt;
            &lt;/td&gt;
        &lt;/tr&gt;

        &lt;tr style="background: #ffffff;"&gt;
            &lt;td style="padding: 10px; vertical-align: top;"&gt;
                &lt;div style="font-weight: bold; margin-bottom: 5px;"&gt;
                    Ph Sensor &lt;span style="font-size: 14px;"&gt;↘️ &lt;span style="color: #666; font-size: 11px;"&gt;-6%&lt;/span&gt;&lt;/span&gt;
                &lt;/div&gt;
                &lt;div style="background: #ddd; border-radius: 10px; height: 8px; overflow: hidden;"&gt;
                    &lt;div style="background: #2196f3; height: 100%; width: 4.19289408188869%; transition: width 0.3s;"&gt;&lt;/div&gt;
                &lt;/div&gt;
                &lt;div style="font-size: 10px; color: #999; margin-top: 3px;"&gt;7d avg: 4.45 pH&lt;/div&gt;
            &lt;/td&gt;
            &lt;td style="padding: 10px; text-align: right; vertical-align: top;"&gt;
                &lt;span style="color: #2196f3; font-size: 18px; font-weight: bold;"&gt;4.19&lt;/span&gt;
                &lt;span style="color: #666; font-size: 12px; display: block; margin-top: 2px;"&gt;pH&lt;/span&gt;
            &lt;/td&gt;
        &lt;/tr&gt;

        &lt;tr style="background: #f0f0f0;"&gt;
            &lt;td style="padding: 10px; vertical-align: top;"&gt;
                &lt;div style="font-weight: bold; margin-bottom: 5px;"&gt;
                    Temperature &lt;span style="font-size: 14px;"&gt;→ &lt;span style="color: #666; font-size: 11px;"&gt;stable&lt;/span&gt;&lt;/span&gt;
                &lt;/div&gt;
                &lt;div style="background: #ddd; border-radius: 10px; height: 8px; overflow: hidden;"&gt;
                    &lt;div style="background: #2196f3; height: 100%; width: 32.78466288369076%; transition: width 0.3s;"&gt;&lt;/div&gt;
                &lt;/div&gt;
                &lt;div style="font-size: 10px; color: #999; margin-top: 3px;"&gt;7d avg: 31.65 °C&lt;/div&gt;
            &lt;/td&gt;
            &lt;td style="padding: 10px; text-align: right; vertical-align: top;"&gt;
                &lt;span style="color: #2196f3; font-size: 18px; font-weight: bold;"&gt;32.78&lt;/span&gt;
                &lt;span style="color: #666; font-size: 12px; display: block; margin-top: 2px;"&gt;°C&lt;/span&gt;
            &lt;/td&gt;
        &lt;/tr&gt;

        &lt;tr style="background: #ffffff;"&gt;
            &lt;td style="padding: 10px; vertical-align: top;"&gt;
                &lt;div style="font-weight: bold; margin-bottom: 5px;"&gt;
                    Turbidity &lt;span style="font-size: 14px;"&gt;↗️ &lt;span style="color: #666; font-size: 11px;"&gt;+33%&lt;/span&gt;&lt;/span&gt;
                &lt;/div&gt;
                &lt;div style="background: #ddd; border-radius: 10px; height: 8px; overflow: hidden;"&gt;
                    &lt;div style="background: #2196f3; height: 100%; width: 81.02804441565583%; transition: width 0.3s;"&gt;&lt;/div&gt;
                &lt;/div&gt;
                &lt;div style="font-size: 10px; color: #999; margin-top: 3px;"&gt;7d avg: 60.77 NTU&lt;/div&gt;
            &lt;/td&gt;
            &lt;td style="padding: 10px; text-align: right; vertical-align: top;"&gt;
                &lt;span style="color: #2196f3; font-size: 18px; font-weight: bold;"&gt;81.03&lt;/span&gt;
                &lt;span style="color: #666; font-size: 12px; display: block; margin-top: 2px;"&gt;NTU&lt;/span&gt;
            &lt;/td&gt;
        &lt;/tr&gt;

        &lt;tr style="background: #f0f0f0;"&gt;
            &lt;td style="padding: 10px; vertical-align: top;"&gt;
                &lt;div style="font-weight: bold; margin-bottom: 5px;"&gt;
                    Water Quality &lt;span style="font-size: 14px;"&gt;→ &lt;span style="color: #666; font-size: 11px;"&gt;stable&lt;/span&gt;&lt;/span&gt;
                &lt;/div&gt;
                &lt;div style="background: #ddd; border-radius: 10px; height: 8px; overflow: hidden;"&gt;
                    &lt;div style="background: #2196f3; height: 100%; width: 6.843106360068512%; transition: width 0.3s;"&gt;&lt;/div&gt;
                &lt;/div&gt;
                &lt;div style="font-size: 10px; color: #999; margin-top: 3px;"&gt;7d avg: 7.06 index&lt;/div&gt;
            &lt;/td&gt;
            &lt;td style="padding: 10px; text-align: right; vertical-align: top;"&gt;
                &lt;span style="color: #2196f3; font-size: 18px; font-weight: bold;"&gt;6.84&lt;/span&gt;
                &lt;span style="color: #666; font-size: 12px; display: block; margin-top: 2px;"&gt;index&lt;/span&gt;
            &lt;/td&gt;
        &lt;/tr&gt;

    &lt;/table&gt;
&lt;/div&gt;
&lt;/div&gt;]]&gt;</description>
      <Point>
        <coordinates>101.66978016,3.08503099,0</coordinates>
      </Point>
    </Placemark>
    <Placemark>
      <name />
      <styleUrl>#pollutant_sensor</styleUrl>
      <description>&lt;![CDATA[
&lt;div style="font-family: Arial, sans-serif; width: 350px; padding: 15px;"&gt;
    &lt;h2 style="color: #2c5364; margin: 0 0 15px 0; font-size: 20px; border-bottom: 2px solid #4fc3f7; padding-bottom: 10px;"&gt;
        POLLUTANT_SENSOR_007
    &lt;/h2&gt;
    &lt;table style="width: 100%; border-collapse: collapse; margin-bottom: 15px;"&gt;
        &lt;tr style="background: #f0f0f0;"&gt;
            &lt;td style="padding: 10px; font-weight: bold; width: 40%;"&gt;Type:&lt;/td&gt;
            &lt;td style="padding: 10px;"&gt;Pollutant Sensor&lt;/td&gt;
        &lt;/tr&gt;
        &lt;tr&gt;
            &lt;td style="padding: 10px; font-weight: bold;"&gt;Location:&lt;/td&gt;
            &lt;td style="padding: 10px; font-size: 12px;"&gt;3.129860°N&lt;br&gt;101.691575°E&lt;/td&gt;
        &lt;/tr&gt;
    &lt;/table&gt;
    
&lt;div style="background: #f8f9fa; padding: 15px; border-radius: 8px; margin-top: 10px;"&gt;
    &lt;h3 style="color: #2c5364; margin: 0 0 15px 0; font-size: 16px;"&gt;📊 Active Sensors (8)&lt;/h3&gt;
    &lt;table style="width: 100%; border-collapse: collapse;"&gt;

        &lt;tr style="background: #ffffff;"&gt;
            &lt;td style="padding: 10px; vertical-align: top;"&gt;
                &lt;div style="font-weight: bold; margin-bottom: 5px;"&gt;
                    Conductivity &lt;span style="font-size: 14px;"&gt;↗️ &lt;span style="color: #666; font-size: 11px;"&gt;+33%&lt;/span&gt;&lt;/span&gt;
                &lt;/div&gt;
                &lt;div style="background: #ddd; border-radius: 10px; height: 8px; overflow: hidden;"&gt;
                    &lt;div style="background: #2196f3; height: 100%; width: 100%; transition: width 0.3s;"&gt;&lt;/div&gt;
                &lt;/div&gt;
                &lt;div style="font-size: 10px; color: #999; margin-top: 3px;"&gt;7d avg: 857.69 μS/cm&lt;/div&gt;
            &lt;/td&gt;
            &lt;td style="padding: 10px; text-align: right; vertical-align: top;"&gt;
                &lt;span style="color: #2196f3; font-size: 18px; font-weight: bold;"&gt;1143.59&lt;/span&gt;
                &lt;span style="color: #666; font-size: 12px; display: block; margin-top: 2px;"&gt;μS/cm&lt;/span&gt;
            &lt;/td&gt;
        &lt;/tr&gt;

        &lt;tr style="background: #f0f0f0;"&gt;
            &lt;td style="padding: 10px; vertical-align: top;"&gt;
                &lt;div style="font-weight: bold; margin-bottom: 5px;"&gt;
                    Depth Gauge &lt;span style="font-size: 14px;"&gt;↘️ &lt;span style="color: #666; font-size: 11px;"&gt;-10%&lt;/span&gt;&lt;/span&gt;
                &lt;/div&gt;
                &lt;div style="background: #ddd; border-radius: 10px; height: 8px; overflow: hidden;"&gt;
                    &lt;div style="background: #2196f3; height: 100%; width: 4.271818564539991%; transition: width 0.3s;"&gt;&lt;/div&gt;
                &lt;/div&gt;
                &lt;div style="font-size: 10px; color: #999; margin-top: 3px;"&gt;7d avg: 4.74 m&lt;/div&gt;
            &lt;/td&gt;
            &lt;td style="padding: 10px; text-align: right; vertical-align: top;"&gt;
                &lt;span style="color: #2196f3; font-size: 18px; font-weight: bold;"&gt;4.27&lt;/span&gt;
                &lt;span style="color: #666; font-size: 12px; display: block; margin-top: 2px;"&gt;m&lt;/span&gt;
            &lt;/td&gt;
        &lt;/tr&gt;

        &lt;tr style="background: #ffffff;"&gt;
            &lt;td style="padding: 10px; vertical-align: top;"&gt;
                &lt;div style="font-weight: bold; margin-bottom: 5px;"&gt;
                    Dissolved Oxygen &lt;span style="font-size: 14px;"&gt;↘️ &lt;span style="color: #666; font-size: 11px;"&gt;-9%&lt;/span&gt;&lt;/span&gt;
                &lt;/div&gt;
                &lt;div style="background: #ddd; border-radius: 10px; height: 8px; overflow: hidden;"&gt;
                    &lt;div style="background: #2196f3; height: 100%; width: 7.885096606224264%; transition: width 0.3s;"&gt;&lt;/div&gt;
                &lt;/div&gt;
                &lt;div style="font-size: 10px; color: #999; margin-top: 3px;"&gt;7d avg: 8.64 mg/L&lt;/div&gt;
            &lt;/td&gt;
            &lt;td style="padding: 10px; text-align: right; vertical-align: top;"&gt;
                &lt;span style="color: #2196f3; font-size: 18px; font-weight: bold;"&gt;7.89&lt;/span&gt;
                &lt;span style="color: #666; font-size: 12px; display: block; margin-top: 2px;"&gt;mg/L&lt;/span&gt;
            &lt;/td&gt;
        &lt;/tr&gt;

        &lt;tr style="background: #f0f0f0;"&gt;
            &lt;td style="padding: 10px; vertical-align: top;"&gt;
                &lt;div style="font-weight: bold; margin-bottom: 5px;"&gt;
                    Flow Meter &lt;span style="font-size: 14px;"&gt;→ &lt;span style="color: #666; font-size: 11px;"&gt;stable&lt;/span&gt;&lt;/span&gt;
                &lt;/div&gt;
                &lt;div style="background: #ddd; border-radius: 10px; height: 8px; overflow: hidden;"&gt;
                    &lt;div style="background: #2196f3; height: 100%; width: 1.606603956836284%; transition: width 0.3s;"&gt;&lt;/div&gt;
                &lt;/div&gt;
                &lt;div style="font-size: 10px; color: #999; margin-top: 3px;"&gt;7d avg: 1.63 m3/s&lt;/div&gt;
            &lt;/td&gt;
            &lt;td style="padding: 10px; text-align: right; vertical-align: top;"&gt;
                &lt;span style="color: #2196f3; font-size: 18px; font-weight: bold;"&gt;1.61&lt;/span&gt;
                &lt;span style="color: #666; font-size: 12px; display: block; margin-top: 2px;"&gt;m3/s&lt;/span&gt;
            &lt;/td&gt;
        &lt;/tr&gt;

        &lt;tr style="background: #ffffff;"&gt;
            &lt;td style="padding: 10px; vertical-align: top;"&gt;
                &lt;div style="font-weight: bold; margin-bottom: 5px;"&gt;
                    Ph Sensor &lt;span style="font-size: 14px;"&gt;↗️ &lt;span style="color: #666; font-size: 11px;"&gt;+10%&lt;/span&gt;&lt;/span&gt;
                &lt;/div&gt;
                &lt;div style="background: #ddd; border-radius: 10px; height: 8px; overflow: hidden;"&gt;
                    &lt;div style="background: #2196f3; height: 100%; width: 12.463907881320546%; transition: width 0.3s;"&gt;&lt;/div&gt;
                &lt;/div&gt;
                &lt;div style="font-size: 10px; color: #999; margin-top: 3px;"&gt;7d avg: 11.35 pH&lt;/div&gt;
            &lt;/td&gt;
            &lt;td style="padding: 10px; text-align: right; vertical-align: top;"&gt;
                &lt;span style="color: #2196f3; font-size: 18px; font-weight: bold;"&gt;12.46&lt;/span&gt;
                &lt;span style="color: #666; font-size: 12px; display: block; margin-top: 2px;"&gt;pH&lt;/span&gt;
            &lt;/td&gt;
        &lt;/tr&gt;

        &lt;tr style="background: #f0f0f0;"&gt;
            &lt;td style="padding: 10px; vertical-align: top;"&gt;
                &lt;div style="font-weight: bold; margin-bottom: 5px;"&gt;
                    Temperature &lt;span style="font-size: 14px;"&gt;↗️ &lt;span style="color: #666; font-size: 11px;"&gt;+10%&lt;/span&gt;&lt;/span&gt;
                &lt;/div&gt;
                &lt;div style="background: #ddd; border-radius: 10px; height: 8px; overflow: hidden;"&gt;
                    &lt;div style="background: #2196f3; height: 100%; width: 46.99340423594943%; transition: width 0.3s;"&gt;&lt;/div&gt;
                &lt;/div&gt;
                &lt;div style="font-size: 10px; color: #999; margin-top: 3px;"&gt;7d avg: 42.77 °C&lt;/div&gt;
            &lt;/td&gt;
            &lt;td style="padding: 10px; text-align: right; vertical-align: top;"&gt;
                &lt;span style="color: #2196f3; font-size: 18px; font-weight: bold;"&gt;46.99&lt;/span&gt;
                &lt;span style="color: #666; font-size: 12px; display: block; margin-top: 2px;"&gt;°C&lt;/span&gt;
            &lt;/td&gt;
        &lt;/tr&gt;

        &lt;tr style="background: #ffffff;"&gt;
            &lt;td style="padding: 10px; vertical-align: top;"&gt;
                &lt;div style="font-weight: bold; margin-bottom: 5px;"&gt;
                    Turbidity &lt;span style="font-size: 14px;"&gt;↗️ &lt;span style="color: #666; font-size: 11px;"&gt;+33%&lt;/span&gt;&lt;/span&gt;
                &lt;/div&gt;
                &lt;div style="background: #ddd; border-radius: 10px; height: 8px; overflow: hidden;"&gt;
                    &lt;div style="background: #2196f3; height: 100%; width: 82.36188551908926%; transition: width 0.3s;"&gt;&lt;/div&gt;
                &lt;/div&gt;
                &lt;div style="font-size: 10px; color: #999; margin-top: 3px;"&gt;7d avg: 61.77 NTU&lt;/div&gt;
            &lt;/td&gt;
            &lt;td style="padding: 10px; text-align: right; vertical-align: top;"&gt;
                &lt;span style="color: #2196f3; font-size: 18px; font-weight: bold;"&gt;82.36&lt;/span&gt;
                &lt;span style="color: #666; font-size: 12px; display: block; margin-top: 2px;"&gt;NTU&lt;/span&gt;
            &lt;/td&gt;
        &lt;/tr&gt;

        &lt;tr style="background: #f0f0f0;"&gt;
            &lt;td style="padding: 10px; vertical-align: top;"&gt;
                &lt;div style="font-weight: bold; margin-bottom: 5px;"&gt;
                    Water Quality &lt;span style="font-size: 14px;"&gt;→ &lt;span style="color: #666; font-size: 11px;"&gt;stable&lt;/span&gt;&lt;/span&gt;
                &lt;/div&gt;
                &lt;div style="background: #ddd; border-radius: 10px; height: 8px; overflow: hidden;"&gt;
                    &lt;div style="background: #2196f3; height: 100%; width: 9.324700562003564%; transition: width 0.3s;"&gt;&lt;/div&gt;
                &lt;/div&gt;
                &lt;div style="font-size: 10px; color: #999; margin-top: 3px;"&gt;7d avg: 8.89 index&lt;/div&gt;
            &lt;/td&gt;
            &lt;td style="padding: 10px; text-align: right; vertical-align: top;"&gt;
                &lt;span style="color: #2196f3; font-size: 18px; font-weight: bold;"&gt;9.32&lt;/span&gt;
                &lt;span style="color: #666; font-size: 12px; display: block; margin-top: 2px;"&gt;index&lt;/span&gt;
            &lt;/td&gt;
        &lt;/tr&gt;

    &lt;/table&gt;
&lt;/div&gt;
&lt;/div&gt;]]&gt;</description>
      <Point>
        <coordinates>101.69157461,3.12985981,0</coordinates>
      </Point>
    </Placemark>
    <Placemark>
      <name />
      <styleUrl>#pollutant_sensor</styleUrl>
      <description>&lt;![CDATA[
&lt;div style="font-family: Arial, sans-serif; width: 350px; padding: 15px;"&gt;
    &lt;h2 style="color: #2c5364; margin: 0 0 15px 0; font-size: 20px; border-bottom: 2px solid #4fc3f7; padding-bottom: 10px;"&gt;
        POLLUTANT_SENSOR_008
    &lt;/h2&gt;
    &lt;table style="width: 100%; border-collapse: collapse; margin-bottom: 15px;"&gt;
        &lt;tr style="background: #f0f0f0;"&gt;
            &lt;td style="padding: 10px; font-weight: bold; width: 40%;"&gt;Type:&lt;/td&gt;
            &lt;td style="padding: 10px;"&gt;Pollutant Sensor&lt;/td&gt;
        &lt;/tr&gt;
        &lt;tr&gt;
            &lt;td style="padding: 10px; font-weight: bold;"&gt;Location:&lt;/td&gt;
            &lt;td style="padding: 10px; font-size: 12px;"&gt;3.164039°N&lt;br&gt;101.724801°E&lt;/td&gt;
        &lt;/tr&gt;
    &lt;/table&gt;
    
&lt;div style="background: #f8f9fa; padding: 15px; border-radius: 8px; margin-top: 10px;"&gt;
    &lt;h3 style="color: #2c5364; margin: 0 0 15px 0; font-size: 16px;"&gt;📊 Active Sensors (8)&lt;/h3&gt;
    &lt;table style="width: 100%; border-collapse: collapse;"&gt;

        &lt;tr style="background: #ffffff;"&gt;
            &lt;td style="padding: 10px; vertical-align: top;"&gt;
                &lt;div style="font-weight: bold; margin-bottom: 5px;"&gt;
                    Conductivity &lt;span style="font-size: 14px;"&gt;↗️ &lt;span style="color: #666; font-size: 11px;"&gt;+33%&lt;/span&gt;&lt;/span&gt;
                &lt;/div&gt;
                &lt;div style="background: #ddd; border-radius: 10px; height: 8px; overflow: hidden;"&gt;
                    &lt;div style="background: #2196f3; height: 100%; width: 100%; transition: width 0.3s;"&gt;&lt;/div&gt;
                &lt;/div&gt;
                &lt;div style="font-size: 10px; color: #999; margin-top: 3px;"&gt;7d avg: 398.78 μS/cm&lt;/div&gt;
            &lt;/td&gt;
            &lt;td style="padding: 10px; text-align: right; vertical-align: top;"&gt;
                &lt;span style="color: #2196f3; font-size: 18px; font-weight: bold;"&gt;531.71&lt;/span&gt;
                &lt;span style="color: #666; font-size: 12px; display: block; margin-top: 2px;"&gt;μS/cm&lt;/span&gt;
            &lt;/td&gt;
        &lt;/tr&gt;

        &lt;tr style="background: #f0f0f0;"&gt;
            &lt;td style="padding: 10px; vertical-align: top;"&gt;
                &lt;div style="font-weight: bold; margin-bottom: 5px;"&gt;
                    Depth Gauge &lt;span style="font-size: 14px;"&gt;↗️ &lt;span style="color: #666; font-size: 11px;"&gt;+10%&lt;/span&gt;&lt;/span&gt;
                &lt;/div&gt;
                &lt;div style="background: #ddd; border-radius: 10px; height: 8px; overflow: hidden;"&gt;
                    &lt;div style="background: #2196f3; height: 100%; width: 2.8172094965660377%; transition: width 0.3s;"&gt;&lt;/div&gt;
                &lt;/div&gt;
                &lt;div style="font-size: 10px; color: #999; margin-top: 3px;"&gt;7d avg: 2.57 m&lt;/div&gt;
            &lt;/td&gt;
            &lt;td style="padding: 10px; text-align: right; vertical-align: top;"&gt;
                &lt;span style="color: #2196f3; font-size: 18px; font-weight: bold;"&gt;2.82&lt;/span&gt;
                &lt;span style="color: #666; font-size: 12px; display: block; margin-top: 2px;"&gt;m&lt;/span&gt;
            &lt;/td&gt;
        &lt;/tr&gt;

        &lt;tr style="background: #ffffff;"&gt;
            &lt;td style="padding: 10px; vertical-align: top;"&gt;
                &lt;div style="font-weight: bold; margin-bottom: 5px;"&gt;
                    Dissolved Oxygen &lt;span style="font-size: 14px;"&gt;↘️ &lt;span style="color: #666; font-size: 11px;"&gt;-7%&lt;/span&gt;&lt;/span&gt;
                &lt;/div&gt;
                &lt;div style="background: #ddd; border-radius: 10px; height: 8px; overflow: hidden;"&gt;
                    &lt;div style="background: #2196f3; height: 100%; width: 6.5984817715594914%; transition: width 0.3s;"&gt;&lt;/div&gt;
                &lt;/div&gt;
                &lt;div style="font-size: 10px; color: #999; margin-top: 3px;"&gt;7d avg: 7.08 mg/L&lt;/div&gt;
            &lt;/td&gt;
            &lt;td style="padding: 10px; text-align: right; vertical-align: top;"&gt;
                &lt;span style="color: #2196f3; font-size: 18px; font-weight: bold;"&gt;6.60&lt;/span&gt;
                &lt;span style="color: #666; font-size: 12px; display: block; margin-top: 2px;"&gt;mg/L&lt;/span&gt;
            &lt;/td&gt;
        &lt;/tr&gt;

        &lt;tr style="background: #f0f0f0;"&gt;
            &lt;td style="padding: 10px; vertical-align: top;"&gt;
                &lt;div style="font-weight: bold; margin-bottom: 5px;"&gt;
                    Flow Meter &lt;span style="font-size: 14px;"&gt;→ &lt;span style="color: #666; font-size: 11px;"&gt;stable&lt;/span&gt;&lt;/span&gt;
                &lt;/div&gt;
                &lt;div style="background: #ddd; border-radius: 10px; height: 8px; overflow: hidden;"&gt;
                    &lt;div style="background: #2196f3; height: 100%; width: 2.1123732264327555%; transition: width 0.3s;"&gt;&lt;/div&gt;
                &lt;/div&gt;
                &lt;div style="font-size: 10px; color: #999; margin-top: 3px;"&gt;7d avg: 2.04 m3/s&lt;/div&gt;
            &lt;/td&gt;
            &lt;td style="padding: 10px; text-align: right; vertical-align: top;"&gt;
                &lt;span style="color: #2196f3; font-size: 18px; font-weight: bold;"&gt;2.11&lt;/span&gt;
                &lt;span style="color: #666; font-size: 12px; display: block; margin-top: 2px;"&gt;m3/s&lt;/span&gt;
            &lt;/td&gt;
        &lt;/tr&gt;

        &lt;tr style="background: #ffffff;"&gt;
            &lt;td style="padding: 10px; vertical-align: top;"&gt;
                &lt;div style="font-weight: bold; margin-bottom: 5px;"&gt;
                    Ph Sensor &lt;span style="font-size: 14px;"&gt;↗️ &lt;span style="color: #666; font-size: 11px;"&gt;+7%&lt;/span&gt;&lt;/span&gt;
                &lt;/div&gt;
                &lt;div style="background: #ddd; border-radius: 10px; height: 8px; overflow: hidden;"&gt;
                    &lt;div style="background: #2196f3; height: 100%; width: 5.360038913709993%; transition: width 0.3s;"&gt;&lt;/div&gt;
                &lt;/div&gt;
                &lt;div style="font-size: 10px; color: #999; margin-top: 3px;"&gt;7d avg: 5.01 pH&lt;/div&gt;
            &lt;/td&gt;
            &lt;td style="padding: 10px; text-align: right; vertical-align: top;"&gt;
                &lt;span style="color: #2196f3; font-size: 18px; font-weight: bold;"&gt;5.36&lt;/span&gt;
                &lt;span style="color: #666; font-size: 12px; display: block; margin-top: 2px;"&gt;pH&lt;/span&gt;
            &lt;/td&gt;
        &lt;/tr&gt;

        &lt;tr style="background: #f0f0f0;"&gt;
            &lt;td style="padding: 10px; vertical-align: top;"&gt;
                &lt;div style="font-weight: bold; margin-bottom: 5px;"&gt;
                    Temperature &lt;span style="font-size: 14px;"&gt;→ &lt;span style="color: #666; font-size: 11px;"&gt;stable&lt;/span&gt;&lt;/span&gt;
                &lt;/div&gt;
                &lt;div style="background: #ddd; border-radius: 10px; height: 8px; overflow: hidden;"&gt;
                    &lt;div style="background: #2196f3; height: 100%; width: 30.782317595386004%; transition: width 0.3s;"&gt;&lt;/div&gt;
                &lt;/div&gt;
                &lt;div style="font-size: 10px; color: #999; margin-top: 3px;"&gt;7d avg: 31.03 °C&lt;/div&gt;
            &lt;/td&gt;
            &lt;td style="padding: 10px; text-align: right; vertical-align: top;"&gt;
                &lt;span style="color: #2196f3; font-size: 18px; font-weight: bold;"&gt;30.78&lt;/span&gt;
                &lt;span style="color: #666; font-size: 12px; display: block; margin-top: 2px;"&gt;°C&lt;/span&gt;
            &lt;/td&gt;
        &lt;/tr&gt;

        &lt;tr style="background: #ffffff;"&gt;
            &lt;td style="padding: 10px; vertical-align: top;"&gt;
                &lt;div style="font-weight: bold; margin-bottom: 5px;"&gt;
                    Turbidity &lt;span style="font-size: 14px;"&gt;↗️ &lt;span style="color: #666; font-size: 11px;"&gt;+33%&lt;/span&gt;&lt;/span&gt;
                &lt;/div&gt;
                &lt;div style="background: #ddd; border-radius: 10px; height: 8px; overflow: hidden;"&gt;
                    &lt;div style="background: #2196f3; height: 100%; width: 60.008394233132734%; transition: width 0.3s;"&gt;&lt;/div&gt;
                &lt;/div&gt;
                &lt;div style="font-size: 10px; color: #999; margin-top: 3px;"&gt;7d avg: 45.01 NTU&lt;/div&gt;
            &lt;/td&gt;
            &lt;td style="padding: 10px; text-align: right; vertical-align: top;"&gt;
                &lt;span style="color: #2196f3; font-size: 18px; font-weight: bold;"&gt;60.01&lt;/span&gt;
                &lt;span style="color: #666; font-size: 12px; display: block; margin-top: 2px;"&gt;NTU&lt;/span&gt;
            &lt;/td&gt;
        &lt;/tr&gt;

        &lt;tr style="background: #f0f0f0;"&gt;
            &lt;td style="padding: 10px; vertical-align: top;"&gt;
                &lt;div style="font-weight: bold; margin-bottom: 5px;"&gt;
                    Water Quality &lt;span style="font-size: 14px;"&gt;→ &lt;span style="color: #666; font-size: 11px;"&gt;stable&lt;/span&gt;&lt;/span&gt;
                &lt;/div&gt;
                &lt;div style="background: #ddd; border-radius: 10px; height: 8px; overflow: hidden;"&gt;
                    &lt;div style="background: #2196f3; height: 100%; width: 10.19204230809274%; transition: width 0.3s;"&gt;&lt;/div&gt;
                &lt;/div&gt;
                &lt;div style="font-size: 10px; color: #999; margin-top: 3px;"&gt;7d avg: 10.11 index&lt;/div&gt;
            &lt;/td&gt;
            &lt;td style="padding: 10px; text-align: right; vertical-align: top;"&gt;
                &lt;span style="color: #2196f3; font-size: 18px; font-weight: bold;"&gt;10.19&lt;/span&gt;
                &lt;span style="color: #666; font-size: 12px; display: block; margin-top: 2px;"&gt;index&lt;/span&gt;
            &lt;/td&gt;
        &lt;/tr&gt;

    &lt;/table&gt;
&lt;/div&gt;
&lt;/div&gt;]]&gt;</description>
      <Point>
        <coordinates>101.72480131,3.16403883,0</coordinates>
      </Point>
    </Placemark>
    <Placemark>
      <name />
      <styleUrl>#pollutant_sensor</styleUrl>
      <description>&lt;![CDATA[
&lt;div style="font-family: Arial, sans-serif; width: 350px; padding: 15px;"&gt;
    &lt;h2 style="color: #2c5364; margin: 0 0 15px 0; font-size: 20px; border-bottom: 2px solid #4fc3f7; padding-bottom: 10px;"&gt;
        POLLUTANT_SENSOR_009
    &lt;/h2&gt;
    &lt;table style="width: 100%; border-collapse: collapse; margin-bottom: 15px;"&gt;
        &lt;tr style="background: #f0f0f0;"&gt;
            &lt;td style="padding: 10px; font-weight: bold; width: 40%;"&gt;Type:&lt;/td&gt;
            &lt;td style="padding: 10px;"&gt;Pollutant Sensor&lt;/td&gt;
        &lt;/tr&gt;
        &lt;tr&gt;
            &lt;td style="padding: 10px; font-weight: bold;"&gt;Location:&lt;/td&gt;
            &lt;td style="padding: 10px; font-size: 12px;"&gt;3.220218°N&lt;br&gt;101.751178°E&lt;/td&gt;
        &lt;/tr&gt;
    &lt;/table&gt;
    
&lt;div style="background: #f8f9fa; padding: 15px; border-radius: 8px; margin-top: 10px;"&gt;
    &lt;h3 style="color: #2c5364; margin: 0 0 15px 0; font-size: 16px;"&gt;📊 Active Sensors (8)&lt;/h3&gt;
    &lt;table style="width: 100%; border-collapse: collapse;"&gt;

        &lt;tr style="background: #ffffff;"&gt;
            &lt;td style="padding: 10px; vertical-align: top;"&gt;
                &lt;div style="font-weight: bold; margin-bottom: 5px;"&gt;
                    Conductivity &lt;span style="font-size: 14px;"&gt;↗️ &lt;span style="color: #666; font-size: 11px;"&gt;+33%&lt;/span&gt;&lt;/span&gt;
                &lt;/div&gt;
                &lt;div style="background: #ddd; border-radius: 10px; height: 8px; overflow: hidden;"&gt;
                    &lt;div style="background: #2196f3; height: 100%; width: 100%; transition: width 0.3s;"&gt;&lt;/div&gt;
                &lt;/div&gt;
                &lt;div style="font-size: 10px; color: #999; margin-top: 3px;"&gt;7d avg: 621.38 μS/cm&lt;/div&gt;
            &lt;/td&gt;
            &lt;td style="padding: 10px; text-align: right; vertical-align: top;"&gt;
                &lt;span style="color: #2196f3; font-size: 18px; font-weight: bold;"&gt;828.51&lt;/span&gt;
                &lt;span style="color: #666; font-size: 12px; display: block; margin-top: 2px;"&gt;μS/cm&lt;/span&gt;
            &lt;/td&gt;
        &lt;/tr&gt;

        &lt;tr style="background: #f0f0f0;"&gt;
            &lt;td style="padding: 10px; vertical-align: top;"&gt;
                &lt;div style="font-weight: bold; margin-bottom: 5px;"&gt;
                    Depth Gauge &lt;span style="font-size: 14px;"&gt;↗️ &lt;span style="color: #666; font-size: 11px;"&gt;+11%&lt;/span&gt;&lt;/span&gt;
                &lt;/div&gt;
                &lt;div style="background: #ddd; border-radius: 10px; height: 8px; overflow: hidden;"&gt;
                    &lt;div style="background: #2196f3; height: 100%; width: 2.5782764871545107%; transition: width 0.3s;"&gt;&lt;/div&gt;
                &lt;/div&gt;
                &lt;div style="font-size: 10px; color: #999; margin-top: 3px;"&gt;7d avg: 2.33 m&lt;/div&gt;
            &lt;/td&gt;
            &lt;td style="padding: 10px; text-align: right; vertical-align: top;"&gt;
                &lt;span style="color: #2196f3; font-size: 18px; font-weight: bold;"&gt;2.58&lt;/span&gt;
                &lt;span style="color: #666; font-size: 12px; display: block; margin-top: 2px;"&gt;m&lt;/span&gt;
            &lt;/td&gt;
        &lt;/tr&gt;

        &lt;tr style="background: #ffffff;"&gt;
            &lt;td style="padding: 10px; vertical-align: top;"&gt;
                &lt;div style="font-weight: bold; margin-bottom: 5px;"&gt;
                    Dissolved Oxygen &lt;span style="font-size: 14px;"&gt;→ &lt;span style="color: #666; font-size: 11px;"&gt;stable&lt;/span&gt;&lt;/span&gt;
                &lt;/div&gt;
                &lt;div style="background: #ddd; border-radius: 10px; height: 8px; overflow: hidden;"&gt;
                    &lt;div style="background: #2196f3; height: 100%; width: 4.994006079604624%; transition: width 0.3s;"&gt;&lt;/div&gt;
                &lt;/div&gt;
                &lt;div style="font-size: 10px; color: #999; margin-top: 3px;"&gt;7d avg: 5.06 mg/L&lt;/div&gt;
            &lt;/td&gt;
            &lt;td style="padding: 10px; text-align: right; vertical-align: top;"&gt;
                &lt;span style="color: #2196f3; font-size: 18px; font-weight: bold;"&gt;4.99&lt;/span&gt;
                &lt;span style="color: #666; font-size: 12px; display: block; margin-top: 2px;"&gt;mg/L&lt;/span&gt;
            &lt;/td&gt;
        &lt;/tr&gt;

        &lt;tr style="background: #f0f0f0;"&gt;
            &lt;td style="padding: 10px; vertical-align: top;"&gt;
                &lt;div style="font-weight: bold; margin-bottom: 5px;"&gt;
                    Flow Meter &lt;span style="font-size: 14px;"&gt;→ &lt;span style="color: #666; font-size: 11px;"&gt;stable&lt;/span&gt;&lt;/span&gt;
                &lt;/div&gt;
                &lt;div style="background: #ddd; border-radius: 10px; height: 8px; overflow: hidden;"&gt;
                    &lt;div style="background: #2196f3; height: 100%; width: 2.9999041668125046%; transition: width 0.3s;"&gt;&lt;/div&gt;
                &lt;/div&gt;
                &lt;div style="font-size: 10px; color: #999; margin-top: 3px;"&gt;7d avg: 2.93 m3/s&lt;/div&gt;
            &lt;/td&gt;
            &lt;td style="padding: 10px; text-align: right; vertical-align: top;"&gt;
                &lt;span style="color: #2196f3; font-size: 18px; font-weight: bold;"&gt;3.00&lt;/span&gt;
                &lt;span style="color: #666; font-size: 12px; display: block; margin-top: 2px;"&gt;m3/s&lt;/span&gt;
            &lt;/td&gt;
        &lt;/tr&gt;

        &lt;tr style="background: #ffffff;"&gt;
            &lt;td style="padding: 10px; vertical-align: top;"&gt;
                &lt;div style="font-weight: bold; margin-bottom: 5px;"&gt;
                    Ph Sensor &lt;span style="font-size: 14px;"&gt;→ &lt;span style="color: #666; font-size: 11px;"&gt;stable&lt;/span&gt;&lt;/span&gt;
                &lt;/div&gt;
                &lt;div style="background: #ddd; border-radius: 10px; height: 8px; overflow: hidden;"&gt;
                    &lt;div style="background: #2196f3; height: 100%; width: 7.260470480889132%; transition: width 0.3s;"&gt;&lt;/div&gt;
                &lt;/div&gt;
                &lt;div style="font-size: 10px; color: #999; margin-top: 3px;"&gt;7d avg: 7.15 pH&lt;/div&gt;
            &lt;/td&gt;
            &lt;td style="padding: 10px; text-align: right; vertical-align: top;"&gt;
                &lt;span style="color: #2196f3; font-size: 18px; font-weight: bold;"&gt;7.26&lt;/span&gt;
                &lt;span style="color: #666; font-size: 12px; display: block; margin-top: 2px;"&gt;pH&lt;/span&gt;
            &lt;/td&gt;
        &lt;/tr&gt;

        &lt;tr style="background: #f0f0f0;"&gt;
            &lt;td style="padding: 10px; vertical-align: top;"&gt;
                &lt;div style="font-weight: bold; margin-bottom: 5px;"&gt;
                    Temperature &lt;span style="font-size: 14px;"&gt;↘️ &lt;span style="color: #666; font-size: 11px;"&gt;-6%&lt;/span&gt;&lt;/span&gt;
                &lt;/div&gt;
                &lt;div style="background: #ddd; border-radius: 10px; height: 8px; overflow: hidden;"&gt;
                    &lt;div style="background: #2196f3; height: 100%; width: 29.90530917967435%; transition: width 0.3s;"&gt;&lt;/div&gt;
                &lt;/div&gt;
                &lt;div style="font-size: 10px; color: #999; margin-top: 3px;"&gt;7d avg: 31.82 °C&lt;/div&gt;
            &lt;/td&gt;
            &lt;td style="padding: 10px; text-align: right; vertical-align: top;"&gt;
                &lt;span style="color: #2196f3; font-size: 18px; font-weight: bold;"&gt;29.91&lt;/span&gt;
                &lt;span style="color: #666; font-size: 12px; display: block; margin-top: 2px;"&gt;°C&lt;/span&gt;
            &lt;/td&gt;
        &lt;/tr&gt;

        &lt;tr style="background: #ffffff;"&gt;
            &lt;td style="padding: 10px; vertical-align: top;"&gt;
                &lt;div style="font-weight: bold; margin-bottom: 5px;"&gt;
                    Turbidity &lt;span style="font-size: 14px;"&gt;↗️ &lt;span style="color: #666; font-size: 11px;"&gt;+33%&lt;/span&gt;&lt;/span&gt;
                &lt;/div&gt;
                &lt;div style="background: #ddd; border-radius: 10px; height: 8px; overflow: hidden;"&gt;
                    &lt;div style="background: #2196f3; height: 100%; width: 98.12923226056685%; transition: width 0.3s;"&gt;&lt;/div&gt;
                &lt;/div&gt;
                &lt;div style="font-size: 10px; color: #999; margin-top: 3px;"&gt;7d avg: 73.60 NTU&lt;/div&gt;
            &lt;/td&gt;
            &lt;td style="padding: 10px; text-align: right; vertical-align: top;"&gt;
                &lt;span style="color: #2196f3; font-size: 18px; font-weight: bold;"&gt;98.13&lt;/span&gt;
                &lt;span style="color: #666; font-size: 12px; display: block; margin-top: 2px;"&gt;NTU&lt;/span&gt;
            &lt;/td&gt;
        &lt;/tr&gt;

        &lt;tr style="background: #f0f0f0;"&gt;
            &lt;td style="padding: 10px; vertical-align: top;"&gt;
                &lt;div style="font-weight: bold; margin-bottom: 5px;"&gt;
                    Water Quality &lt;span style="font-size: 14px;"&gt;↘️ &lt;span style="color: #666; font-size: 11px;"&gt;-8%&lt;/span&gt;&lt;/span&gt;
                &lt;/div&gt;
                &lt;div style="background: #ddd; border-radius: 10px; height: 8px; overflow: hidden;"&gt;
                    &lt;div style="background: #2196f3; height: 100%; width: 7.936556918345648%; transition: width 0.3s;"&gt;&lt;/div&gt;
                &lt;/div&gt;
                &lt;div style="font-size: 10px; color: #999; margin-top: 3px;"&gt;7d avg: 8.65 index&lt;/div&gt;
            &lt;/td&gt;
            &lt;td style="padding: 10px; text-align: right; vertical-align: top;"&gt;
                &lt;span style="color: #2196f3; font-size: 18px; font-weight: bold;"&gt;7.94&lt;/span&gt;
                &lt;span style="color: #666; font-size: 12px; display: block; margin-top: 2px;"&gt;index&lt;/span&gt;
            &lt;/td&gt;
        &lt;/tr&gt;

    &lt;/table&gt;
&lt;/div&gt;
&lt;/div&gt;]]&gt;</description>
      <Point>
        <coordinates>101.75117798,3.22021846,0</coordinates>
      </Point>
    </Placemark>
    <Placemark>
      <name />
      <styleUrl>#pollutant_sensor</styleUrl>
      <description>&lt;![CDATA[
&lt;div style="font-family: Arial, sans-serif; width: 350px; padding: 15px;"&gt;
    &lt;h2 style="color: #2c5364; margin: 0 0 15px 0; font-size: 20px; border-bottom: 2px solid #4fc3f7; padding-bottom: 10px;"&gt;
        POLLUTANT_SENSOR_010
    &lt;/h2&gt;
    &lt;table style="width: 100%; border-collapse: collapse; margin-bottom: 15px;"&gt;
        &lt;tr style="background: #f0f0f0;"&gt;
            &lt;td style="padding: 10px; font-weight: bold; width: 40%;"&gt;Type:&lt;/td&gt;
            &lt;td style="padding: 10px;"&gt;Pollutant Sensor&lt;/td&gt;
        &lt;/tr&gt;
        &lt;tr&gt;
            &lt;td style="padding: 10px; font-weight: bold;"&gt;Location:&lt;/td&gt;
            &lt;td style="padding: 10px; font-size: 12px;"&gt;3.169602°N&lt;br&gt;101.754673°E&lt;/td&gt;
        &lt;/tr&gt;
    &lt;/table&gt;
    
&lt;div style="background: #f8f9fa; padding: 15px; border-radius: 8px; margin-top: 10px;"&gt;
    &lt;h3 style="color: #2c5364; margin: 0 0 15px 0; font-size: 16px;"&gt;📊 Active Sensors (8)&lt;/h3&gt;
    &lt;table style="width: 100%; border-collapse: collapse;"&gt;

        &lt;tr style="background: #ffffff;"&gt;
            &lt;td style="padding: 10px; vertical-align: top;"&gt;
                &lt;div style="font-weight: bold; margin-bottom: 5px;"&gt;
                    Conductivity &lt;span style="font-size: 14px;"&gt;↗️ &lt;span style="color: #666; font-size: 11px;"&gt;+33%&lt;/span&gt;&lt;/span&gt;
                &lt;/div&gt;
                &lt;div style="background: #ddd; border-radius: 10px; height: 8px; overflow: hidden;"&gt;
                    &lt;div style="background: #2196f3; height: 100%; width: 100%; transition: width 0.3s;"&gt;&lt;/div&gt;
                &lt;/div&gt;
                &lt;div style="font-size: 10px; color: #999; margin-top: 3px;"&gt;7d avg: 493.08 μS/cm&lt;/div&gt;
            &lt;/td&gt;
            &lt;td style="padding: 10px; text-align: right; vertical-align: top;"&gt;
                &lt;span style="color: #2196f3; font-size: 18px; font-weight: bold;"&gt;657.44&lt;/span&gt;
                &lt;span style="color: #666; font-size: 12px; display: block; margin-top: 2px;"&gt;μS/cm&lt;/span&gt;
            &lt;/td&gt;
        &lt;/tr&gt;

        &lt;tr style="background: #f0f0f0;"&gt;
            &lt;td style="padding: 10px; vertical-align: top;"&gt;
                &lt;div style="font-weight: bold; margin-bottom: 5px;"&gt;
                    Depth Gauge &lt;span style="font-size: 14px;"&gt;→ &lt;span style="color: #666; font-size: 11px;"&gt;stable&lt;/span&gt;&lt;/span&gt;
                &lt;/div&gt;
                &lt;div style="background: #ddd; border-radius: 10px; height: 8px; overflow: hidden;"&gt;
                    &lt;div style="background: #2196f3; height: 100%; width: 3.3483762283532044%; transition: width 0.3s;"&gt;&lt;/div&gt;
                &lt;/div&gt;
                &lt;div style="font-size: 10px; color: #999; margin-top: 3px;"&gt;7d avg: 3.25 m&lt;/div&gt;
            &lt;/td&gt;
            &lt;td style="padding: 10px; text-align: right; vertical-align: top;"&gt;
                &lt;span style="color: #2196f3; font-size: 18px; font-weight: bold;"&gt;3.35&lt;/span&gt;
                &lt;span style="color: #666; font-size: 12px; display: block; margin-top: 2px;"&gt;m&lt;/span&gt;
            &lt;/td&gt;
        &lt;/tr&gt;

        &lt;tr style="background: #ffffff;"&gt;
            &lt;td style="padding: 10px; vertical-align: top;"&gt;
                &lt;div style="font-weight: bold; margin-bottom: 5px;"&gt;
                    Dissolved Oxygen &lt;span style="font-size: 14px;"&gt;↘️ &lt;span style="color: #666; font-size: 11px;"&gt;-7%&lt;/span&gt;&lt;/span&gt;
                &lt;/div&gt;
                &lt;div style="background: #ddd; border-radius: 10px; height: 8px; overflow: hidden;"&gt;
                    &lt;div style="background: #2196f3; height: 100%; width: 4.922619052529773%; transition: width 0.3s;"&gt;&lt;/div&gt;
                &lt;/div&gt;
                &lt;div style="font-size: 10px; color: #999; margin-top: 3px;"&gt;7d avg: 5.31 mg/L&lt;/div&gt;
            &lt;/td&gt;
            &lt;td style="padding: 10px; text-align: right; vertical-align: top;"&gt;
                &lt;span style="color: #2196f3; font-size: 18px; font-weight: bold;"&gt;4.92&lt;/span&gt;
                &lt;span style="color: #666; font-size: 12px; display: block; margin-top: 2px;"&gt;mg/L&lt;/span&gt;
            &lt;/td&gt;
        &lt;/tr&gt;

        &lt;tr style="background: #f0f0f0;"&gt;
            &lt;td style="padding: 10px; vertical-align: top;"&gt;
                &lt;div style="font-weight: bold; margin-bottom: 5px;"&gt;
                    Flow Meter &lt;span style="font-size: 14px;"&gt;↘️ &lt;span style="color: #666; font-size: 11px;"&gt;-5%&lt;/span&gt;&lt;/span&gt;
                &lt;/div&gt;
                &lt;div style="background: #ddd; border-radius: 10px; height: 8px; overflow: hidden;"&gt;
                    &lt;div style="background: #2196f3; height: 100%; width: 1.541617330286701%; transition: width 0.3s;"&gt;&lt;/div&gt;
                &lt;/div&gt;
                &lt;div style="font-size: 10px; color: #999; margin-top: 3px;"&gt;7d avg: 1.63 m3/s&lt;/div&gt;
            &lt;/td&gt;
            &lt;td style="padding: 10px; text-align: right; vertical-align: top;"&gt;
                &lt;span style="color: #2196f3; font-size: 18px; font-weight: bold;"&gt;1.54&lt;/span&gt;
                &lt;span style="color: #666; font-size: 12px; display: block; margin-top: 2px;"&gt;m3/s&lt;/span&gt;
            &lt;/td&gt;
        &lt;/tr&gt;

        &lt;tr style="background: #ffffff;"&gt;
            &lt;td style="padding: 10px; vertical-align: top;"&gt;
                &lt;div style="font-weight: bold; margin-bottom: 5px;"&gt;
                    Ph Sensor &lt;span style="font-size: 14px;"&gt;→ &lt;span style="color: #666; font-size: 11px;"&gt;stable&lt;/span&gt;&lt;/span&gt;
                &lt;/div&gt;
                &lt;div style="background: #ddd; border-radius: 10px; height: 8px; overflow: hidden;"&gt;
                    &lt;div style="background: #2196f3; height: 100%; width: 8.885516004055136%; transition: width 0.3s;"&gt;&lt;/div&gt;
                &lt;/div&gt;
                &lt;div style="font-size: 10px; color: #999; margin-top: 3px;"&gt;7d avg: 8.55 pH&lt;/div&gt;
            &lt;/td&gt;
            &lt;td style="padding: 10px; text-align: right; vertical-align: top;"&gt;
                &lt;span style="color: #2196f3; font-size: 18px; font-weight: bold;"&gt;8.89&lt;/span&gt;
                &lt;span style="color: #666; font-size: 12px; display: block; margin-top: 2px;"&gt;pH&lt;/span&gt;
            &lt;/td&gt;
        &lt;/tr&gt;

        &lt;tr style="background: #f0f0f0;"&gt;
            &lt;td style="padding: 10px; vertical-align: top;"&gt;
                &lt;div style="font-weight: bold; margin-bottom: 5px;"&gt;
                    Temperature &lt;span style="font-size: 14px;"&gt;↗️ &lt;span style="color: #666; font-size: 11px;"&gt;+6%&lt;/span&gt;&lt;/span&gt;
                &lt;/div&gt;
                &lt;div style="background: #ddd; border-radius: 10px; height: 8px; overflow: hidden;"&gt;
                    &lt;div style="background: #2196f3; height: 100%; width: 32.79354019676308%; transition: width 0.3s;"&gt;&lt;/div&gt;
                &lt;/div&gt;
                &lt;div style="font-size: 10px; color: #999; margin-top: 3px;"&gt;7d avg: 30.93 °C&lt;/div&gt;
            &lt;/td&gt;
            &lt;td style="padding: 10px; text-align: right; vertical-align: top;"&gt;
                &lt;span style="color: #2196f3; font-size: 18px; font-weight: bold;"&gt;32.79&lt;/span&gt;
                &lt;span style="color: #666; font-size: 12px; display: block; margin-top: 2px;"&gt;°C&lt;/span&gt;
            &lt;/td&gt;
        &lt;/tr&gt;

        &lt;tr style="background: #ffffff;"&gt;
            &lt;td style="padding: 10px; vertical-align: top;"&gt;
                &lt;div style="font-weight: bold; margin-bottom: 5px;"&gt;
                    Turbidity &lt;span style="font-size: 14px;"&gt;↗️ &lt;span style="color: #666; font-size: 11px;"&gt;+33%&lt;/span&gt;&lt;/span&gt;
                &lt;/div&gt;
                &lt;div style="background: #ddd; border-radius: 10px; height: 8px; overflow: hidden;"&gt;
                    &lt;div style="background: #2196f3; height: 100%; width: 95.32460179527547%; transition: width 0.3s;"&gt;&lt;/div&gt;
                &lt;/div&gt;
                &lt;div style="font-size: 10px; color: #999; margin-top: 3px;"&gt;7d avg: 71.49 NTU&lt;/div&gt;
            &lt;/td&gt;
            &lt;td style="padding: 10px; text-align: right; vertical-align: top;"&gt;
                &lt;span style="color: #2196f3; font-size: 18px; font-weight: bold;"&gt;95.32&lt;/span&gt;
                &lt;span style="color: #666; font-size: 12px; display: block; margin-top: 2px;"&gt;NTU&lt;/span&gt;
            &lt;/td&gt;
        &lt;/tr&gt;

        &lt;tr style="background: #f0f0f0;"&gt;
            &lt;td style="padding: 10px; vertical-align: top;"&gt;
                &lt;div style="font-weight: bold; margin-bottom: 5px;"&gt;
                    Water Quality &lt;span style="font-size: 14px;"&gt;→ &lt;span style="color: #666; font-size: 11px;"&gt;stable&lt;/span&gt;&lt;/span&gt;
                &lt;/div&gt;
                &lt;div style="background: #ddd; border-radius: 10px; height: 8px; overflow: hidden;"&gt;
                    &lt;div style="background: #2196f3; height: 100%; width: 4.775293398192514%; transition: width 0.3s;"&gt;&lt;/div&gt;
                &lt;/div&gt;
                &lt;div style="font-size: 10px; color: #999; margin-top: 3px;"&gt;7d avg: 4.61 index&lt;/div&gt;
            &lt;/td&gt;
            &lt;td style="padding: 10px; text-align: right; vertical-align: top;"&gt;
                &lt;span style="color: #2196f3; font-size: 18px; font-weight: bold;"&gt;4.78&lt;/span&gt;
                &lt;span style="color: #666; font-size: 12px; display: block; margin-top: 2px;"&gt;index&lt;/span&gt;
            &lt;/td&gt;
        &lt;/tr&gt;

    &lt;/table&gt;
&lt;/div&gt;
&lt;/div&gt;]]&gt;</description>
      <Point>
        <coordinates>101.75467333,3.16960167,0</coordinates>
      </Point>
    </Placemark>
    <Placemark>
      <name />
      <styleUrl>#water_quality</styleUrl>
      <description>&lt;![CDATA[
&lt;div style="font-family: Arial, sans-serif; width: 350px; padding: 15px;"&gt;
    &lt;h2 style="color: #2c5364; margin: 0 0 15px 0; font-size: 20px; border-bottom: 2px solid #4fc3f7; padding-bottom: 10px;"&gt;
        WATER_QUALITY_001
    &lt;/h2&gt;
    &lt;table style="width: 100%; border-collapse: collapse; margin-bottom: 15px;"&gt;
        &lt;tr style="background: #f0f0f0;"&gt;
            &lt;td style="padding: 10px; font-weight: bold; width: 40%;"&gt;Type:&lt;/td&gt;
            &lt;td style="padding: 10px;"&gt;Water Quality&lt;/td&gt;
        &lt;/tr&gt;
        &lt;tr&gt;
            &lt;td style="padding: 10px; font-weight: bold;"&gt;Location:&lt;/td&gt;
            &lt;td style="padding: 10px; font-size: 12px;"&gt;3.014499°N&lt;br&gt;101.380598°E&lt;/td&gt;
        &lt;/tr&gt;
    &lt;/table&gt;
    
&lt;div style="background: #f8f9fa; padding: 15px; border-radius: 8px; margin-top: 10px;"&gt;
    &lt;h3 style="color: #2c5364; margin: 0 0 15px 0; font-size: 16px;"&gt;📊 Active Sensors (8)&lt;/h3&gt;
    &lt;table style="width: 100%; border-collapse: collapse;"&gt;

        &lt;tr style="background: #ffffff;"&gt;
            &lt;td style="padding: 10px; vertical-align: top;"&gt;
                &lt;div style="font-weight: bold; margin-bottom: 5px;"&gt;
                    Conductivity &lt;span style="font-size: 14px;"&gt;↗️ &lt;span style="color: #666; font-size: 11px;"&gt;+33%&lt;/span&gt;&lt;/span&gt;
                &lt;/div&gt;
                &lt;div style="background: #ddd; border-radius: 10px; height: 8px; overflow: hidden;"&gt;
                    &lt;div style="background: #2196f3; height: 100%; width: 100%; transition: width 0.3s;"&gt;&lt;/div&gt;
                &lt;/div&gt;
                &lt;div style="font-size: 10px; color: #999; margin-top: 3px;"&gt;7d avg: 707.70 μS/cm&lt;/div&gt;
            &lt;/td&gt;
            &lt;td style="padding: 10px; text-align: right; vertical-align: top;"&gt;
                &lt;span style="color: #2196f3; font-size: 18px; font-weight: bold;"&gt;943.60&lt;/span&gt;
                &lt;span style="color: #666; font-size: 12px; display: block; margin-top: 2px;"&gt;μS/cm&lt;/span&gt;
            &lt;/td&gt;
        &lt;/tr&gt;

        &lt;tr style="background: #f0f0f0;"&gt;
            &lt;td style="padding: 10px; vertical-align: top;"&gt;
                &lt;div style="font-weight: bold; margin-bottom: 5px;"&gt;
                    Depth Gauge &lt;span style="font-size: 14px;"&gt;↘️ &lt;span style="color: #666; font-size: 11px;"&gt;-6%&lt;/span&gt;&lt;/span&gt;
                &lt;/div&gt;
                &lt;div style="background: #ddd; border-radius: 10px; height: 8px; overflow: hidden;"&gt;
                    &lt;div style="background: #2196f3; height: 100%; width: 2.671957971449399%; transition: width 0.3s;"&gt;&lt;/div&gt;
                &lt;/div&gt;
                &lt;div style="font-size: 10px; color: #999; margin-top: 3px;"&gt;7d avg: 2.84 m&lt;/div&gt;
            &lt;/td&gt;
            &lt;td style="padding: 10px; text-align: right; vertical-align: top;"&gt;
                &lt;span style="color: #2196f3; font-size: 18px; font-weight: bold;"&gt;2.67&lt;/span&gt;
                &lt;span style="color: #666; font-size: 12px; display: block; margin-top: 2px;"&gt;m&lt;/span&gt;
            &lt;/td&gt;
        &lt;/tr&gt;

        &lt;tr style="background: #ffffff;"&gt;
            &lt;td style="padding: 10px; vertical-align: top;"&gt;
                &lt;div style="font-weight: bold; margin-bottom: 5px;"&gt;
                    Dissolved Oxygen &lt;span style="font-size: 14px;"&gt;↘️ &lt;span style="color: #666; font-size: 11px;"&gt;-6%&lt;/span&gt;&lt;/span&gt;
                &lt;/div&gt;
                &lt;div style="background: #ddd; border-radius: 10px; height: 8px; overflow: hidden;"&gt;
                    &lt;div style="background: #2196f3; height: 100%; width: 9.958982500822003%; transition: width 0.3s;"&gt;&lt;/div&gt;
                &lt;/div&gt;
                &lt;div style="font-size: 10px; color: #999; margin-top: 3px;"&gt;7d avg: 10.63 mg/L&lt;/div&gt;
            &lt;/td&gt;
            &lt;td style="padding: 10px; text-align: right; vertical-align: top;"&gt;
                &lt;span style="color: #2196f3; font-size: 18px; font-weight: bold;"&gt;9.96&lt;/span&gt;
                &lt;span style="color: #666; font-size: 12px; display: block; margin-top: 2px;"&gt;mg/L&lt;/span&gt;
            &lt;/td&gt;
        &lt;/tr&gt;

        &lt;tr style="background: #f0f0f0;"&gt;
            &lt;td style="padding: 10px; vertical-align: top;"&gt;
                &lt;div style="font-weight: bold; margin-bottom: 5px;"&gt;
                    Flow Meter &lt;span style="font-size: 14px;"&gt;→ &lt;span style="color: #666; font-size: 11px;"&gt;stable&lt;/span&gt;&lt;/span&gt;
                &lt;/div&gt;
                &lt;div style="background: #ddd; border-radius: 10px; height: 8px; overflow: hidden;"&gt;
                    &lt;div style="background: #2196f3; height: 100%; width: 1.4079680658446652%; transition: width 0.3s;"&gt;&lt;/div&gt;
                &lt;/div&gt;
                &lt;div style="font-size: 10px; color: #999; margin-top: 3px;"&gt;7d avg: 1.39 m3/s&lt;/div&gt;
            &lt;/td&gt;
            &lt;td style="padding: 10px; text-align: right; vertical-align: top;"&gt;
                &lt;span style="color: #2196f3; font-size: 18px; font-weight: bold;"&gt;1.41&lt;/span&gt;
                &lt;span style="color: #666; font-size: 12px; display: block; margin-top: 2px;"&gt;m3/s&lt;/span&gt;
            &lt;/td&gt;
        &lt;/tr&gt;

        &lt;tr style="background: #ffffff;"&gt;
            &lt;td style="padding: 10px; vertical-align: top;"&gt;
                &lt;div style="font-weight: bold; margin-bottom: 5px;"&gt;
                    Ph Sensor &lt;span style="font-size: 14px;"&gt;→ &lt;span style="color: #666; font-size: 11px;"&gt;stable&lt;/span&gt;&lt;/span&gt;
                &lt;/div&gt;
                &lt;div style="background: #ddd; border-radius: 10px; height: 8px; overflow: hidden;"&gt;
                    &lt;div style="background: #2196f3; height: 100%; width: 7.24982382351278%; transition: width 0.3s;"&gt;&lt;/div&gt;
                &lt;/div&gt;
                &lt;div style="font-size: 10px; color: #999; margin-top: 3px;"&gt;7d avg: 7.06 pH&lt;/div&gt;
            &lt;/td&gt;
            &lt;td style="padding: 10px; text-align: right; vertical-align: top;"&gt;
                &lt;span style="color: #2196f3; font-size: 18px; font-weight: bold;"&gt;7.25&lt;/span&gt;
                &lt;span style="color: #666; font-size: 12px; display: block; margin-top: 2px;"&gt;pH&lt;/span&gt;
            &lt;/td&gt;
        &lt;/tr&gt;

        &lt;tr style="background: #f0f0f0;"&gt;
            &lt;td style="padding: 10px; vertical-align: top;"&gt;
                &lt;div style="font-weight: bold; margin-bottom: 5px;"&gt;
                    Temperature &lt;span style="font-size: 14px;"&gt;→ &lt;span style="color: #666; font-size: 11px;"&gt;stable&lt;/span&gt;&lt;/span&gt;
                &lt;/div&gt;
                &lt;div style="background: #ddd; border-radius: 10px; height: 8px; overflow: hidden;"&gt;
                    &lt;div style="background: #2196f3; height: 100%; width: 20.070076984543192%; transition: width 0.3s;"&gt;&lt;/div&gt;
                &lt;/div&gt;
                &lt;div style="font-size: 10px; color: #999; margin-top: 3px;"&gt;7d avg: 19.94 °C&lt;/div&gt;
            &lt;/td&gt;
            &lt;td style="padding: 10px; text-align: right; vertical-align: top;"&gt;
                &lt;span style="color: #2196f3; font-size: 18px; font-weight: bold;"&gt;20.07&lt;/span&gt;
                &lt;span style="color: #666; font-size: 12px; display: block; margin-top: 2px;"&gt;°C&lt;/span&gt;
            &lt;/td&gt;
        &lt;/tr&gt;

        &lt;tr style="background: #ffffff;"&gt;
            &lt;td style="padding: 10px; vertical-align: top;"&gt;
                &lt;div style="font-weight: bold; margin-bottom: 5px;"&gt;
                    Turbidity &lt;span style="font-size: 14px;"&gt;↗️ &lt;span style="color: #666; font-size: 11px;"&gt;+33%&lt;/span&gt;&lt;/span&gt;
                &lt;/div&gt;
                &lt;div style="background: #ddd; border-radius: 10px; height: 8px; overflow: hidden;"&gt;
                    &lt;div style="background: #2196f3; height: 100%; width: 100%; transition: width 0.3s;"&gt;&lt;/div&gt;
                &lt;/div&gt;
                &lt;div style="font-size: 10px; color: #999; margin-top: 3px;"&gt;7d avg: 94.85 NTU&lt;/div&gt;
            &lt;/td&gt;
            &lt;td style="padding: 10px; text-align: right; vertical-align: top;"&gt;
                &lt;span style="color: #2196f3; font-size: 18px; font-weight: bold;"&gt;126.47&lt;/span&gt;
                &lt;span style="color: #666; font-size: 12px; display: block; margin-top: 2px;"&gt;NTU&lt;/span&gt;
            &lt;/td&gt;
        &lt;/tr&gt;

        &lt;tr style="background: #f0f0f0;"&gt;
            &lt;td style="padding: 10px; vertical-align: top;"&gt;
                &lt;div style="font-weight: bold; margin-bottom: 5px;"&gt;
                    Water Quality &lt;span style="font-size: 14px;"&gt;→ &lt;span style="color: #666; font-size: 11px;"&gt;stable&lt;/span&gt;&lt;/span&gt;
                &lt;/div&gt;
                &lt;div style="background: #ddd; border-radius: 10px; height: 8px; overflow: hidden;"&gt;
                    &lt;div style="background: #2196f3; height: 100%; width: 4.595366972620703%; transition: width 0.3s;"&gt;&lt;/div&gt;
                &lt;/div&gt;
                &lt;div style="font-size: 10px; color: #999; margin-top: 3px;"&gt;7d avg: 4.42 index&lt;/div&gt;
            &lt;/td&gt;
            &lt;td style="padding: 10px; text-align: right; vertical-align: top;"&gt;
                &lt;span style="color: #2196f3; font-size: 18px; font-weight: bold;"&gt;4.60&lt;/span&gt;
                &lt;span style="color: #666; font-size: 12px; display: block; margin-top: 2px;"&gt;index&lt;/span&gt;
            &lt;/td&gt;
        &lt;/tr&gt;

    &lt;/table&gt;
&lt;/div&gt;
&lt;/div&gt;]]&gt;</description>
      <Point>
        <coordinates>101.38059797,3.01449935,0</coordinates>
      </Point>
    </Placemark>
    <Placemark>
      <name />
      <styleUrl>#water_quality</styleUrl>
      <description>&lt;![CDATA[
&lt;div style="font-family: Arial, sans-serif; width: 350px; padding: 15px;"&gt;
    &lt;h2 style="color: #2c5364; margin: 0 0 15px 0; font-size: 20px; border-bottom: 2px solid #4fc3f7; padding-bottom: 10px;"&gt;
        WATER_QUALITY_002
    &lt;/h2&gt;
    &lt;table style="width: 100%; border-collapse: collapse; margin-bottom: 15px;"&gt;
        &lt;tr style="background: #f0f0f0;"&gt;
            &lt;td style="padding: 10px; font-weight: bold; width: 40%;"&gt;Type:&lt;/td&gt;
            &lt;td style="padding: 10px;"&gt;Water Quality&lt;/td&gt;
        &lt;/tr&gt;
        &lt;tr&gt;
            &lt;td style="padding: 10px; font-weight: bold;"&gt;Location:&lt;/td&gt;
            &lt;td style="padding: 10px; font-size: 12px;"&gt;3.045021°N&lt;br&gt;101.408197°E&lt;/td&gt;
        &lt;/tr&gt;
    &lt;/table&gt;
    
&lt;div style="background: #f8f9fa; padding: 15px; border-radius: 8px; margin-top: 10px;"&gt;
    &lt;h3 style="color: #2c5364; margin: 0 0 15px 0; font-size: 16px;"&gt;📊 Active Sensors (8)&lt;/h3&gt;
    &lt;table style="width: 100%; border-collapse: collapse;"&gt;

        &lt;tr style="background: #ffffff;"&gt;
            &lt;td style="padding: 10px; vertical-align: top;"&gt;
                &lt;div style="font-weight: bold; margin-bottom: 5px;"&gt;
                    Conductivity &lt;span style="font-size: 14px;"&gt;↗️ &lt;span style="color: #666; font-size: 11px;"&gt;+33%&lt;/span&gt;&lt;/span&gt;
                &lt;/div&gt;
                &lt;div style="background: #ddd; border-radius: 10px; height: 8px; overflow: hidden;"&gt;
                    &lt;div style="background: #2196f3; height: 100%; width: 100%; transition: width 0.3s;"&gt;&lt;/div&gt;
                &lt;/div&gt;
                &lt;div style="font-size: 10px; color: #999; margin-top: 3px;"&gt;7d avg: 351.48 μS/cm&lt;/div&gt;
            &lt;/td&gt;
            &lt;td style="padding: 10px; text-align: right; vertical-align: top;"&gt;
                &lt;span style="color: #2196f3; font-size: 18px; font-weight: bold;"&gt;468.63&lt;/span&gt;
                &lt;span style="color: #666; font-size: 12px; display: block; margin-top: 2px;"&gt;μS/cm&lt;/span&gt;
            &lt;/td&gt;
        &lt;/tr&gt;

        &lt;tr style="background: #f0f0f0;"&gt;
            &lt;td style="padding: 10px; vertical-align: top;"&gt;
                &lt;div style="font-weight: bold; margin-bottom: 5px;"&gt;
                    Depth Gauge &lt;span style="font-size: 14px;"&gt;↗️ &lt;span style="color: #666; font-size: 11px;"&gt;+8%&lt;/span&gt;&lt;/span&gt;
                &lt;/div&gt;
                &lt;div style="background: #ddd; border-radius: 10px; height: 8px; overflow: hidden;"&gt;
                    &lt;div style="background: #2196f3; height: 100%; width: 2.7455185784451395%; transition: width 0.3s;"&gt;&lt;/div&gt;
                &lt;/div&gt;
                &lt;div style="font-size: 10px; color: #999; margin-top: 3px;"&gt;7d avg: 2.55 m&lt;/div&gt;
            &lt;/td&gt;
            &lt;td style="padding: 10px; text-align: right; vertical-align: top;"&gt;
                &lt;span style="color: #2196f3; font-size: 18px; font-weight: bold;"&gt;2.75&lt;/span&gt;
                &lt;span style="color: #666; font-size: 12px; display: block; margin-top: 2px;"&gt;m&lt;/span&gt;
            &lt;/td&gt;
        &lt;/tr&gt;

        &lt;tr style="background: #ffffff;"&gt;
            &lt;td style="padding: 10px; vertical-align: top;"&gt;
                &lt;div style="font-weight: bold; margin-bottom: 5px;"&gt;
                    Dissolved Oxygen &lt;span style="font-size: 14px;"&gt;→ &lt;span style="color: #666; font-size: 11px;"&gt;stable&lt;/span&gt;&lt;/span&gt;
                &lt;/div&gt;
                &lt;div style="background: #ddd; border-radius: 10px; height: 8px; overflow: hidden;"&gt;
                    &lt;div style="background: #2196f3; height: 100%; width: 7.36875035542522%; transition: width 0.3s;"&gt;&lt;/div&gt;
                &lt;/div&gt;
                &lt;div style="font-size: 10px; color: #999; margin-top: 3px;"&gt;7d avg: 7.66 mg/L&lt;/div&gt;
            &lt;/td&gt;
            &lt;td style="padding: 10px; text-align: right; vertical-align: top;"&gt;
                &lt;span style="color: #2196f3; font-size: 18px; font-weight: bold;"&gt;7.37&lt;/span&gt;
                &lt;span style="color: #666; font-size: 12px; display: block; margin-top: 2px;"&gt;mg/L&lt;/span&gt;
            &lt;/td&gt;
        &lt;/tr&gt;

        &lt;tr style="background: #f0f0f0;"&gt;
            &lt;td style="padding: 10px; vertical-align: top;"&gt;
                &lt;div style="font-weight: bold; margin-bottom: 5px;"&gt;
                    Flow Meter &lt;span style="font-size: 14px;"&gt;→ &lt;span style="color: #666; font-size: 11px;"&gt;stable&lt;/span&gt;&lt;/span&gt;
                &lt;/div&gt;
                &lt;div style="background: #ddd; border-radius: 10px; height: 8px; overflow: hidden;"&gt;
                    &lt;div style="background: #2196f3; height: 100%; width: 1.2781784449098463%; transition: width 0.3s;"&gt;&lt;/div&gt;
                &lt;/div&gt;
                &lt;div style="font-size: 10px; color: #999; margin-top: 3px;"&gt;7d avg: 1.30 m3/s&lt;/div&gt;
            &lt;/td&gt;
            &lt;td style="padding: 10px; text-align: right; vertical-align: top;"&gt;
                &lt;span style="color: #2196f3; font-size: 18px; font-weight: bold;"&gt;1.28&lt;/span&gt;
                &lt;span style="color: #666; font-size: 12px; display: block; margin-top: 2px;"&gt;m3/s&lt;/span&gt;
            &lt;/td&gt;
        &lt;/tr&gt;

        &lt;tr style="background: #ffffff;"&gt;
            &lt;td style="padding: 10px; vertical-align: top;"&gt;
                &lt;div style="font-weight: bold; margin-bottom: 5px;"&gt;
                    Ph Sensor &lt;span style="font-size: 14px;"&gt;↗️ &lt;span style="color: #666; font-size: 11px;"&gt;+7%&lt;/span&gt;&lt;/span&gt;
                &lt;/div&gt;
                &lt;div style="background: #ddd; border-radius: 10px; height: 8px; overflow: hidden;"&gt;
                    &lt;div style="background: #2196f3; height: 100%; width: 4.954577788918744%; transition: width 0.3s;"&gt;&lt;/div&gt;
                &lt;/div&gt;
                &lt;div style="font-size: 10px; color: #999; margin-top: 3px;"&gt;7d avg: 4.65 pH&lt;/div&gt;
            &lt;/td&gt;
            &lt;td style="padding: 10px; text-align: right; vertical-align: top;"&gt;
                &lt;span style="color: #2196f3; font-size: 18px; font-weight: bold;"&gt;4.95&lt;/span&gt;
                &lt;span style="color: #666; font-size: 12px; display: block; margin-top: 2px;"&gt;pH&lt;/span&gt;
            &lt;/td&gt;
        &lt;/tr&gt;

        &lt;tr style="background: #f0f0f0;"&gt;
            &lt;td style="padding: 10px; vertical-align: top;"&gt;
                &lt;div style="font-weight: bold; margin-bottom: 5px;"&gt;
                    Temperature &lt;span style="font-size: 14px;"&gt;↘️ &lt;span style="color: #666; font-size: 11px;"&gt;-8%&lt;/span&gt;&lt;/span&gt;
                &lt;/div&gt;
                &lt;div style="background: #ddd; border-radius: 10px; height: 8px; overflow: hidden;"&gt;
                    &lt;div style="background: #2196f3; height: 100%; width: 14.690148413467154%; transition: width 0.3s;"&gt;&lt;/div&gt;
                &lt;/div&gt;
                &lt;div style="font-size: 10px; color: #999; margin-top: 3px;"&gt;7d avg: 16.01 °C&lt;/div&gt;
            &lt;/td&gt;
            &lt;td style="padding: 10px; text-align: right; vertical-align: top;"&gt;
                &lt;span style="color: #2196f3; font-size: 18px; font-weight: bold;"&gt;14.69&lt;/span&gt;
                &lt;span style="color: #666; font-size: 12px; display: block; margin-top: 2px;"&gt;°C&lt;/span&gt;
            &lt;/td&gt;
        &lt;/tr&gt;

        &lt;tr style="background: #ffffff;"&gt;
            &lt;td style="padding: 10px; vertical-align: top;"&gt;
                &lt;div style="font-weight: bold; margin-bottom: 5px;"&gt;
                    Turbidity &lt;span style="font-size: 14px;"&gt;↗️ &lt;span style="color: #666; font-size: 11px;"&gt;+33%&lt;/span&gt;&lt;/span&gt;
                &lt;/div&gt;
                &lt;div style="background: #ddd; border-radius: 10px; height: 8px; overflow: hidden;"&gt;
                    &lt;div style="background: #2196f3; height: 100%; width: 59.130730393346084%; transition: width 0.3s;"&gt;&lt;/div&gt;
                &lt;/div&gt;
                &lt;div style="font-size: 10px; color: #999; margin-top: 3px;"&gt;7d avg: 44.35 NTU&lt;/div&gt;
            &lt;/td&gt;
            &lt;td style="padding: 10px; text-align: right; vertical-align: top;"&gt;
                &lt;span style="color: #2196f3; font-size: 18px; font-weight: bold;"&gt;59.13&lt;/span&gt;
                &lt;span style="color: #666; font-size: 12px; display: block; margin-top: 2px;"&gt;NTU&lt;/span&gt;
            &lt;/td&gt;
        &lt;/tr&gt;

        &lt;tr style="background: #f0f0f0;"&gt;
            &lt;td style="padding: 10px; vertical-align: top;"&gt;
                &lt;div style="font-weight: bold; margin-bottom: 5px;"&gt;
                    Water Quality &lt;span style="font-size: 14px;"&gt;→ &lt;span style="color: #666; font-size: 11px;"&gt;stable&lt;/span&gt;&lt;/span&gt;
                &lt;/div&gt;
                &lt;div style="background: #ddd; border-radius: 10px; height: 8px; overflow: hidden;"&gt;
                    &lt;div style="background: #2196f3; height: 100%; width: 4.368966051963565%; transition: width 0.3s;"&gt;&lt;/div&gt;
                &lt;/div&gt;
                &lt;div style="font-size: 10px; color: #999; margin-top: 3px;"&gt;7d avg: 4.53 index&lt;/div&gt;
            &lt;/td&gt;
            &lt;td style="padding: 10px; text-align: right; vertical-align: top;"&gt;
                &lt;span style="color: #2196f3; font-size: 18px; font-weight: bold;"&gt;4.37&lt;/span&gt;
                &lt;span style="color: #666; font-size: 12px; display: block; margin-top: 2px;"&gt;index&lt;/span&gt;
            &lt;/td&gt;
        &lt;/tr&gt;

    &lt;/table&gt;
&lt;/div&gt;
&lt;/div&gt;]]&gt;</description>
      <Point>
        <coordinates>101.40819696,3.04502076,0</coordinates>
      </Point>
    </Placemark>
    <Placemark>
      <name />
      <styleUrl>#water_quality</styleUrl>
      <description>&lt;![CDATA[
&lt;div style="font-family: Arial, sans-serif; width: 350px; padding: 15px;"&gt;
    &lt;h2 style="color: #2c5364; margin: 0 0 15px 0; font-size: 20px; border-bottom: 2px solid #4fc3f7; padding-bottom: 10px;"&gt;
        WATER_QUALITY_003
    &lt;/h2&gt;
    &lt;table style="width: 100%; border-collapse: collapse; margin-bottom: 15px;"&gt;
        &lt;tr style="background: #f0f0f0;"&gt;
            &lt;td style="padding: 10px; font-weight: bold; width: 40%;"&gt;Type:&lt;/td&gt;
            &lt;td style="padding: 10px;"&gt;Water Quality&lt;/td&gt;
        &lt;/tr&gt;
        &lt;tr&gt;
            &lt;td style="padding: 10px; font-weight: bold;"&gt;Location:&lt;/td&gt;
            &lt;td style="padding: 10px; font-size: 12px;"&gt;3.040568°N&lt;br&gt;101.455633°E&lt;/td&gt;
        &lt;/tr&gt;
    &lt;/table&gt;
    
&lt;div style="background: #f8f9fa; padding: 15px; border-radius: 8px; margin-top: 10px;"&gt;
    &lt;h3 style="color: #2c5364; margin: 0 0 15px 0; font-size: 16px;"&gt;📊 Active Sensors (8)&lt;/h3&gt;
    &lt;table style="width: 100%; border-collapse: collapse;"&gt;

        &lt;tr style="background: #ffffff;"&gt;
            &lt;td style="padding: 10px; vertical-align: top;"&gt;
                &lt;div style="font-weight: bold; margin-bottom: 5px;"&gt;
                    Conductivity &lt;span style="font-size: 14px;"&gt;↗️ &lt;span style="color: #666; font-size: 11px;"&gt;+33%&lt;/span&gt;&lt;/span&gt;
                &lt;/div&gt;
                &lt;div style="background: #ddd; border-radius: 10px; height: 8px; overflow: hidden;"&gt;
                    &lt;div style="background: #2196f3; height: 100%; width: 100%; transition: width 0.3s;"&gt;&lt;/div&gt;
                &lt;/div&gt;
                &lt;div style="font-size: 10px; color: #999; margin-top: 3px;"&gt;7d avg: 538.44 μS/cm&lt;/div&gt;
            &lt;/td&gt;
            &lt;td style="padding: 10px; text-align: right; vertical-align: top;"&gt;
                &lt;span style="color: #2196f3; font-size: 18px; font-weight: bold;"&gt;717.92&lt;/span&gt;
                &lt;span style="color: #666; font-size: 12px; display: block; margin-top: 2px;"&gt;μS/cm&lt;/span&gt;
            &lt;/td&gt;
        &lt;/tr&gt;

        &lt;tr style="background: #f0f0f0;"&gt;
            &lt;td style="padding: 10px; vertical-align: top;"&gt;
                &lt;div style="font-weight: bold; margin-bottom: 5px;"&gt;
                    Depth Gauge &lt;span style="font-size: 14px;"&gt;→ &lt;span style="color: #666; font-size: 11px;"&gt;stable&lt;/span&gt;&lt;/span&gt;
                &lt;/div&gt;
                &lt;div style="background: #ddd; border-radius: 10px; height: 8px; overflow: hidden;"&gt;
                    &lt;div style="background: #2196f3; height: 100%; width: 3.578312612459844%; transition: width 0.3s;"&gt;&lt;/div&gt;
                &lt;/div&gt;
                &lt;div style="font-size: 10px; color: #999; margin-top: 3px;"&gt;7d avg: 3.61 m&lt;/div&gt;
            &lt;/td&gt;
            &lt;td style="padding: 10px; text-align: right; vertical-align: top;"&gt;
                &lt;span style="color: #2196f3; font-size: 18px; font-weight: bold;"&gt;3.58&lt;/span&gt;
                &lt;span style="color: #666; font-size: 12px; display: block; margin-top: 2px;"&gt;m&lt;/span&gt;
            &lt;/td&gt;
        &lt;/tr&gt;

        &lt;tr style="background: #ffffff;"&gt;
            &lt;td style="padding: 10px; vertical-align: top;"&gt;
                &lt;div style="font-weight: bold; margin-bottom: 5px;"&gt;
                    Dissolved Oxygen &lt;span style="font-size: 14px;"&gt;→ &lt;span style="color: #666; font-size: 11px;"&gt;stable&lt;/span&gt;&lt;/span&gt;
                &lt;/div&gt;
                &lt;div style="background: #ddd; border-radius: 10px; height: 8px; overflow: hidden;"&gt;
                    &lt;div style="background: #2196f3; height: 100%; width: 10.721282671282781%; transition: width 0.3s;"&gt;&lt;/div&gt;
                &lt;/div&gt;
                &lt;div style="font-size: 10px; color: #999; margin-top: 3px;"&gt;7d avg: 10.27 mg/L&lt;/div&gt;
            &lt;/td&gt;
            &lt;td style="padding: 10px; text-align: right; vertical-align: top;"&gt;
                &lt;span style="color: #2196f3; font-size: 18px; font-weight: bold;"&gt;10.72&lt;/span&gt;
                &lt;span style="color: #666; font-size: 12px; display: block; margin-top: 2px;"&gt;mg/L&lt;/span&gt;
            &lt;/td&gt;
        &lt;/tr&gt;

        &lt;tr style="background: #f0f0f0;"&gt;
            &lt;td style="padding: 10px; vertical-align: top;"&gt;
                &lt;div style="font-weight: bold; margin-bottom: 5px;"&gt;
                    Flow Meter &lt;span style="font-size: 14px;"&gt;→ &lt;span style="color: #666; font-size: 11px;"&gt;stable&lt;/span&gt;&lt;/span&gt;
                &lt;/div&gt;
                &lt;div style="background: #ddd; border-radius: 10px; height: 8px; overflow: hidden;"&gt;
                    &lt;div style="background: #2196f3; height: 100%; width: 1.849140257706578%; transition: width 0.3s;"&gt;&lt;/div&gt;
                &lt;/div&gt;
                &lt;div style="font-size: 10px; color: #999; margin-top: 3px;"&gt;7d avg: 1.83 m3/s&lt;/div&gt;
            &lt;/td&gt;
            &lt;td style="padding: 10px; text-align: right; vertical-align: top;"&gt;
                &lt;span style="color: #2196f3; font-size: 18px; font-weight: bold;"&gt;1.85&lt;/span&gt;
                &lt;span style="color: #666; font-size: 12px; display: block; margin-top: 2px;"&gt;m3/s&lt;/span&gt;
            &lt;/td&gt;
        &lt;/tr&gt;

        &lt;tr style="background: #ffffff;"&gt;
            &lt;td style="padding: 10px; vertical-align: top;"&gt;
                &lt;div style="font-weight: bold; margin-bottom: 5px;"&gt;
                    Ph Sensor &lt;span style="font-size: 14px;"&gt;→ &lt;span style="color: #666; font-size: 11px;"&gt;stable&lt;/span&gt;&lt;/span&gt;
                &lt;/div&gt;
                &lt;div style="background: #ddd; border-radius: 10px; height: 8px; overflow: hidden;"&gt;
                    &lt;div style="background: #2196f3; height: 100%; width: 7.2664787868294045%; transition: width 0.3s;"&gt;&lt;/div&gt;
                &lt;/div&gt;
                &lt;div style="font-size: 10px; color: #999; margin-top: 3px;"&gt;7d avg: 7.18 pH&lt;/div&gt;
            &lt;/td&gt;
            &lt;td style="padding: 10px; text-align: right; vertical-align: top;"&gt;
                &lt;span style="color: #2196f3; font-size: 18px; font-weight: bold;"&gt;7.27&lt;/span&gt;
                &lt;span style="color: #666; font-size: 12px; display: block; margin-top: 2px;"&gt;pH&lt;/span&gt;
            &lt;/td&gt;
        &lt;/tr&gt;

        &lt;tr style="background: #f0f0f0;"&gt;
            &lt;td style="padding: 10px; vertical-align: top;"&gt;
                &lt;div style="font-weight: bold; margin-bottom: 5px;"&gt;
                    Temperature &lt;span style="font-size: 14px;"&gt;→ &lt;span style="color: #666; font-size: 11px;"&gt;stable&lt;/span&gt;&lt;/span&gt;
                &lt;/div&gt;
                &lt;div style="background: #ddd; border-radius: 10px; height: 8px; overflow: hidden;"&gt;
                    &lt;div style="background: #2196f3; height: 100%; width: 32.49479443454847%; transition: width 0.3s;"&gt;&lt;/div&gt;
                &lt;/div&gt;
                &lt;div style="font-size: 10px; color: #999; margin-top: 3px;"&gt;7d avg: 31.15 °C&lt;/div&gt;
            &lt;/td&gt;
            &lt;td style="padding: 10px; text-align: right; vertical-align: top;"&gt;
                &lt;span style="color: #2196f3; font-size: 18px; font-weight: bold;"&gt;32.49&lt;/span&gt;
                &lt;span style="color: #666; font-size: 12px; display: block; margin-top: 2px;"&gt;°C&lt;/span&gt;
            &lt;/td&gt;
        &lt;/tr&gt;

        &lt;tr style="background: #ffffff;"&gt;
            &lt;td style="padding: 10px; vertical-align: top;"&gt;
                &lt;div style="font-weight: bold; margin-bottom: 5px;"&gt;
                    Turbidity &lt;span style="font-size: 14px;"&gt;↗️ &lt;span style="color: #666; font-size: 11px;"&gt;+33%&lt;/span&gt;&lt;/span&gt;
                &lt;/div&gt;
                &lt;div style="background: #ddd; border-radius: 10px; height: 8px; overflow: hidden;"&gt;
                    &lt;div style="background: #2196f3; height: 100%; width: 54.61516162074441%; transition: width 0.3s;"&gt;&lt;/div&gt;
                &lt;/div&gt;
                &lt;div style="font-size: 10px; color: #999; margin-top: 3px;"&gt;7d avg: 40.96 NTU&lt;/div&gt;
            &lt;/td&gt;
            &lt;td style="padding: 10px; text-align: right; vertical-align: top;"&gt;
                &lt;span style="color: #2196f3; font-size: 18px; font-weight: bold;"&gt;54.62&lt;/span&gt;
                &lt;span style="color: #666; font-size: 12px; display: block; margin-top: 2px;"&gt;NTU&lt;/span&gt;
            &lt;/td&gt;
        &lt;/tr&gt;

        &lt;tr style="background: #f0f0f0;"&gt;
            &lt;td style="padding: 10px; vertical-align: top;"&gt;
                &lt;div style="font-weight: bold; margin-bottom: 5px;"&gt;
                    Water Quality &lt;span style="font-size: 14px;"&gt;→ &lt;span style="color: #666; font-size: 11px;"&gt;stable&lt;/span&gt;&lt;/span&gt;
                &lt;/div&gt;
                &lt;div style="background: #ddd; border-radius: 10px; height: 8px; overflow: hidden;"&gt;
                    &lt;div style="background: #2196f3; height: 100%; width: 6.52576776453894%; transition: width 0.3s;"&gt;&lt;/div&gt;
                &lt;/div&gt;
                &lt;div style="font-size: 10px; color: #999; margin-top: 3px;"&gt;7d avg: 6.57 index&lt;/div&gt;
            &lt;/td&gt;
            &lt;td style="padding: 10px; text-align: right; vertical-align: top;"&gt;
                &lt;span style="color: #2196f3; font-size: 18px; font-weight: bold;"&gt;6.53&lt;/span&gt;
                &lt;span style="color: #666; font-size: 12px; display: block; margin-top: 2px;"&gt;index&lt;/span&gt;
            &lt;/td&gt;
        &lt;/tr&gt;

    &lt;/table&gt;
&lt;/div&gt;
&lt;/div&gt;]]&gt;</description>
      <Point>
        <coordinates>101.45563284,3.04056825,0</coordinates>
      </Point>
    </Placemark>
    <Placemark>
      <name />
      <styleUrl>#water_quality</styleUrl>
      <description>&lt;![CDATA[
&lt;div style="font-family: Arial, sans-serif; width: 350px; padding: 15px;"&gt;
    &lt;h2 style="color: #2c5364; margin: 0 0 15px 0; font-size: 20px; border-bottom: 2px solid #4fc3f7; padding-bottom: 10px;"&gt;
        WATER_QUALITY_004
    &lt;/h2&gt;
    &lt;table style="width: 100%; border-collapse: collapse; margin-bottom: 15px;"&gt;
        &lt;tr style="background: #f0f0f0;"&gt;
            &lt;td style="padding: 10px; font-weight: bold; width: 40%;"&gt;Type:&lt;/td&gt;
            &lt;td style="padding: 10px;"&gt;Water Quality&lt;/td&gt;
        &lt;/tr&gt;
        &lt;tr&gt;
            &lt;td style="padding: 10px; font-weight: bold;"&gt;Location:&lt;/td&gt;
            &lt;td style="padding: 10px; font-size: 12px;"&gt;3.040043°N&lt;br&gt;101.499725°E&lt;/td&gt;
        &lt;/tr&gt;
    &lt;/table&gt;
    
&lt;div style="background: #f8f9fa; padding: 15px; border-radius: 8px; margin-top: 10px;"&gt;
    &lt;h3 style="color: #2c5364; margin: 0 0 15px 0; font-size: 16px;"&gt;📊 Active Sensors (8)&lt;/h3&gt;
    &lt;table style="width: 100%; border-collapse: collapse;"&gt;

        &lt;tr style="background: #ffffff;"&gt;
            &lt;td style="padding: 10px; vertical-align: top;"&gt;
                &lt;div style="font-weight: bold; margin-bottom: 5px;"&gt;
                    Conductivity &lt;span style="font-size: 14px;"&gt;↗️ &lt;span style="color: #666; font-size: 11px;"&gt;+33%&lt;/span&gt;&lt;/span&gt;
                &lt;/div&gt;
                &lt;div style="background: #ddd; border-radius: 10px; height: 8px; overflow: hidden;"&gt;
                    &lt;div style="background: #2196f3; height: 100%; width: 100%; transition: width 0.3s;"&gt;&lt;/div&gt;
                &lt;/div&gt;
                &lt;div style="font-size: 10px; color: #999; margin-top: 3px;"&gt;7d avg: 690.16 μS/cm&lt;/div&gt;
            &lt;/td&gt;
            &lt;td style="padding: 10px; text-align: right; vertical-align: top;"&gt;
                &lt;span style="color: #2196f3; font-size: 18px; font-weight: bold;"&gt;920.21&lt;/span&gt;
                &lt;span style="color: #666; font-size: 12px; display: block; margin-top: 2px;"&gt;μS/cm&lt;/span&gt;
            &lt;/td&gt;
        &lt;/tr&gt;

        &lt;tr style="background: #f0f0f0;"&gt;
            &lt;td style="padding: 10px; vertical-align: top;"&gt;
                &lt;div style="font-weight: bold; margin-bottom: 5px;"&gt;
                    Depth Gauge &lt;span style="font-size: 14px;"&gt;→ &lt;span style="color: #666; font-size: 11px;"&gt;stable&lt;/span&gt;&lt;/span&gt;
                &lt;/div&gt;
                &lt;div style="background: #ddd; border-radius: 10px; height: 8px; overflow: hidden;"&gt;
                    &lt;div style="background: #2196f3; height: 100%; width: 4.005280508246171%; transition: width 0.3s;"&gt;&lt;/div&gt;
                &lt;/div&gt;
                &lt;div style="font-size: 10px; color: #999; margin-top: 3px;"&gt;7d avg: 4.21 m&lt;/div&gt;
            &lt;/td&gt;
            &lt;td style="padding: 10px; text-align: right; vertical-align: top;"&gt;
                &lt;span style="color: #2196f3; font-size: 18px; font-weight: bold;"&gt;4.01&lt;/span&gt;
                &lt;span style="color: #666; font-size: 12px; display: block; margin-top: 2px;"&gt;m&lt;/span&gt;
            &lt;/td&gt;
        &lt;/tr&gt;

        &lt;tr style="background: #ffffff;"&gt;
            &lt;td style="padding: 10px; vertical-align: top;"&gt;
                &lt;div style="font-weight: bold; margin-bottom: 5px;"&gt;
                    Dissolved Oxygen &lt;span style="font-size: 14px;"&gt;↗️ &lt;span style="color: #666; font-size: 11px;"&gt;+5%&lt;/span&gt;&lt;/span&gt;
                &lt;/div&gt;
                &lt;div style="background: #ddd; border-radius: 10px; height: 8px; overflow: hidden;"&gt;
                    &lt;div style="background: #2196f3; height: 100%; width: 14.566398105147368%; transition: width 0.3s;"&gt;&lt;/div&gt;
                &lt;/div&gt;
                &lt;div style="font-size: 10px; color: #999; margin-top: 3px;"&gt;7d avg: 13.86 mg/L&lt;/div&gt;
            &lt;/td&gt;
            &lt;td style="padding: 10px; text-align: right; vertical-align: top;"&gt;
                &lt;span style="color: #2196f3; font-size: 18px; font-weight: bold;"&gt;14.57&lt;/span&gt;
                &lt;span style="color: #666; font-size: 12px; display: block; margin-top: 2px;"&gt;mg/L&lt;/span&gt;
            &lt;/td&gt;
        &lt;/tr&gt;

        &lt;tr style="background: #f0f0f0;"&gt;
            &lt;td style="padding: 10px; vertical-align: top;"&gt;
                &lt;div style="font-weight: bold; margin-bottom: 5px;"&gt;
                    Flow Meter &lt;span style="font-size: 14px;"&gt;→ &lt;span style="color: #666; font-size: 11px;"&gt;stable&lt;/span&gt;&lt;/span&gt;
                &lt;/div&gt;
                &lt;div style="background: #ddd; border-radius: 10px; height: 8px; overflow: hidden;"&gt;
                    &lt;div style="background: #2196f3; height: 100%; width: 2.8847789818051286%; transition: width 0.3s;"&gt;&lt;/div&gt;
                &lt;/div&gt;
                &lt;div style="font-size: 10px; color: #999; margin-top: 3px;"&gt;7d avg: 2.76 m3/s&lt;/div&gt;
            &lt;/td&gt;
            &lt;td style="padding: 10px; text-align: right; vertical-align: top;"&gt;
                &lt;span style="color: #2196f3; font-size: 18px; font-weight: bold;"&gt;2.88&lt;/span&gt;
                &lt;span style="color: #666; font-size: 12px; display: block; margin-top: 2px;"&gt;m3/s&lt;/span&gt;
            &lt;/td&gt;
        &lt;/tr&gt;

        &lt;tr style="background: #ffffff;"&gt;
            &lt;td style="padding: 10px; vertical-align: top;"&gt;
                &lt;div style="font-weight: bold; margin-bottom: 5px;"&gt;
                    Ph Sensor &lt;span style="font-size: 14px;"&gt;→ &lt;span style="color: #666; font-size: 11px;"&gt;stable&lt;/span&gt;&lt;/span&gt;
                &lt;/div&gt;
                &lt;div style="background: #ddd; border-radius: 10px; height: 8px; overflow: hidden;"&gt;
                    &lt;div style="background: #2196f3; height: 100%; width: 6.090008486900681%; transition: width 0.3s;"&gt;&lt;/div&gt;
                &lt;/div&gt;
                &lt;div style="font-size: 10px; color: #999; margin-top: 3px;"&gt;7d avg: 6.00 pH&lt;/div&gt;
            &lt;/td&gt;
            &lt;td style="padding: 10px; text-align: right; vertical-align: top;"&gt;
                &lt;span style="color: #2196f3; font-size: 18px; font-weight: bold;"&gt;6.09&lt;/span&gt;
                &lt;span style="color: #666; font-size: 12px; display: block; margin-top: 2px;"&gt;pH&lt;/span&gt;
            &lt;/td&gt;
        &lt;/tr&gt;

        &lt;tr style="background: #f0f0f0;"&gt;
            &lt;td style="padding: 10px; vertical-align: top;"&gt;
                &lt;div style="font-weight: bold; margin-bottom: 5px;"&gt;
                    Temperature &lt;span style="font-size: 14px;"&gt;↘️ &lt;span style="color: #666; font-size: 11px;"&gt;-7%&lt;/span&gt;&lt;/span&gt;
                &lt;/div&gt;
                &lt;div style="background: #ddd; border-radius: 10px; height: 8px; overflow: hidden;"&gt;
                    &lt;div style="background: #2196f3; height: 100%; width: 41.941165383607974%; transition: width 0.3s;"&gt;&lt;/div&gt;
                &lt;/div&gt;
                &lt;div style="font-size: 10px; color: #999; margin-top: 3px;"&gt;7d avg: 45.00 °C&lt;/div&gt;
            &lt;/td&gt;
            &lt;td style="padding: 10px; text-align: right; vertical-align: top;"&gt;
                &lt;span style="color: #2196f3; font-size: 18px; font-weight: bold;"&gt;41.94&lt;/span&gt;
                &lt;span style="color: #666; font-size: 12px; display: block; margin-top: 2px;"&gt;°C&lt;/span&gt;
            &lt;/td&gt;
        &lt;/tr&gt;

        &lt;tr style="background: #ffffff;"&gt;
            &lt;td style="padding: 10px; vertical-align: top;"&gt;
                &lt;div style="font-weight: bold; margin-bottom: 5px;"&gt;
                    Turbidity &lt;span style="font-size: 14px;"&gt;↗️ &lt;span style="color: #666; font-size: 11px;"&gt;+33%&lt;/span&gt;&lt;/span&gt;
                &lt;/div&gt;
                &lt;div style="background: #ddd; border-radius: 10px; height: 8px; overflow: hidden;"&gt;
                    &lt;div style="background: #2196f3; height: 100%; width: 40.975158681056776%; transition: width 0.3s;"&gt;&lt;/div&gt;
                &lt;/div&gt;
                &lt;div style="font-size: 10px; color: #999; margin-top: 3px;"&gt;7d avg: 30.73 NTU&lt;/div&gt;
            &lt;/td&gt;
            &lt;td style="padding: 10px; text-align: right; vertical-align: top;"&gt;
                &lt;span style="color: #2196f3; font-size: 18px; font-weight: bold;"&gt;40.98&lt;/span&gt;
                &lt;span style="color: #666; font-size: 12px; display: block; margin-top: 2px;"&gt;NTU&lt;/span&gt;
            &lt;/td&gt;
        &lt;/tr&gt;

        &lt;tr style="background: #f0f0f0;"&gt;
            &lt;td style="padding: 10px; vertical-align: top;"&gt;
                &lt;div style="font-weight: bold; margin-bottom: 5px;"&gt;
                    Water Quality &lt;span style="font-size: 14px;"&gt;→ &lt;span style="color: #666; font-size: 11px;"&gt;stable&lt;/span&gt;&lt;/span&gt;
                &lt;/div&gt;
                &lt;div style="background: #ddd; border-radius: 10px; height: 8px; overflow: hidden;"&gt;
                    &lt;div style="background: #2196f3; height: 100%; width: 6.811071609904723%; transition: width 0.3s;"&gt;&lt;/div&gt;
                &lt;/div&gt;
                &lt;div style="font-size: 10px; color: #999; margin-top: 3px;"&gt;7d avg: 6.67 index&lt;/div&gt;
            &lt;/td&gt;
            &lt;td style="padding: 10px; text-align: right; vertical-align: top;"&gt;
                &lt;span style="color: #2196f3; font-size: 18px; font-weight: bold;"&gt;6.81&lt;/span&gt;
                &lt;span style="color: #666; font-size: 12px; display: block; margin-top: 2px;"&gt;index&lt;/span&gt;
            &lt;/td&gt;
        &lt;/tr&gt;

    &lt;/table&gt;
&lt;/div&gt;
&lt;/div&gt;]]&gt;</description>
      <Point>
        <coordinates>101.49972538,3.04004286,0</coordinates>
      </Point>
    </Placemark>
    <Placemark>
      <name />
      <styleUrl>#water_quality</styleUrl>
      <description>&lt;![CDATA[
&lt;div style="font-family: Arial, sans-serif; width: 350px; padding: 15px;"&gt;
    &lt;h2 style="color: #2c5364; margin: 0 0 15px 0; font-size: 20px; border-bottom: 2px solid #4fc3f7; padding-bottom: 10px;"&gt;
        WATER_QUALITY_005
    &lt;/h2&gt;
    &lt;table style="width: 100%; border-collapse: collapse; margin-bottom: 15px;"&gt;
        &lt;tr style="background: #f0f0f0;"&gt;
            &lt;td style="padding: 10px; font-weight: bold; width: 40%;"&gt;Type:&lt;/td&gt;
            &lt;td style="padding: 10px;"&gt;Water Quality&lt;/td&gt;
        &lt;/tr&gt;
        &lt;tr&gt;
            &lt;td style="padding: 10px; font-weight: bold;"&gt;Location:&lt;/td&gt;
            &lt;td style="padding: 10px; font-size: 12px;"&gt;3.031609°N&lt;br&gt;101.546316°E&lt;/td&gt;
        &lt;/tr&gt;
    &lt;/table&gt;
    
&lt;div style="background: #f8f9fa; padding: 15px; border-radius: 8px; margin-top: 10px;"&gt;
    &lt;h3 style="color: #2c5364; margin: 0 0 15px 0; font-size: 16px;"&gt;📊 Active Sensors (8)&lt;/h3&gt;
    &lt;table style="width: 100%; border-collapse: collapse;"&gt;

        &lt;tr style="background: #ffffff;"&gt;
            &lt;td style="padding: 10px; vertical-align: top;"&gt;
                &lt;div style="font-weight: bold; margin-bottom: 5px;"&gt;
                    Conductivity &lt;span style="font-size: 14px;"&gt;↗️ &lt;span style="color: #666; font-size: 11px;"&gt;+33%&lt;/span&gt;&lt;/span&gt;
                &lt;/div&gt;
                &lt;div style="background: #ddd; border-radius: 10px; height: 8px; overflow: hidden;"&gt;
                    &lt;div style="background: #2196f3; height: 100%; width: 100%; transition: width 0.3s;"&gt;&lt;/div&gt;
                &lt;/div&gt;
                &lt;div style="font-size: 10px; color: #999; margin-top: 3px;"&gt;7d avg: 628.93 μS/cm&lt;/div&gt;
            &lt;/td&gt;
            &lt;td style="padding: 10px; text-align: right; vertical-align: top;"&gt;
                &lt;span style="color: #2196f3; font-size: 18px; font-weight: bold;"&gt;838.58&lt;/span&gt;
                &lt;span style="color: #666; font-size: 12px; display: block; margin-top: 2px;"&gt;μS/cm&lt;/span&gt;
            &lt;/td&gt;
        &lt;/tr&gt;

        &lt;tr style="background: #f0f0f0;"&gt;
            &lt;td style="padding: 10px; vertical-align: top;"&gt;
                &lt;div style="font-weight: bold; margin-bottom: 5px;"&gt;
                    Depth Gauge &lt;span style="font-size: 14px;"&gt;↘️ &lt;span style="color: #666; font-size: 11px;"&gt;-8%&lt;/span&gt;&lt;/span&gt;
                &lt;/div&gt;
                &lt;div style="background: #ddd; border-radius: 10px; height: 8px; overflow: hidden;"&gt;
                    &lt;div style="background: #2196f3; height: 100%; width: 5.839984766623858%; transition: width 0.3s;"&gt;&lt;/div&gt;
                &lt;/div&gt;
                &lt;div style="font-size: 10px; color: #999; margin-top: 3px;"&gt;7d avg: 6.34 m&lt;/div&gt;
            &lt;/td&gt;
            &lt;td style="padding: 10px; text-align: right; vertical-align: top;"&gt;
                &lt;span style="color: #2196f3; font-size: 18px; font-weight: bold;"&gt;5.84&lt;/span&gt;
                &lt;span style="color: #666; font-size: 12px; display: block; margin-top: 2px;"&gt;m&lt;/span&gt;
            &lt;/td&gt;
        &lt;/tr&gt;

        &lt;tr style="background: #ffffff;"&gt;
            &lt;td style="padding: 10px; vertical-align: top;"&gt;
                &lt;div style="font-weight: bold; margin-bottom: 5px;"&gt;
                    Dissolved Oxygen &lt;span style="font-size: 14px;"&gt;→ &lt;span style="color: #666; font-size: 11px;"&gt;stable&lt;/span&gt;&lt;/span&gt;
                &lt;/div&gt;
                &lt;div style="background: #ddd; border-radius: 10px; height: 8px; overflow: hidden;"&gt;
                    &lt;div style="background: #2196f3; height: 100%; width: 8.57513855922983%; transition: width 0.3s;"&gt;&lt;/div&gt;
                &lt;/div&gt;
                &lt;div style="font-size: 10px; color: #999; margin-top: 3px;"&gt;7d avg: 8.38 mg/L&lt;/div&gt;
            &lt;/td&gt;
            &lt;td style="padding: 10px; text-align: right; vertical-align: top;"&gt;
                &lt;span style="color: #2196f3; font-size: 18px; font-weight: bold;"&gt;8.58&lt;/span&gt;
                &lt;span style="color: #666; font-size: 12px; display: block; margin-top: 2px;"&gt;mg/L&lt;/span&gt;
            &lt;/td&gt;
        &lt;/tr&gt;

        &lt;tr style="background: #f0f0f0;"&gt;
            &lt;td style="padding: 10px; vertical-align: top;"&gt;
                &lt;div style="font-weight: bold; margin-bottom: 5px;"&gt;
                    Flow Meter &lt;span style="font-size: 14px;"&gt;→ &lt;span style="color: #666; font-size: 11px;"&gt;stable&lt;/span&gt;&lt;/span&gt;
                &lt;/div&gt;
                &lt;div style="background: #ddd; border-radius: 10px; height: 8px; overflow: hidden;"&gt;
                    &lt;div style="background: #2196f3; height: 100%; width: 3.6993693968142805%; transition: width 0.3s;"&gt;&lt;/div&gt;
                &lt;/div&gt;
                &lt;div style="font-size: 10px; color: #999; margin-top: 3px;"&gt;7d avg: 3.61 m3/s&lt;/div&gt;
            &lt;/td&gt;
            &lt;td style="padding: 10px; text-align: right; vertical-align: top;"&gt;
                &lt;span style="color: #2196f3; font-size: 18px; font-weight: bold;"&gt;3.70&lt;/span&gt;
                &lt;span style="color: #666; font-size: 12px; display: block; margin-top: 2px;"&gt;m3/s&lt;/span&gt;
            &lt;/td&gt;
        &lt;/tr&gt;

        &lt;tr style="background: #ffffff;"&gt;
            &lt;td style="padding: 10px; vertical-align: top;"&gt;
                &lt;div style="font-weight: bold; margin-bottom: 5px;"&gt;
                    Ph Sensor &lt;span style="font-size: 14px;"&gt;→ &lt;span style="color: #666; font-size: 11px;"&gt;stable&lt;/span&gt;&lt;/span&gt;
                &lt;/div&gt;
                &lt;div style="background: #ddd; border-radius: 10px; height: 8px; overflow: hidden;"&gt;
                    &lt;div style="background: #2196f3; height: 100%; width: 9.171282228700623%; transition: width 0.3s;"&gt;&lt;/div&gt;
                &lt;/div&gt;
                &lt;div style="font-size: 10px; color: #999; margin-top: 3px;"&gt;7d avg: 8.80 pH&lt;/div&gt;
            &lt;/td&gt;
            &lt;td style="padding: 10px; text-align: right; vertical-align: top;"&gt;
                &lt;span style="color: #2196f3; font-size: 18px; font-weight: bold;"&gt;9.17&lt;/span&gt;
                &lt;span style="color: #666; font-size: 12px; display: block; margin-top: 2px;"&gt;pH&lt;/span&gt;
            &lt;/td&gt;
        &lt;/tr&gt;

        &lt;tr style="background: #f0f0f0;"&gt;
            &lt;td style="padding: 10px; vertical-align: top;"&gt;
                &lt;div style="font-weight: bold; margin-bottom: 5px;"&gt;
                    Temperature &lt;span style="font-size: 14px;"&gt;↘️ &lt;span style="color: #666; font-size: 11px;"&gt;-7%&lt;/span&gt;&lt;/span&gt;
                &lt;/div&gt;
                &lt;div style="background: #ddd; border-radius: 10px; height: 8px; overflow: hidden;"&gt;
                    &lt;div style="background: #2196f3; height: 100%; width: 27.968762202544035%; transition: width 0.3s;"&gt;&lt;/div&gt;
                &lt;/div&gt;
                &lt;div style="font-size: 10px; color: #999; margin-top: 3px;"&gt;7d avg: 30.19 °C&lt;/div&gt;
            &lt;/td&gt;
            &lt;td style="padding: 10px; text-align: right; vertical-align: top;"&gt;
                &lt;span style="color: #2196f3; font-size: 18px; font-weight: bold;"&gt;27.97&lt;/span&gt;
                &lt;span style="color: #666; font-size: 12px; display: block; margin-top: 2px;"&gt;°C&lt;/span&gt;
            &lt;/td&gt;
        &lt;/tr&gt;

        &lt;tr style="background: #ffffff;"&gt;
            &lt;td style="padding: 10px; vertical-align: top;"&gt;
                &lt;div style="font-weight: bold; margin-bottom: 5px;"&gt;
                    Turbidity &lt;span style="font-size: 14px;"&gt;↗️ &lt;span style="color: #666; font-size: 11px;"&gt;+33%&lt;/span&gt;&lt;/span&gt;
                &lt;/div&gt;
                &lt;div style="background: #ddd; border-radius: 10px; height: 8px; overflow: hidden;"&gt;
                    &lt;div style="background: #2196f3; height: 100%; width: 90.18642166663624%; transition: width 0.3s;"&gt;&lt;/div&gt;
                &lt;/div&gt;
                &lt;div style="font-size: 10px; color: #999; margin-top: 3px;"&gt;7d avg: 67.64 NTU&lt;/div&gt;
            &lt;/td&gt;
            &lt;td style="padding: 10px; text-align: right; vertical-align: top;"&gt;
                &lt;span style="color: #2196f3; font-size: 18px; font-weight: bold;"&gt;90.19&lt;/span&gt;
                &lt;span style="color: #666; font-size: 12px; display: block; margin-top: 2px;"&gt;NTU&lt;/span&gt;
            &lt;/td&gt;
        &lt;/tr&gt;

        &lt;tr style="background: #f0f0f0;"&gt;
            &lt;td style="padding: 10px; vertical-align: top;"&gt;
                &lt;div style="font-weight: bold; margin-bottom: 5px;"&gt;
                    Water Quality &lt;span style="font-size: 14px;"&gt;→ &lt;span style="color: #666; font-size: 11px;"&gt;stable&lt;/span&gt;&lt;/span&gt;
                &lt;/div&gt;
                &lt;div style="background: #ddd; border-radius: 10px; height: 8px; overflow: hidden;"&gt;
                    &lt;div style="background: #2196f3; height: 100%; width: 6.150521680204358%; transition: width 0.3s;"&gt;&lt;/div&gt;
                &lt;/div&gt;
                &lt;div style="font-size: 10px; color: #999; margin-top: 3px;"&gt;7d avg: 6.24 index&lt;/div&gt;
            &lt;/td&gt;
            &lt;td style="padding: 10px; text-align: right; vertical-align: top;"&gt;
                &lt;span style="color: #2196f3; font-size: 18px; font-weight: bold;"&gt;6.15&lt;/span&gt;
                &lt;span style="color: #666; font-size: 12px; display: block; margin-top: 2px;"&gt;index&lt;/span&gt;
            &lt;/td&gt;
        &lt;/tr&gt;

    &lt;/table&gt;
&lt;/div&gt;
&lt;/div&gt;]]&gt;</description>
      <Point>
        <coordinates>101.54631641,3.0316088,0</coordinates>
      </Point>
    </Placemark>
    <Placemark>
      <name />
      <styleUrl>#water_quality</styleUrl>
      <description>&lt;![CDATA[
&lt;div style="font-family: Arial, sans-serif; width: 350px; padding: 15px;"&gt;
    &lt;h2 style="color: #2c5364; margin: 0 0 15px 0; font-size: 20px; border-bottom: 2px solid #4fc3f7; padding-bottom: 10px;"&gt;
        WATER_QUALITY_006
    &lt;/h2&gt;
    &lt;table style="width: 100%; border-collapse: collapse; margin-bottom: 15px;"&gt;
        &lt;tr style="background: #f0f0f0;"&gt;
            &lt;td style="padding: 10px; font-weight: bold; width: 40%;"&gt;Type:&lt;/td&gt;
            &lt;td style="padding: 10px;"&gt;Water Quality&lt;/td&gt;
        &lt;/tr&gt;
        &lt;tr&gt;
            &lt;td style="padding: 10px; font-weight: bold;"&gt;Location:&lt;/td&gt;
            &lt;td style="padding: 10px; font-size: 12px;"&gt;2.985659°N&lt;br&gt;101.555290°E&lt;/td&gt;
        &lt;/tr&gt;
    &lt;/table&gt;
    
&lt;div style="background: #f8f9fa; padding: 15px; border-radius: 8px; margin-top: 10px;"&gt;
    &lt;h3 style="color: #2c5364; margin: 0 0 15px 0; font-size: 16px;"&gt;📊 Active Sensors (8)&lt;/h3&gt;
    &lt;table style="width: 100%; border-collapse: collapse;"&gt;

        &lt;tr style="background: #ffffff;"&gt;
            &lt;td style="padding: 10px; vertical-align: top;"&gt;
                &lt;div style="font-weight: bold; margin-bottom: 5px;"&gt;
                    Conductivity &lt;span style="font-size: 14px;"&gt;↗️ &lt;span style="color: #666; font-size: 11px;"&gt;+33%&lt;/span&gt;&lt;/span&gt;
                &lt;/div&gt;
                &lt;div style="background: #ddd; border-radius: 10px; height: 8px; overflow: hidden;"&gt;
                    &lt;div style="background: #2196f3; height: 100%; width: 100%; transition: width 0.3s;"&gt;&lt;/div&gt;
                &lt;/div&gt;
                &lt;div style="font-size: 10px; color: #999; margin-top: 3px;"&gt;7d avg: 641.10 μS/cm&lt;/div&gt;
            &lt;/td&gt;
            &lt;td style="padding: 10px; text-align: right; vertical-align: top;"&gt;
                &lt;span style="color: #2196f3; font-size: 18px; font-weight: bold;"&gt;854.80&lt;/span&gt;
                &lt;span style="color: #666; font-size: 12px; display: block; margin-top: 2px;"&gt;μS/cm&lt;/span&gt;
            &lt;/td&gt;
        &lt;/tr&gt;

        &lt;tr style="background: #f0f0f0;"&gt;
            &lt;td style="padding: 10px; vertical-align: top;"&gt;
                &lt;div style="font-weight: bold; margin-bottom: 5px;"&gt;
                    Depth Gauge &lt;span style="font-size: 14px;"&gt;↗️ &lt;span style="color: #666; font-size: 11px;"&gt;+7%&lt;/span&gt;&lt;/span&gt;
                &lt;/div&gt;
                &lt;div style="background: #ddd; border-radius: 10px; height: 8px; overflow: hidden;"&gt;
                    &lt;div style="background: #2196f3; height: 100%; width: 4.304380181415567%; transition: width 0.3s;"&gt;&lt;/div&gt;
                &lt;/div&gt;
                &lt;div style="font-size: 10px; color: #999; margin-top: 3px;"&gt;7d avg: 4.01 m&lt;/div&gt;
            &lt;/td&gt;
            &lt;td style="padding: 10px; text-align: right; vertical-align: top;"&gt;
                &lt;span style="color: #2196f3; font-size: 18px; font-weight: bold;"&gt;4.30&lt;/span&gt;
                &lt;span style="color: #666; font-size: 12px; display: block; margin-top: 2px;"&gt;m&lt;/span&gt;
            &lt;/td&gt;
        &lt;/tr&gt;

        &lt;tr style="background: #ffffff;"&gt;
            &lt;td style="padding: 10px; vertical-align: top;"&gt;
                &lt;div style="font-weight: bold; margin-bottom: 5px;"&gt;
                    Dissolved Oxygen &lt;span style="font-size: 14px;"&gt;→ &lt;span style="color: #666; font-size: 11px;"&gt;stable&lt;/span&gt;&lt;/span&gt;
                &lt;/div&gt;
                &lt;div style="background: #ddd; border-radius: 10px; height: 8px; overflow: hidden;"&gt;
                    &lt;div style="background: #2196f3; height: 100%; width: 8.313681663314023%; transition: width 0.3s;"&gt;&lt;/div&gt;
                &lt;/div&gt;
                &lt;div style="font-size: 10px; color: #999; margin-top: 3px;"&gt;7d avg: 8.14 mg/L&lt;/div&gt;
            &lt;/td&gt;
            &lt;td style="padding: 10px; text-align: right; vertical-align: top;"&gt;
                &lt;span style="color: #2196f3; font-size: 18px; font-weight: bold;"&gt;8.31&lt;/span&gt;
                &lt;span style="color: #666; font-size: 12px; display: block; margin-top: 2px;"&gt;mg/L&lt;/span&gt;
            &lt;/td&gt;
        &lt;/tr&gt;

        &lt;tr style="background: #f0f0f0;"&gt;
            &lt;td style="padding: 10px; vertical-align: top;"&gt;
                &lt;div style="font-weight: bold; margin-bottom: 5px;"&gt;
                    Flow Meter &lt;span style="font-size: 14px;"&gt;↗️ &lt;span style="color: #666; font-size: 11px;"&gt;+8%&lt;/span&gt;&lt;/span&gt;
                &lt;/div&gt;
                &lt;div style="background: #ddd; border-radius: 10px; height: 8px; overflow: hidden;"&gt;
                    &lt;div style="background: #2196f3; height: 100%; width: 2.1705147153967155%; transition: width 0.3s;"&gt;&lt;/div&gt;
                &lt;/div&gt;
                &lt;div style="font-size: 10px; color: #999; margin-top: 3px;"&gt;7d avg: 2.00 m3/s&lt;/div&gt;
            &lt;/td&gt;
            &lt;td style="padding: 10px; text-align: right; vertical-align: top;"&gt;
                &lt;span style="color: #2196f3; font-size: 18px; font-weight: bold;"&gt;2.17&lt;/span&gt;
                &lt;span style="color: #666; font-size: 12px; display: block; margin-top: 2px;"&gt;m3/s&lt;/span&gt;
            &lt;/td&gt;
        &lt;/tr&gt;

        &lt;tr style="background: #ffffff;"&gt;
            &lt;td style="padding: 10px; vertical-align: top;"&gt;
                &lt;div style="font-weight: bold; margin-bottom: 5px;"&gt;
                    Ph Sensor &lt;span style="font-size: 14px;"&gt;↘️ &lt;span style="color: #666; font-size: 11px;"&gt;-6%&lt;/span&gt;&lt;/span&gt;
                &lt;/div&gt;
                &lt;div style="background: #ddd; border-radius: 10px; height: 8px; overflow: hidden;"&gt;
                    &lt;div style="background: #2196f3; height: 100%; width: 5.829002440675774%; transition: width 0.3s;"&gt;&lt;/div&gt;
                &lt;/div&gt;
                &lt;div style="font-size: 10px; color: #999; margin-top: 3px;"&gt;7d avg: 6.17 pH&lt;/div&gt;
            &lt;/td&gt;
            &lt;td style="padding: 10px; text-align: right; vertical-align: top;"&gt;
                &lt;span style="color: #2196f3; font-size: 18px; font-weight: bold;"&gt;5.83&lt;/span&gt;
                &lt;span style="color: #666; font-size: 12px; display: block; margin-top: 2px;"&gt;pH&lt;/span&gt;
            &lt;/td&gt;
        &lt;/tr&gt;

        &lt;tr style="background: #f0f0f0;"&gt;
            &lt;td style="padding: 10px; vertical-align: top;"&gt;
                &lt;div style="font-weight: bold; margin-bottom: 5px;"&gt;
                    Temperature &lt;span style="font-size: 14px;"&gt;→ &lt;span style="color: #666; font-size: 11px;"&gt;stable&lt;/span&gt;&lt;/span&gt;
                &lt;/div&gt;
                &lt;div style="background: #ddd; border-radius: 10px; height: 8px; overflow: hidden;"&gt;
                    &lt;div style="background: #2196f3; height: 100%; width: 31.3609866006551%; transition: width 0.3s;"&gt;&lt;/div&gt;
                &lt;/div&gt;
                &lt;div style="font-size: 10px; color: #999; margin-top: 3px;"&gt;7d avg: 31.46 °C&lt;/div&gt;
            &lt;/td&gt;
            &lt;td style="padding: 10px; text-align: right; vertical-align: top;"&gt;
                &lt;span style="color: #2196f3; font-size: 18px; font-weight: bold;"&gt;31.36&lt;/span&gt;
                &lt;span style="color: #666; font-size: 12px; display: block; margin-top: 2px;"&gt;°C&lt;/span&gt;
            &lt;/td&gt;
        &lt;/tr&gt;

        &lt;tr style="background: #ffffff;"&gt;
            &lt;td style="padding: 10px; vertical-align: top;"&gt;
                &lt;div style="font-weight: bold; margin-bottom: 5px;"&gt;
                    Turbidity &lt;span style="font-size: 14px;"&gt;↗️ &lt;span style="color: #666; font-size: 11px;"&gt;+33%&lt;/span&gt;&lt;/span&gt;
                &lt;/div&gt;
                &lt;div style="background: #ddd; border-radius: 10px; height: 8px; overflow: hidden;"&gt;
                    &lt;div style="background: #2196f3; height: 100%; width: 67.48624276067869%; transition: width 0.3s;"&gt;&lt;/div&gt;
                &lt;/div&gt;
                &lt;div style="font-size: 10px; color: #999; margin-top: 3px;"&gt;7d avg: 50.61 NTU&lt;/div&gt;
            &lt;/td&gt;
            &lt;td style="padding: 10px; text-align: right; vertical-align: top;"&gt;
                &lt;span style="color: #2196f3; font-size: 18px; font-weight: bold;"&gt;67.49&lt;/span&gt;
                &lt;span style="color: #666; font-size: 12px; display: block; margin-top: 2px;"&gt;NTU&lt;/span&gt;
            &lt;/td&gt;
        &lt;/tr&gt;

        &lt;tr style="background: #f0f0f0;"&gt;
            &lt;td style="padding: 10px; vertical-align: top;"&gt;
                &lt;div style="font-weight: bold; margin-bottom: 5px;"&gt;
                    Water Quality &lt;span style="font-size: 14px;"&gt;→ &lt;span style="color: #666; font-size: 11px;"&gt;stable&lt;/span&gt;&lt;/span&gt;
                &lt;/div&gt;
                &lt;div style="background: #ddd; border-radius: 10px; height: 8px; overflow: hidden;"&gt;
                    &lt;div style="background: #2196f3; height: 100%; width: 5.75479029054475%; transition: width 0.3s;"&gt;&lt;/div&gt;
                &lt;/div&gt;
                &lt;div style="font-size: 10px; color: #999; margin-top: 3px;"&gt;7d avg: 5.86 index&lt;/div&gt;
            &lt;/td&gt;
            &lt;td style="padding: 10px; text-align: right; vertical-align: top;"&gt;
                &lt;span style="color: #2196f3; font-size: 18px; font-weight: bold;"&gt;5.75&lt;/span&gt;
                &lt;span style="color: #666; font-size: 12px; display: block; margin-top: 2px;"&gt;index&lt;/span&gt;
            &lt;/td&gt;
        &lt;/tr&gt;

    &lt;/table&gt;
&lt;/div&gt;
&lt;/div&gt;]]&gt;</description>
      <Point>
        <coordinates>101.55528999,2.9856593,0</coordinates>
      </Point>
    </Placemark>
    <Placemark>
      <name />
      <styleUrl>#water_quality</styleUrl>
      <description>&lt;![CDATA[
&lt;div style="font-family: Arial, sans-serif; width: 350px; padding: 15px;"&gt;
    &lt;h2 style="color: #2c5364; margin: 0 0 15px 0; font-size: 20px; border-bottom: 2px solid #4fc3f7; padding-bottom: 10px;"&gt;
        WATER_QUALITY_007
    &lt;/h2&gt;
    &lt;table style="width: 100%; border-collapse: collapse; margin-bottom: 15px;"&gt;
        &lt;tr style="background: #f0f0f0;"&gt;
            &lt;td style="padding: 10px; font-weight: bold; width: 40%;"&gt;Type:&lt;/td&gt;
            &lt;td style="padding: 10px;"&gt;Water Quality&lt;/td&gt;
        &lt;/tr&gt;
        &lt;tr&gt;
            &lt;td style="padding: 10px; font-weight: bold;"&gt;Location:&lt;/td&gt;
            &lt;td style="padding: 10px; font-size: 12px;"&gt;3.023344°N&lt;br&gt;101.597841°E&lt;/td&gt;
        &lt;/tr&gt;
    &lt;/table&gt;
    
&lt;div style="background: #f8f9fa; padding: 15px; border-radius: 8px; margin-top: 10px;"&gt;
    &lt;h3 style="color: #2c5364; margin: 0 0 15px 0; font-size: 16px;"&gt;📊 Active Sensors (8)&lt;/h3&gt;
    &lt;table style="width: 100%; border-collapse: collapse;"&gt;

        &lt;tr style="background: #ffffff;"&gt;
            &lt;td style="padding: 10px; vertical-align: top;"&gt;
                &lt;div style="font-weight: bold; margin-bottom: 5px;"&gt;
                    Conductivity &lt;span style="font-size: 14px;"&gt;↗️ &lt;span style="color: #666; font-size: 11px;"&gt;+33%&lt;/span&gt;&lt;/span&gt;
                &lt;/div&gt;
                &lt;div style="background: #ddd; border-radius: 10px; height: 8px; overflow: hidden;"&gt;
                    &lt;div style="background: #2196f3; height: 100%; width: 100%; transition: width 0.3s;"&gt;&lt;/div&gt;
                &lt;/div&gt;
                &lt;div style="font-size: 10px; color: #999; margin-top: 3px;"&gt;7d avg: 449.04 μS/cm&lt;/div&gt;
            &lt;/td&gt;
            &lt;td style="padding: 10px; text-align: right; vertical-align: top;"&gt;
                &lt;span style="color: #2196f3; font-size: 18px; font-weight: bold;"&gt;598.72&lt;/span&gt;
                &lt;span style="color: #666; font-size: 12px; display: block; margin-top: 2px;"&gt;μS/cm&lt;/span&gt;
            &lt;/td&gt;
        &lt;/tr&gt;

        &lt;tr style="background: #f0f0f0;"&gt;
            &lt;td style="padding: 10px; vertical-align: top;"&gt;
                &lt;div style="font-weight: bold; margin-bottom: 5px;"&gt;
                    Depth Gauge &lt;span style="font-size: 14px;"&gt;→ &lt;span style="color: #666; font-size: 11px;"&gt;stable&lt;/span&gt;&lt;/span&gt;
                &lt;/div&gt;
                &lt;div style="background: #ddd; border-radius: 10px; height: 8px; overflow: hidden;"&gt;
                    &lt;div style="background: #2196f3; height: 100%; width: 4.098112805527945%; transition: width 0.3s;"&gt;&lt;/div&gt;
                &lt;/div&gt;
                &lt;div style="font-size: 10px; color: #999; margin-top: 3px;"&gt;7d avg: 4.09 m&lt;/div&gt;
            &lt;/td&gt;
            &lt;td style="padding: 10px; text-align: right; vertical-align: top;"&gt;
                &lt;span style="color: #2196f3; font-size: 18px; font-weight: bold;"&gt;4.10&lt;/span&gt;
                &lt;span style="color: #666; font-size: 12px; display: block; margin-top: 2px;"&gt;m&lt;/span&gt;
            &lt;/td&gt;
        &lt;/tr&gt;

        &lt;tr style="background: #ffffff;"&gt;
            &lt;td style="padding: 10px; vertical-align: top;"&gt;
                &lt;div style="font-weight: bold; margin-bottom: 5px;"&gt;
                    Dissolved Oxygen &lt;span style="font-size: 14px;"&gt;↘️ &lt;span style="color: #666; font-size: 11px;"&gt;-9%&lt;/span&gt;&lt;/span&gt;
                &lt;/div&gt;
                &lt;div style="background: #ddd; border-radius: 10px; height: 8px; overflow: hidden;"&gt;
                    &lt;div style="background: #2196f3; height: 100%; width: 7.85641408466368%; transition: width 0.3s;"&gt;&lt;/div&gt;
                &lt;/div&gt;
                &lt;div style="font-size: 10px; color: #999; margin-top: 3px;"&gt;7d avg: 8.65 mg/L&lt;/div&gt;
            &lt;/td&gt;
            &lt;td style="padding: 10px; text-align: right; vertical-align: top;"&gt;
                &lt;span style="color: #2196f3; font-size: 18px; font-weight: bold;"&gt;7.86&lt;/span&gt;
                &lt;span style="color: #666; font-size: 12px; display: block; margin-top: 2px;"&gt;mg/L&lt;/span&gt;
            &lt;/td&gt;
        &lt;/tr&gt;

        &lt;tr style="background: #f0f0f0;"&gt;
            &lt;td style="padding: 10px; vertical-align: top;"&gt;
                &lt;div style="font-weight: bold; margin-bottom: 5px;"&gt;
                    Flow Meter &lt;span style="font-size: 14px;"&gt;→ &lt;span style="color: #666; font-size: 11px;"&gt;stable&lt;/span&gt;&lt;/span&gt;
                &lt;/div&gt;
                &lt;div style="background: #ddd; border-radius: 10px; height: 8px; overflow: hidden;"&gt;
                    &lt;div style="background: #2196f3; height: 100%; width: 2.3776652549850312%; transition: width 0.3s;"&gt;&lt;/div&gt;
                &lt;/div&gt;
                &lt;div style="font-size: 10px; color: #999; margin-top: 3px;"&gt;7d avg: 2.50 m3/s&lt;/div&gt;
            &lt;/td&gt;
            &lt;td style="padding: 10px; text-align: right; vertical-align: top;"&gt;
                &lt;span style="color: #2196f3; font-size: 18px; font-weight: bold;"&gt;2.38&lt;/span&gt;
                &lt;span style="color: #666; font-size: 12px; display: block; margin-top: 2px;"&gt;m3/s&lt;/span&gt;
            &lt;/td&gt;
        &lt;/tr&gt;

        &lt;tr style="background: #ffffff;"&gt;
            &lt;td style="padding: 10px; vertical-align: top;"&gt;
                &lt;div style="font-weight: bold; margin-bottom: 5px;"&gt;
                    Ph Sensor &lt;span style="font-size: 14px;"&gt;↘️ &lt;span style="color: #666; font-size: 11px;"&gt;-6%&lt;/span&gt;&lt;/span&gt;
                &lt;/div&gt;
                &lt;div style="background: #ddd; border-radius: 10px; height: 8px; overflow: hidden;"&gt;
                    &lt;div style="background: #2196f3; height: 100%; width: 7.918534020680141%; transition: width 0.3s;"&gt;&lt;/div&gt;
                &lt;/div&gt;
                &lt;div style="font-size: 10px; color: #999; margin-top: 3px;"&gt;7d avg: 8.47 pH&lt;/div&gt;
            &lt;/td&gt;
            &lt;td style="padding: 10px; text-align: right; vertical-align: top;"&gt;
                &lt;span style="color: #2196f3; font-size: 18px; font-weight: bold;"&gt;7.92&lt;/span&gt;
                &lt;span style="color: #666; font-size: 12px; display: block; margin-top: 2px;"&gt;pH&lt;/span&gt;
            &lt;/td&gt;
        &lt;/tr&gt;

        &lt;tr style="background: #f0f0f0;"&gt;
            &lt;td style="padding: 10px; vertical-align: top;"&gt;
                &lt;div style="font-weight: bold; margin-bottom: 5px;"&gt;
                    Temperature &lt;span style="font-size: 14px;"&gt;↗️ &lt;span style="color: #666; font-size: 11px;"&gt;+6%&lt;/span&gt;&lt;/span&gt;
                &lt;/div&gt;
                &lt;div style="background: #ddd; border-radius: 10px; height: 8px; overflow: hidden;"&gt;
                    &lt;div style="background: #2196f3; height: 100%; width: 21.189398742854692%; transition: width 0.3s;"&gt;&lt;/div&gt;
                &lt;/div&gt;
                &lt;div style="font-size: 10px; color: #999; margin-top: 3px;"&gt;7d avg: 19.99 °C&lt;/div&gt;
            &lt;/td&gt;
            &lt;td style="padding: 10px; text-align: right; vertical-align: top;"&gt;
                &lt;span style="color: #2196f3; font-size: 18px; font-weight: bold;"&gt;21.19&lt;/span&gt;
                &lt;span style="color: #666; font-size: 12px; display: block; margin-top: 2px;"&gt;°C&lt;/span&gt;
            &lt;/td&gt;
        &lt;/tr&gt;

        &lt;tr style="background: #ffffff;"&gt;
            &lt;td style="padding: 10px; vertical-align: top;"&gt;
                &lt;div style="font-weight: bold; margin-bottom: 5px;"&gt;
                    Turbidity &lt;span style="font-size: 14px;"&gt;↗️ &lt;span style="color: #666; font-size: 11px;"&gt;+33%&lt;/span&gt;&lt;/span&gt;
                &lt;/div&gt;
                &lt;div style="background: #ddd; border-radius: 10px; height: 8px; overflow: hidden;"&gt;
                    &lt;div style="background: #2196f3; height: 100%; width: 58.70366194990119%; transition: width 0.3s;"&gt;&lt;/div&gt;
                &lt;/div&gt;
                &lt;div style="font-size: 10px; color: #999; margin-top: 3px;"&gt;7d avg: 44.03 NTU&lt;/div&gt;
            &lt;/td&gt;
            &lt;td style="padding: 10px; text-align: right; vertical-align: top;"&gt;
                &lt;span style="color: #2196f3; font-size: 18px; font-weight: bold;"&gt;58.70&lt;/span&gt;
                &lt;span style="color: #666; font-size: 12px; display: block; margin-top: 2px;"&gt;NTU&lt;/span&gt;
            &lt;/td&gt;
        &lt;/tr&gt;

        &lt;tr style="background: #f0f0f0;"&gt;
            &lt;td style="padding: 10px; vertical-align: top;"&gt;
                &lt;div style="font-weight: bold; margin-bottom: 5px;"&gt;
                    Water Quality &lt;span style="font-size: 14px;"&gt;→ &lt;span style="color: #666; font-size: 11px;"&gt;stable&lt;/span&gt;&lt;/span&gt;
                &lt;/div&gt;
                &lt;div style="background: #ddd; border-radius: 10px; height: 8px; overflow: hidden;"&gt;
                    &lt;div style="background: #2196f3; height: 100%; width: 5.9698796358501305%; transition: width 0.3s;"&gt;&lt;/div&gt;
                &lt;/div&gt;
                &lt;div style="font-size: 10px; color: #999; margin-top: 3px;"&gt;7d avg: 6.05 index&lt;/div&gt;
            &lt;/td&gt;
            &lt;td style="padding: 10px; text-align: right; vertical-align: top;"&gt;
                &lt;span style="color: #2196f3; font-size: 18px; font-weight: bold;"&gt;5.97&lt;/span&gt;
                &lt;span style="color: #666; font-size: 12px; display: block; margin-top: 2px;"&gt;index&lt;/span&gt;
            &lt;/td&gt;
        &lt;/tr&gt;

    &lt;/table&gt;
&lt;/div&gt;
&lt;/div&gt;]]&gt;</description>
      <Point>
        <coordinates>101.59784116,3.0233437,0</coordinates>
      </Point>
    </Placemark>
    <Placemark>
      <name />
      <styleUrl>#water_quality</styleUrl>
      <description>&lt;![CDATA[
&lt;div style="font-family: Arial, sans-serif; width: 350px; padding: 15px;"&gt;
    &lt;h2 style="color: #2c5364; margin: 0 0 15px 0; font-size: 20px; border-bottom: 2px solid #4fc3f7; padding-bottom: 10px;"&gt;
        WATER_QUALITY_008
    &lt;/h2&gt;
    &lt;table style="width: 100%; border-collapse: collapse; margin-bottom: 15px;"&gt;
        &lt;tr style="background: #f0f0f0;"&gt;
            &lt;td style="padding: 10px; font-weight: bold; width: 40%;"&gt;Type:&lt;/td&gt;
            &lt;td style="padding: 10px;"&gt;Water Quality&lt;/td&gt;
        &lt;/tr&gt;
        &lt;tr&gt;
            &lt;td style="padding: 10px; font-weight: bold;"&gt;Location:&lt;/td&gt;
            &lt;td style="padding: 10px; font-size: 12px;"&gt;3.073990°N&lt;br&gt;101.655829°E&lt;/td&gt;
        &lt;/tr&gt;
    &lt;/table&gt;
    
&lt;div style="background: #f8f9fa; padding: 15px; border-radius: 8px; margin-top: 10px;"&gt;
    &lt;h3 style="color: #2c5364; margin: 0 0 15px 0; font-size: 16px;"&gt;📊 Active Sensors (8)&lt;/h3&gt;
    &lt;table style="width: 100%; border-collapse: collapse;"&gt;

        &lt;tr style="background: #ffffff;"&gt;
            &lt;td style="padding: 10px; vertical-align: top;"&gt;
                &lt;div style="font-weight: bold; margin-bottom: 5px;"&gt;
                    Conductivity &lt;span style="font-size: 14px;"&gt;↗️ &lt;span style="color: #666; font-size: 11px;"&gt;+33%&lt;/span&gt;&lt;/span&gt;
                &lt;/div&gt;
                &lt;div style="background: #ddd; border-radius: 10px; height: 8px; overflow: hidden;"&gt;
                    &lt;div style="background: #2196f3; height: 100%; width: 100%; transition: width 0.3s;"&gt;&lt;/div&gt;
                &lt;/div&gt;
                &lt;div style="font-size: 10px; color: #999; margin-top: 3px;"&gt;7d avg: 354.67 μS/cm&lt;/div&gt;
            &lt;/td&gt;
            &lt;td style="padding: 10px; text-align: right; vertical-align: top;"&gt;
                &lt;span style="color: #2196f3; font-size: 18px; font-weight: bold;"&gt;472.89&lt;/span&gt;
                &lt;span style="color: #666; font-size: 12px; display: block; margin-top: 2px;"&gt;μS/cm&lt;/span&gt;
            &lt;/td&gt;
        &lt;/tr&gt;

        &lt;tr style="background: #f0f0f0;"&gt;
            &lt;td style="padding: 10px; vertical-align: top;"&gt;
                &lt;div style="font-weight: bold; margin-bottom: 5px;"&gt;
                    Depth Gauge &lt;span style="font-size: 14px;"&gt;→ &lt;span style="color: #666; font-size: 11px;"&gt;stable&lt;/span&gt;&lt;/span&gt;
                &lt;/div&gt;
                &lt;div style="background: #ddd; border-radius: 10px; height: 8px; overflow: hidden;"&gt;
                    &lt;div style="background: #2196f3; height: 100%; width: 4.649944354111315%; transition: width 0.3s;"&gt;&lt;/div&gt;
                &lt;/div&gt;
                &lt;div style="font-size: 10px; color: #999; margin-top: 3px;"&gt;7d avg: 4.50 m&lt;/div&gt;
            &lt;/td&gt;
            &lt;td style="padding: 10px; text-align: right; vertical-align: top;"&gt;
                &lt;span style="color: #2196f3; font-size: 18px; font-weight: bold;"&gt;4.65&lt;/span&gt;
                &lt;span style="color: #666; font-size: 12px; display: block; margin-top: 2px;"&gt;m&lt;/span&gt;
            &lt;/td&gt;
        &lt;/tr&gt;

        &lt;tr style="background: #ffffff;"&gt;
            &lt;td style="padding: 10px; vertical-align: top;"&gt;
                &lt;div style="font-weight: bold; margin-bottom: 5px;"&gt;
                    Dissolved Oxygen &lt;span style="font-size: 14px;"&gt;↗️ &lt;span style="color: #666; font-size: 11px;"&gt;+6%&lt;/span&gt;&lt;/span&gt;
                &lt;/div&gt;
                &lt;div style="background: #ddd; border-radius: 10px; height: 8px; overflow: hidden;"&gt;
                    &lt;div style="background: #2196f3; height: 100%; width: 11.016312785204082%; transition: width 0.3s;"&gt;&lt;/div&gt;
                &lt;/div&gt;
                &lt;div style="font-size: 10px; color: #999; margin-top: 3px;"&gt;7d avg: 10.41 mg/L&lt;/div&gt;
            &lt;/td&gt;
            &lt;td style="padding: 10px; text-align: right; vertical-align: top;"&gt;
                &lt;span style="color: #2196f3; font-size: 18px; font-weight: bold;"&gt;11.02&lt;/span&gt;
                &lt;span style="color: #666; font-size: 12px; display: block; margin-top: 2px;"&gt;mg/L&lt;/span&gt;
            &lt;/td&gt;
        &lt;/tr&gt;

        &lt;tr style="background: #f0f0f0;"&gt;
            &lt;td style="padding: 10px; vertical-align: top;"&gt;
                &lt;div style="font-weight: bold; margin-bottom: 5px;"&gt;
                    Flow Meter &lt;span style="font-size: 14px;"&gt;→ &lt;span style="color: #666; font-size: 11px;"&gt;stable&lt;/span&gt;&lt;/span&gt;
                &lt;/div&gt;
                &lt;div style="background: #ddd; border-radius: 10px; height: 8px; overflow: hidden;"&gt;
                    &lt;div style="background: #2196f3; height: 100%; width: 3.068990873825686%; transition: width 0.3s;"&gt;&lt;/div&gt;
                &lt;/div&gt;
                &lt;div style="font-size: 10px; color: #999; margin-top: 3px;"&gt;7d avg: 2.99 m3/s&lt;/div&gt;
            &lt;/td&gt;
            &lt;td style="padding: 10px; text-align: right; vertical-align: top;"&gt;
                &lt;span style="color: #2196f3; font-size: 18px; font-weight: bold;"&gt;3.07&lt;/span&gt;
                &lt;span style="color: #666; font-size: 12px; display: block; margin-top: 2px;"&gt;m3/s&lt;/span&gt;
            &lt;/td&gt;
        &lt;/tr&gt;

        &lt;tr style="background: #ffffff;"&gt;
            &lt;td style="padding: 10px; vertical-align: top;"&gt;
                &lt;div style="font-weight: bold; margin-bottom: 5px;"&gt;
                    Ph Sensor &lt;span style="font-size: 14px;"&gt;→ &lt;span style="color: #666; font-size: 11px;"&gt;stable&lt;/span&gt;&lt;/span&gt;
                &lt;/div&gt;
                &lt;div style="background: #ddd; border-radius: 10px; height: 8px; overflow: hidden;"&gt;
                    &lt;div style="background: #2196f3; height: 100%; width: 9.922242826202044%; transition: width 0.3s;"&gt;&lt;/div&gt;
                &lt;/div&gt;
                &lt;div style="font-size: 10px; color: #999; margin-top: 3px;"&gt;7d avg: 10.43 pH&lt;/div&gt;
            &lt;/td&gt;
            &lt;td style="padding: 10px; text-align: right; vertical-align: top;"&gt;
                &lt;span style="color: #2196f3; font-size: 18px; font-weight: bold;"&gt;9.92&lt;/span&gt;
                &lt;span style="color: #666; font-size: 12px; display: block; margin-top: 2px;"&gt;pH&lt;/span&gt;
            &lt;/td&gt;
        &lt;/tr&gt;

        &lt;tr style="background: #f0f0f0;"&gt;
            &lt;td style="padding: 10px; vertical-align: top;"&gt;
                &lt;div style="font-weight: bold; margin-bottom: 5px;"&gt;
                    Temperature &lt;span style="font-size: 14px;"&gt;↘️ &lt;span style="color: #666; font-size: 11px;"&gt;-8%&lt;/span&gt;&lt;/span&gt;
                &lt;/div&gt;
                &lt;div style="background: #ddd; border-radius: 10px; height: 8px; overflow: hidden;"&gt;
                    &lt;div style="background: #2196f3; height: 100%; width: 29.20796482636703%; transition: width 0.3s;"&gt;&lt;/div&gt;
                &lt;/div&gt;
                &lt;div style="font-size: 10px; color: #999; margin-top: 3px;"&gt;7d avg: 31.65 °C&lt;/div&gt;
            &lt;/td&gt;
            &lt;td style="padding: 10px; text-align: right; vertical-align: top;"&gt;
                &lt;span style="color: #2196f3; font-size: 18px; font-weight: bold;"&gt;29.21&lt;/span&gt;
                &lt;span style="color: #666; font-size: 12px; display: block; margin-top: 2px;"&gt;°C&lt;/span&gt;
            &lt;/td&gt;
        &lt;/tr&gt;

        &lt;tr style="background: #ffffff;"&gt;
            &lt;td style="padding: 10px; vertical-align: top;"&gt;
                &lt;div style="font-weight: bold; margin-bottom: 5px;"&gt;
                    Turbidity &lt;span style="font-size: 14px;"&gt;↗️ &lt;span style="color: #666; font-size: 11px;"&gt;+33%&lt;/span&gt;&lt;/span&gt;
                &lt;/div&gt;
                &lt;div style="background: #ddd; border-radius: 10px; height: 8px; overflow: hidden;"&gt;
                    &lt;div style="background: #2196f3; height: 100%; width: 100%; transition: width 0.3s;"&gt;&lt;/div&gt;
                &lt;/div&gt;
                &lt;div style="font-size: 10px; color: #999; margin-top: 3px;"&gt;7d avg: 89.92 NTU&lt;/div&gt;
            &lt;/td&gt;
            &lt;td style="padding: 10px; text-align: right; vertical-align: top;"&gt;
                &lt;span style="color: #2196f3; font-size: 18px; font-weight: bold;"&gt;119.89&lt;/span&gt;
                &lt;span style="color: #666; font-size: 12px; display: block; margin-top: 2px;"&gt;NTU&lt;/span&gt;
            &lt;/td&gt;
        &lt;/tr&gt;

        &lt;tr style="background: #f0f0f0;"&gt;
            &lt;td style="padding: 10px; vertical-align: top;"&gt;
                &lt;div style="font-weight: bold; margin-bottom: 5px;"&gt;
                    Water Quality &lt;span style="font-size: 14px;"&gt;→ &lt;span style="color: #666; font-size: 11px;"&gt;stable&lt;/span&gt;&lt;/span&gt;
                &lt;/div&gt;
                &lt;div style="background: #ddd; border-radius: 10px; height: 8px; overflow: hidden;"&gt;
                    &lt;div style="background: #2196f3; height: 100%; width: 11.039924230859206%; transition: width 0.3s;"&gt;&lt;/div&gt;
                &lt;/div&gt;
                &lt;div style="font-size: 10px; color: #999; margin-top: 3px;"&gt;7d avg: 11.29 index&lt;/div&gt;
            &lt;/td&gt;
            &lt;td style="padding: 10px; text-align: right; vertical-align: top;"&gt;
                &lt;span style="color: #2196f3; font-size: 18px; font-weight: bold;"&gt;11.04&lt;/span&gt;
                &lt;span style="color: #666; font-size: 12px; display: block; margin-top: 2px;"&gt;index&lt;/span&gt;
            &lt;/td&gt;
        &lt;/tr&gt;

    &lt;/table&gt;
&lt;/div&gt;
&lt;/div&gt;]]&gt;</description>
      <Point>
        <coordinates>101.65582939,3.07399044,0</coordinates>
      </Point>
    </Placemark>
    <Placemark>
      <name />
      <styleUrl>#water_quality</styleUrl>
      <description>&lt;![CDATA[
&lt;div style="font-family: Arial, sans-serif; width: 350px; padding: 15px;"&gt;
    &lt;h2 style="color: #2c5364; margin: 0 0 15px 0; font-size: 20px; border-bottom: 2px solid #4fc3f7; padding-bottom: 10px;"&gt;
        WATER_QUALITY_009
    &lt;/h2&gt;
    &lt;table style="width: 100%; border-collapse: collapse; margin-bottom: 15px;"&gt;
        &lt;tr style="background: #f0f0f0;"&gt;
            &lt;td style="padding: 10px; font-weight: bold; width: 40%;"&gt;Type:&lt;/td&gt;
            &lt;td style="padding: 10px;"&gt;Water Quality&lt;/td&gt;
        &lt;/tr&gt;
        &lt;tr&gt;
            &lt;td style="padding: 10px; font-weight: bold;"&gt;Location:&lt;/td&gt;
            &lt;td style="padding: 10px; font-size: 12px;"&gt;3.101267°N&lt;br&gt;101.676104°E&lt;/td&gt;
        &lt;/tr&gt;
    &lt;/table&gt;
    
&lt;div style="background: #f8f9fa; padding: 15px; border-radius: 8px; margin-top: 10px;"&gt;
    &lt;h3 style="color: #2c5364; margin: 0 0 15px 0; font-size: 16px;"&gt;📊 Active Sensors (8)&lt;/h3&gt;
    &lt;table style="width: 100%; border-collapse: collapse;"&gt;

        &lt;tr style="background: #ffffff;"&gt;
            &lt;td style="padding: 10px; vertical-align: top;"&gt;
                &lt;div style="font-weight: bold; margin-bottom: 5px;"&gt;
                    Conductivity &lt;span style="font-size: 14px;"&gt;↗️ &lt;span style="color: #666; font-size: 11px;"&gt;+33%&lt;/span&gt;&lt;/span&gt;
                &lt;/div&gt;
                &lt;div style="background: #ddd; border-radius: 10px; height: 8px; overflow: hidden;"&gt;
                    &lt;div style="background: #2196f3; height: 100%; width: 100%; transition: width 0.3s;"&gt;&lt;/div&gt;
                &lt;/div&gt;
                &lt;div style="font-size: 10px; color: #999; margin-top: 3px;"&gt;7d avg: 934.06 μS/cm&lt;/div&gt;
            &lt;/td&gt;
            &lt;td style="padding: 10px; text-align: right; vertical-align: top;"&gt;
                &lt;span style="color: #2196f3; font-size: 18px; font-weight: bold;"&gt;1245.41&lt;/span&gt;
                &lt;span style="color: #666; font-size: 12px; display: block; margin-top: 2px;"&gt;μS/cm&lt;/span&gt;
            &lt;/td&gt;
        &lt;/tr&gt;

        &lt;tr style="background: #f0f0f0;"&gt;
            &lt;td style="padding: 10px; vertical-align: top;"&gt;
                &lt;div style="font-weight: bold; margin-bottom: 5px;"&gt;
                    Depth Gauge &lt;span style="font-size: 14px;"&gt;↗️ &lt;span style="color: #666; font-size: 11px;"&gt;+6%&lt;/span&gt;&lt;/span&gt;
                &lt;/div&gt;
                &lt;div style="background: #ddd; border-radius: 10px; height: 8px; overflow: hidden;"&gt;
                    &lt;div style="background: #2196f3; height: 100%; width: 4.387678776130983%; transition: width 0.3s;"&gt;&lt;/div&gt;
                &lt;/div&gt;
                &lt;div style="font-size: 10px; color: #999; margin-top: 3px;"&gt;7d avg: 4.12 m&lt;/div&gt;
            &lt;/td&gt;
            &lt;td style="padding: 10px; text-align: right; vertical-align: top;"&gt;
                &lt;span style="color: #2196f3; font-size: 18px; font-weight: bold;"&gt;4.39&lt;/span&gt;
                &lt;span style="color: #666; font-size: 12px; display: block; margin-top: 2px;"&gt;m&lt;/span&gt;
            &lt;/td&gt;
        &lt;/tr&gt;

        &lt;tr style="background: #ffffff;"&gt;
            &lt;td style="padding: 10px; vertical-align: top;"&gt;
                &lt;div style="font-weight: bold; margin-bottom: 5px;"&gt;
                    Dissolved Oxygen &lt;span style="font-size: 14px;"&gt;→ &lt;span style="color: #666; font-size: 11px;"&gt;stable&lt;/span&gt;&lt;/span&gt;
                &lt;/div&gt;
                &lt;div style="background: #ddd; border-radius: 10px; height: 8px; overflow: hidden;"&gt;
                    &lt;div style="background: #2196f3; height: 100%; width: 5.3688948180413005%; transition: width 0.3s;"&gt;&lt;/div&gt;
                &lt;/div&gt;
                &lt;div style="font-size: 10px; color: #999; margin-top: 3px;"&gt;7d avg: 5.52 mg/L&lt;/div&gt;
            &lt;/td&gt;
            &lt;td style="padding: 10px; text-align: right; vertical-align: top;"&gt;
                &lt;span style="color: #2196f3; font-size: 18px; font-weight: bold;"&gt;5.37&lt;/span&gt;
                &lt;span style="color: #666; font-size: 12px; display: block; margin-top: 2px;"&gt;mg/L&lt;/span&gt;
            &lt;/td&gt;
        &lt;/tr&gt;

        &lt;tr style="background: #f0f0f0;"&gt;
            &lt;td style="padding: 10px; vertical-align: top;"&gt;
                &lt;div style="font-weight: bold; margin-bottom: 5px;"&gt;
                    Flow Meter &lt;span style="font-size: 14px;"&gt;↗️ &lt;span style="color: #666; font-size: 11px;"&gt;+7%&lt;/span&gt;&lt;/span&gt;
                &lt;/div&gt;
                &lt;div style="background: #ddd; border-radius: 10px; height: 8px; overflow: hidden;"&gt;
                    &lt;div style="background: #2196f3; height: 100%; width: 3.9433924669388665%; transition: width 0.3s;"&gt;&lt;/div&gt;
                &lt;/div&gt;
                &lt;div style="font-size: 10px; color: #999; margin-top: 3px;"&gt;7d avg: 3.67 m3/s&lt;/div&gt;
            &lt;/td&gt;
            &lt;td style="padding: 10px; text-align: right; vertical-align: top;"&gt;
                &lt;span style="color: #2196f3; font-size: 18px; font-weight: bold;"&gt;3.94&lt;/span&gt;
                &lt;span style="color: #666; font-size: 12px; display: block; margin-top: 2px;"&gt;m3/s&lt;/span&gt;
            &lt;/td&gt;
        &lt;/tr&gt;

        &lt;tr style="background: #ffffff;"&gt;
            &lt;td style="padding: 10px; vertical-align: top;"&gt;
                &lt;div style="font-weight: bold; margin-bottom: 5px;"&gt;
                    Ph Sensor &lt;span style="font-size: 14px;"&gt;→ &lt;span style="color: #666; font-size: 11px;"&gt;stable&lt;/span&gt;&lt;/span&gt;
                &lt;/div&gt;
                &lt;div style="background: #ddd; border-radius: 10px; height: 8px; overflow: hidden;"&gt;
                    &lt;div style="background: #2196f3; height: 100%; width: 4.703451939762503%; transition: width 0.3s;"&gt;&lt;/div&gt;
                &lt;/div&gt;
                &lt;div style="font-size: 10px; color: #999; margin-top: 3px;"&gt;7d avg: 4.89 pH&lt;/div&gt;
            &lt;/td&gt;
            &lt;td style="padding: 10px; text-align: right; vertical-align: top;"&gt;
                &lt;span style="color: #2196f3; font-size: 18px; font-weight: bold;"&gt;4.70&lt;/span&gt;
                &lt;span style="color: #666; font-size: 12px; display: block; margin-top: 2px;"&gt;pH&lt;/span&gt;
            &lt;/td&gt;
        &lt;/tr&gt;

        &lt;tr style="background: #f0f0f0;"&gt;
            &lt;td style="padding: 10px; vertical-align: top;"&gt;
                &lt;div style="font-weight: bold; margin-bottom: 5px;"&gt;
                    Temperature &lt;span style="font-size: 14px;"&gt;↗️ &lt;span style="color: #666; font-size: 11px;"&gt;+7%&lt;/span&gt;&lt;/span&gt;
                &lt;/div&gt;
                &lt;div style="background: #ddd; border-radius: 10px; height: 8px; overflow: hidden;"&gt;
                    &lt;div style="background: #2196f3; height: 100%; width: 25.44694762786253%; transition: width 0.3s;"&gt;&lt;/div&gt;
                &lt;/div&gt;
                &lt;div style="font-size: 10px; color: #999; margin-top: 3px;"&gt;7d avg: 23.85 °C&lt;/div&gt;
            &lt;/td&gt;
            &lt;td style="padding: 10px; text-align: right; vertical-align: top;"&gt;
                &lt;span style="color: #2196f3; font-size: 18px; font-weight: bold;"&gt;25.45&lt;/span&gt;
                &lt;span style="color: #666; font-size: 12px; display: block; margin-top: 2px;"&gt;°C&lt;/span&gt;
            &lt;/td&gt;
        &lt;/tr&gt;

        &lt;tr style="background: #ffffff;"&gt;
            &lt;td style="padding: 10px; vertical-align: top;"&gt;
                &lt;div style="font-weight: bold; margin-bottom: 5px;"&gt;
                    Turbidity &lt;span style="font-size: 14px;"&gt;↗️ &lt;span style="color: #666; font-size: 11px;"&gt;+33%&lt;/span&gt;&lt;/span&gt;
                &lt;/div&gt;
                &lt;div style="background: #ddd; border-radius: 10px; height: 8px; overflow: hidden;"&gt;
                    &lt;div style="background: #2196f3; height: 100%; width: 80.41504633863556%; transition: width 0.3s;"&gt;&lt;/div&gt;
                &lt;/div&gt;
                &lt;div style="font-size: 10px; color: #999; margin-top: 3px;"&gt;7d avg: 60.31 NTU&lt;/div&gt;
            &lt;/td&gt;
            &lt;td style="padding: 10px; text-align: right; vertical-align: top;"&gt;
                &lt;span style="color: #2196f3; font-size: 18px; font-weight: bold;"&gt;80.42&lt;/span&gt;
                &lt;span style="color: #666; font-size: 12px; display: block; margin-top: 2px;"&gt;NTU&lt;/span&gt;
            &lt;/td&gt;
        &lt;/tr&gt;

        &lt;tr style="background: #f0f0f0;"&gt;
            &lt;td style="padding: 10px; vertical-align: top;"&gt;
                &lt;div style="font-weight: bold; margin-bottom: 5px;"&gt;
                    Water Quality &lt;span style="font-size: 14px;"&gt;→ &lt;span style="color: #666; font-size: 11px;"&gt;stable&lt;/span&gt;&lt;/span&gt;
                &lt;/div&gt;
                &lt;div style="background: #ddd; border-radius: 10px; height: 8px; overflow: hidden;"&gt;
                    &lt;div style="background: #2196f3; height: 100%; width: 7.650652714633057%; transition: width 0.3s;"&gt;&lt;/div&gt;
                &lt;/div&gt;
                &lt;div style="font-size: 10px; color: #999; margin-top: 3px;"&gt;7d avg: 7.29 index&lt;/div&gt;
            &lt;/td&gt;
            &lt;td style="padding: 10px; text-align: right; vertical-align: top;"&gt;
                &lt;span style="color: #2196f3; font-size: 18px; font-weight: bold;"&gt;7.65&lt;/span&gt;
                &lt;span style="color: #666; font-size: 12px; display: block; margin-top: 2px;"&gt;index&lt;/span&gt;
            &lt;/td&gt;
        &lt;/tr&gt;

    &lt;/table&gt;
&lt;/div&gt;
&lt;/div&gt;]]&gt;</description>
      <Point>
        <coordinates>101.6761041,3.10126736,0</coordinates>
      </Point>
    </Placemark>
    <Placemark>
      <name />
      <styleUrl>#water_quality</styleUrl>
      <description>&lt;![CDATA[
&lt;div style="font-family: Arial, sans-serif; width: 350px; padding: 15px;"&gt;
    &lt;h2 style="color: #2c5364; margin: 0 0 15px 0; font-size: 20px; border-bottom: 2px solid #4fc3f7; padding-bottom: 10px;"&gt;
        WATER_QUALITY_010
    &lt;/h2&gt;
    &lt;table style="width: 100%; border-collapse: collapse; margin-bottom: 15px;"&gt;
        &lt;tr style="background: #f0f0f0;"&gt;
            &lt;td style="padding: 10px; font-weight: bold; width: 40%;"&gt;Type:&lt;/td&gt;
            &lt;td style="padding: 10px;"&gt;Water Quality&lt;/td&gt;
        &lt;/tr&gt;
        &lt;tr&gt;
            &lt;td style="padding: 10px; font-weight: bold;"&gt;Location:&lt;/td&gt;
            &lt;td style="padding: 10px; font-size: 12px;"&gt;3.126431°N&lt;br&gt;101.687678°E&lt;/td&gt;
        &lt;/tr&gt;
    &lt;/table&gt;
    
&lt;div style="background: #f8f9fa; padding: 15px; border-radius: 8px; margin-top: 10px;"&gt;
    &lt;h3 style="color: #2c5364; margin: 0 0 15px 0; font-size: 16px;"&gt;📊 Active Sensors (8)&lt;/h3&gt;
    &lt;table style="width: 100%; border-collapse: collapse;"&gt;

        &lt;tr style="background: #ffffff;"&gt;
            &lt;td style="padding: 10px; vertical-align: top;"&gt;
                &lt;div style="font-weight: bold; margin-bottom: 5px;"&gt;
                    Conductivity &lt;span style="font-size: 14px;"&gt;↗️ &lt;span style="color: #666; font-size: 11px;"&gt;+33%&lt;/span&gt;&lt;/span&gt;
                &lt;/div&gt;
                &lt;div style="background: #ddd; border-radius: 10px; height: 8px; overflow: hidden;"&gt;
                    &lt;div style="background: #2196f3; height: 100%; width: 100%; transition: width 0.3s;"&gt;&lt;/div&gt;
                &lt;/div&gt;
                &lt;div style="font-size: 10px; color: #999; margin-top: 3px;"&gt;7d avg: 878.28 μS/cm&lt;/div&gt;
            &lt;/td&gt;
            &lt;td style="padding: 10px; text-align: right; vertical-align: top;"&gt;
                &lt;span style="color: #2196f3; font-size: 18px; font-weight: bold;"&gt;1171.05&lt;/span&gt;
                &lt;span style="color: #666; font-size: 12px; display: block; margin-top: 2px;"&gt;μS/cm&lt;/span&gt;
            &lt;/td&gt;
        &lt;/tr&gt;

        &lt;tr style="background: #f0f0f0;"&gt;
            &lt;td style="padding: 10px; vertical-align: top;"&gt;
                &lt;div style="font-weight: bold; margin-bottom: 5px;"&gt;
                    Depth Gauge &lt;span style="font-size: 14px;"&gt;→ &lt;span style="color: #666; font-size: 11px;"&gt;stable&lt;/span&gt;&lt;/span&gt;
                &lt;/div&gt;
                &lt;div style="background: #ddd; border-radius: 10px; height: 8px; overflow: hidden;"&gt;
                    &lt;div style="background: #2196f3; height: 100%; width: 6.038388192764819%; transition: width 0.3s;"&gt;&lt;/div&gt;
                &lt;/div&gt;
                &lt;div style="font-size: 10px; color: #999; margin-top: 3px;"&gt;7d avg: 6.06 m&lt;/div&gt;
            &lt;/td&gt;
            &lt;td style="padding: 10px; text-align: right; vertical-align: top;"&gt;
                &lt;span style="color: #2196f3; font-size: 18px; font-weight: bold;"&gt;6.04&lt;/span&gt;
                &lt;span style="color: #666; font-size: 12px; display: block; margin-top: 2px;"&gt;m&lt;/span&gt;
            &lt;/td&gt;
        &lt;/tr&gt;

        &lt;tr style="background: #ffffff;"&gt;
            &lt;td style="padding: 10px; vertical-align: top;"&gt;
                &lt;div style="font-weight: bold; margin-bottom: 5px;"&gt;
                    Dissolved Oxygen &lt;span style="font-size: 14px;"&gt;↘️ &lt;span style="color: #666; font-size: 11px;"&gt;-8%&lt;/span&gt;&lt;/span&gt;
                &lt;/div&gt;
                &lt;div style="background: #ddd; border-radius: 10px; height: 8px; overflow: hidden;"&gt;
                    &lt;div style="background: #2196f3; height: 100%; width: 10.704788738707162%; transition: width 0.3s;"&gt;&lt;/div&gt;
                &lt;/div&gt;
                &lt;div style="font-size: 10px; color: #999; margin-top: 3px;"&gt;7d avg: 11.63 mg/L&lt;/div&gt;
            &lt;/td&gt;
            &lt;td style="padding: 10px; text-align: right; vertical-align: top;"&gt;
                &lt;span style="color: #2196f3; font-size: 18px; font-weight: bold;"&gt;10.70&lt;/span&gt;
                &lt;span style="color: #666; font-size: 12px; display: block; margin-top: 2px;"&gt;mg/L&lt;/span&gt;
            &lt;/td&gt;
        &lt;/tr&gt;

        &lt;tr style="background: #f0f0f0;"&gt;
            &lt;td style="padding: 10px; vertical-align: top;"&gt;
                &lt;div style="font-weight: bold; margin-bottom: 5px;"&gt;
                    Flow Meter &lt;span style="font-size: 14px;"&gt;→ &lt;span style="color: #666; font-size: 11px;"&gt;stable&lt;/span&gt;&lt;/span&gt;
                &lt;/div&gt;
                &lt;div style="background: #ddd; border-radius: 10px; height: 8px; overflow: hidden;"&gt;
                    &lt;div style="background: #2196f3; height: 100%; width: 1.711823494807075%; transition: width 0.3s;"&gt;&lt;/div&gt;
                &lt;/div&gt;
                &lt;div style="font-size: 10px; color: #999; margin-top: 3px;"&gt;7d avg: 1.77 m3/s&lt;/div&gt;
            &lt;/td&gt;
            &lt;td style="padding: 10px; text-align: right; vertical-align: top;"&gt;
                &lt;span style="color: #2196f3; font-size: 18px; font-weight: bold;"&gt;1.71&lt;/span&gt;
                &lt;span style="color: #666; font-size: 12px; display: block; margin-top: 2px;"&gt;m3/s&lt;/span&gt;
            &lt;/td&gt;
        &lt;/tr&gt;

        &lt;tr style="background: #ffffff;"&gt;
            &lt;td style="padding: 10px; vertical-align: top;"&gt;
                &lt;div style="font-weight: bold; margin-bottom: 5px;"&gt;
                    Ph Sensor &lt;span style="font-size: 14px;"&gt;↘️ &lt;span style="color: #666; font-size: 11px;"&gt;-10%&lt;/span&gt;&lt;/span&gt;
                &lt;/div&gt;
                &lt;div style="background: #ddd; border-radius: 10px; height: 8px; overflow: hidden;"&gt;
                    &lt;div style="background: #2196f3; height: 100%; width: 7.816843051102616%; transition: width 0.3s;"&gt;&lt;/div&gt;
                &lt;/div&gt;
                &lt;div style="font-size: 10px; color: #999; margin-top: 3px;"&gt;7d avg: 8.72 pH&lt;/div&gt;
            &lt;/td&gt;
            &lt;td style="padding: 10px; text-align: right; vertical-align: top;"&gt;
                &lt;span style="color: #2196f3; font-size: 18px; font-weight: bold;"&gt;7.82&lt;/span&gt;
                &lt;span style="color: #666; font-size: 12px; display: block; margin-top: 2px;"&gt;pH&lt;/span&gt;
            &lt;/td&gt;
        &lt;/tr&gt;

        &lt;tr style="background: #f0f0f0;"&gt;
            &lt;td style="padding: 10px; vertical-align: top;"&gt;
                &lt;div style="font-weight: bold; margin-bottom: 5px;"&gt;
                    Temperature &lt;span style="font-size: 14px;"&gt;→ &lt;span style="color: #666; font-size: 11px;"&gt;stable&lt;/span&gt;&lt;/span&gt;
                &lt;/div&gt;
                &lt;div style="background: #ddd; border-radius: 10px; height: 8px; overflow: hidden;"&gt;
                    &lt;div style="background: #2196f3; height: 100%; width: 22.470483256888524%; transition: width 0.3s;"&gt;&lt;/div&gt;
                &lt;/div&gt;
                &lt;div style="font-size: 10px; color: #999; margin-top: 3px;"&gt;7d avg: 22.76 °C&lt;/div&gt;
            &lt;/td&gt;
            &lt;td style="padding: 10px; text-align: right; vertical-align: top;"&gt;
                &lt;span style="color: #2196f3; font-size: 18px; font-weight: bold;"&gt;22.47&lt;/span&gt;
                &lt;span style="color: #666; font-size: 12px; display: block; margin-top: 2px;"&gt;°C&lt;/span&gt;
            &lt;/td&gt;
        &lt;/tr&gt;

        &lt;tr style="background: #ffffff;"&gt;
            &lt;td style="padding: 10px; vertical-align: top;"&gt;
                &lt;div style="font-weight: bold; margin-bottom: 5px;"&gt;
                    Turbidity &lt;span style="font-size: 14px;"&gt;↗️ &lt;span style="color: #666; font-size: 11px;"&gt;+33%&lt;/span&gt;&lt;/span&gt;
                &lt;/div&gt;
                &lt;div style="background: #ddd; border-radius: 10px; height: 8px; overflow: hidden;"&gt;
                    &lt;div style="background: #2196f3; height: 100%; width: 68.96734726718546%; transition: width 0.3s;"&gt;&lt;/div&gt;
                &lt;/div&gt;
                &lt;div style="font-size: 10px; color: #999; margin-top: 3px;"&gt;7d avg: 51.73 NTU&lt;/div&gt;
            &lt;/td&gt;
            &lt;td style="padding: 10px; text-align: right; vertical-align: top;"&gt;
                &lt;span style="color: #2196f3; font-size: 18px; font-weight: bold;"&gt;68.97&lt;/span&gt;
                &lt;span style="color: #666; font-size: 12px; display: block; margin-top: 2px;"&gt;NTU&lt;/span&gt;
            &lt;/td&gt;
        &lt;/tr&gt;

        &lt;tr style="background: #f0f0f0;"&gt;
            &lt;td style="padding: 10px; vertical-align: top;"&gt;
                &lt;div style="font-weight: bold; margin-bottom: 5px;"&gt;
                    Water Quality &lt;span style="font-size: 14px;"&gt;↘️ &lt;span style="color: #666; font-size: 11px;"&gt;-6%&lt;/span&gt;&lt;/span&gt;
                &lt;/div&gt;
                &lt;div style="background: #ddd; border-radius: 10px; height: 8px; overflow: hidden;"&gt;
                    &lt;div style="background: #2196f3; height: 100%; width: 7.084723167389936%; transition: width 0.3s;"&gt;&lt;/div&gt;
                &lt;/div&gt;
                &lt;div style="font-size: 10px; color: #999; margin-top: 3px;"&gt;7d avg: 7.55 index&lt;/div&gt;
            &lt;/td&gt;
            &lt;td style="padding: 10px; text-align: right; vertical-align: top;"&gt;
                &lt;span style="color: #2196f3; font-size: 18px; font-weight: bold;"&gt;7.08&lt;/span&gt;
                &lt;span style="color: #666; font-size: 12px; display: block; margin-top: 2px;"&gt;index&lt;/span&gt;
            &lt;/td&gt;
        &lt;/tr&gt;

    &lt;/table&gt;
&lt;/div&gt;
&lt;/div&gt;]]&gt;</description>
      <Point>
        <coordinates>101.68767841,3.12643099,0</coordinates>
      </Point>
    </Placemark>
    <Placemark>
      <name />
      <styleUrl>#water_quality</styleUrl>
      <description>&lt;![CDATA[
&lt;div style="font-family: Arial, sans-serif; width: 350px; padding: 15px;"&gt;
    &lt;h2 style="color: #2c5364; margin: 0 0 15px 0; font-size: 20px; border-bottom: 2px solid #4fc3f7; padding-bottom: 10px;"&gt;
        WATER_QUALITY_011
    &lt;/h2&gt;
    &lt;table style="width: 100%; border-collapse: collapse; margin-bottom: 15px;"&gt;
        &lt;tr style="background: #f0f0f0;"&gt;
            &lt;td style="padding: 10px; font-weight: bold; width: 40%;"&gt;Type:&lt;/td&gt;
            &lt;td style="padding: 10px;"&gt;Water Quality&lt;/td&gt;
        &lt;/tr&gt;
        &lt;tr&gt;
            &lt;td style="padding: 10px; font-weight: bold;"&gt;Location:&lt;/td&gt;
            &lt;td style="padding: 10px; font-size: 12px;"&gt;3.160858°N&lt;br&gt;101.709043°E&lt;/td&gt;
        &lt;/tr&gt;
    &lt;/table&gt;
    
&lt;div style="background: #f8f9fa; padding: 15px; border-radius: 8px; margin-top: 10px;"&gt;
    &lt;h3 style="color: #2c5364; margin: 0 0 15px 0; font-size: 16px;"&gt;📊 Active Sensors (8)&lt;/h3&gt;
    &lt;table style="width: 100%; border-collapse: collapse;"&gt;

        &lt;tr style="background: #ffffff;"&gt;
            &lt;td style="padding: 10px; vertical-align: top;"&gt;
                &lt;div style="font-weight: bold; margin-bottom: 5px;"&gt;
                    Conductivity &lt;span style="font-size: 14px;"&gt;↗️ &lt;span style="color: #666; font-size: 11px;"&gt;+33%&lt;/span&gt;&lt;/span&gt;
                &lt;/div&gt;
                &lt;div style="background: #ddd; border-radius: 10px; height: 8px; overflow: hidden;"&gt;
                    &lt;div style="background: #2196f3; height: 100%; width: 100%; transition: width 0.3s;"&gt;&lt;/div&gt;
                &lt;/div&gt;
                &lt;div style="font-size: 10px; color: #999; margin-top: 3px;"&gt;7d avg: 705.29 μS/cm&lt;/div&gt;
            &lt;/td&gt;
            &lt;td style="padding: 10px; text-align: right; vertical-align: top;"&gt;
                &lt;span style="color: #2196f3; font-size: 18px; font-weight: bold;"&gt;940.38&lt;/span&gt;
                &lt;span style="color: #666; font-size: 12px; display: block; margin-top: 2px;"&gt;μS/cm&lt;/span&gt;
            &lt;/td&gt;
        &lt;/tr&gt;

        &lt;tr style="background: #f0f0f0;"&gt;
            &lt;td style="padding: 10px; vertical-align: top;"&gt;
                &lt;div style="font-weight: bold; margin-bottom: 5px;"&gt;
                    Depth Gauge &lt;span style="font-size: 14px;"&gt;↗️ &lt;span style="color: #666; font-size: 11px;"&gt;+10%&lt;/span&gt;&lt;/span&gt;
                &lt;/div&gt;
                &lt;div style="background: #ddd; border-radius: 10px; height: 8px; overflow: hidden;"&gt;
                    &lt;div style="background: #2196f3; height: 100%; width: 4.856813529286481%; transition: width 0.3s;"&gt;&lt;/div&gt;
                &lt;/div&gt;
                &lt;div style="font-size: 10px; color: #999; margin-top: 3px;"&gt;7d avg: 4.42 m&lt;/div&gt;
            &lt;/td&gt;
            &lt;td style="padding: 10px; text-align: right; vertical-align: top;"&gt;
                &lt;span style="color: #2196f3; font-size: 18px; font-weight: bold;"&gt;4.86&lt;/span&gt;
                &lt;span style="color: #666; font-size: 12px; display: block; margin-top: 2px;"&gt;m&lt;/span&gt;
            &lt;/td&gt;
        &lt;/tr&gt;

        &lt;tr style="background: #ffffff;"&gt;
            &lt;td style="padding: 10px; vertical-align: top;"&gt;
                &lt;div style="font-weight: bold; margin-bottom: 5px;"&gt;
                    Dissolved Oxygen &lt;span style="font-size: 14px;"&gt;→ &lt;span style="color: #666; font-size: 11px;"&gt;stable&lt;/span&gt;&lt;/span&gt;
                &lt;/div&gt;
                &lt;div style="background: #ddd; border-radius: 10px; height: 8px; overflow: hidden;"&gt;
                    &lt;div style="background: #2196f3; height: 100%; width: 6.649991653676213%; transition: width 0.3s;"&gt;&lt;/div&gt;
                &lt;/div&gt;
                &lt;div style="font-size: 10px; color: #999; margin-top: 3px;"&gt;7d avg: 6.51 mg/L&lt;/div&gt;
            &lt;/td&gt;
            &lt;td style="padding: 10px; text-align: right; vertical-align: top;"&gt;
                &lt;span style="color: #2196f3; font-size: 18px; font-weight: bold;"&gt;6.65&lt;/span&gt;
                &lt;span style="color: #666; font-size: 12px; display: block; margin-top: 2px;"&gt;mg/L&lt;/span&gt;
            &lt;/td&gt;
        &lt;/tr&gt;

        &lt;tr style="background: #f0f0f0;"&gt;
            &lt;td style="padding: 10px; vertical-align: top;"&gt;
                &lt;div style="font-weight: bold; margin-bottom: 5px;"&gt;
                    Flow Meter &lt;span style="font-size: 14px;"&gt;→ &lt;span style="color: #666; font-size: 11px;"&gt;stable&lt;/span&gt;&lt;/span&gt;
                &lt;/div&gt;
                &lt;div style="background: #ddd; border-radius: 10px; height: 8px; overflow: hidden;"&gt;
                    &lt;div style="background: #2196f3; height: 100%; width: 1.2596460223087944%; transition: width 0.3s;"&gt;&lt;/div&gt;
                &lt;/div&gt;
                &lt;div style="font-size: 10px; color: #999; margin-top: 3px;"&gt;7d avg: 1.30 m3/s&lt;/div&gt;
            &lt;/td&gt;
            &lt;td style="padding: 10px; text-align: right; vertical-align: top;"&gt;
                &lt;span style="color: #2196f3; font-size: 18px; font-weight: bold;"&gt;1.26&lt;/span&gt;
                &lt;span style="color: #666; font-size: 12px; display: block; margin-top: 2px;"&gt;m3/s&lt;/span&gt;
            &lt;/td&gt;
        &lt;/tr&gt;

        &lt;tr style="background: #ffffff;"&gt;
            &lt;td style="padding: 10px; vertical-align: top;"&gt;
                &lt;div style="font-weight: bold; margin-bottom: 5px;"&gt;
                    Ph Sensor &lt;span style="font-size: 14px;"&gt;→ &lt;span style="color: #666; font-size: 11px;"&gt;stable&lt;/span&gt;&lt;/span&gt;
                &lt;/div&gt;
                &lt;div style="background: #ddd; border-radius: 10px; height: 8px; overflow: hidden;"&gt;
                    &lt;div style="background: #2196f3; height: 100%; width: 5.47271813913961%; transition: width 0.3s;"&gt;&lt;/div&gt;
                &lt;/div&gt;
                &lt;div style="font-size: 10px; color: #999; margin-top: 3px;"&gt;7d avg: 5.62 pH&lt;/div&gt;
            &lt;/td&gt;
            &lt;td style="padding: 10px; text-align: right; vertical-align: top;"&gt;
                &lt;span style="color: #2196f3; font-size: 18px; font-weight: bold;"&gt;5.47&lt;/span&gt;
                &lt;span style="color: #666; font-size: 12px; display: block; margin-top: 2px;"&gt;pH&lt;/span&gt;
            &lt;/td&gt;
        &lt;/tr&gt;

        &lt;tr style="background: #f0f0f0;"&gt;
            &lt;td style="padding: 10px; vertical-align: top;"&gt;
                &lt;div style="font-weight: bold; margin-bottom: 5px;"&gt;
                    Temperature &lt;span style="font-size: 14px;"&gt;→ &lt;span style="color: #666; font-size: 11px;"&gt;stable&lt;/span&gt;&lt;/span&gt;
                &lt;/div&gt;
                &lt;div style="background: #ddd; border-radius: 10px; height: 8px; overflow: hidden;"&gt;
                    &lt;div style="background: #2196f3; height: 100%; width: 20.120339995399835%; transition: width 0.3s;"&gt;&lt;/div&gt;
                &lt;/div&gt;
                &lt;div style="font-size: 10px; color: #999; margin-top: 3px;"&gt;7d avg: 20.86 °C&lt;/div&gt;
            &lt;/td&gt;
            &lt;td style="padding: 10px; text-align: right; vertical-align: top;"&gt;
                &lt;span style="color: #2196f3; font-size: 18px; font-weight: bold;"&gt;20.12&lt;/span&gt;
                &lt;span style="color: #666; font-size: 12px; display: block; margin-top: 2px;"&gt;°C&lt;/span&gt;
            &lt;/td&gt;
        &lt;/tr&gt;

        &lt;tr style="background: #ffffff;"&gt;
            &lt;td style="padding: 10px; vertical-align: top;"&gt;
                &lt;div style="font-weight: bold; margin-bottom: 5px;"&gt;
                    Turbidity &lt;span style="font-size: 14px;"&gt;↗️ &lt;span style="color: #666; font-size: 11px;"&gt;+33%&lt;/span&gt;&lt;/span&gt;
                &lt;/div&gt;
                &lt;div style="background: #ddd; border-radius: 10px; height: 8px; overflow: hidden;"&gt;
                    &lt;div style="background: #2196f3; height: 100%; width: 84.5491735673959%; transition: width 0.3s;"&gt;&lt;/div&gt;
                &lt;/div&gt;
                &lt;div style="font-size: 10px; color: #999; margin-top: 3px;"&gt;7d avg: 63.41 NTU&lt;/div&gt;
            &lt;/td&gt;
            &lt;td style="padding: 10px; text-align: right; vertical-align: top;"&gt;
                &lt;span style="color: #2196f3; font-size: 18px; font-weight: bold;"&gt;84.55&lt;/span&gt;
                &lt;span style="color: #666; font-size: 12px; display: block; margin-top: 2px;"&gt;NTU&lt;/span&gt;
            &lt;/td&gt;
        &lt;/tr&gt;

        &lt;tr style="background: #f0f0f0;"&gt;
            &lt;td style="padding: 10px; vertical-align: top;"&gt;
                &lt;div style="font-weight: bold; margin-bottom: 5px;"&gt;
                    Water Quality &lt;span style="font-size: 14px;"&gt;→ &lt;span style="color: #666; font-size: 11px;"&gt;stable&lt;/span&gt;&lt;/span&gt;
                &lt;/div&gt;
                &lt;div style="background: #ddd; border-radius: 10px; height: 8px; overflow: hidden;"&gt;
                    &lt;div style="background: #2196f3; height: 100%; width: 4.66506103266184%; transition: width 0.3s;"&gt;&lt;/div&gt;
                &lt;/div&gt;
                &lt;div style="font-size: 10px; color: #999; margin-top: 3px;"&gt;7d avg: 4.47 index&lt;/div&gt;
            &lt;/td&gt;
            &lt;td style="padding: 10px; text-align: right; vertical-align: top;"&gt;
                &lt;span style="color: #2196f3; font-size: 18px; font-weight: bold;"&gt;4.67&lt;/span&gt;
                &lt;span style="color: #666; font-size: 12px; display: block; margin-top: 2px;"&gt;index&lt;/span&gt;
            &lt;/td&gt;
        &lt;/tr&gt;

    &lt;/table&gt;
&lt;/div&gt;
&lt;/div&gt;]]&gt;</description>
      <Point>
        <coordinates>101.70904253,3.16085827,0</coordinates>
      </Point>
    </Placemark>
    <Placemark>
      <name />
      <styleUrl>#water_quality</styleUrl>
      <description>&lt;![CDATA[
&lt;div style="font-family: Arial, sans-serif; width: 350px; padding: 15px;"&gt;
    &lt;h2 style="color: #2c5364; margin: 0 0 15px 0; font-size: 20px; border-bottom: 2px solid #4fc3f7; padding-bottom: 10px;"&gt;
        WATER_QUALITY_012
    &lt;/h2&gt;
    &lt;table style="width: 100%; border-collapse: collapse; margin-bottom: 15px;"&gt;
        &lt;tr style="background: #f0f0f0;"&gt;
            &lt;td style="padding: 10px; font-weight: bold; width: 40%;"&gt;Type:&lt;/td&gt;
            &lt;td style="padding: 10px;"&gt;Water Quality&lt;/td&gt;
        &lt;/tr&gt;
        &lt;tr&gt;
            &lt;td style="padding: 10px; font-weight: bold;"&gt;Location:&lt;/td&gt;
            &lt;td style="padding: 10px; font-size: 12px;"&gt;3.164790°N&lt;br&gt;101.740758°E&lt;/td&gt;
        &lt;/tr&gt;
    &lt;/table&gt;
    
&lt;div style="background: #f8f9fa; padding: 15px; border-radius: 8px; margin-top: 10px;"&gt;
    &lt;h3 style="color: #2c5364; margin: 0 0 15px 0; font-size: 16px;"&gt;📊 Active Sensors (8)&lt;/h3&gt;
    &lt;table style="width: 100%; border-collapse: collapse;"&gt;

        &lt;tr style="background: #ffffff;"&gt;
            &lt;td style="padding: 10px; vertical-align: top;"&gt;
                &lt;div style="font-weight: bold; margin-bottom: 5px;"&gt;
                    Conductivity &lt;span style="font-size: 14px;"&gt;↗️ &lt;span style="color: #666; font-size: 11px;"&gt;+33%&lt;/span&gt;&lt;/span&gt;
                &lt;/div&gt;
                &lt;div style="background: #ddd; border-radius: 10px; height: 8px; overflow: hidden;"&gt;
                    &lt;div style="background: #2196f3; height: 100%; width: 100%; transition: width 0.3s;"&gt;&lt;/div&gt;
                &lt;/div&gt;
                &lt;div style="font-size: 10px; color: #999; margin-top: 3px;"&gt;7d avg: 358.67 μS/cm&lt;/div&gt;
            &lt;/td&gt;
            &lt;td style="padding: 10px; text-align: right; vertical-align: top;"&gt;
                &lt;span style="color: #2196f3; font-size: 18px; font-weight: bold;"&gt;478.22&lt;/span&gt;
                &lt;span style="color: #666; font-size: 12px; display: block; margin-top: 2px;"&gt;μS/cm&lt;/span&gt;
            &lt;/td&gt;
        &lt;/tr&gt;

        &lt;tr style="background: #f0f0f0;"&gt;
            &lt;td style="padding: 10px; vertical-align: top;"&gt;
                &lt;div style="font-weight: bold; margin-bottom: 5px;"&gt;
                    Depth Gauge &lt;span style="font-size: 14px;"&gt;→ &lt;span style="color: #666; font-size: 11px;"&gt;stable&lt;/span&gt;&lt;/span&gt;
                &lt;/div&gt;
                &lt;div style="background: #ddd; border-radius: 10px; height: 8px; overflow: hidden;"&gt;
                    &lt;div style="background: #2196f3; height: 100%; width: 2.3634289947169913%; transition: width 0.3s;"&gt;&lt;/div&gt;
                &lt;/div&gt;
                &lt;div style="font-size: 10px; color: #999; margin-top: 3px;"&gt;7d avg: 2.37 m&lt;/div&gt;
            &lt;/td&gt;
            &lt;td style="padding: 10px; text-align: right; vertical-align: top;"&gt;
                &lt;span style="color: #2196f3; font-size: 18px; font-weight: bold;"&gt;2.36&lt;/span&gt;
                &lt;span style="color: #666; font-size: 12px; display: block; margin-top: 2px;"&gt;m&lt;/span&gt;
            &lt;/td&gt;
        &lt;/tr&gt;

        &lt;tr style="background: #ffffff;"&gt;
            &lt;td style="padding: 10px; vertical-align: top;"&gt;
                &lt;div style="font-weight: bold; margin-bottom: 5px;"&gt;
                    Dissolved Oxygen &lt;span style="font-size: 14px;"&gt;↗️ &lt;span style="color: #666; font-size: 11px;"&gt;+11%&lt;/span&gt;&lt;/span&gt;
                &lt;/div&gt;
                &lt;div style="background: #ddd; border-radius: 10px; height: 8px; overflow: hidden;"&gt;
                    &lt;div style="background: #2196f3; height: 100%; width: 6.5512340626776355%; transition: width 0.3s;"&gt;&lt;/div&gt;
                &lt;/div&gt;
                &lt;div style="font-size: 10px; color: #999; margin-top: 3px;"&gt;7d avg: 5.89 mg/L&lt;/div&gt;
            &lt;/td&gt;
            &lt;td style="padding: 10px; text-align: right; vertical-align: top;"&gt;
                &lt;span style="color: #2196f3; font-size: 18px; font-weight: bold;"&gt;6.55&lt;/span&gt;
                &lt;span style="color: #666; font-size: 12px; display: block; margin-top: 2px;"&gt;mg/L&lt;/span&gt;
            &lt;/td&gt;
        &lt;/tr&gt;

        &lt;tr style="background: #f0f0f0;"&gt;
            &lt;td style="padding: 10px; vertical-align: top;"&gt;
                &lt;div style="font-weight: bold; margin-bottom: 5px;"&gt;
                    Flow Meter &lt;span style="font-size: 14px;"&gt;↗️ &lt;span style="color: #666; font-size: 11px;"&gt;+5%&lt;/span&gt;&lt;/span&gt;
                &lt;/div&gt;
                &lt;div style="background: #ddd; border-radius: 10px; height: 8px; overflow: hidden;"&gt;
                    &lt;div style="background: #2196f3; height: 100%; width: 1.5234311792172965%; transition: width 0.3s;"&gt;&lt;/div&gt;
                &lt;/div&gt;
                &lt;div style="font-size: 10px; color: #999; margin-top: 3px;"&gt;7d avg: 1.45 m3/s&lt;/div&gt;
            &lt;/td&gt;
            &lt;td style="padding: 10px; text-align: right; vertical-align: top;"&gt;
                &lt;span style="color: #2196f3; font-size: 18px; font-weight: bold;"&gt;1.52&lt;/span&gt;
                &lt;span style="color: #666; font-size: 12px; display: block; margin-top: 2px;"&gt;m3/s&lt;/span&gt;
            &lt;/td&gt;
        &lt;/tr&gt;

        &lt;tr style="background: #ffffff;"&gt;
            &lt;td style="padding: 10px; vertical-align: top;"&gt;
                &lt;div style="font-weight: bold; margin-bottom: 5px;"&gt;
                    Ph Sensor &lt;span style="font-size: 14px;"&gt;↗️ &lt;span style="color: #666; font-size: 11px;"&gt;+7%&lt;/span&gt;&lt;/span&gt;
                &lt;/div&gt;
                &lt;div style="background: #ddd; border-radius: 10px; height: 8px; overflow: hidden;"&gt;
                    &lt;div style="background: #2196f3; height: 100%; width: 5.038147850830554%; transition: width 0.3s;"&gt;&lt;/div&gt;
                &lt;/div&gt;
                &lt;div style="font-size: 10px; color: #999; margin-top: 3px;"&gt;7d avg: 4.71 pH&lt;/div&gt;
            &lt;/td&gt;
            &lt;td style="padding: 10px; text-align: right; vertical-align: top;"&gt;
                &lt;span style="color: #2196f3; font-size: 18px; font-weight: bold;"&gt;5.04&lt;/span&gt;
                &lt;span style="color: #666; font-size: 12px; display: block; margin-top: 2px;"&gt;pH&lt;/span&gt;
            &lt;/td&gt;
        &lt;/tr&gt;

        &lt;tr style="background: #f0f0f0;"&gt;
            &lt;td style="padding: 10px; vertical-align: top;"&gt;
                &lt;div style="font-weight: bold; margin-bottom: 5px;"&gt;
                    Temperature &lt;span style="font-size: 14px;"&gt;↗️ &lt;span style="color: #666; font-size: 11px;"&gt;+9%&lt;/span&gt;&lt;/span&gt;
                &lt;/div&gt;
                &lt;div style="background: #ddd; border-radius: 10px; height: 8px; overflow: hidden;"&gt;
                    &lt;div style="background: #2196f3; height: 100%; width: 33.74274121125396%; transition: width 0.3s;"&gt;&lt;/div&gt;
                &lt;/div&gt;
                &lt;div style="font-size: 10px; color: #999; margin-top: 3px;"&gt;7d avg: 30.89 °C&lt;/div&gt;
            &lt;/td&gt;
            &lt;td style="padding: 10px; text-align: right; vertical-align: top;"&gt;
                &lt;span style="color: #2196f3; font-size: 18px; font-weight: bold;"&gt;33.74&lt;/span&gt;
                &lt;span style="color: #666; font-size: 12px; display: block; margin-top: 2px;"&gt;°C&lt;/span&gt;
            &lt;/td&gt;
        &lt;/tr&gt;

        &lt;tr style="background: #ffffff;"&gt;
            &lt;td style="padding: 10px; vertical-align: top;"&gt;
                &lt;div style="font-weight: bold; margin-bottom: 5px;"&gt;
                    Turbidity &lt;span style="font-size: 14px;"&gt;↗️ &lt;span style="color: #666; font-size: 11px;"&gt;+33%&lt;/span&gt;&lt;/span&gt;
                &lt;/div&gt;
                &lt;div style="background: #ddd; border-radius: 10px; height: 8px; overflow: hidden;"&gt;
                    &lt;div style="background: #2196f3; height: 100%; width: 58.104859562589226%; transition: width 0.3s;"&gt;&lt;/div&gt;
                &lt;/div&gt;
                &lt;div style="font-size: 10px; color: #999; margin-top: 3px;"&gt;7d avg: 43.58 NTU&lt;/div&gt;
            &lt;/td&gt;
            &lt;td style="padding: 10px; text-align: right; vertical-align: top;"&gt;
                &lt;span style="color: #2196f3; font-size: 18px; font-weight: bold;"&gt;58.10&lt;/span&gt;
                &lt;span style="color: #666; font-size: 12px; display: block; margin-top: 2px;"&gt;NTU&lt;/span&gt;
            &lt;/td&gt;
        &lt;/tr&gt;

        &lt;tr style="background: #f0f0f0;"&gt;
            &lt;td style="padding: 10px; vertical-align: top;"&gt;
                &lt;div style="font-weight: bold; margin-bottom: 5px;"&gt;
                    Water Quality &lt;span style="font-size: 14px;"&gt;↘️ &lt;span style="color: #666; font-size: 11px;"&gt;-6%&lt;/span&gt;&lt;/span&gt;
                &lt;/div&gt;
                &lt;div style="background: #ddd; border-radius: 10px; height: 8px; overflow: hidden;"&gt;
                    &lt;div style="background: #2196f3; height: 100%; width: 4.356099549934258%; transition: width 0.3s;"&gt;&lt;/div&gt;
                &lt;/div&gt;
                &lt;div style="font-size: 10px; color: #999; margin-top: 3px;"&gt;7d avg: 4.64 index&lt;/div&gt;
            &lt;/td&gt;
            &lt;td style="padding: 10px; text-align: right; vertical-align: top;"&gt;
                &lt;span style="color: #2196f3; font-size: 18px; font-weight: bold;"&gt;4.36&lt;/span&gt;
                &lt;span style="color: #666; font-size: 12px; display: block; margin-top: 2px;"&gt;index&lt;/span&gt;
            &lt;/td&gt;
        &lt;/tr&gt;

    &lt;/table&gt;
&lt;/div&gt;
&lt;/div&gt;]]&gt;</description>
      <Point>
        <coordinates>101.74075843,3.16479007,0</coordinates>
      </Point>
    </Placemark>
    <Placemark>
      <name />
      <styleUrl>#water_quality</styleUrl>
      <description>&lt;![CDATA[
&lt;div style="font-family: Arial, sans-serif; width: 350px; padding: 15px;"&gt;
    &lt;h2 style="color: #2c5364; margin: 0 0 15px 0; font-size: 20px; border-bottom: 2px solid #4fc3f7; padding-bottom: 10px;"&gt;
        WATER_QUALITY_013
    &lt;/h2&gt;
    &lt;table style="width: 100%; border-collapse: collapse; margin-bottom: 15px;"&gt;
        &lt;tr style="background: #f0f0f0;"&gt;
            &lt;td style="padding: 10px; font-weight: bold; width: 40%;"&gt;Type:&lt;/td&gt;
            &lt;td style="padding: 10px;"&gt;Water Quality&lt;/td&gt;
        &lt;/tr&gt;
        &lt;tr&gt;
            &lt;td style="padding: 10px; font-weight: bold;"&gt;Location:&lt;/td&gt;
            &lt;td style="padding: 10px; font-size: 12px;"&gt;3.227523°N&lt;br&gt;101.752091°E&lt;/td&gt;
        &lt;/tr&gt;
    &lt;/table&gt;
    
&lt;div style="background: #f8f9fa; padding: 15px; border-radius: 8px; margin-top: 10px;"&gt;
    &lt;h3 style="color: #2c5364; margin: 0 0 15px 0; font-size: 16px;"&gt;📊 Active Sensors (8)&lt;/h3&gt;
    &lt;table style="width: 100%; border-collapse: collapse;"&gt;

        &lt;tr style="background: #ffffff;"&gt;
            &lt;td style="padding: 10px; vertical-align: top;"&gt;
                &lt;div style="font-weight: bold; margin-bottom: 5px;"&gt;
                    Conductivity &lt;span style="font-size: 14px;"&gt;↗️ &lt;span style="color: #666; font-size: 11px;"&gt;+33%&lt;/span&gt;&lt;/span&gt;
                &lt;/div&gt;
                &lt;div style="background: #ddd; border-radius: 10px; height: 8px; overflow: hidden;"&gt;
                    &lt;div style="background: #2196f3; height: 100%; width: 100%; transition: width 0.3s;"&gt;&lt;/div&gt;
                &lt;/div&gt;
                &lt;div style="font-size: 10px; color: #999; margin-top: 3px;"&gt;7d avg: 477.42 μS/cm&lt;/div&gt;
            &lt;/td&gt;
            &lt;td style="padding: 10px; text-align: right; vertical-align: top;"&gt;
                &lt;span style="color: #2196f3; font-size: 18px; font-weight: bold;"&gt;636.56&lt;/span&gt;
                &lt;span style="color: #666; font-size: 12px; display: block; margin-top: 2px;"&gt;μS/cm&lt;/span&gt;
            &lt;/td&gt;
        &lt;/tr&gt;

        &lt;tr style="background: #f0f0f0;"&gt;
            &lt;td style="padding: 10px; vertical-align: top;"&gt;
                &lt;div style="font-weight: bold; margin-bottom: 5px;"&gt;
                    Depth Gauge &lt;span style="font-size: 14px;"&gt;→ &lt;span style="color: #666; font-size: 11px;"&gt;stable&lt;/span&gt;&lt;/span&gt;
                &lt;/div&gt;
                &lt;div style="background: #ddd; border-radius: 10px; height: 8px; overflow: hidden;"&gt;
                    &lt;div style="background: #2196f3; height: 100%; width: 2.9759143168158224%; transition: width 0.3s;"&gt;&lt;/div&gt;
                &lt;/div&gt;
                &lt;div style="font-size: 10px; color: #999; margin-top: 3px;"&gt;7d avg: 2.93 m&lt;/div&gt;
            &lt;/td&gt;
            &lt;td style="padding: 10px; text-align: right; vertical-align: top;"&gt;
                &lt;span style="color: #2196f3; font-size: 18px; font-weight: bold;"&gt;2.98&lt;/span&gt;
                &lt;span style="color: #666; font-size: 12px; display: block; margin-top: 2px;"&gt;m&lt;/span&gt;
            &lt;/td&gt;
        &lt;/tr&gt;

        &lt;tr style="background: #ffffff;"&gt;
            &lt;td style="padding: 10px; vertical-align: top;"&gt;
                &lt;div style="font-weight: bold; margin-bottom: 5px;"&gt;
                    Dissolved Oxygen &lt;span style="font-size: 14px;"&gt;→ &lt;span style="color: #666; font-size: 11px;"&gt;stable&lt;/span&gt;&lt;/span&gt;
                &lt;/div&gt;
                &lt;div style="background: #ddd; border-radius: 10px; height: 8px; overflow: hidden;"&gt;
                    &lt;div style="background: #2196f3; height: 100%; width: 5.543015594180392%; transition: width 0.3s;"&gt;&lt;/div&gt;
                &lt;/div&gt;
                &lt;div style="font-size: 10px; color: #999; margin-top: 3px;"&gt;7d avg: 5.35 mg/L&lt;/div&gt;
            &lt;/td&gt;
            &lt;td style="padding: 10px; text-align: right; vertical-align: top;"&gt;
                &lt;span style="color: #2196f3; font-size: 18px; font-weight: bold;"&gt;5.54&lt;/span&gt;
                &lt;span style="color: #666; font-size: 12px; display: block; margin-top: 2px;"&gt;mg/L&lt;/span&gt;
            &lt;/td&gt;
        &lt;/tr&gt;

        &lt;tr style="background: #f0f0f0;"&gt;
            &lt;td style="padding: 10px; vertical-align: top;"&gt;
                &lt;div style="font-weight: bold; margin-bottom: 5px;"&gt;
                    Flow Meter &lt;span style="font-size: 14px;"&gt;→ &lt;span style="color: #666; font-size: 11px;"&gt;stable&lt;/span&gt;&lt;/span&gt;
                &lt;/div&gt;
                &lt;div style="background: #ddd; border-radius: 10px; height: 8px; overflow: hidden;"&gt;
                    &lt;div style="background: #2196f3; height: 100%; width: 1.515946498339565%; transition: width 0.3s;"&gt;&lt;/div&gt;
                &lt;/div&gt;
                &lt;div style="font-size: 10px; color: #999; margin-top: 3px;"&gt;7d avg: 1.50 m3/s&lt;/div&gt;
            &lt;/td&gt;
            &lt;td style="padding: 10px; text-align: right; vertical-align: top;"&gt;
                &lt;span style="color: #2196f3; font-size: 18px; font-weight: bold;"&gt;1.52&lt;/span&gt;
                &lt;span style="color: #666; font-size: 12px; display: block; margin-top: 2px;"&gt;m3/s&lt;/span&gt;
            &lt;/td&gt;
        &lt;/tr&gt;

        &lt;tr style="background: #ffffff;"&gt;
            &lt;td style="padding: 10px; vertical-align: top;"&gt;
                &lt;div style="font-weight: bold; margin-bottom: 5px;"&gt;
                    Ph Sensor &lt;span style="font-size: 14px;"&gt;↘️ &lt;span style="color: #666; font-size: 11px;"&gt;-7%&lt;/span&gt;&lt;/span&gt;
                &lt;/div&gt;
                &lt;div style="background: #ddd; border-radius: 10px; height: 8px; overflow: hidden;"&gt;
                    &lt;div style="background: #2196f3; height: 100%; width: 8.214498089576772%; transition: width 0.3s;"&gt;&lt;/div&gt;
                &lt;/div&gt;
                &lt;div style="font-size: 10px; color: #999; margin-top: 3px;"&gt;7d avg: 8.80 pH&lt;/div&gt;
            &lt;/td&gt;
            &lt;td style="padding: 10px; text-align: right; vertical-align: top;"&gt;
                &lt;span style="color: #2196f3; font-size: 18px; font-weight: bold;"&gt;8.21&lt;/span&gt;
                &lt;span style="color: #666; font-size: 12px; display: block; margin-top: 2px;"&gt;pH&lt;/span&gt;
            &lt;/td&gt;
        &lt;/tr&gt;

        &lt;tr style="background: #f0f0f0;"&gt;
            &lt;td style="padding: 10px; vertical-align: top;"&gt;
                &lt;div style="font-weight: bold; margin-bottom: 5px;"&gt;
                    Temperature &lt;span style="font-size: 14px;"&gt;↘️ &lt;span style="color: #666; font-size: 11px;"&gt;-6%&lt;/span&gt;&lt;/span&gt;
                &lt;/div&gt;
                &lt;div style="background: #ddd; border-radius: 10px; height: 8px; overflow: hidden;"&gt;
                    &lt;div style="background: #2196f3; height: 100%; width: 17.926003044461833%; transition: width 0.3s;"&gt;&lt;/div&gt;
                &lt;/div&gt;
                &lt;div style="font-size: 10px; color: #999; margin-top: 3px;"&gt;7d avg: 19.09 °C&lt;/div&gt;
            &lt;/td&gt;
            &lt;td style="padding: 10px; text-align: right; vertical-align: top;"&gt;
                &lt;span style="color: #2196f3; font-size: 18px; font-weight: bold;"&gt;17.93&lt;/span&gt;
                &lt;span style="color: #666; font-size: 12px; display: block; margin-top: 2px;"&gt;°C&lt;/span&gt;
            &lt;/td&gt;
        &lt;/tr&gt;

        &lt;tr style="background: #ffffff;"&gt;
            &lt;td style="padding: 10px; vertical-align: top;"&gt;
                &lt;div style="font-weight: bold; margin-bottom: 5px;"&gt;
                    Turbidity &lt;span style="font-size: 14px;"&gt;↗️ &lt;span style="color: #666; font-size: 11px;"&gt;+33%&lt;/span&gt;&lt;/span&gt;
                &lt;/div&gt;
                &lt;div style="background: #ddd; border-radius: 10px; height: 8px; overflow: hidden;"&gt;
                    &lt;div style="background: #2196f3; height: 100%; width: 61.923910117200684%; transition: width 0.3s;"&gt;&lt;/div&gt;
                &lt;/div&gt;
                &lt;div style="font-size: 10px; color: #999; margin-top: 3px;"&gt;7d avg: 46.44 NTU&lt;/div&gt;
            &lt;/td&gt;
            &lt;td style="padding: 10px; text-align: right; vertical-align: top;"&gt;
                &lt;span style="color: #2196f3; font-size: 18px; font-weight: bold;"&gt;61.92&lt;/span&gt;
                &lt;span style="color: #666; font-size: 12px; display: block; margin-top: 2px;"&gt;NTU&lt;/span&gt;
            &lt;/td&gt;
        &lt;/tr&gt;

        &lt;tr style="background: #f0f0f0;"&gt;
            &lt;td style="padding: 10px; vertical-align: top;"&gt;
                &lt;div style="font-weight: bold; margin-bottom: 5px;"&gt;
                    Water Quality &lt;span style="font-size: 14px;"&gt;↘️ &lt;span style="color: #666; font-size: 11px;"&gt;-6%&lt;/span&gt;&lt;/span&gt;
                &lt;/div&gt;
                &lt;div style="background: #ddd; border-radius: 10px; height: 8px; overflow: hidden;"&gt;
                    &lt;div style="background: #2196f3; height: 100%; width: 9.827582431830375%; transition: width 0.3s;"&gt;&lt;/div&gt;
                &lt;/div&gt;
                &lt;div style="font-size: 10px; color: #999; margin-top: 3px;"&gt;7d avg: 10.41 index&lt;/div&gt;
            &lt;/td&gt;
            &lt;td style="padding: 10px; text-align: right; vertical-align: top;"&gt;
                &lt;span style="color: #2196f3; font-size: 18px; font-weight: bold;"&gt;9.83&lt;/span&gt;
                &lt;span style="color: #666; font-size: 12px; display: block; margin-top: 2px;"&gt;index&lt;/span&gt;
            &lt;/td&gt;
        &lt;/tr&gt;

    &lt;/table&gt;
&lt;/div&gt;
&lt;/div&gt;]]&gt;</description>
      <Point>
        <coordinates>101.75209083,3.22752286,0</coordinates>
      </Point>
    </Placemark>
    <Placemark>
      <name />
      <styleUrl>#water_quality</styleUrl>
      <description>&lt;![CDATA[
&lt;div style="font-family: Arial, sans-serif; width: 350px; padding: 15px;"&gt;
    &lt;h2 style="color: #2c5364; margin: 0 0 15px 0; font-size: 20px; border-bottom: 2px solid #4fc3f7; padding-bottom: 10px;"&gt;
        WATER_QUALITY_014
    &lt;/h2&gt;
    &lt;table style="width: 100%; border-collapse: collapse; margin-bottom: 15px;"&gt;
        &lt;tr style="background: #f0f0f0;"&gt;
            &lt;td style="padding: 10px; font-weight: bold; width: 40%;"&gt;Type:&lt;/td&gt;
            &lt;td style="padding: 10px;"&gt;Water Quality&lt;/td&gt;
        &lt;/tr&gt;
        &lt;tr&gt;
            &lt;td style="padding: 10px; font-weight: bold;"&gt;Location:&lt;/td&gt;
            &lt;td style="padding: 10px; font-size: 12px;"&gt;3.214174°N&lt;br&gt;101.752923°E&lt;/td&gt;
        &lt;/tr&gt;
    &lt;/table&gt;
    
&lt;div style="background: #f8f9fa; padding: 15px; border-radius: 8px; margin-top: 10px;"&gt;
    &lt;h3 style="color: #2c5364; margin: 0 0 15px 0; font-size: 16px;"&gt;📊 Active Sensors (8)&lt;/h3&gt;
    &lt;table style="width: 100%; border-collapse: collapse;"&gt;

        &lt;tr style="background: #ffffff;"&gt;
            &lt;td style="padding: 10px; vertical-align: top;"&gt;
                &lt;div style="font-weight: bold; margin-bottom: 5px;"&gt;
                    Conductivity &lt;span style="font-size: 14px;"&gt;↗️ &lt;span style="color: #666; font-size: 11px;"&gt;+33%&lt;/span&gt;&lt;/span&gt;
                &lt;/div&gt;
                &lt;div style="background: #ddd; border-radius: 10px; height: 8px; overflow: hidden;"&gt;
                    &lt;div style="background: #2196f3; height: 100%; width: 100%; transition: width 0.3s;"&gt;&lt;/div&gt;
                &lt;/div&gt;
                &lt;div style="font-size: 10px; color: #999; margin-top: 3px;"&gt;7d avg: 621.44 μS/cm&lt;/div&gt;
            &lt;/td&gt;
            &lt;td style="padding: 10px; text-align: right; vertical-align: top;"&gt;
                &lt;span style="color: #2196f3; font-size: 18px; font-weight: bold;"&gt;828.59&lt;/span&gt;
                &lt;span style="color: #666; font-size: 12px; display: block; margin-top: 2px;"&gt;μS/cm&lt;/span&gt;
            &lt;/td&gt;
        &lt;/tr&gt;

        &lt;tr style="background: #f0f0f0;"&gt;
            &lt;td style="padding: 10px; vertical-align: top;"&gt;
                &lt;div style="font-weight: bold; margin-bottom: 5px;"&gt;
                    Depth Gauge &lt;span style="font-size: 14px;"&gt;→ &lt;span style="color: #666; font-size: 11px;"&gt;stable&lt;/span&gt;&lt;/span&gt;
                &lt;/div&gt;
                &lt;div style="background: #ddd; border-radius: 10px; height: 8px; overflow: hidden;"&gt;
                    &lt;div style="background: #2196f3; height: 100%; width: 3.922016091674227%; transition: width 0.3s;"&gt;&lt;/div&gt;
                &lt;/div&gt;
                &lt;div style="font-size: 10px; color: #999; margin-top: 3px;"&gt;7d avg: 4.12 m&lt;/div&gt;
            &lt;/td&gt;
            &lt;td style="padding: 10px; text-align: right; vertical-align: top;"&gt;
                &lt;span style="color: #2196f3; font-size: 18px; font-weight: bold;"&gt;3.92&lt;/span&gt;
                &lt;span style="color: #666; font-size: 12px; display: block; margin-top: 2px;"&gt;m&lt;/span&gt;
            &lt;/td&gt;
        &lt;/tr&gt;

        &lt;tr style="background: #ffffff;"&gt;
            &lt;td style="padding: 10px; vertical-align: top;"&gt;
                &lt;div style="font-weight: bold; margin-bottom: 5px;"&gt;
                    Dissolved Oxygen &lt;span style="font-size: 14px;"&gt;→ &lt;span style="color: #666; font-size: 11px;"&gt;stable&lt;/span&gt;&lt;/span&gt;
                &lt;/div&gt;
                &lt;div style="background: #ddd; border-radius: 10px; height: 8px; overflow: hidden;"&gt;
                    &lt;div style="background: #2196f3; height: 100%; width: 10.738081478468255%; transition: width 0.3s;"&gt;&lt;/div&gt;
                &lt;/div&gt;
                &lt;div style="font-size: 10px; color: #999; margin-top: 3px;"&gt;7d avg: 11.07 mg/L&lt;/div&gt;
            &lt;/td&gt;
            &lt;td style="padding: 10px; text-align: right; vertical-align: top;"&gt;
                &lt;span style="color: #2196f3; font-size: 18px; font-weight: bold;"&gt;10.74&lt;/span&gt;
                &lt;span style="color: #666; font-size: 12px; display: block; margin-top: 2px;"&gt;mg/L&lt;/span&gt;
            &lt;/td&gt;
        &lt;/tr&gt;

        &lt;tr style="background: #f0f0f0;"&gt;
            &lt;td style="padding: 10px; vertical-align: top;"&gt;
                &lt;div style="font-weight: bold; margin-bottom: 5px;"&gt;
                    Flow Meter &lt;span style="font-size: 14px;"&gt;→ &lt;span style="color: #666; font-size: 11px;"&gt;stable&lt;/span&gt;&lt;/span&gt;
                &lt;/div&gt;
                &lt;div style="background: #ddd; border-radius: 10px; height: 8px; overflow: hidden;"&gt;
                    &lt;div style="background: #2196f3; height: 100%; width: 3.890431452543911%; transition: width 0.3s;"&gt;&lt;/div&gt;
                &lt;/div&gt;
                &lt;div style="font-size: 10px; color: #999; margin-top: 3px;"&gt;7d avg: 3.74 m3/s&lt;/div&gt;
            &lt;/td&gt;
            &lt;td style="padding: 10px; text-align: right; vertical-align: top;"&gt;
                &lt;span style="color: #2196f3; font-size: 18px; font-weight: bold;"&gt;3.89&lt;/span&gt;
                &lt;span style="color: #666; font-size: 12px; display: block; margin-top: 2px;"&gt;m3/s&lt;/span&gt;
            &lt;/td&gt;
        &lt;/tr&gt;

        &lt;tr style="background: #ffffff;"&gt;
            &lt;td style="padding: 10px; vertical-align: top;"&gt;
                &lt;div style="font-weight: bold; margin-bottom: 5px;"&gt;
                    Ph Sensor &lt;span style="font-size: 14px;"&gt;↘️ &lt;span style="color: #666; font-size: 11px;"&gt;-10%&lt;/span&gt;&lt;/span&gt;
                &lt;/div&gt;
                &lt;div style="background: #ddd; border-radius: 10px; height: 8px; overflow: hidden;"&gt;
                    &lt;div style="background: #2196f3; height: 100%; width: 10.080550682189592%; transition: width 0.3s;"&gt;&lt;/div&gt;
                &lt;/div&gt;
                &lt;div style="font-size: 10px; color: #999; margin-top: 3px;"&gt;7d avg: 11.18 pH&lt;/div&gt;
            &lt;/td&gt;
            &lt;td style="padding: 10px; text-align: right; vertical-align: top;"&gt;
                &lt;span style="color: #2196f3; font-size: 18px; font-weight: bold;"&gt;10.08&lt;/span&gt;
                &lt;span style="color: #666; font-size: 12px; display: block; margin-top: 2px;"&gt;pH&lt;/span&gt;
            &lt;/td&gt;
        &lt;/tr&gt;

        &lt;tr style="background: #f0f0f0;"&gt;
            &lt;td style="padding: 10px; vertical-align: top;"&gt;
                &lt;div style="font-weight: bold; margin-bottom: 5px;"&gt;
                    Temperature &lt;span style="font-size: 14px;"&gt;↘️ &lt;span style="color: #666; font-size: 11px;"&gt;-10%&lt;/span&gt;&lt;/span&gt;
                &lt;/div&gt;
                &lt;div style="background: #ddd; border-radius: 10px; height: 8px; overflow: hidden;"&gt;
                    &lt;div style="background: #2196f3; height: 100%; width: 29.31324488922996%; transition: width 0.3s;"&gt;&lt;/div&gt;
                &lt;/div&gt;
                &lt;div style="font-size: 10px; color: #999; margin-top: 3px;"&gt;7d avg: 32.39 °C&lt;/div&gt;
            &lt;/td&gt;
            &lt;td style="padding: 10px; text-align: right; vertical-align: top;"&gt;
                &lt;span style="color: #2196f3; font-size: 18px; font-weight: bold;"&gt;29.31&lt;/span&gt;
                &lt;span style="color: #666; font-size: 12px; display: block; margin-top: 2px;"&gt;°C&lt;/span&gt;
            &lt;/td&gt;
        &lt;/tr&gt;

        &lt;tr style="background: #ffffff;"&gt;
            &lt;td style="padding: 10px; vertical-align: top;"&gt;
                &lt;div style="font-weight: bold; margin-bottom: 5px;"&gt;
                    Turbidity &lt;span style="font-size: 14px;"&gt;↗️ &lt;span style="color: #666; font-size: 11px;"&gt;+33%&lt;/span&gt;&lt;/span&gt;
                &lt;/div&gt;
                &lt;div style="background: #ddd; border-radius: 10px; height: 8px; overflow: hidden;"&gt;
                    &lt;div style="background: #2196f3; height: 100%; width: 70.71237953153923%; transition: width 0.3s;"&gt;&lt;/div&gt;
                &lt;/div&gt;
                &lt;div style="font-size: 10px; color: #999; margin-top: 3px;"&gt;7d avg: 53.03 NTU&lt;/div&gt;
            &lt;/td&gt;
            &lt;td style="padding: 10px; text-align: right; vertical-align: top;"&gt;
                &lt;span style="color: #2196f3; font-size: 18px; font-weight: bold;"&gt;70.71&lt;/span&gt;
                &lt;span style="color: #666; font-size: 12px; display: block; margin-top: 2px;"&gt;NTU&lt;/span&gt;
            &lt;/td&gt;
        &lt;/tr&gt;

        &lt;tr style="background: #f0f0f0;"&gt;
            &lt;td style="padding: 10px; vertical-align: top;"&gt;
                &lt;div style="font-weight: bold; margin-bottom: 5px;"&gt;
                    Water Quality &lt;span style="font-size: 14px;"&gt;→ &lt;span style="color: #666; font-size: 11px;"&gt;stable&lt;/span&gt;&lt;/span&gt;
                &lt;/div&gt;
                &lt;div style="background: #ddd; border-radius: 10px; height: 8px; overflow: hidden;"&gt;
                    &lt;div style="background: #2196f3; height: 100%; width: 8.386316158326737%; transition: width 0.3s;"&gt;&lt;/div&gt;
                &lt;/div&gt;
                &lt;div style="font-size: 10px; color: #999; margin-top: 3px;"&gt;7d avg: 8.54 index&lt;/div&gt;
            &lt;/td&gt;
            &lt;td style="padding: 10px; text-align: right; vertical-align: top;"&gt;
                &lt;span style="color: #2196f3; font-size: 18px; font-weight: bold;"&gt;8.39&lt;/span&gt;
                &lt;span style="color: #666; font-size: 12px; display: block; margin-top: 2px;"&gt;index&lt;/span&gt;
            &lt;/td&gt;
        &lt;/tr&gt;

    &lt;/table&gt;
&lt;/div&gt;
&lt;/div&gt;]]&gt;</description>
      <Point>
        <coordinates>101.75292311,3.21417366,0</coordinates>
      </Point>
    </Placemark>
    <Placemark>
      <name />
      <styleUrl>#water_quality</styleUrl>
      <description>&lt;![CDATA[
&lt;div style="font-family: Arial, sans-serif; width: 350px; padding: 15px;"&gt;
    &lt;h2 style="color: #2c5364; margin: 0 0 15px 0; font-size: 20px; border-bottom: 2px solid #4fc3f7; padding-bottom: 10px;"&gt;
        WATER_QUALITY_015
    &lt;/h2&gt;
    &lt;table style="width: 100%; border-collapse: collapse; margin-bottom: 15px;"&gt;
        &lt;tr style="background: #f0f0f0;"&gt;
            &lt;td style="padding: 10px; font-weight: bold; width: 40%;"&gt;Type:&lt;/td&gt;
            &lt;td style="padding: 10px;"&gt;Water Quality&lt;/td&gt;
        &lt;/tr&gt;
        &lt;tr&gt;
            &lt;td style="padding: 10px; font-weight: bold;"&gt;Location:&lt;/td&gt;
            &lt;td style="padding: 10px; font-size: 12px;"&gt;3.205348°N&lt;br&gt;101.756932°E&lt;/td&gt;
        &lt;/tr&gt;
    &lt;/table&gt;
    
&lt;div style="background: #f8f9fa; padding: 15px; border-radius: 8px; margin-top: 10px;"&gt;
    &lt;h3 style="color: #2c5364; margin: 0 0 15px 0; font-size: 16px;"&gt;📊 Active Sensors (8)&lt;/h3&gt;
    &lt;table style="width: 100%; border-collapse: collapse;"&gt;

        &lt;tr style="background: #ffffff;"&gt;
            &lt;td style="padding: 10px; vertical-align: top;"&gt;
                &lt;div style="font-weight: bold; margin-bottom: 5px;"&gt;
                    Conductivity &lt;span style="font-size: 14px;"&gt;↗️ &lt;span style="color: #666; font-size: 11px;"&gt;+33%&lt;/span&gt;&lt;/span&gt;
                &lt;/div&gt;
                &lt;div style="background: #ddd; border-radius: 10px; height: 8px; overflow: hidden;"&gt;
                    &lt;div style="background: #2196f3; height: 100%; width: 100%; transition: width 0.3s;"&gt;&lt;/div&gt;
                &lt;/div&gt;
                &lt;div style="font-size: 10px; color: #999; margin-top: 3px;"&gt;7d avg: 464.67 μS/cm&lt;/div&gt;
            &lt;/td&gt;
            &lt;td style="padding: 10px; text-align: right; vertical-align: top;"&gt;
                &lt;span style="color: #2196f3; font-size: 18px; font-weight: bold;"&gt;619.56&lt;/span&gt;
                &lt;span style="color: #666; font-size: 12px; display: block; margin-top: 2px;"&gt;μS/cm&lt;/span&gt;
            &lt;/td&gt;
        &lt;/tr&gt;

        &lt;tr style="background: #f0f0f0;"&gt;
            &lt;td style="padding: 10px; vertical-align: top;"&gt;
                &lt;div style="font-weight: bold; margin-bottom: 5px;"&gt;
                    Depth Gauge &lt;span style="font-size: 14px;"&gt;→ &lt;span style="color: #666; font-size: 11px;"&gt;stable&lt;/span&gt;&lt;/span&gt;
                &lt;/div&gt;
                &lt;div style="background: #ddd; border-radius: 10px; height: 8px; overflow: hidden;"&gt;
                    &lt;div style="background: #2196f3; height: 100%; width: 2.398340036092298%; transition: width 0.3s;"&gt;&lt;/div&gt;
                &lt;/div&gt;
                &lt;div style="font-size: 10px; color: #999; margin-top: 3px;"&gt;7d avg: 2.45 m&lt;/div&gt;
            &lt;/td&gt;
            &lt;td style="padding: 10px; text-align: right; vertical-align: top;"&gt;
                &lt;span style="color: #2196f3; font-size: 18px; font-weight: bold;"&gt;2.40&lt;/span&gt;
                &lt;span style="color: #666; font-size: 12px; display: block; margin-top: 2px;"&gt;m&lt;/span&gt;
            &lt;/td&gt;
        &lt;/tr&gt;

        &lt;tr style="background: #ffffff;"&gt;
            &lt;td style="padding: 10px; vertical-align: top;"&gt;
                &lt;div style="font-weight: bold; margin-bottom: 5px;"&gt;
                    Dissolved Oxygen &lt;span style="font-size: 14px;"&gt;→ &lt;span style="color: #666; font-size: 11px;"&gt;stable&lt;/span&gt;&lt;/span&gt;
                &lt;/div&gt;
                &lt;div style="background: #ddd; border-radius: 10px; height: 8px; overflow: hidden;"&gt;
                    &lt;div style="background: #2196f3; height: 100%; width: 5.616391230539616%; transition: width 0.3s;"&gt;&lt;/div&gt;
                &lt;/div&gt;
                &lt;div style="font-size: 10px; color: #999; margin-top: 3px;"&gt;7d avg: 5.62 mg/L&lt;/div&gt;
            &lt;/td&gt;
            &lt;td style="padding: 10px; text-align: right; vertical-align: top;"&gt;
                &lt;span style="color: #2196f3; font-size: 18px; font-weight: bold;"&gt;5.62&lt;/span&gt;
                &lt;span style="color: #666; font-size: 12px; display: block; margin-top: 2px;"&gt;mg/L&lt;/span&gt;
            &lt;/td&gt;
        &lt;/tr&gt;

        &lt;tr style="background: #f0f0f0;"&gt;
            &lt;td style="padding: 10px; vertical-align: top;"&gt;
                &lt;div style="font-weight: bold; margin-bottom: 5px;"&gt;
                    Flow Meter &lt;span style="font-size: 14px;"&gt;↗️ &lt;span style="color: #666; font-size: 11px;"&gt;+8%&lt;/span&gt;&lt;/span&gt;
                &lt;/div&gt;
                &lt;div style="background: #ddd; border-radius: 10px; height: 8px; overflow: hidden;"&gt;
                    &lt;div style="background: #2196f3; height: 100%; width: 1.5978374748417876%; transition: width 0.3s;"&gt;&lt;/div&gt;
                &lt;/div&gt;
                &lt;div style="font-size: 10px; color: #999; margin-top: 3px;"&gt;7d avg: 1.49 m3/s&lt;/div&gt;
            &lt;/td&gt;
            &lt;td style="padding: 10px; text-align: right; vertical-align: top;"&gt;
                &lt;span style="color: #2196f3; font-size: 18px; font-weight: bold;"&gt;1.60&lt;/span&gt;
                &lt;span style="color: #666; font-size: 12px; display: block; margin-top: 2px;"&gt;m3/s&lt;/span&gt;
            &lt;/td&gt;
        &lt;/tr&gt;

        &lt;tr style="background: #ffffff;"&gt;
            &lt;td style="padding: 10px; vertical-align: top;"&gt;
                &lt;div style="font-weight: bold; margin-bottom: 5px;"&gt;
                    Ph Sensor &lt;span style="font-size: 14px;"&gt;→ &lt;span style="color: #666; font-size: 11px;"&gt;stable&lt;/span&gt;&lt;/span&gt;
                &lt;/div&gt;
                &lt;div style="background: #ddd; border-radius: 10px; height: 8px; overflow: hidden;"&gt;
                    &lt;div style="background: #2196f3; height: 100%; width: 5.3418991562320155%; transition: width 0.3s;"&gt;&lt;/div&gt;
                &lt;/div&gt;
                &lt;div style="font-size: 10px; color: #999; margin-top: 3px;"&gt;7d avg: 5.52 pH&lt;/div&gt;
            &lt;/td&gt;
            &lt;td style="padding: 10px; text-align: right; vertical-align: top;"&gt;
                &lt;span style="color: #2196f3; font-size: 18px; font-weight: bold;"&gt;5.34&lt;/span&gt;
                &lt;span style="color: #666; font-size: 12px; display: block; margin-top: 2px;"&gt;pH&lt;/span&gt;
            &lt;/td&gt;
        &lt;/tr&gt;

        &lt;tr style="background: #f0f0f0;"&gt;
            &lt;td style="padding: 10px; vertical-align: top;"&gt;
                &lt;div style="font-weight: bold; margin-bottom: 5px;"&gt;
                    Temperature &lt;span style="font-size: 14px;"&gt;↗️ &lt;span style="color: #666; font-size: 11px;"&gt;+8%&lt;/span&gt;&lt;/span&gt;
                &lt;/div&gt;
                &lt;div style="background: #ddd; border-radius: 10px; height: 8px; overflow: hidden;"&gt;
                    &lt;div style="background: #2196f3; height: 100%; width: 24.11712801278828%; transition: width 0.3s;"&gt;&lt;/div&gt;
                &lt;/div&gt;
                &lt;div style="font-size: 10px; color: #999; margin-top: 3px;"&gt;7d avg: 22.27 °C&lt;/div&gt;
            &lt;/td&gt;
            &lt;td style="padding: 10px; text-align: right; vertical-align: top;"&gt;
                &lt;span style="color: #2196f3; font-size: 18px; font-weight: bold;"&gt;24.12&lt;/span&gt;
                &lt;span style="color: #666; font-size: 12px; display: block; margin-top: 2px;"&gt;°C&lt;/span&gt;
            &lt;/td&gt;
        &lt;/tr&gt;

        &lt;tr style="background: #ffffff;"&gt;
            &lt;td style="padding: 10px; vertical-align: top;"&gt;
                &lt;div style="font-weight: bold; margin-bottom: 5px;"&gt;
                    Turbidity &lt;span style="font-size: 14px;"&gt;↗️ &lt;span style="color: #666; font-size: 11px;"&gt;+33%&lt;/span&gt;&lt;/span&gt;
                &lt;/div&gt;
                &lt;div style="background: #ddd; border-radius: 10px; height: 8px; overflow: hidden;"&gt;
                    &lt;div style="background: #2196f3; height: 100%; width: 60.80643948615197%; transition: width 0.3s;"&gt;&lt;/div&gt;
                &lt;/div&gt;
                &lt;div style="font-size: 10px; color: #999; margin-top: 3px;"&gt;7d avg: 45.60 NTU&lt;/div&gt;
            &lt;/td&gt;
            &lt;td style="padding: 10px; text-align: right; vertical-align: top;"&gt;
                &lt;span style="color: #2196f3; font-size: 18px; font-weight: bold;"&gt;60.81&lt;/span&gt;
                &lt;span style="color: #666; font-size: 12px; display: block; margin-top: 2px;"&gt;NTU&lt;/span&gt;
            &lt;/td&gt;
        &lt;/tr&gt;

        &lt;tr style="background: #f0f0f0;"&gt;
            &lt;td style="padding: 10px; vertical-align: top;"&gt;
                &lt;div style="font-weight: bold; margin-bottom: 5px;"&gt;
                    Water Quality &lt;span style="font-size: 14px;"&gt;↗️ &lt;span style="color: #666; font-size: 11px;"&gt;+6%&lt;/span&gt;&lt;/span&gt;
                &lt;/div&gt;
                &lt;div style="background: #ddd; border-radius: 10px; height: 8px; overflow: hidden;"&gt;
                    &lt;div style="background: #2196f3; height: 100%; width: 4.931855319443952%; transition: width 0.3s;"&gt;&lt;/div&gt;
                &lt;/div&gt;
                &lt;div style="font-size: 10px; color: #999; margin-top: 3px;"&gt;7d avg: 4.63 index&lt;/div&gt;
            &lt;/td&gt;
            &lt;td style="padding: 10px; text-align: right; vertical-align: top;"&gt;
                &lt;span style="color: #2196f3; font-size: 18px; font-weight: bold;"&gt;4.93&lt;/span&gt;
                &lt;span style="color: #666; font-size: 12px; display: block; margin-top: 2px;"&gt;index&lt;/span&gt;
            &lt;/td&gt;
        &lt;/tr&gt;

    &lt;/table&gt;
&lt;/div&gt;
&lt;/div&gt;]]&gt;</description>
      <Point>
        <coordinates>101.75693185,3.20534806,0</coordinates>
      </Point>
    </Placemark>
  </Document>
</kml>