  0
SECTION
  2
HEADER
  9
$ACADVER
  1
AC1024
  9
$ACADMAINTVER
 70
6
  9
$DWGCODEPAGE
  3
ANSI_1252
  9
$LASTSAVEDBY
  1
ezdxf
  9
$INSBASE
 10
0.0
 20
0.0
 30
0.0
  9
$EXTMIN
 10
1e+20
 20
1e+20
 30
1e+20
  9
$EXTMAX
 10
-1e+20
 20
-1e+20
 30
-1e+20
  9
$LIMMIN
 10
0.0
 20
0.0
  9
$LIMMAX
 10
420.0
 20
297.0
  9
$ORTHOMODE
 70
0
  9
$REGENMODE
 70
1
  9
$FILLMODE
 70
1
  9
$QTEXTMODE
 70
0
  9
$MIRRTEXT
 70
1
  9
$LTSCALE
 40
1.0
  9
$ATTMODE
 70
1
  9
$TEXTSIZE
 40
2.5
  9
$TRACEWID
 40
1.0
  9
$TEXTSTYLE
  7
Standard
  9
$CLAYER
  8
0
  9
$CELTYPE
  6
ByLayer
  9
$CECOLOR
 62
256
  9
$CELTSCALE
 40
1.0
  9
$DISPSILH
 70
0
  9
$DIMSCALE
 40
1.0
  9
$DIMASZ
 40
2.5
  9
$DIMEXO
 40
0.625
  9
$DIMDLI
 40
3.75
  9
$DIMRND
 40
0.0
  9
$DIMDLE
 40
0.0
  9
$DIMEXE
 40
1.25
  9
$DIMTP
 40
0.0
  9
$DIMTM
 40
0.0
  9
$DIMTXT
 40
2.5
  9
$DIMCEN
 40
2.5
  9
$DIMTSZ
 40
0.0
  9
$DIMTOL
 70
0
  9
$DIMLIM
 70
0
  9
$DIMTIH
 70
0
  9
$DIMTOH
 70
0
  9
$DIMSE1
 70
0
  9
$DIMSE2
 70
0
  9
$DIMTAD
 70
1
  9
$DIMZIN
 70
8
  9
$DIMBLK
  1

  9
$DIMASO
 70
1
  9
$DIMSHO
 70
1
  9
$DIMPOST
  1

  9
$DIMAPOST
  1

  9
$DIMALT
 70
0
  9
$DIMALTD
 70
3
  9
$DIMALTF
 40
0.03937007874
  9
$DIMLFAC
 40
1.0
  9
$DIMTOFL
 70
1
  9
$DIMTVP
 40
0.0
  9
$DIMTIX
 70
0
  9
$DIMSOXD
 70
0
  9
$DIMSAH
 70
0
  9
$DIMBLK1
  1

  9
$DIMBLK2
  1

  9
$DIMSTYLE
  2
ISO-25
  9
$DIMCLRD
 70
0
  9
$DIMCLRE
 70
0
  9
$DIMCLRT
 70
0
  9
$DIMTFAC
 40
1.0
  9
$DIMGAP
 40
0.625
  9
$DIMJUST
 70
0
  9
$DIMSD1
 70
0
  9
$DIMSD2
 70
0
  9
$DIMTOLJ
 70
0
  9
$DIMTZIN
 70
8
  9
$DIMALTZ
 70
0
  9
$DIMALTTZ
 70
0
  9
$DIMUPT
 70
0
  9
$DIMDEC
 70
2
  9
$DIMTDEC
 70
2
  9
$DIMALTU
 70
2
  9
$DIMALTTD
 70
3
  9
$DIMTXSTY
  7
Standard
  9
$DIMAUNIT
 70
0
  9
$DIMADEC
 70
0
  9
$DIMALTRND
 40
0.0
  9
$DIMAZIN
 70
0
  9
$DIMDSEP
 70
44
  9
$DIMATFIT
 70
3
  9
$DIMFRAC
 70
0
  9
$DIMLDRBLK
  1

  9
$DIMLUNIT
 70
2
  9
$DIMLWD
 70
-2
  9
$DIMLWE
 70
-2
  9
$DIMTMOVE
 70
0
  9
$DIMFXL
 40
1.0
  9
$DIMFXLON
 70
0
  9
$DIMJOGANG
 40
0.785398163397
  9
$DIMTFILL
 70
0
  9
$DIMTFILLCLR
 70
0
  9
$DIMARCSYM
 70
0
  9
$DIMLTYPE
  6

  9
$DIMLTEX1
  6

  9
$DIMLTEX2
  6

  9
$DIMTXTDIRECTION
 70
0
  9
$LUNITS
 70
2
  9
$LUPREC
 70
4
  9
$SKETCHINC
 40
1.0
  9
$FILLETRAD
 40
10.0
  9
$AUNITS
 70
0
  9
$AUPREC
 70
2
  9
$MENU
  1
.
  9
$ELEVATION
 40
0.0
  9
$PELEVATION
 40
0.0
  9
$THICKNESS
 40
0.0
  9
$LIMCHECK
 70
0
  9
$CHAMFERA
 40
0.0
  9
$CHAMFERB
 40
0.0
  9
$CHAMFERC
 40
0.0
  9
$CHAMFERD
 40
0.0
  9
$SKPOLY
 70
0
  9
$TDCREATE
 40
2461050.9968171297
  9
$TDUCREATE
 40
2458532.153996898
  9
$TDUPDATE
 40
2461050.9968171297
  9
$TDUUPDATE
 40
2458532.1544311
  9
$TDINDWG
 40
0.0
  9
$TDUSRTIMER
 40
0.0
  9
$USRTIMER
 70
1
  9
$ANGBASE
 50
0.0
  9
$ANGDIR
 70
0
  9
$PDMODE
 70
0
  9
$PDSIZE
 40
0.0
  9
$PLINEWID
 40
0.0
  9
$SPLFRAME
 70
0
  9
$SPLINETYPE
 70
6
  9
$SPLINESEGS
 70
8
  9
$HANDSEED
  5
596
  9
$SURFTAB1
 70
6
  9
$SURFTAB2
 70
6
  9
$SURFTYPE
 70
6
  9
$SURFU
 70
6
  9
$SURFV
 70
6
  9
$UCSBASE
  2

  9
$UCSNAME
  2

  9
$UCSORG
 10
0.0
 20
0.0
 30
0.0
  9
$UCSXDIR
 10
1.0
 20
0.0
 30
0.0
  9
$UCSYDIR
 10
0.0
 20
1.0
 30
0.0
  9
$UCSORTHOREF
  2

  9
$UCSORTHOVIEW
 70
0
  9
$UCSORGTOP
 10
0.0
 20
0.0
 30
0.0
  9
$UCSORGBOTTOM
 10
0.0
 20
0.0
 30
0.0
  9
$UCSORGLEFT
 10
0.0
 20
0.0
 30
0.0
  9
$UCSORGRIGHT
 10
0.0
 20
0.0
 30
0.0
  9
$UCSORGFRONT
 10
0.0
 20
0.0
 30
0.0
  9
$UCSORGBACK
 10
0.0
 20
0.0
 30
0.0
  9
$PUCSBASE
  2

  9
$PUCSNAME
  2

  9
$PUCSORG
 10
0.0
 20
0.0
 30
0.0
  9
$PUCSXDIR
 10
1.0
 20
0.0
 30
0.0
  9
$PUCSYDIR
 10
0.0
 20
1.0
 30
0.0
  9
$PUCSORTHOREF
  2

  9
$PUCSORTHOVIEW
 70
0
  9
$PUCSORGTOP
 10
0.0
 20
0.0
 30
0.0
  9
$PUCSORGBOTTOM
 10
0.0
 20
0.0
 30
0.0
  9
$PUCSORGLEFT
 10
0.0
 20
0.0
 30
0.0
  9
$PUCSORGRIGHT
 10
0.0
 20
0.0
 30
0.0
  9
$PUCSORGFRONT
 10
0.0
 20
0.0
 30
0.0
  9
$PUCSORGBACK
 10
0.0
 20
0.0
 30
0.0
  9
$USERI1
 70
0
  9
$USERI2
 70
0
  9
$USERI3
 70
0
  9
$USERI4
 70
0
  9
$USERI5
 70
0
  9
$USERR1
 40
0.0
  9
$USERR2
 40
0.0
  9
$USERR3
 40
0.0
  9
$USERR4
 40
0.0
  9
$USERR5
 40
0.0
  9
$WORLDVIEW
 70
1
  9
$SHADEDGE
 70
3
  9
$SHADEDIF
 70
70
  9
$TILEMODE
 70
1
  9
$MAXACTVP
 70
64
  9
$PINSBASE
 10
0.0
 20
0.0
 30
0.0
  9
$PLIMCHECK
 70
0
  9
$PEXTMIN
 10
1e+20
 20
1e+20
 30
1e+20
  9
$PEXTMAX
 10
-1e+20
 20
-1e+20
 30
-1e+20
  9
$PLIMMIN
 10
0.0
 20
0.0
  9
$PLIMMAX
 10
420.0
 20
297.0
  9
$UNITMODE
 70
0
  9
$VISRETAIN
 70
1
  9
$PLINEGEN
 70
0
  9
$PSLTSCALE
 70
1
  9
$TREEDEPTH
 70
3020
  9
$CMLSTYLE
  2
Standard
  9
$CMLJUST
 70
0
  9
$CMLSCALE
 40
20.0
  9
$PROXYGRAPHICS
 70
1
  9
$MEASUREMENT
 70
1
  9
$CELWEIGHT
370
-1
  9
$ENDCAPS
280
0
  9
$JOINSTYLE
280
0
  9
$LWDISPLAY
290
0
  9
$INSUNITS
 70
6
  9
$HYPERLINKBASE
  1

  9
$STYLESHEET
  1

  9
$XEDIT
290
1
  9
$CEPSNTYPE
380
0
  9
$PSTYLEMODE
290
1
  9
$FINGERPRINTGUID
  2
{310554B7-E512-437F-967D-4E8688781EBD}
  9
$VERSIONGUID
  2
{11321494-6018-494F-BAAE-C1937283AE7D}
  9
$EXTNAMES
290
1
  9
$PSVPSCALE
 40
0.0
  9
$OLESTARTUP
290
0
  9
$SORTENTS
280
127
  9
$INDEXCTL
280
0
  9
$HIDETEXT
280
1
  9
$XCLIPFRAME
280
1
  9
$HALOGAP
280
0
  9
$OBSCOLOR
 70
257
  9
$OBSLTYPE
280
0
  9
$INTERSECTIONDISPLAY
280
0
  9
$INTERSECTIONCOLOR
 70
257
  9
$DIMASSOC
280
2
  9
$PROJECTNAME
  1

  9
$CAMERADISPLAY
290
0
  9
$LENSLENGTH
 40
50.0
  9
$CAMERAHEIGHT
 40
0.0
  9
$STEPSPERSEC
 40
24.0
  9
$STEPSIZE
 40
100.0
  9
$3DDWFPREC
 40
2.0
  9
$PSOLWIDTH
 40
0.005
  9
$PSOLHEIGHT
 40
0.08
  9
$LOFTANG1
 40
1.570796326795
  9
$LOFTANG2
 40
1.570796326795
  9
$LOFTMAG1
 40
0.0
  9
$LOFTMAG2
 40
0.0
  9
$LOFTPARAM
 70
7
  9
$LOFTNORMALS
280
1
  9
$LATITUDE
 40
37.795
  9
$LONGITUDE
 40
-122.394
  9
$NORTHDIRECTION
 40
0.0
  9
$TIMEZONE
 70
-8000
  9
$LIGHTGLYPHDISPLAY
280
1
  9
$TILEMODELIGHTSYNCH
280
1
  9
$CMATERIAL
347
20
  9
$SOLIDHIST
280
0
  9
$SHOWHIST
280
1
  9
$DWFFRAME
280
2
  9
$DGNFRAME
280
2
  9
$REALWORLDSCALE
290
1
  9
$INTERFERECOLOR
 62
256
  9
$CSHADOW
280
0
  9
$SHADOWPLANELOCATION
 40
0.0
  0
ENDSEC
  0
SECTION
  2
CLASSES
  0
CLASS
  1
ACDBDICTIONARYWDFLT
  2
AcDbDictionaryWithDefault
  3
ObjectDBX Classes
 90
0
 91
0
280
0
281
0
  0
CLASS
  1
SUN
  2
AcDbSun
  3
SCENEOE
 90
1153
 91
0
280
0
281
0
  0
CLASS
  1
VISUALSTYLE
  2
AcDbVisualStyle
  3
ObjectDBX Classes
 90
4095
 91
0
280
0
281
0
  0
CLASS
  1
MATERIAL
  2
AcDbMaterial
  3
ObjectDBX Classes
 90
1153
 91
0
280
0
281
0
  0
CLASS
  1
SCALE
  2
AcDbScale
  3
ObjectDBX Classes
 90
1153
 91
0
280
0
281
0
  0
CLASS
  1
TABLESTYLE
  2
AcDbTableStyle
  3
ObjectDBX Classes
 90
4095
 91
0
280
0
281
0
  0
CLASS
  1
MLEADERSTYLE
  2
AcDbMLeaderStyle
  3
ACDB_MLEADERSTYLE_CLASS
 90
4095
 91
0
280
0
281
0
  0
CLASS
  1
DICTIONARYVAR
  2
AcDbDictionaryVar
  3
ObjectDBX Classes
 90
0
 91
0
280
0
281
0
  0
CLASS
  1
CELLSTYLEMAP
  2
AcDbCellStyleMap
  3
ObjectDBX Classes
 90
1152
 91
0
280
0
281
0
  0
CLASS
  1
MENTALRAYRENDERSETTINGS
  2
AcDbMentalRayRenderSettings
  3
SCENEOE
 90
1024
 91
0
280
0
281
0
  0
CLASS
  1
ACDBDETAILVIEWSTYLE
  2
AcDbDetailViewStyle
  3
ObjectDBX Classes
 90
1025
 91
0
280
0
281
0
  0
CLASS
  1
ACDBSECTIONVIEWSTYLE
  2
AcDbSectionViewStyle
  3
ObjectDBX Classes
 90
1025
 91
0
280
0
281
0
  0
CLASS
  1
RASTERVARIABLES
  2
AcDbRasterVariables
  3
ISM
 90
0
 91
0
280
0
281
0
  0
CLASS
  1
ACDBPLACEHOLDER
  2
AcDbPlaceHolder
  3
ObjectDBX Classes
 90
0
 91
0
280
0
281
0
  0
CLASS
  1
LAYOUT
  2
AcDbLayout
  3
ObjectDBX Classes
 90
0
 91
0
280
0
281
0
  0
ENDSEC
  0
SECTION
  2
TABLES
  0
TABLE
  2
VPORT
  5
8
330
0
100
AcDbSymbolTable
 70
1
  0
VPORT
  5
23
330
8
100
AcDbSymbolTableRecord
100
AcDbViewportTableRecord
  2
*Active
 70
0
 10
0.0
 20
0.0
 11
1.0
 21
1.0
 12
0.0
 22
0.0
 13
0.0
 23
0.0
 14
0.5
 24
0.5
 15
0.5
 25
0.5
 16
0.0
 26
0.0
 36
1.0
 17
0.0
 27
0.0
 37
0.0
 40
1000.0
 41
1.34
 42
50.0
 43
0.0
 44
0.0
 50
0.0
 51
0.0
 71
0
 72
1000
 73
1
 74
3
 75
0
 76
0
 77
0
 78
0
281
0
 65
0
146
0.0
  0
ENDTAB
  0
TABLE
  2
LTYPE
  5
2
330
0
100
AcDbSymbolTable
 70
3
  0
LTYPE
  5
24
330
2
100
AcDbSymbolTableRecord
100
AcDbLinetypeTableRecord
  2
ByBlock
 70
0
  3

 72
65
 73
0
 40
0.0
  0
LTYPE
  5
25
330
2
100
AcDbSymbolTableRecord
100
AcDbLinetypeTableRecord
  2
ByLayer
 70
0
  3

 72
65
 73
0
 40
0.0
  0
LTYPE
  5
26
330
2
100
AcDbSymbolTableRecord
100
AcDbLinetypeTableRecord
  2
Continuous
 70
0
  3

 72
65
 73
0
 40
0.0
  0
ENDTAB
  0
TABLE
  2
LAYER
  5
1
330
0
100
AcDbSymbolTable
 70
4
  0
LAYER
  5
27
330
1
100
AcDbSymbolTableRecord
100
AcDbLayerTableRecord
  2
0
 70
0
 62
7
  6
Continuous
370
-3
390
13
347
21
  0
LAYER
  5
28
330
1
100
AcDbSymbolTableRecord
100
AcDbLayerTableRecord
  2
Defpoints
 70
0
 62
7
  6
Continuous
290
0
370
-3
390
13
347
21
  0
LAYER
  5
2F
330
1
100
AcDbSymbolTableRecord
100
AcDbLayerTableRecord
  2
SURVEY-POINTS
 70
0
 62
3
  6
Continuous
370
-3
390
13
347
21
  0
LAYER
  5
30
330
1
100
AcDbSymbolTableRecord
100
AcDbLayerTableRecord
  2
SURVEY-LABELS
 70
0
 62
2
  6
Continuous
370
-3
390
13
347
21
  0
ENDTAB
  0
TABLE
  2
STYLE
  5
5
330
0
100
AcDbSymbolTable
 70
1
  0
STYLE
  5
29
330
5
100
AcDbSymbolTableRecord
100
AcDbTextStyleTableRecord
  2
Standard
 70
0
 40
0.0
 41
1.0
 50
0.0
 71
0
 42
2.5
  3
txt
  4

  0
ENDTAB
  0
TABLE
  2
VIEW
  5
7
330
0
100
AcDbSymbolTable
 70
0
  0
ENDTAB
  0
TABLE
  2
UCS
  5
6
330
0
100
AcDbSymbolTable
 70
0
  0
ENDTAB
  0
TABLE
  2
APPID
  5
3
330
0
100
AcDbSymbolTable
 70
3
  0
APPID
  5
2A
330
3
100
AcDbSymbolTableRecord
100
AcDbRegAppTableRecord
  2
ACAD
 70
0
  0
APPID
  5
593
330
3
100
AcDbSymbolTableRecord
100
AcDbRegAppTableRecord
  2
HATCHBACKGROUNDCOLOR
 70
0
  0
APPID
  5
594
330
3
100
AcDbSymbolTableRecord
100
AcDbRegAppTableRecord
  2
EZDXF
 70
0
  0
ENDTAB
  0
TABLE
  2
DIMSTYLE
  5
4
330
0
100
AcDbSymbolTable
 70
1
100
AcDbDimStyleTable
  0
DIMSTYLE
105
2B
330
4
100
AcDbSymbolTableRecord
100
AcDbDimStyleTableRecord
  2
Standard
 70
0
 40
1.0
 41
2.5
 42
0.625
 43
3.75
 44
1.25
 45
0.0
 46
0.0
 47
0.0
 48
0.0
 49
2.5
140
2.5
141
2.5
142
0.0
143
0.03937007874
144
1.0
145
0.0
146
1.0
147
0.625
148
0.0
 69
0
 70
0
 71
0
 72
0
 73
0
 74
0
 75
0
 76
0
 77
1
 78
8
 79
3
170
0
171
3
172
1
173
0
174
0
175
0
176
0
177
0
178
0
179
2
271
2
272
2
273
2
274
3
275
0
276
0
277
2
278
44
279
0
280
0
281
0
282
0
283
0
284
8
285
0
286
0
288
0
289
3
290
0
371
-2
372
-2
  0
ENDTAB
  0
TABLE
  2
BLOCK_RECORD
  5
9
330
0
100
AcDbSymbolTable
 70
2
  0
BLOCK_RECORD
  5
17
330
9
100
AcDbSymbolTableRecord
100
AcDbBlockTableRecord
  2
*Model_Space
340
1A
 70
0
280
1
281
0
  0
BLOCK_RECORD
  5
1B
330
9
100
AcDbSymbolTableRecord
100
AcDbBlockTableRecord
  2
*Paper_Space
340
1E
 70
0
280
1
281
0
  0
ENDTAB
  0
ENDSEC
  0
SECTION
  2
BLOCKS
  0
BLOCK
  5
18
330
17
100
AcDbEntity
  8
0
100
AcDbBlockBegin
  2
*Model_Space
 70
0
 10
0.0
 20
0.0
 30
0.0
  3
*Model_Space
  1

  0
ENDBLK
  5
19
330
17
100
AcDbEntity
  8
0
100
AcDbBlockEnd
  0
BLOCK
  5
1C
330
1B
100
AcDbEntity
  8
0
100
AcDbBlockBegin
  2
*Paper_Space
 70
0
 10
0.0
 20
0.0
 30
0.0
  3
*Paper_Space
  1

  0
ENDBLK
  5
1D
330
1B
100
AcDbEntity
  8
0
100
AcDbBlockEnd
  0
ENDSEC
  0
SECTION
  2
ENTITIES
  0
POINT
  5
31
330
17
100
AcDbEntity
  8
SURVEY-POINTS
100
AcDbPoint
 10
284.805908203125
 20
277.4457092285156
 30
46.04800033569336
  0
TEXT
  5
32
330
17
100
AcDbEntity
  8
SURVEY-LABELS
100
AcDbText
 10
284.805908203125
 20
277.4457092285156
 30
46.24800033569336
 40
1.2
  1
46.048
 11
284.805908203125
 21
277.4457092285156
 31
46.24800033569336
100
AcDbText
  0
POINT
  5
33
330
17
100
AcDbEntity
  8
SURVEY-POINTS
100
AcDbPoint
 10
260.0603942871094
 20
275.2249450683594
 30
45.20800018310547
  0
TEXT
  5
34
330
17
100
AcDbEntity
  8
SURVEY-LABELS
100
AcDbText
 10
260.0603942871094
 20
275.2249450683594
 30
45.40800018310547
 40
1.2
  1
45.208
 11
260.0603942871094
 21
275.2249450683594
 31
45.40800018310547
100
AcDbText
  0
POINT
  5
35
330
17
100
AcDbEntity
  8
SURVEY-POINTS
100
AcDbPoint
 10
252.0445556640625
 20
274.10400390625
 30
45.185001373291016
  0
TEXT
  5
36
330
17
100
AcDbEntity
  8
SURVEY-LABELS
100
AcDbText
 10
252.0445556640625
 20
274.10400390625
 30
45.38500137329102
 40
1.2
  1
45.185
 11
252.0445556640625
 21
274.10400390625
 31
45.38500137329102
100
AcDbText
  0
POINT
  5
37
330
17
100
AcDbEntity
  8
SURVEY-POINTS
100
AcDbPoint
 10
248.77476501464844
 20
273.1226501464844
 30
45.16400146484375
  0
TEXT
  5
38
330
17
100
AcDbEntity
  8
SURVEY-LABELS
100
AcDbText
 10
248.77476501464844
 20
273.1226501464844
 30
45.36400146484375
 40
1.2
  1
45.164
 11
248.77476501464844
 21
273.1226501464844
 31
45.36400146484375
100
AcDbText
  0
POINT
  5
39
330
17
100
AcDbEntity
  8
SURVEY-POINTS
100
AcDbPoint
 10
259.9757995605469
 20
272.9619140625
 30
45.24100112915039
  0
TEXT
  5
3A
330
17
100
AcDbEntity
  8
SURVEY-LABELS
100
AcDbText
 10
259.9757995605469
 20
272.9619140625
 30
45.44100112915039
 40
1.2
  1
45.241
 11
259.9757995605469
 21
272.9619140625
 31
45.44100112915039
100
AcDbText
  0
POINT
  5
3B
330
17
100
AcDbEntity
  8
SURVEY-POINTS
100
AcDbPoint
 10
275.0980529785156
 20
272.9619140625
 30
45.64099884033203
  0
TEXT
  5
3C
330
17
100
AcDbEntity
  8
SURVEY-LABELS
100
AcDbText
 10
275.0980529785156
 20
272.9619140625
 30
45.840998840332034
 40
1.2
  1
45.641
 11
275.0980529785156
 21
272.9619140625
 31
45.840998840332034
100
AcDbText
  0
POINT
  5
3D
330
17
100
AcDbEntity
  8
SURVEY-POINTS
100
AcDbPoint
 10
271.989013671875
 20
265.22100830078125
 30
45.54100036621094
  0
TEXT
  5
3E
330
17
100
AcDbEntity
  8
SURVEY-LABELS
100
AcDbText
 10
271.989013671875
 20
265.22100830078125
 30
45.74100036621094
 40
1.2
  1
45.541
 11
271.989013671875
 21
265.22100830078125
 31
45.74100036621094
100
AcDbText
  0
POINT
  5
3F
330
17
100
AcDbEntity
  8
SURVEY-POINTS
100
AcDbPoint
 10
48.91994857788086
 20
264.544189453125
 30
44.09600067138672
  0
TEXT
  5
40
330
17
100
AcDbEntity
  8
SURVEY-LABELS
100
AcDbText
 10
48.91994857788086
 20
264.544189453125
 30
44.29600067138672
 40
1.2
  1
44.096
 11
48.91994857788086
 21
264.544189453125
 31
44.29600067138672
100
AcDbText
  0
POINT
  5
41
330
17
100
AcDbEntity
  8
SURVEY-POINTS
100
AcDbPoint
 10
48.79304885864258
 20
262.30230712890625
 30
44.53200149536133
  0
TEXT
  5
42
330
17
100
AcDbEntity
  8
SURVEY-LABELS
100
AcDbText
 10
48.79304885864258
 20
262.30230712890625
 30
44.73200149536133
 40
1.2
  1
44.532
 11
48.79304885864258
 21
262.30230712890625
 31
44.73200149536133
100
AcDbText
  0
POINT
  5
43
330
17
100
AcDbEntity
  8
SURVEY-POINTS
100
AcDbPoint
 10
150.43995666503906
 20
261.8793029785156
 30
45.46099853515625
  0
TEXT
  5
44
330
17
100
AcDbEntity
  8
SURVEY-LABELS
100
AcDbText
 10
150.43995666503906
 20
261.8793029785156
 30
45.66099853515625
 40
1.2
  1
45.461
 11
150.43995666503906
 21
261.8793029785156
 31
45.66099853515625
100
AcDbText
  0
POINT
  5
45
330
17
100
AcDbEntity
  8
SURVEY-POINTS
100
AcDbPoint
 10
258.1145935058594
 20
261.0755920410156
 30
45.32899856567383
  0
TEXT
  5
46
330
17
100
AcDbEntity
  8
SURVEY-LABELS
100
AcDbText
 10
258.1145935058594
 20
261.0755920410156
 30
45.52899856567383
 40
1.2
  1
45.329
 11
258.1145935058594
 21
261.0755920410156
 31
45.52899856567383
100
AcDbText
  0
POINT
  5
47
330
17
100
AcDbEntity
  8
SURVEY-POINTS
100
AcDbPoint
 10
264.90374755859375
 20
260.7372131347656
 30
45.25400161743164
  0
TEXT
  5
48
330
17
100
AcDbEntity
  8
SURVEY-LABELS
100
AcDbText
 10
264.90374755859375
 20
260.7372131347656
 30
45.45400161743164
 40
1.2
  1
45.254
 11
264.90374755859375
 21
260.7372131347656
 31
45.45400161743164
100
AcDbText
  0
POINT
  5
49
330
17
100
AcDbEntity
  8
SURVEY-POINTS
100
AcDbPoint
 10
36.652950286865234
 20
260.69488525390625
 30
44.31700134277344
  0
TEXT
  5
4A
330
17
100
AcDbEntity
  8
SURVEY-LABELS
100
AcDbText
 10
36.652950286865234
 20
260.69488525390625
 30
44.51700134277344
 40
1.2
  1
44.317
 11
36.652950286865234
 21
260.69488525390625
 31
44.51700134277344
100
AcDbText
  0
POINT
  5
4B
330
17
100
AcDbEntity
  8
SURVEY-POINTS
100
AcDbPoint
 10
42.32115173339844
 20
260.69488525390625
 30
44.14899826049805
  0
TEXT
  5
4C
330
17
100
AcDbEntity
  8
SURVEY-LABELS
100
AcDbText
 10
42.32115173339844
 20
260.69488525390625
 30
44.34899826049805
 40
1.2
  1
44.149
 11
42.32115173339844
 21
260.69488525390625
 31
44.34899826049805
100
AcDbText
  0
POINT
  5
4D
330
17
100
AcDbEntity
  8
SURVEY-POINTS
100
AcDbPoint
 10
255.229736328125
 20
259.6289367675781
 30
45.323001861572266
  0
TEXT
  5
4E
330
17
100
AcDbEntity
  8
SURVEY-LABELS
100
AcDbText
 10
255.229736328125
 20
259.6289367675781
 30
45.52300186157227
 40
1.2
  1
45.323
 11
255.229736328125
 21
259.6289367675781
 31
45.52300186157227
100
AcDbText
  0
POINT
  5
4F
330
17
100
AcDbEntity
  8
SURVEY-POINTS
100
AcDbPoint
 10
150.52455139160156
 20
259.55279541015625
 30
45.428001403808594
  0
TEXT
  5
50
330
17
100
AcDbEntity
  8
SURVEY-LABELS
100
AcDbText
 10
150.52455139160156
 20
259.55279541015625
 30
45.6280014038086
 40
1.2
  1
45.428
 11
150.52455139160156
 21
259.55279541015625
 31
45.6280014038086
100
AcDbText
  0
POINT
  5
51
330
17
100
AcDbEntity
  8
SURVEY-POINTS
100
AcDbPoint
 10
45.578250885009766
 20
259.5443420410156
 30
44.29399871826172
  0
TEXT
  5
52
330
17
100
AcDbEntity
  8
SURVEY-LABELS
100
AcDbText
 10
45.578250885009766
 20
259.5443420410156
 30
44.49399871826172
 40
1.2
  1
44.294
 11
45.578250885009766
 21
259.5443420410156
 31
44.49399871826172
100
AcDbText
  0
POINT
  5
53
330
17
100
AcDbEntity
  8
SURVEY-POINTS
100
AcDbPoint
 10
249.37965393066406
 20
258.57989501953125
 30
45.297000885009766
  0
TEXT
  5
54
330
17
100
AcDbEntity
  8
SURVEY-LABELS
100
AcDbText
 10
249.37965393066406
 20
258.57989501953125
 30
45.49700088500977
 40
1.2
  1
45.297
 11
249.37965393066406
 21
258.57989501953125
 31
45.49700088500977
100
AcDbText
  0
POINT
  5
55
330
17
100
AcDbEntity
  8
SURVEY-POINTS
100
AcDbPoint
 10
150.31304931640625
 20
257.8185119628906
 30
45.43899917602539
  0
TEXT
  5
56
330
17
100
AcDbEntity
  8
SURVEY-LABELS
100
AcDbText
 10
150.31304931640625
 20
257.8185119628906
 30
45.63899917602539
 40
1.2
  1
45.439
 11
150.31304931640625
 21
257.8185119628906
 31
45.63899917602539
100
AcDbText
  0
POINT
  5
57
330
17
100
AcDbEntity
  8
SURVEY-POINTS
100
AcDbPoint
 10
152.0050506591797
 20
257.8185119628906
 30
45.52299880981445
  0
TEXT
  5
58
330
17
100
AcDbEntity
  8
SURVEY-LABELS
100
AcDbText
 10
152.0050506591797
 20
257.8185119628906
 30
45.722998809814456
 40
1.2
  1
45.523
 11
152.0050506591797
 21
257.8185119628906
 31
45.722998809814456
100
AcDbText
  0
POINT
  5
59
330
17
100
AcDbEntity
  8
SURVEY-POINTS
100
AcDbPoint
 10
249.4219512939453
 20
257.3743591308594
 30
44.86000061035156
  0
TEXT
  5
5A
330
17
100
AcDbEntity
  8
SURVEY-LABELS
100
AcDbText
 10
249.4219512939453
 20
257.3743591308594
 30
45.060000610351565
 40
1.2
  1
44.860
 11
249.4219512939453
 21
257.3743591308594
 31
45.060000610351565
100
AcDbText
  0
POINT
  5
5B
330
17
100
AcDbEntity
  8
SURVEY-POINTS
100
AcDbPoint
 10
278.0590515136719
 20
257.3743591308594
 30
45.775001525878906
  0
TEXT
  5
5C
330
17
100
AcDbEntity
  8
SURVEY-LABELS
100
AcDbText
 10
278.0590515136719
 20
257.3743591308594
 30
45.97500152587891
 40
1.2
  1
45.775
 11
278.0590515136719
 21
257.3743591308594
 31
45.97500152587891
100
AcDbText
  0
POINT
  5
5D
330
17
100
AcDbEntity
  8
SURVEY-POINTS
100
AcDbPoint
 10
153.90855407714844
 20
256.591796875
 30
45.5890007019043
  0
TEXT
  5
5E
330
17
100
AcDbEntity
  8
SURVEY-LABELS
100
AcDbText
 10
153.90855407714844
 20
256.591796875
 30
45.7890007019043
 40
1.2
  1
45.589
 11
153.90855407714844
 21
256.591796875
 31
45.7890007019043
100
AcDbText
  0
POINT
  5
5F
330
17
100
AcDbEntity
  8
SURVEY-POINTS
100
AcDbPoint
 10
249.37965393066406
 20
256.2533874511719
 30
45.29800033569336
  0
TEXT
  5
60
330
17
100
AcDbEntity
  8
SURVEY-LABELS
100
AcDbText
 10
249.37965393066406
 20
256.2533874511719
 30
45.49800033569336
 40
1.2
  1
45.298
 11
249.37965393066406
 21
256.2533874511719
 31
45.49800033569336
100
AcDbText
  0
POINT
  5
61
330
17
100
AcDbEntity
  8
SURVEY-POINTS
100
AcDbPoint
 10
262.70416259765625
 20
251.41004943847656
 30
45.50699996948242
  0
TEXT
  5
62
330
17
100
AcDbEntity
  8
SURVEY-LABELS
100
AcDbText
 10
262.70416259765625
 20
251.41004943847656
 30
45.706999969482425
 40
1.2
  1
45.507
 11
262.70416259765625
 21
251.41004943847656
 31
45.706999969482425
100
AcDbText
  0
POINT
  5
63
330
17
100
AcDbEntity
  8
SURVEY-POINTS
100
AcDbPoint
 10
260.1026916503906
 20
249.31619262695312
 30
45.60100173950195
  0
TEXT
  5
64
330
17
100
AcDbEntity
  8
SURVEY-LABELS
100
AcDbText
 10
260.1026916503906
 20
249.31619262695312
 30
45.801001739501956
 40
1.2
  1
45.601
 11
260.1026916503906
 21
249.31619262695312
 31
45.801001739501956
100
AcDbText
  0
POINT
  5
65
330
17
100
AcDbEntity
  8
SURVEY-POINTS
100
AcDbPoint
 10
283.8541564941406
 20
247.24349975585938
 30
45.722999572753906
  0
TEXT
  5
66
330
17
100
AcDbEntity
  8
SURVEY-LABELS
100
AcDbText
 10
283.8541564941406
 20
247.24349975585938
 30
45.92299957275391
 40
1.2
  1
45.723
 11
283.8541564941406
 21
247.24349975585938
 31
45.92299957275391
100
AcDbText
  0
POINT
  5
67
330
17
100
AcDbEntity
  8
SURVEY-POINTS
100
AcDbPoint
 10
274.0405578613281
 20
247.03199768066406
 30
45.21500015258789
  0
TEXT
  5
68
330
17
100
AcDbEntity
  8
SURVEY-LABELS
100
AcDbText
 10
274.0405578613281
 20
247.03199768066406
 30
45.41500015258789
 40
1.2
  1
45.215
 11
274.0405578613281
 21
247.03199768066406
 31
45.41500015258789
100
AcDbText
  0
POINT
  5
69
330
17
100
AcDbEntity
  8
SURVEY-POINTS
100
AcDbPoint
 10
44.901451110839844
 20
246.86279296875
 30
44.040000915527344
  0
TEXT
  5
6A
330
17
100
AcDbEntity
  8
SURVEY-LABELS
100
AcDbText
 10
44.901451110839844
 20
246.86279296875
 30
44.24000091552735
 40
1.2
  1
44.040
 11
44.901451110839844
 21
246.86279296875
 31
44.24000091552735
100
AcDbText
  0
POINT
  5
6B
330
17
100
AcDbEntity
  8
SURVEY-POINTS
100
AcDbPoint
 10
273.9982604980469
 20
244.747802734375
 30
45.27899932861328
  0
TEXT
  5
6C
330
17
100
AcDbEntity
  8
SURVEY-LABELS
100
AcDbText
 10
273.9982604980469
 20
244.747802734375
 30
45.478999328613284
 40
1.2
  1
45.279
 11
273.9982604980469
 21
244.747802734375
 31
45.478999328613284
100
AcDbText
  0
POINT
  5
6D
330
17
100
AcDbEntity
  8
SURVEY-POINTS
100
AcDbPoint
 10
44.77455139160156
 20
244.70550537109375
 30
44.54100036621094
  0
TEXT
  5
6E
330
17
100
AcDbEntity
  8
SURVEY-LABELS
100
AcDbText
 10
44.77455139160156
 20
244.70550537109375
 30
44.74100036621094
 40
1.2
  1
44.541
 11
44.77455139160156
 21
244.70550537109375
 31
44.74100036621094
100
AcDbText
  0
POINT
  5
6F
330
17
100
AcDbEntity
  8
SURVEY-POINTS
100
AcDbPoint
 10
36.327239990234375
 20
244.5363006591797
 30
44.10300064086914
  0
TEXT
  5
70
330
17
100
AcDbEntity
  8
SURVEY-LABELS
100
AcDbText
 10
36.327239990234375
 20
244.5363006591797
 30
44.30300064086914
 40
1.2
  1
44.103
 11
36.327239990234375
 21
244.5363006591797
 31
44.30300064086914
100
AcDbText
  0
POINT
  5
71
330
17
100
AcDbEntity
  8
SURVEY-POINTS
100
AcDbPoint
 10
148.54913330078125
 20
243.92294311523438
 30
45.297000885009766
  0
TEXT
  5
72
330
17
100
AcDbEntity
  8
SURVEY-LABELS
100
AcDbText
 10
148.54913330078125
 20
243.92294311523438
 30
45.49700088500977
 40
1.2
  1
45.297
 11
148.54913330078125
 21
243.92294311523438
 31
45.49700088500977
100
AcDbText
  0
POINT
  5
73
330
17
100
AcDbEntity
  8
SURVEY-POINTS
100
AcDbPoint
 10
42.532649993896484
 20
243.52110290527344
 30
44.10599899291992
  0
TEXT
  5
74
330
17
100
AcDbEntity
  8
SURVEY-LABELS
100
AcDbText
 10
42.532649993896484
 20
243.52110290527344
 30
44.305998992919925
 40
1.2
  1
44.106
 11
42.532649993896484
 21
243.52110290527344
 31
44.305998992919925
100
AcDbText
  0
POINT
  5
75
330
17
100
AcDbEntity
  8
SURVEY-POINTS
100
AcDbPoint
 10
147.8385009765625
 20
242.802001953125
 30
45.479000091552734
  0
TEXT
  5
76
330
17
100
AcDbEntity
  8
SURVEY-LABELS
100
AcDbText
 10
147.8385009765625
 20
242.802001953125
 30
45.67900009155274
 40
1.2
  1
45.479
 11
147.8385009765625
 21
242.802001953125
 31
45.67900009155274
100
AcDbText
  0
POINT
  5
77
330
17
100
AcDbEntity
  8
SURVEY-POINTS
100
AcDbPoint
 10
153.63360595703125
 20
242.7174072265625
 30
45.53799819946289
  0
TEXT
  5
78
330
17
100
AcDbEntity
  8
SURVEY-LABELS
100
AcDbText
 10
153.63360595703125
 20
242.7174072265625
 30
45.73799819946289
 40
1.2
  1
45.538
 11
153.63360595703125
 21
242.7174072265625
 31
45.73799819946289
100
AcDbText
  0
POINT
  5
79
330
17
100
AcDbEntity
  8
SURVEY-POINTS
100
AcDbPoint
 10
50.01974868774414
 20
242.16749572753906
 30
44.55699920654297
  0
TEXT
  5
7A
330
17
100
AcDbEntity
  8
SURVEY-LABELS
100
AcDbText
 10
50.01974868774414
 20
242.16749572753906
 30
44.75699920654297
 40
1.2
  1
44.557
 11
50.01974868774414
 21
242.16749572753906
 31
44.75699920654297
100
AcDbText
  0
POINT
  5
7B
330
17
100
AcDbEntity
  8
SURVEY-POINTS
100
AcDbPoint
 10
267.3148498535156
 20
242.1251983642578
 30
45.76100158691406
  0
TEXT
  5
7C
330
17
100
AcDbEntity
  8
SURVEY-LABELS
100
AcDbText
 10
267.3148498535156
 20
242.1251983642578
 30
45.961001586914065
 40
1.2
  1
45.761
 11
267.3148498535156
 21
242.1251983642578
 31
45.961001586914065
100
AcDbText
  0
POINT
  5
7D
330
17
100
AcDbEntity
  8
SURVEY-POINTS
100
AcDbPoint
 10
263.7320251464844
 20
240.98309326171875
 30
45.70000076293945
  0
TEXT
  5
7E
330
17
100
AcDbEntity
  8
SURVEY-LABELS
100
AcDbText
 10
263.7320251464844
 20
240.98309326171875
 30
45.900000762939456
 40
1.2
  1
45.700
 11
263.7320251464844
 21
240.98309326171875
 31
45.900000762939456
100
AcDbText
  0
POINT
  5
7F
330
17
100
AcDbEntity
  8
SURVEY-POINTS
100
AcDbPoint
 10
257.3743591308594
 20
240.51780700683594
 30
45.540000915527344
  0
TEXT
  5
80
330
17
100
AcDbEntity
  8
SURVEY-LABELS
100
AcDbText
 10
257.3743591308594
 20
240.51780700683594
 30
45.74000091552735
 40
1.2
  1
45.540
 11
257.3743591308594
 21
240.51780700683594
 31
45.74000091552735
100
AcDbText
  0
POINT
  5
81
330
17
100
AcDbEntity
  8
SURVEY-POINTS
100
AcDbPoint
 10
98.66474914550781
 20
240.39089965820312
 30
44.96900177001953
  0
TEXT
  5
82
330
17
100
AcDbEntity
  8
SURVEY-LABELS
100
AcDbText
 10
98.66474914550781
 20
240.39089965820312
 30
45.169001770019534
 40
1.2
  1
44.969
 11
98.66474914550781
 21
240.39089965820312
 31
45.169001770019534
100
AcDbText
  0
POINT
  5
83
330
17
100
AcDbEntity
  8
SURVEY-POINTS
100
AcDbPoint
 10
156.44654846191406
 20
240.39089965820312
 30
45.340999603271484
  0
TEXT
  5
84
330
17
100
AcDbEntity
  8
SURVEY-LABELS
100
AcDbText
 10
156.44654846191406
 20
240.39089965820312
 30
45.54099960327149
 40
1.2
  1
45.341
 11
156.44654846191406
 21
240.39089965820312
 31
45.54099960327149
100
AcDbText
  0
POINT
  5
85
330
17
100
AcDbEntity
  8
SURVEY-POINTS
100
AcDbPoint
 10
105.7838363647461
 20
240.34860229492188
 30
45.18199920654297
  0
TEXT
  5
86
330
17
100
AcDbEntity
  8
SURVEY-LABELS
100
AcDbText
 10
105.7838363647461
 20
240.34860229492188
 30
45.38199920654297
 40
1.2
  1
45.182
 11
105.7838363647461
 21
240.34860229492188
 31
45.38199920654297
100
AcDbText
  0
POINT
  5
87
330
17
100
AcDbEntity
  8
SURVEY-POINTS
100
AcDbPoint
 10
262.15423583984375
 20
240.23016357421875
 30
45.582000732421875
  0
TEXT
  5
88
330
17
100
AcDbEntity
  8
SURVEY-LABELS
100
AcDbText
 10
262.15423583984375
 20
240.23016357421875
 30
45.78200073242188
 40
1.2
  1
45.582
 11
262.15423583984375
 21
240.23016357421875
 31
45.78200073242188
100
AcDbText
  0
POINT
  5
89
330
17
100
AcDbEntity
  8
SURVEY-POINTS
100
AcDbPoint
 10
45.53594970703125
 20
240.1793975830078
 30
44.43000030517578
  0
TEXT
  5
8A
330
17
100
AcDbEntity
  8
SURVEY-LABELS
100
AcDbText
 10
45.53594970703125
 20
240.1793975830078
 30
44.630000305175784
 40
1.2
  1
44.430
 11
45.53594970703125
 21
240.1793975830078
 31
44.630000305175784
100
AcDbText
  0
POINT
  5
8B
330
17
100
AcDbEntity
  8
SURVEY-POINTS
100
AcDbPoint
 10
50.10435104370117
 20
239.9678955078125
 30
44.608001708984375
  0
TEXT
  5
8C
330
17
100
AcDbEntity
  8
SURVEY-LABELS
100
AcDbText
 10
50.10435104370117
 20
239.9678955078125
 30
44.80800170898438
 40
1.2
  1
44.608
 11
50.10435104370117
 21
239.9678955078125
 31
44.80800170898438
100
AcDbText
  0
POINT
  5
8D
330
17
100
AcDbEntity
  8
SURVEY-POINTS
100
AcDbPoint
 10
124.65809631347656
 20
239.65065002441406
 30
45.301998138427734
  0
TEXT
  5
8E
330
17
100
AcDbEntity
  8
SURVEY-LABELS
100
AcDbText
 10
124.65809631347656
 20
239.65065002441406
 30
45.50199813842774
 40
1.2
  1
45.302
 11
124.65809631347656
 21
239.65065002441406
 31
45.50199813842774
100
AcDbText
  0
POINT
  5
8F
330
17
100
AcDbEntity
  8
SURVEY-POINTS
100
AcDbPoint
 10
144.0738067626953
 20
239.37570190429688
 30
45.301998138427734
  0
TEXT
  5
90
330
17
100
AcDbEntity
  8
SURVEY-LABELS
100
AcDbText
 10
144.0738067626953
 20
239.37570190429688
 30
45.50199813842774
 40
1.2
  1
45.302
 11
144.0738067626953
 21
239.37570190429688
 31
45.50199813842774
100
AcDbText
  0
POINT
  5
91
330
17
100
AcDbEntity
  8
SURVEY-POINTS
100
AcDbPoint
 10
182.30453491210938
 20
238.88925170898438
 30
45.46799850463867
  0
TEXT
  5
92
330
17
100
AcDbEntity
  8
SURVEY-LABELS
100
AcDbText
 10
182.30453491210938
 20
238.88925170898438
 30
45.667998504638675
 40
1.2
  1
45.468
 11
182.30453491210938
 21
238.88925170898438
 31
45.667998504638675
100
AcDbText
  0
POINT
  5
93
330
17
100
AcDbEntity
  8
SURVEY-POINTS
100
AcDbPoint
 10
206.9104461669922
 20
238.4112548828125
 30
45.279998779296875
  0
TEXT
  5
94
330
17
100
AcDbEntity
  8
SURVEY-LABELS
100
AcDbText
 10
206.9104461669922
 20
238.4112548828125
 30
45.47999877929688
 40
1.2
  1
45.280
 11
206.9104461669922
 21
238.4112548828125
 31
45.47999877929688
100
AcDbText
  0
POINT
  5
95
330
17
100
AcDbEntity
  8
SURVEY-POINTS
100
AcDbPoint
 10
156.44654846191406
 20
238.10670471191406
 30
45.3489990234375
  0
TEXT
  5
96
330
17
100
AcDbEntity
  8
SURVEY-LABELS
100
AcDbText
 10
156.44654846191406
 20
238.10670471191406
 30
45.5489990234375
 40
1.2
  1
45.349
 11
156.44654846191406
 21
238.10670471191406
 31
45.5489990234375
100
AcDbText
  0
POINT
  5
97
330
17
100
AcDbEntity
  8
SURVEY-POINTS
100
AcDbPoint
 10
98.66474914550781
 20
238.0220947265625
 30
44.94599914550781
  0
TEXT
  5
98
330
17
100
AcDbEntity
  8
SURVEY-LABELS
100
AcDbText
 10
98.66474914550781
 20
238.0220947265625
 30
45.145999145507815
 40
1.2
  1
44.946
 11
98.66474914550781
 21
238.0220947265625
 31
45.145999145507815
100
AcDbText
  0
POINT
  5
99
330
17
100
AcDbEntity
  8
SURVEY-POINTS
100
AcDbPoint
 10
105.85575103759766
 20
238.0220947265625
 30
45.13999938964844
  0
TEXT
  5
9A
330
17
100
AcDbEntity
  8
SURVEY-LABELS
100
AcDbText
 10
105.85575103759766
 20
238.0220947265625
 30
45.33999938964844
 40
1.2
  1
45.140
 11
105.85575103759766
 21
238.0220947265625
 31
45.33999938964844
100
AcDbText
  0
POINT
  5
9B
330
17
100
AcDbEntity
  8
SURVEY-POINTS
100
AcDbPoint
 10
239.29110717773438
 20
237.8529052734375
 30
45.64400100708008
  0
TEXT
  5
9C
330
17
100
AcDbEntity
  8
SURVEY-LABELS
100
AcDbText
 10
239.29110717773438
 20
237.8529052734375
 30
45.84400100708008
 40
1.2
  1
45.644
 11
239.29110717773438
 21
237.8529052734375
 31
45.84400100708008
100
AcDbText
  0
POINT
  5
9D
330
17
100
AcDbEntity
  8
SURVEY-POINTS
100
AcDbPoint
 10
53.319149017333984
 20
237.68370056152344
 30
44.80799865722656
  0
TEXT
  5
9E
330
17
100
AcDbEntity
  8
SURVEY-LABELS
100
AcDbText
 10
53.319149017333984
 20
237.68370056152344
 30
45.007998657226565
 40
1.2
  1
44.808
 11
53.319149017333984
 21
237.68370056152344
 31
45.007998657226565
100
AcDbText
  0
POINT
  5
9F
330
17
100
AcDbEntity
  8
SURVEY-POINTS
100
AcDbPoint
 10
57.52799987792969
 20
237.6414031982422
 30
44.78900146484375
  0
TEXT
  5
A0
330
17
100
AcDbEntity
  8
SURVEY-LABELS
100
AcDbText
 10
57.52799987792969
 20
237.6414031982422
 30
44.98900146484375
 40
1.2
  1
44.789
 11
57.52799987792969
 21
237.6414031982422
 31
44.98900146484375
100
AcDbText
  0
POINT
  5
A1
330
17
100
AcDbEntity
  8
SURVEY-POINTS
100
AcDbPoint
 10
124.57350158691406
 20
237.42990112304688
 30
45.233001708984375
  0
TEXT
  5
A2
330
17
100
AcDbEntity
  8
SURVEY-LABELS
100
AcDbText
 10
124.57350158691406
 20
237.42990112304688
 30
45.43300170898438
 40
1.2
  1
45.233
 11
124.57350158691406
 21
237.42990112304688
 31
45.43300170898438
100
AcDbText
  0
POINT
  5
A3
330
17
100
AcDbEntity
  8
SURVEY-POINTS
100
AcDbPoint
 10
64.82475280761719
 20
237.34530639648438
 30
44.82600021362305
  0
TEXT
  5
A4
330
17
100
AcDbEntity
  8
SURVEY-LABELS
100
AcDbText
 10
64.82475280761719
 20
237.34530639648438
 30
45.02600021362305
 40
1.2
  1
44.826
 11
64.82475280761719
 21
237.34530639648438
 31
45.02600021362305
100
AcDbText
  0
POINT
  5
A5
330
17
100
AcDbEntity
  8
SURVEY-POINTS
100
AcDbPoint
 10
69.68924713134766
 20
237.2606964111328
 30
44.75600051879883
  0
TEXT
  5
A6
330
17
100
AcDbEntity
  8
SURVEY-LABELS
100
AcDbText
 10
69.68924713134766
 20
237.2606964111328
 30
44.95600051879883
 40
1.2
  1
44.756
 11
69.68924713134766
 21
237.2606964111328
 31
44.95600051879883
100
AcDbText
  0
POINT
  5
A7
330
17
100
AcDbEntity
  8
SURVEY-POINTS
100
AcDbPoint
 10
144.11610412597656
 20
237.00689697265625
 30
45.30699920654297
  0
TEXT
  5
A8
330
17
100
AcDbEntity
  8
SURVEY-LABELS
100
AcDbText
 10
144.11610412597656
 20
237.00689697265625
 30
45.50699920654297
 40
1.2
  1
45.307
 11
144.11610412597656
 21
237.00689697265625
 31
45.50699920654297
100
AcDbText
  0
POINT
  5
A9
330
17
100
AcDbEntity
  8
SURVEY-POINTS
100
AcDbPoint
 10
250.183349609375
 20
236.92230224609375
 30
45.48899841308594
  0
TEXT
  5
AA
330
17
100
AcDbEntity
  8
SURVEY-LABELS
100
AcDbText
 10
250.183349609375
 20
236.92230224609375
 30
45.68899841308594
 40
1.2
  1
45.489
 11
250.183349609375
 21
236.92230224609375
 31
45.68899841308594
100
AcDbText
  0
POINT
  5
AB
330
17
100
AcDbEntity
  8
SURVEY-POINTS
100
AcDbPoint
 10
254.9632568359375
 20
236.92230224609375
 30
45.54100036621094
  0
TEXT
  5
AC
330
17
100
AcDbEntity
  8
SURVEY-LABELS
100
AcDbText
 10
254.9632568359375
 20
236.92230224609375
 30
45.74100036621094
 40
1.2
  1
45.541
 11
254.9632568359375
 21
236.92230224609375
 31
45.74100036621094
100
AcDbText
  0
POINT
  5
AD
330
17
100
AcDbEntity
  8
SURVEY-POINTS
100
AcDbPoint
 10
260.3353576660156
 20
236.92230224609375
 30
45.486000061035156
  0
TEXT
  5
AE
330
17
100
AcDbEntity
  8
SURVEY-LABELS
100
AcDbText
 10
260.3353576660156
 20
236.92230224609375
 30
45.68600006103516
 40
1.2
  1
45.486
 11
260.3353576660156
 21
236.92230224609375
 31
45.68600006103516
100
AcDbText
  0
POINT
  5
AF
330
17
100
AcDbEntity
  8
SURVEY-POINTS
100
AcDbPoint
 10
182.3341522216797
 20
236.6050567626953
 30
45.50199890136719
  0
TEXT
  5
B0
330
17
100
AcDbEntity
  8
SURVEY-LABELS
100
AcDbText
 10
182.3341522216797
 20
236.6050567626953
 30
45.70199890136719
 40
1.2
  1
45.502
 11
182.3341522216797
 21
236.6050567626953
 31
45.70199890136719
100
AcDbText
  0
POINT
  5
B1
330
17
100
AcDbEntity
  8
SURVEY-POINTS
100
AcDbPoint
 10
112.39109802246094
 20
236.37240600585938
 30
45.28099822998047
  0
TEXT
  5
B2
330
17
100
AcDbEntity
  8
SURVEY-LABELS
100
AcDbText
 10
112.39109802246094
 20
236.37240600585938
 30
45.48099822998047
 40
1.2
  1
45.281
 11
112.39109802246094
 21
236.37240600585938
 31
45.48099822998047
100
AcDbText
  0
POINT
  5
B3
330
17
100
AcDbEntity
  8
SURVEY-POINTS
100
AcDbPoint
 10
114.08309936523438
 20
236.37240600585938
 30
45.2869987487793
  0
TEXT
  5
B4
330
17
100
AcDbEntity
  8
SURVEY-LABELS
100
AcDbText
 10
114.08309936523438
 20
236.37240600585938
 30
45.4869987487793
 40
1.2
  1
45.287
 11
114.08309936523438
 21
236.37240600585938
 31
45.4869987487793
100
AcDbText
  0
POINT
  5
B5
330
17
100
AcDbEntity
  8
SURVEY-POINTS
100
AcDbPoint
 10
153.32904052734375
 20
236.24549865722656
 30
45.42399978637695
  0
TEXT
  5
B6
330
17
100
AcDbEntity
  8
SURVEY-LABELS
100
AcDbText
 10
153.32904052734375
 20
236.24549865722656
 30
45.623999786376956
 40
1.2
  1
45.424
 11
153.32904052734375
 21
236.24549865722656
 31
45.623999786376956
100
AcDbText
  0
POINT
  5
B7
330
17
100
AcDbEntity
  8
SURVEY-POINTS
100
AcDbPoint
 10
206.95274353027344
 20
236.1186065673828
 30
45.18299865722656
  0
TEXT
  5
B8
330
17
100
AcDbEntity
  8
SURVEY-LABELS
100
AcDbText
 10
206.95274353027344
 20
236.1186065673828
 30
45.382998657226565
 40
1.2
  1
45.183
 11
206.95274353027344
 21
236.1186065673828
 31
45.382998657226565
100
AcDbText
  0
POINT
  5
B9
330
17
100
AcDbEntity
  8
SURVEY-POINTS
100
AcDbPoint
 10
147.5424041748047
 20
236.03399658203125
 30
45.380001068115234
  0
TEXT
  5
BA
330
17
100
AcDbEntity
  8
SURVEY-LABELS
100
AcDbText
 10
147.5424041748047
 20
236.03399658203125
 30
45.58000106811524
 40
1.2
  1
45.380
 11
147.5424041748047
 21
236.03399658203125
 31
45.58000106811524
100
AcDbText
  0
POINT
  5
BB
330
17
100
AcDbEntity
  8
SURVEY-POINTS
100
AcDbPoint
 10
166.91580200195312
 20
235.56869506835938
 30
45.60499954223633
  0
TEXT
  5
BC
330
17
100
AcDbEntity
  8
SURVEY-LABELS
100
AcDbText
 10
166.91580200195312
 20
235.56869506835938
 30
45.80499954223633
 40
1.2
  1
45.605
 11
166.91580200195312
 21
235.56869506835938
 31
45.80499954223633
100
AcDbText
  0
POINT
  5
BD
330
17
100
AcDbEntity
  8
SURVEY-POINTS
100
AcDbPoint
 10
159.57675170898438
 20
235.52639770507812
 30
45.01900100708008
  0
TEXT
  5
BE
330
17
100
AcDbEntity
  8
SURVEY-LABELS
100
AcDbText
 10
159.57675170898438
 20
235.52639770507812
 30
45.21900100708008
 40
1.2
  1
45.019
 11
159.57675170898438
 21
235.52639770507812
 31
45.21900100708008
100
AcDbText
  0
POINT
  5
BF
330
17
100
AcDbEntity
  8
SURVEY-POINTS
100
AcDbPoint
 10
239.2064971923828
 20
235.48410034179688
 30
45.582000732421875
  0
TEXT
  5
C0
330
17
100
AcDbEntity
  8
SURVEY-LABELS
100
AcDbText
 10
239.2064971923828
 20
235.48410034179688
 30
45.78200073242188
 40
1.2
  1
45.582
 11
239.2064971923828
 21
235.48410034179688
 31
45.78200073242188
100
AcDbText
  0
POINT
  5
C1
330
17
100
AcDbEntity
  8
SURVEY-POINTS
100
AcDbPoint
 10
48.073951721191406
 20
235.420654296875
 30
44.347999572753906
  0
TEXT
  5
C2
330
17
100
AcDbEntity
  8
SURVEY-LABELS
100
AcDbText
 10
48.073951721191406
 20
235.420654296875
 30
44.54799957275391
 40
1.2
  1
44.348
 11
48.073951721191406
 21
235.420654296875
 31
44.54799957275391
100
AcDbText
  0
POINT
  5
C3
330
17
100
AcDbEntity
  8
SURVEY-POINTS
100
AcDbPoint
 10
49.76594924926758
 20
235.420654296875
 30
44.60599899291992
  0
TEXT
  5
C4
330
17
100
AcDbEntity
  8
SURVEY-LABELS
100
AcDbText
 10
49.76594924926758
 20
235.420654296875
 30
44.805998992919925
 40
1.2
  1
44.606
 11
49.76594924926758
 21
235.420654296875
 31
44.805998992919925
100
AcDbText
  0
POINT
  5
C5
330
17
100
AcDbEntity
  8
SURVEY-POINTS
100
AcDbPoint
 10
178.75979614257812
 20
235.37835693359375
 30
45.64899826049805
  0
TEXT
  5
C6
330
17
100
AcDbEntity
  8
SURVEY-LABELS
100
AcDbText
 10
178.75979614257812
 20
235.37835693359375
 30
45.84899826049805
 40
1.2
  1
45.649
 11
178.75979614257812
 21
235.37835693359375
 31
45.84899826049805
100
AcDbText
  0
POINT
  5
C7
330
17
100
AcDbEntity
  8
SURVEY-POINTS
100
AcDbPoint
 10
172.66859436035156
 20
235.35719299316406
 30
45.65800094604492
  0
TEXT
  5
C8
330
17
100
AcDbEntity
  8
SURVEY-LABELS
100
AcDbText
 10
172.66859436035156
 20
235.35719299316406
 30
45.858000946044925
 40
1.2
  1
45.658
 11
172.66859436035156
 21
235.35719299316406
 31
45.858000946044925
100
AcDbText
  0
POINT
  5
C9
330
17
100
AcDbEntity
  8
SURVEY-POINTS
100
AcDbPoint
 10
230.23890686035156
 20
235.18800354003906
 30
45.571998596191406
  0
TEXT
  5
CA
330
17
100
AcDbEntity
  8
SURVEY-LABELS
100
AcDbText
 10
230.23890686035156
 20
235.18800354003906
 30
45.77199859619141
 40
1.2
  1
45.572
 11
230.23890686035156
 21
235.18800354003906
 31
45.77199859619141
100
AcDbText
  0
POINT
  5
CB
330
17
100
AcDbEntity
  8
SURVEY-POINTS
100
AcDbPoint
 10
153.04139709472656
 20
235.1457061767578
 30
45.96900177001953
  0
TEXT
  5
CC
330
17
100
AcDbEntity
  8
SURVEY-LABELS
100
AcDbText
 10
153.04139709472656
 20
235.1457061767578
 30
46.169001770019534
 40
1.2
  1
45.969
 11
153.04139709472656
 21
235.1457061767578
 31
46.169001770019534
100
AcDbText
  0
POINT
  5
CD
330
17
100
AcDbEntity
  8
SURVEY-POINTS
100
AcDbPoint
 10
63.640350341796875
 20
234.7227020263672
 30
44.75199890136719
  0
TEXT
  5
CE
330
17
100
AcDbEntity
  8
SURVEY-LABELS
100
AcDbText
 10
63.640350341796875
 20
234.7227020263672
 30
44.95199890136719
 40
1.2
  1
44.752
 11
63.640350341796875
 21
234.7227020263672
 31
44.95199890136719
100
AcDbText
  0
POINT
  5
CF
330
17
100
AcDbEntity
  8
SURVEY-POINTS
100
AcDbPoint
 10
217.41354370117188
 20
234.55349731445312
 30
45.34700012207031
  0
TEXT
  5
D0
330
17
100
AcDbEntity
  8
SURVEY-LABELS
100
AcDbText
 10
217.41354370117188
 20
234.55349731445312
 30
45.547000122070315
 40
1.2
  1
45.347
 11
217.41354370117188
 21
234.55349731445312
 31
45.547000122070315
100
AcDbText
  0
POINT
  5
D1
330
17
100
AcDbEntity
  8
SURVEY-POINTS
100
AcDbPoint
 10
268.1820068359375
 20
234.55349731445312
 30
45.7869987487793
  0
TEXT
  5
D2
330
17
100
AcDbEntity
  8
SURVEY-LABELS
100
AcDbText
 10
268.1820068359375
 20
234.55349731445312
 30
45.9869987487793
 40
1.2
  1
45.787
 11
268.1820068359375
 21
234.55349731445312
 31
45.9869987487793
100
AcDbText
  0
POINT
  5
D3
330
17
100
AcDbEntity
  8
SURVEY-POINTS
100
AcDbPoint
 10
223.5343475341797
 20
234.46890258789062
 30
45.54899978637695
  0
TEXT
  5
D4
330
17
100
AcDbEntity
  8
SURVEY-LABELS
100
AcDbText
 10
223.5343475341797
 20
234.46890258789062
 30
45.748999786376956
 40
1.2
  1
45.549
 11
223.5343475341797
 21
234.46890258789062
 31
45.748999786376956
100
AcDbText
  0
POINT
  5
D5
330
17
100
AcDbEntity
  8
SURVEY-POINTS
100
AcDbPoint
 10
287.1112365722656
 20
234.46890258789062
 30
45.722999572753906
  0
TEXT
  5
D6
330
17
100
AcDbEntity
  8
SURVEY-LABELS
100
AcDbText
 10
287.1112365722656
 20
234.46890258789062
 30
45.92299957275391
 40
1.2
  1
45.723
 11
287.1112365722656
 21
234.46890258789062
 31
45.92299957275391
100
AcDbText
  0
POINT
  5
D7
330
17
100
AcDbEntity
  8
SURVEY-POINTS
100
AcDbPoint
 10
76.79564666748047
 20
234.42660522460938
 30
44.731998443603516
  0
TEXT
  5
D8
330
17
100
AcDbEntity
  8
SURVEY-LABELS
100
AcDbText
 10
76.79564666748047
 20
234.42660522460938
 30
44.93199844360352
 40
1.2
  1
44.732
 11
76.79564666748047
 21
234.42660522460938
 31
44.93199844360352
100
AcDbText
  0
POINT
  5
D9
330
17
100
AcDbEntity
  8
SURVEY-POINTS
100
AcDbPoint
 10
102.85244750976562
 20
234.38429260253906
 30
45.007999420166016
  0
TEXT
  5
DA
330
17
100
AcDbEntity
  8
SURVEY-LABELS
100
AcDbText
 10
102.85244750976562
 20
234.38429260253906
 30
45.20799942016602
 40
1.2
  1
45.008
 11
102.85244750976562
 21
234.38429260253906
 31
45.20799942016602
100
AcDbText
  0
POINT
  5
DB
330
17
100
AcDbEntity
  8
SURVEY-POINTS
100
AcDbPoint
 10
115.58474731445312
 20
234.30816650390625
 30
45.1870002746582
  0
TEXT
  5
DC
330
17
100
AcDbEntity
  8
SURVEY-LABELS
100
AcDbText
 10
115.58474731445312
 20
234.30816650390625
 30
45.387000274658206
 40
1.2
  1
45.187
 11
115.58474731445312
 21
234.30816650390625
 31
45.387000274658206
100
AcDbText
  0
POINT
  5
DD
330
17
100
AcDbEntity
  8
SURVEY-POINTS
100
AcDbPoint
 10
90.26820373535156
 20
234.2362518310547
 30
44.770999908447266
  0
TEXT
  5
DE
330
17
100
AcDbEntity
  8
SURVEY-LABELS
100
AcDbText
 10
90.26820373535156
 20
234.2362518310547
 30
44.97099990844727
 40
1.2
  1
44.771
 11
90.26820373535156
 21
234.2362518310547
 31
44.97099990844727
100
AcDbText
  0
POINT
  5
DF
330
17
100
AcDbEntity
  8
SURVEY-POINTS
100
AcDbPoint
 10
262.0146484375
 20
233.89784240722656
 30
45.78200149536133
  0
TEXT
  5
E0
330
17
100
AcDbEntity
  8
SURVEY-LABELS
100
AcDbText
 10
262.0146484375
 20
233.89784240722656
 30
45.98200149536133
 40
1.2
  1
45.782
 11
262.0146484375
 21
233.89784240722656
 31
45.98200149536133
100
AcDbText
  0
POINT
  5
E1
330
17
100
AcDbEntity
  8
SURVEY-POINTS
100
AcDbPoint
 10
134.9158477783203
 20
233.7498016357422
 30
45.270999908447266
  0
TEXT
  5
E2
330
17
100
AcDbEntity
  8
SURVEY-LABELS
100
AcDbText
 10
134.9158477783203
 20
233.7498016357422
 30
45.47099990844727
 40
1.2
  1
45.271
 11
134.9158477783203
 21
233.7498016357422
 31
45.47099990844727
100
AcDbText
  0
POINT
  5
E3
330
17
100
AcDbEntity
  8
SURVEY-POINTS
100
AcDbPoint
 10
166.979248046875
 20
233.29295349121094
 30
45.5099983215332
  0
TEXT
  5
E4
330
17
100
AcDbEntity
  8
SURVEY-LABELS
100
AcDbText
 10
166.979248046875
 20
233.29295349121094
 30
45.709998321533206
 40
1.2
  1
45.510
 11
166.979248046875
 21
233.29295349121094
 31
45.709998321533206
100
AcDbText
  0
POINT
  5
E5
330
17
100
AcDbEntity
  8
SURVEY-POINTS
100
AcDbPoint
 10
230.20506286621094
 20
232.96725463867188
 30
45.58399963378906
  0
TEXT
  5
E6
330
17
100
AcDbEntity
  8
SURVEY-LABELS
100
AcDbText
 10
230.20506286621094
 20
232.96725463867188
 30
45.783999633789065
 40
1.2
  1
45.584
 11
230.20506286621094
 21
232.96725463867188
 31
45.783999633789065
100
AcDbText
  0
POINT
  5
E7
330
17
100
AcDbEntity
  8
SURVEY-POINTS
100
AcDbPoint
 10
190.83645629882812
 20
232.81919860839844
 30
45.457000732421875
  0
TEXT
  5
E8
330
17
100
AcDbEntity
  8
SURVEY-LABELS
100
AcDbText
 10
190.83645629882812
 20
232.81919860839844
 30
45.65700073242188
 40
1.2
  1
45.457
 11
190.83645629882812
 21
232.81919860839844
 31
45.65700073242188
100
AcDbText
  0
POINT
  5
E9
330
17
100
AcDbEntity
  8
SURVEY-POINTS
100
AcDbPoint
 10
185.97195434570312
 20
232.73460388183594
 30
45.441001892089844
  0
TEXT
  5
EA
330
17
100
AcDbEntity
  8
SURVEY-LABELS
100
AcDbText
 10
185.97195434570312
 20
232.73460388183594
 30
45.64100189208985
 40
1.2
  1
45.441
 11
185.97195434570312
 21
232.73460388183594
 31
45.64100189208985
100
AcDbText
  0
POINT
  5
EB
330
17
100
AcDbEntity
  8
SURVEY-POINTS
100
AcDbPoint
 10
207.07965087890625
 20
232.56539916992188
 30
45.395999908447266
  0
TEXT
  5
EC
330
17
100
AcDbEntity
  8
SURVEY-LABELS
100
AcDbText
 10
207.07965087890625
 20
232.56539916992188
 30
45.59599990844727
 40
1.2
  1
45.396
 11
207.07965087890625
 21
232.56539916992188
 31
45.59599990844727
100
AcDbText
  0
POINT
  5
ED
330
17
100
AcDbEntity
  8
SURVEY-POINTS
100
AcDbPoint
 10
253.0174560546875
 20
232.56539916992188
 30
45.625
  0
TEXT
  5
EE
330
17
100
AcDbEntity
  8
SURVEY-LABELS
100
AcDbText
 10
253.0174560546875
 20
232.56539916992188
 30
45.825
 40
1.2
  1
45.625
 11
253.0174560546875
 21
232.56539916992188
 31
45.825
100
AcDbText
  0
POINT
  5
EF
330
17
100
AcDbEntity
  8
SURVEY-POINTS
100
AcDbPoint
 10
237.4510498046875
 20
232.2270050048828
 30
45.63399887084961
  0
TEXT
  5
F0
330
17
100
AcDbEntity
  8
SURVEY-LABELS
100
AcDbText
 10
237.4510498046875
 20
232.2270050048828
 30
45.83399887084961
 40
1.2
  1
45.634
 11
237.4510498046875
 21
232.2270050048828
 31
45.83399887084961
100
AcDbText
  0
POINT
  5
F1
330
17
100
AcDbEntity
  8
SURVEY-POINTS
100
AcDbPoint
 10
223.5343475341797
 20
232.14239501953125
 30
45.542999267578125
  0
TEXT
  5
F2
330
17
100
AcDbEntity
  8
SURVEY-LABELS
100
AcDbText
 10
223.5343475341797
 20
232.14239501953125
 30
45.74299926757813
 40
1.2
  1
45.543
 11
223.5343475341797
 21
232.14239501953125
 31
45.74299926757813
100
AcDbText
  0
POINT
  5
F3
330
17
100
AcDbEntity
  8
SURVEY-POINTS
100
AcDbPoint
 10
258.4741516113281
 20
231.78285217285156
 30
45.749000549316406
  0
TEXT
  5
F4
330
17
100
AcDbEntity
  8
SURVEY-LABELS
100
AcDbText
 10
258.4741516113281
 20
231.78285217285156
 30
45.94900054931641
 40
1.2
  1
45.749
 11
258.4741516113281
 21
231.78285217285156
 31
45.94900054931641
100
AcDbText
  0
POINT
  5
F5
330
17
100
AcDbEntity
  8
SURVEY-POINTS
100
AcDbPoint
 10
279.9202575683594
 20
229.81590270996094
 30
44.6349983215332
  0
TEXT
  5
F6
330
17
100
AcDbEntity
  8
SURVEY-LABELS
100
AcDbText
 10
279.9202575683594
 20
229.81590270996094
 30
44.834998321533206
 40
1.2
  1
44.635
 11
279.9202575683594
 21
229.81590270996094
 31
44.834998321533206
100
AcDbText
  0
POINT
  5
F7
330
17
100
AcDbEntity
  8
SURVEY-POINTS
100
AcDbPoint
 10
36.07344055175781
 20
229.60440063476562
 30
44.104000091552734
  0
TEXT
  5
F8
330
17
100
AcDbEntity
  8
SURVEY-LABELS
100
AcDbText
 10
36.07344055175781
 20
229.60440063476562
 30
44.30400009155274
 40
1.2
  1
44.104
 11
36.07344055175781
 21
229.60440063476562
 31
44.30400009155274
100
AcDbText
  0
POINT
  5
F9
330
17
100
AcDbEntity
  8
SURVEY-POINTS
100
AcDbPoint
 10
264.5230407714844
 20
228.86415100097656
 30
45.73099899291992
  0
TEXT
  5
FA
330
17
100
AcDbEntity
  8
SURVEY-LABELS
100
AcDbText
 10
264.5230407714844
 20
228.86415100097656
 30
45.930998992919925
 40
1.2
  1
45.731
 11
264.5230407714844
 21
228.86415100097656
 31
45.930998992919925
100
AcDbText
  0
POINT
  5
FB
330
17
100
AcDbEntity
  8
SURVEY-POINTS
100
AcDbPoint
 10
97.37460327148438
 20
228.71609497070312
 30
44.79399871826172
  0
TEXT
  5
FC
330
17
100
AcDbEntity
  8
SURVEY-LABELS
100
AcDbText
 10
97.37460327148438
 20
228.71609497070312
 30
44.99399871826172
 40
1.2
  1
44.794
 11
97.37460327148438
 21
228.71609497070312
 31
44.99399871826172
100
AcDbText
  0
POINT
  5
FD
330
17
100
AcDbEntity
  8
SURVEY-POINTS
100
AcDbPoint
 10
83.66940307617188
 20
228.58920288085938
 30
44.71900177001953
  0
TEXT
  5
FE
330
17
100
AcDbEntity
  8
SURVEY-LABELS
100
AcDbText
 10
83.66940307617188
 20
228.58920288085938
 30
44.919001770019534
 40
1.2
  1
44.719
 11
83.66940307617188
 21
228.58920288085938
 31
44.919001770019534
100
AcDbText
  0
POINT
  5
FF
330
17
100
AcDbEntity
  8
SURVEY-POINTS
100
AcDbPoint
 10
54.75735092163086
 20
228.37770080566406
 30
44.612998962402344
  0
TEXT
  5
100
330
17
100
AcDbEntity
  8
SURVEY-LABELS
100
AcDbText
 10
54.75735092163086
 20
228.37770080566406
 30
44.81299896240235
 40
1.2
  1
44.613
 11
54.75735092163086
 21
228.37770080566406
 31
44.81299896240235
100
AcDbText
  0
POINT
  5
101
330
17
100
AcDbEntity
  8
SURVEY-POINTS
100
AcDbPoint
 10
56.44934844970703
 20
228.37770080566406
 30
44.67599868774414
  0
TEXT
  5
102
330
17
100
AcDbEntity
  8
SURVEY-LABELS
100
AcDbText
 10
56.44934844970703
 20
228.37770080566406
 30
44.87599868774414
 40
1.2
  1
44.676
 11
56.44934844970703
 21
228.37770080566406
 31
44.87599868774414
100
AcDbText
  0
POINT
  5
103
330
17
100
AcDbEntity
  8
SURVEY-POINTS
100
AcDbPoint
 10
115.09829711914062
 20
228.24234008789062
 30
45.0369987487793
  0
TEXT
  5
104
330
17
100
AcDbEntity
  8
SURVEY-LABELS
100
AcDbText
 10
115.09829711914062
 20
228.24234008789062
 30
45.2369987487793
 40
1.2
  1
45.037
 11
115.09829711914062
 21
228.24234008789062
 31
45.2369987487793
100
AcDbText
  0
POINT
  5
105
330
17
100
AcDbEntity
  8
SURVEY-POINTS
100
AcDbPoint
 10
127.74600219726562
 20
227.78550720214844
 30
45.07500076293945
  0
TEXT
  5
106
330
17
100
AcDbEntity
  8
SURVEY-LABELS
100
AcDbText
 10
127.74600219726562
 20
227.78550720214844
 30
45.275000762939456
 40
1.2
  1
45.075
 11
127.74600219726562
 21
227.78550720214844
 31
45.275000762939456
100
AcDbText
  0
POINT
  5
107
330
17
100
AcDbEntity
  8
SURVEY-POINTS
100
AcDbPoint
 10
46.7203483581543
 20
227.70089721679688
 30
44.33300018310547
  0
TEXT
  5
108
330
17
100
AcDbEntity
  8
SURVEY-LABELS
100
AcDbText
 10
46.7203483581543
 20
227.70089721679688
 30
44.53300018310547
 40
1.2
  1
44.333
 11
46.7203483581543
 21
227.70089721679688
 31
44.53300018310547
100
AcDbText
  0
POINT
  5
109
330
17
100
AcDbEntity
  8
SURVEY-POINTS
100
AcDbPoint
 10
279.9202575683594
 20
227.5316925048828
 30
44.48400115966797
  0
TEXT
  5
10A
330
17
100
AcDbEntity
  8
SURVEY-LABELS
100
AcDbText
 10
279.9202575683594
 20
227.5316925048828
 30
44.68400115966797
 40
1.2
  1
44.484
 11
279.9202575683594
 21
227.5316925048828
 31
44.68400115966797
100
AcDbText
  0
POINT
  5
10B
330
17
100
AcDbEntity
  8
SURVEY-POINTS
100
AcDbPoint
 10
140.1610565185547
 20
227.48939514160156
 30
44.85300064086914
  0
TEXT
  5
10C
330
17
100
AcDbEntity
  8
SURVEY-LABELS
100
AcDbText
 10
140.1610565185547
 20
227.48939514160156
 30
45.05300064086914
 40
1.2
  1
44.853
 11
140.1610565185547
 21
227.48939514160156
 31
45.05300064086914
100
AcDbText
  0
POINT
  5
10D
330
17
100
AcDbEntity
  8
SURVEY-POINTS
100
AcDbPoint
 10
59.89680099487305
 20
227.235595703125
 30
44.87699890136719
  0
TEXT
  5
10E
330
17
100
AcDbEntity
  8
SURVEY-LABELS
100
AcDbText
 10
59.89680099487305
 20
227.235595703125
 30
45.07699890136719
 40
1.2
  1
44.877
 11
59.89680099487305
 21
227.235595703125
 31
45.07699890136719
100
AcDbText
  0
POINT
  5
10F
330
17
100
AcDbEntity
  8
SURVEY-POINTS
100
AcDbPoint
 10
192.19004821777344
 20
227.12985229492188
 30
45.446998596191406
  0
TEXT
  5
110
330
17
100
AcDbEntity
  8
SURVEY-LABELS
100
AcDbText
 10
192.19004821777344
 20
227.12985229492188
 30
45.64699859619141
 40
1.2
  1
45.447
 11
192.19004821777344
 21
227.12985229492188
 31
45.64699859619141
100
AcDbText
  0
POINT
  5
111
330
17
100
AcDbEntity
  8
SURVEY-POINTS
100
AcDbPoint
 10
177.5965576171875
 20
227.08755493164062
 30
45.41299819946289
  0
TEXT
  5
112
330
17
100
AcDbEntity
  8
SURVEY-LABELS
100
AcDbText
 10
177.5965576171875
 20
227.08755493164062
 30
45.61299819946289
 40
1.2
  1
45.413
 11
177.5965576171875
 21
227.08755493164062
 31
45.61299819946289
100
AcDbText
  0
POINT
  5
113
330
17
100
AcDbEntity
  8
SURVEY-POINTS
100
AcDbPoint
 10
205.72604370117188
 20
226.9394989013672
 30
45.37099838256836
  0
TEXT
  5
114
330
17
100
AcDbEntity
  8
SURVEY-LABELS
100
AcDbText
 10
205.72604370117188
 20
226.9394989013672
 30
45.57099838256836
 40
1.2
  1
45.371
 11
205.72604370117188
 21
226.9394989013672
 31
45.57099838256836
100
AcDbText
  0
POINT
  5
115
330
17
100
AcDbEntity
  8
SURVEY-POINTS
100
AcDbPoint
 10
153.5701446533203
 20
226.72799682617188
 30
44.9379997253418
  0
TEXT
  5
116
330
17
100
AcDbEntity
  8
SURVEY-LABELS
100
AcDbText
 10
153.5701446533203
 20
226.72799682617188
 30
45.1379997253418
 40
1.2
  1
44.938
 11
153.5701446533203
 21
226.72799682617188
 31
45.1379997253418
100
AcDbText
  0
POINT
  5
117
330
17
100
AcDbEntity
  8
SURVEY-POINTS
100
AcDbPoint
 10
224.08424377441406
 20
226.64340209960938
 30
45.36600112915039
  0
TEXT
  5
118
330
17
100
AcDbEntity
  8
SURVEY-LABELS
100
AcDbText
 10
224.08424377441406
 20
226.64340209960938
 30
45.56600112915039
 40
1.2
  1
45.366
 11
224.08424377441406
 21
226.64340209960938
 31
45.56600112915039
100
AcDbText
  0
POINT
  5
119
330
17
100
AcDbEntity
  8
SURVEY-POINTS
100
AcDbPoint
 10
241.30035400390625
 20
226.64340209960938
 30
45.39699935913086
  0
TEXT
  5
11A
330
17
100
AcDbEntity
  8
SURVEY-LABELS
100
AcDbText
 10
241.30035400390625
 20
226.64340209960938
 30
45.59699935913086
 40
1.2
  1
45.397
 11
241.30035400390625
 21
226.64340209960938
 31
45.59699935913086
100
AcDbText
  0
POINT
  5
11B
330
17
100
AcDbEntity
  8
SURVEY-POINTS
100
AcDbPoint
 10
130.68585205078125
 20
226.55880737304688
 30
45.220001220703125
  0
TEXT
  5
11C
330
17
100
AcDbEntity
  8
SURVEY-LABELS
100
AcDbText
 10
130.68585205078125
 20
226.55880737304688
 30
45.42000122070313
 40
1.2
  1
45.220
 11
130.68585205078125
 21
226.55880737304688
 31
45.42000122070313
100
AcDbText
  0
POINT
  5
11D
330
17
100
AcDbEntity
  8
SURVEY-POINTS
100
AcDbPoint
 10
256.3168640136719
 20
226.30499267578125
 30
45.57099914550781
  0
TEXT
  5
11E
330
17
100
AcDbEntity
  8
SURVEY-LABELS
100
AcDbText
 10
256.3168640136719
 20
226.30499267578125
 30
45.770999145507815
 40
1.2
  1
45.571
 11
256.3168640136719
 21
226.30499267578125
 31
45.770999145507815
100
AcDbText
  0
POINT
  5
11F
330
17
100
AcDbEntity
  8
SURVEY-POINTS
100
AcDbPoint
 10
280.110595703125
 20
226.30499267578125
 30
45.01900100708008
  0
TEXT
  5
120
330
17
100
AcDbEntity
  8
SURVEY-LABELS
100
AcDbText
 10
280.110595703125
 20
226.30499267578125
 30
45.21900100708008
 40
1.2
  1
45.019
 11
280.110595703125
 21
226.30499267578125
 31
45.21900100708008
100
AcDbText
  0
POINT
  5
121
330
17
100
AcDbEntity
  8
SURVEY-POINTS
100
AcDbPoint
 10
43.209449768066406
 20
225.93275451660156
 30
44.10300064086914
  0
TEXT
  5
122
330
17
100
AcDbEntity
  8
SURVEY-LABELS
100
AcDbText
 10
43.209449768066406
 20
225.93275451660156
 30
44.30300064086914
 40
1.2
  1
44.103
 11
43.209449768066406
 21
225.93275451660156
 31
44.30300064086914
100
AcDbText
  0
POINT
  5
123
330
17
100
AcDbEntity
  8
SURVEY-POINTS
100
AcDbPoint
 10
49.808250427246094
 20
225.75509643554688
 30
44.67599868774414
  0
TEXT
  5
124
330
17
100
AcDbEntity
  8
SURVEY-LABELS
100
AcDbText
 10
49.808250427246094
 20
225.75509643554688
 30
44.87599868774414
 40
1.2
  1
44.676
 11
49.808250427246094
 21
225.75509643554688
 31
44.87599868774414
100
AcDbText
  0
POINT
  5
125
330
17
100
AcDbEntity
  8
SURVEY-POINTS
100
AcDbPoint
 10
61.821449279785156
 20
225.5012969970703
 30
45.007999420166016
  0
TEXT
  5
126
330
17
100
AcDbEntity
  8
SURVEY-LABELS
100
AcDbText
 10
61.821449279785156
 20
225.5012969970703
 30
45.20799942016602
 40
1.2
  1
45.008
 11
61.821449279785156
 21
225.5012969970703
 31
45.20799942016602
100
AcDbText
  0
POINT
  5
127
330
17
100
AcDbEntity
  8
SURVEY-POINTS
100
AcDbPoint
 10
73.20014953613281
 20
225.26864624023438
 30
44.441001892089844
  0
TEXT
  5
128
330
17
100
AcDbEntity
  8
SURVEY-LABELS
100
AcDbText
 10
73.20014953613281
 20
225.26864624023438
 30
44.64100189208985
 40
1.2
  1
44.441
 11
73.20014953613281
 21
225.26864624023438
 31
44.64100189208985
100
AcDbText
  0
POINT
  5
129
330
17
100
AcDbEntity
  8
SURVEY-POINTS
100
AcDbPoint
 10
165.51144409179688
 20
225.2052001953125
 30
44.93299865722656
  0
TEXT
  5
12A
330
17
100
AcDbEntity
  8
SURVEY-LABELS
100
AcDbText
 10
165.51144409179688
 20
225.2052001953125
 30
45.132998657226565
 40
1.2
  1
44.933
 11
165.51144409179688
 21
225.2052001953125
 31
45.132998657226565
100
AcDbText
  0
POINT
  5
12B
330
17
100
AcDbEntity
  8
SURVEY-POINTS
100
AcDbPoint
 10
79.41825103759766
 20
225.16290283203125
 30
44.547000885009766
  0
TEXT
  5
12C
330
17
100
AcDbEntity
  8
SURVEY-LABELS
100
AcDbText
 10
79.41825103759766
 20
225.16290283203125
 30
44.74700088500977
 40
1.2
  1
44.547
 11
79.41825103759766
 21
225.16290283203125
 31
44.74700088500977
100
AcDbText
  0
POINT
  5
12D
330
17
100
AcDbEntity
  8
SURVEY-POINTS
100
AcDbPoint
 10
231.6136474609375
 20
225.16290283203125
 30
45.444000244140625
  0
TEXT
  5
12E
330
17
100
AcDbEntity
  8
SURVEY-LABELS
100
AcDbText
 10
231.6136474609375
 20
225.16290283203125
 30
45.64400024414063
 40
1.2
  1
45.444
 11
231.6136474609375
 21
225.16290283203125
 31
45.64400024414063
100
AcDbText
  0
POINT
  5
12F
330
17
100
AcDbEntity
  8
SURVEY-POINTS
100
AcDbPoint
 10
97.43804931640625
 20
224.71875
 30
44.59400177001953
  0
TEXT
  5
130
330
17
100
AcDbEntity
  8
SURVEY-LABELS
100
AcDbText
 10
97.43804931640625
 20
224.71875
 30
44.794001770019534
 40
1.2
  1
44.594
 11
97.43804931640625
 21
224.71875
 31
44.794001770019534
100
AcDbText
  0
POINT
  5
131
330
17
100
AcDbEntity
  8
SURVEY-POINTS
100
AcDbPoint
 10
210.57786560058594
 20
224.5283966064453
 30
45.30699920654297
  0
TEXT
  5
132
330
17
100
AcDbEntity
  8
SURVEY-LABELS
100
AcDbText
 10
210.57786560058594
 20
224.5283966064453
 30
45.50699920654297
 40
1.2
  1
45.307
 11
210.57786560058594
 21
224.5283966064453
 31
45.50699920654297
100
AcDbText
  0
POINT
  5
133
330
17
100
AcDbEntity
  8
SURVEY-POINTS
100
AcDbPoint
 10
111.94695281982422
 20
224.40150451660156
 30
44.428001403808594
  0
TEXT
  5
134
330
17
100
AcDbEntity
  8
SURVEY-LABELS
100
AcDbText
 10
111.94695281982422
 20
224.40150451660156
 30
44.6280014038086
 40
1.2
  1
44.428
 11
111.94695281982422
 21
224.40150451660156
 31
44.6280014038086
100
AcDbText
  0
POINT
  5
135
330
17
100
AcDbEntity
  8
SURVEY-POINTS
100
AcDbPoint
 10
117.27674865722656
 20
224.31689453125
 30
44.946998596191406
  0
TEXT
  5
136
330
17
100
AcDbEntity
  8
SURVEY-LABELS
100
AcDbText
 10
117.27674865722656
 20
224.31689453125
 30
45.14699859619141
 40
1.2
  1
44.947
 11
117.27674865722656
 21
224.31689453125
 31
45.14699859619141
100
AcDbText
  0
POINT
  5
137
330
17
100
AcDbEntity
  8
SURVEY-POINTS
100
AcDbPoint
 10
130.58009338378906
 20
224.27459716796875
 30
45.16299819946289
  0
TEXT
  5
138
330
17
100
AcDbEntity
  8
SURVEY-LABELS
100
AcDbText
 10
130.58009338378906
 20
224.27459716796875
 30
45.36299819946289
 40
1.2
  1
45.163
 11
130.58009338378906
 21
224.27459716796875
 31
45.36299819946289
100
AcDbText
  0
POINT
  5
139
330
17
100
AcDbEntity
  8
SURVEY-POINTS
100
AcDbPoint
 10
126.49815368652344
 20
224.19000244140625
 30
45.082000732421875
  0
TEXT
  5
13A
330
17
100
AcDbEntity
  8
SURVEY-LABELS
100
AcDbText
 10
126.49815368652344
 20
224.19000244140625
 30
45.28200073242188
 40
1.2
  1
45.082
 11
126.49815368652344
 21
224.19000244140625
 31
45.28200073242188
100
AcDbText
  0
POINT
  5
13B
330
17
100
AcDbEntity
  8
SURVEY-POINTS
100
AcDbPoint
 10
144.20069885253906
 20
223.13250732421875
 30
44.55799865722656
  0
TEXT
  5
13C
330
17
100
AcDbEntity
  8
SURVEY-LABELS
100
AcDbText
 10
144.20069885253906
 20
223.13250732421875
 30
44.757998657226565
 40
1.2
  1
44.558
 11
144.20069885253906
 21
223.13250732421875
 31
44.757998657226565
100
AcDbText
  0
POINT
  5
13D
330
17
100
AcDbEntity
  8
SURVEY-POINTS
100
AcDbPoint
 10
155.64285278320312
 20
222.66720581054688
 30
44.98500061035156
  0
TEXT
  5
13E
330
17
100
AcDbEntity
  8
SURVEY-LABELS
100
AcDbText
 10
155.64285278320312
 20
222.66720581054688
 30
45.185000610351565
 40
1.2
  1
44.985
 11
155.64285278320312
 21
222.66720581054688
 31
45.185000610351565
100
AcDbText
  0
POINT
  5
13F
330
17
100
AcDbEntity
  8
SURVEY-POINTS
100
AcDbPoint
 10
144.87750244140625
 20
222.11729431152344
 30
44.551998138427734
  0
TEXT
  5
140
330
17
100
AcDbEntity
  8
SURVEY-LABELS
100
AcDbText
 10
144.87750244140625
 20
222.11729431152344
 30
44.75199813842774
 40
1.2
  1
44.552
 11
144.87750244140625
 21
222.11729431152344
 31
44.75199813842774
100
AcDbText
  0
POINT
  5
141
330
17
100
AcDbEntity
  8
SURVEY-POINTS
100
AcDbPoint
 10
281.92950439453125
 20
221.94810485839844
 30
44.95899963378906
  0
TEXT
  5
142
330
17
100
AcDbEntity
  8
SURVEY-LABELS
100
AcDbText
 10
281.92950439453125
 20
221.94810485839844
 30
45.158999633789065
 40
1.2
  1
44.959
 11
281.92950439453125
 21
221.94810485839844
 31
45.158999633789065
100
AcDbText
  0
POINT
  5
143
330
17
100
AcDbEntity
  8
SURVEY-POINTS
100
AcDbPoint
 10
178.23104858398438
 20
221.800048828125
 30
45.09199905395508
  0
TEXT
  5
144
330
17
100
AcDbEntity
  8
SURVEY-LABELS
100
AcDbText
 10
178.23104858398438
 20
221.800048828125
 30
45.29199905395508
 40
1.2
  1
45.092
 11
178.23104858398438
 21
221.800048828125
 31
45.29199905395508
100
AcDbText
  0
POINT
  5
145
330
17
100
AcDbEntity
  8
SURVEY-POINTS
100
AcDbPoint
 10
155.4947967529297
 20
221.48280334472656
 30
44.900001525878906
  0
TEXT
  5
146
330
17
100
AcDbEntity
  8
SURVEY-LABELS
100
AcDbText
 10
155.4947967529297
 20
221.48280334472656
 30
45.10000152587891
 40
1.2
  1
44.900
 11
155.4947967529297
 21
221.48280334472656
 31
45.10000152587891
100
AcDbText
  0
POINT
  5
147
330
17
100
AcDbEntity
  8
SURVEY-POINTS
100
AcDbPoint
 10
169.30575561523438
 20
221.3220672607422
 30
44.867000579833984
  0
TEXT
  5
148
330
17
100
AcDbEntity
  8
SURVEY-LABELS
100
AcDbText
 10
169.30575561523438
 20
221.3220672607422
 30
45.06700057983399
 40
1.2
  1
44.867
 11
169.30575561523438
 21
221.3220672607422
 31
45.06700057983399
100
AcDbText
  0
POINT
  5
149
330
17
100
AcDbEntity
  8
SURVEY-POINTS
100
AcDbPoint
 10
51.880950927734375
 20
221.16554260253906
 30
44.22100067138672
  0
TEXT
  5
14A
330
17
100
AcDbEntity
  8
SURVEY-LABELS
100
AcDbText
 10
51.880950927734375
 20
221.16554260253906
 30
44.42100067138672
 40
1.2
  1
44.221
 11
51.880950927734375
 21
221.16554260253906
 31
44.42100067138672
100
AcDbText
  0
POINT
  5
14B
330
17
100
AcDbEntity
  8
SURVEY-POINTS
100
AcDbPoint
 10
110.5510482788086
 20
221.16554260253906
 30
44.367000579833984
  0
TEXT
  5
14C
330
17
100
AcDbEntity
  8
SURVEY-LABELS
100
AcDbText
 10
110.5510482788086
 20
221.16554260253906
 30
44.56700057983399
 40
1.2
  1
44.367
 11
110.5510482788086
 21
221.16554260253906
 31
44.56700057983399
100
AcDbText
  0
POINT
  5
14D
330
17
100
AcDbEntity
  8
SURVEY-POINTS
100
AcDbPoint
 10
116.09234619140625
 20
221.0175018310547
 30
44.375999450683594
  0
TEXT
  5
14E
330
17
100
AcDbEntity
  8
SURVEY-LABELS
100
AcDbText
 10
116.09234619140625
 20
221.0175018310547
 30
44.5759994506836
 40
1.2
  1
44.376
 11
116.09234619140625
 21
221.0175018310547
 31
44.5759994506836
100
AcDbText
  0
POINT
  5
14F
330
17
100
AcDbEntity
  8
SURVEY-POINTS
100
AcDbPoint
 10
125.7155990600586
 20
220.9329071044922
 30
45.11199951171875
  0
TEXT
  5
150
330
17
100
AcDbEntity
  8
SURVEY-LABELS
100
AcDbText
 10
125.7155990600586
 20
220.9329071044922
 30
45.31199951171875
 40
1.2
  1
45.112
 11
125.7155990600586
 21
220.9329071044922
 31
45.31199951171875
100
AcDbText
  0
POINT
  5
151
330
17
100
AcDbEntity
  8
SURVEY-POINTS
100
AcDbPoint
 10
231.55020141601562
 20
220.72140502929688
 30
45.35100173950195
  0
TEXT
  5
152
330
17
100
AcDbEntity
  8
SURVEY-LABELS
100
AcDbText
 10
231.55020141601562
 20
220.72140502929688
 30
45.551001739501956
 40
1.2
  1
45.351
 11
231.55020141601562
 21
220.72140502929688
 31
45.551001739501956
100
AcDbText
  0
POINT
  5
153
330
17
100
AcDbEntity
  8
SURVEY-POINTS
100
AcDbPoint
 10
43.67475128173828
 20
220.38299560546875
 30
44.24700164794922
  0
TEXT
  5
154
330
17
100
AcDbEntity
  8
SURVEY-LABELS
100
AcDbText
 10
43.67475128173828
 20
220.38299560546875
 30
44.44700164794922
 40
1.2
  1
44.247
 11
43.67475128173828
 21
220.38299560546875
 31
44.44700164794922
100
AcDbText
  0
POINT
  5
155
330
17
100
AcDbEntity
  8
SURVEY-POINTS
100
AcDbPoint
 10
143.69309997558594
 20
220.3406982421875
 30
44.564998626708984
  0
TEXT
  5
156
330
17
100
AcDbEntity
  8
SURVEY-LABELS
100
AcDbText
 10
143.69309997558594
 20
220.3406982421875
 30
44.76499862670899
 40
1.2
  1
44.565
 11
143.69309997558594
 21
220.3406982421875
 31
44.76499862670899
100
AcDbText
  0
POINT
  5
157
330
17
100
AcDbEntity
  8
SURVEY-POINTS
100
AcDbPoint
 10
224.31689453125
 20
220.17149353027344
 30
45.332000732421875
  0
TEXT
  5
158
330
17
100
AcDbEntity
  8
SURVEY-LABELS
100
AcDbText
 10
224.31689453125
 20
220.17149353027344
 30
45.53200073242188
 40
1.2
  1
45.332
 11
224.31689453125
 21
220.17149353027344
 31
45.53200073242188
100
AcDbText
  0
POINT
  5
159
330
17
100
AcDbEntity
  8
SURVEY-POINTS
100
AcDbPoint
 10
273.67254638671875
 20
220.17149353027344
 30
45.17900085449219
  0
TEXT
  5
15A
330
17
100
AcDbEntity
  8
SURVEY-LABELS
100
AcDbText
 10
273.67254638671875
 20
220.17149353027344
 30
45.37900085449219
 40
1.2
  1
45.179
 11
273.67254638671875
 21
220.17149353027344
 31
45.37900085449219
100
AcDbText
  0
POINT
  5
15B
330
17
100
AcDbEntity
  8
SURVEY-POINTS
100
AcDbPoint
 10
119.64555358886719
 20
219.9388427734375
 30
45.22200012207031
  0
TEXT
  5
15C
330
17
100
AcDbEntity
  8
SURVEY-LABELS
100
AcDbText
 10
119.64555358886719
 20
219.9388427734375
 30
45.422000122070315
 40
1.2
  1
45.222
 11
119.64555358886719
 21
219.9388427734375
 31
45.422000122070315
100
AcDbText
  0
POINT
  5
15D
330
17
100
AcDbEntity
  8
SURVEY-POINTS
100
AcDbPoint
 10
191.70359802246094
 20
219.83309936523438
 30
45.007999420166016
  0
TEXT
  5
15E
330
17
100
AcDbEntity
  8
SURVEY-LABELS
100
AcDbText
 10
191.70359802246094
 20
219.83309936523438
 30
45.20799942016602
 40
1.2
  1
45.008
 11
191.70359802246094
 21
219.83309936523438
 31
45.20799942016602
100
AcDbText
  0
POINT
  5
15F
330
17
100
AcDbEntity
  8
SURVEY-POINTS
100
AcDbPoint
 10
62.62514877319336
 20
219.79080200195312
 30
44.07099914550781
  0
TEXT
  5
160
330
17
100
AcDbEntity
  8
SURVEY-LABELS
100
AcDbText
 10
62.62514877319336
 20
219.79080200195312
 30
44.270999145507815
 40
1.2
  1
44.071
 11
62.62514877319336
 21
219.79080200195312
 31
44.270999145507815
100
AcDbText
  0
POINT
  5
161
330
17
100
AcDbEntity
  8
SURVEY-POINTS
100
AcDbPoint
 10
256.7398376464844
 20
219.74850463867188
 30
45.03200149536133
  0
TEXT
  5
162
330
17
100
AcDbEntity
  8
SURVEY-LABELS
100
AcDbText
 10
256.7398376464844
 20
219.74850463867188
 30
45.23200149536133
 40
1.2
  1
45.032
 11
256.7398376464844
 21
219.74850463867188
 31
45.23200149536133
100
AcDbText
  0
POINT
  5
163
330
17
100
AcDbEntity
  8
SURVEY-POINTS
100
AcDbPoint
 10
170.6593475341797
 20
219.62159729003906
 30
45.04499816894531
  0
TEXT
  5
164
330
17
100
AcDbEntity
  8
SURVEY-LABELS
100
AcDbText
 10
170.6593475341797
 20
219.62159729003906
 30
45.244998168945315
 40
1.2
  1
45.045
 11
170.6593475341797
 21
219.62159729003906
 31
45.244998168945315
100
AcDbText
  0
POINT
  5
165
330
17
100
AcDbEntity
  8
SURVEY-POINTS
100
AcDbPoint
 10
303.3967590332031
 20
219.38894653320312
 30
46.3380012512207
  0
TEXT
  5
166
330
17
100
AcDbEntity
  8
SURVEY-LABELS
100
AcDbText
 10
303.3967590332031
 20
219.38894653320312
 30
46.538001251220706
 40
1.2
  1
46.338
 11
303.3967590332031
 21
219.38894653320312
 31
46.538001251220706
100
AcDbText
  0
POINT
  5
167
330
17
100
AcDbEntity
  8
SURVEY-POINTS
100
AcDbPoint
 10
205.32420349121094
 20
219.34664916992188
 30
45.39799880981445
  0
TEXT
  5
168
330
17
100
AcDbEntity
  8
SURVEY-LABELS
100
AcDbText
 10
205.32420349121094
 20
219.34664916992188
 30
45.597998809814456
 40
1.2
  1
45.398
 11
205.32420349121094
 21
219.34664916992188
 31
45.597998809814456
100
AcDbText
  0
POINT
  5
169
330
17
100
AcDbEntity
  8
SURVEY-POINTS
100
AcDbPoint
 10
152.04734802246094
 20
219.24090576171875
 30
44.297000885009766
  0
TEXT
  5
16A
330
17
100
AcDbEntity
  8
SURVEY-LABELS
100
AcDbText
 10
152.04734802246094
 20
219.24090576171875
 30
44.49700088500977
 40
1.2
  1
44.297
 11
152.04734802246094
 21
219.24090576171875
 31
44.49700088500977
100
AcDbText
  0
POINT
  5
16B
330
17
100
AcDbEntity
  8
SURVEY-POINTS
100
AcDbPoint
 10
312.59698486328125
 20
218.9871063232422
 30
46.31100082397461
  0
TEXT
  5
16C
330
17
100
AcDbEntity
  8
SURVEY-LABELS
100
AcDbText
 10
312.59698486328125
 20
218.9871063232422
 30
46.51100082397461
 40
1.2
  1
46.311
 11
312.59698486328125
 21
218.9871063232422
 31
46.51100082397461
100
AcDbText
  0
POINT
  5
16D
330
17
100
AcDbEntity
  8
SURVEY-POINTS
100
AcDbPoint
 10
245.9956512451172
 20
218.83905029296875
 30
44.74800109863281
  0
TEXT
  5
16E
330
17
100
AcDbEntity
  8
SURVEY-LABELS
100
AcDbText
 10
245.9956512451172
 20
218.83905029296875
 30
44.948001098632815
 40
1.2
  1
44.748
 11
245.9956512451172
 21
218.83905029296875
 31
44.948001098632815
100
AcDbText
  0
POINT
  5
16F
330
17
100
AcDbEntity
  8
SURVEY-POINTS
100
AcDbPoint
 10
252.15875244140625
 20
218.53025817871094
 30
44.82899856567383
  0
TEXT
  5
170
330
17
100
AcDbEntity
  8
SURVEY-LABELS
100
AcDbText
 10
252.15875244140625
 20
218.53025817871094
 30
45.02899856567383
 40
1.2
  1
44.829
 11
252.15875244140625
 21
218.53025817871094
 31
45.02899856567383
100
AcDbText
  0
POINT
  5
171
330
17
100
AcDbEntity
  8
SURVEY-POINTS
100
AcDbPoint
 10
59.198848724365234
 20
217.92959594726562
 30
44.316001892089844
  0
TEXT
  5
172
330
17
100
AcDbEntity
  8
SURVEY-LABELS
100
AcDbText
 10
59.198848724365234
 20
217.92959594726562
 30
44.51600189208985
 40
1.2
  1
44.316
 11
59.198848724365234
 21
217.92959594726562
 31
44.51600189208985
100
AcDbText
  0
POINT
  5
173
330
17
100
AcDbEntity
  8
SURVEY-POINTS
100
AcDbPoint
 10
155.304443359375
 20
217.88729858398438
 30
44.832000732421875
  0
TEXT
  5
174
330
17
100
AcDbEntity
  8
SURVEY-LABELS
100
AcDbText
 10
155.304443359375
 20
217.88729858398438
 30
45.03200073242188
 40
1.2
  1
44.832
 11
155.304443359375
 21
217.88729858398438
 31
45.03200073242188
100
AcDbText
  0
POINT
  5
175
330
17
100
AcDbEntity
  8
SURVEY-POINTS
100
AcDbPoint
 10
164.46240234375
 20
217.46429443359375
 30
44.729000091552734
  0
TEXT
  5
176
330
17
100
AcDbEntity
  8
SURVEY-LABELS
100
AcDbText
 10
164.46240234375
 20
217.46429443359375
 30
44.92900009155274
 40
1.2
  1
44.729
 11
164.46240234375
 21
217.46429443359375
 31
44.92900009155274
100
AcDbText
  0
POINT
  5
177
330
17
100
AcDbEntity
  8
SURVEY-POINTS
100
AcDbPoint
 10
205.40879821777344
 20
216.89324951171875
 30
45.15999984741211
  0
TEXT
  5
178
330
17
100
AcDbEntity
  8
SURVEY-LABELS
100
AcDbText
 10
205.40879821777344
 20
216.89324951171875
 30
45.35999984741211
 40
1.2
  1
45.160
 11
205.40879821777344
 21
216.89324951171875
 31
45.35999984741211
100
AcDbText
  0
POINT
  5
179
330
17
100
AcDbEntity
  8
SURVEY-POINTS
100
AcDbPoint
 10
46.128150939941406
 20
216.87210083007812
 30
43.94900131225586
  0
TEXT
  5
17A
330
17
100
AcDbEntity
  8
SURVEY-LABELS
100
AcDbText
 10
46.128150939941406
 20
216.87210083007812
 30
44.14900131225586
 40
1.2
  1
43.949
 11
46.128150939941406
 21
216.87210083007812
 31
44.14900131225586
100
AcDbText
  0
POINT
  5
17B
330
17
100
AcDbEntity
  8
SURVEY-POINTS
100
AcDbPoint
 10
252.72134399414062
 20
216.39834594726562
 30
44.79100036621094
  0
TEXT
  5
17C
330
17
100
AcDbEntity
  8
SURVEY-LABELS
100
AcDbText
 10
252.72134399414062
 20
216.39834594726562
 30
44.99100036621094
 40
1.2
  1
44.791
 11
252.72134399414062
 21
216.39834594726562
 31
44.99100036621094
100
AcDbText
  0
POINT
  5
17D
330
17
100
AcDbEntity
  8
SURVEY-POINTS
100
AcDbPoint
 10
267.6321105957031
 20
216.11070251464844
 30
44.97999954223633
  0
TEXT
  5
17E
330
17
100
AcDbEntity
  8
SURVEY-LABELS
100
AcDbText
 10
267.6321105957031
 20
216.11070251464844
 30
45.17999954223633
 40
1.2
  1
44.980
 11
267.6321105957031
 21
216.11070251464844
 31
45.17999954223633
100
AcDbText
  0
POINT
  5
17F
330
17
100
AcDbEntity
  8
SURVEY-POINTS
100
AcDbPoint
 10
275.0557556152344
 20
215.79345703125
 30
45.05699920654297
  0
TEXT
  5
180
330
17
100
AcDbEntity
  8
SURVEY-LABELS
100
AcDbText
 10
275.0557556152344
 20
215.79345703125
 30
45.25699920654297
 40
1.2
  1
45.057
 11
275.0557556152344
 21
215.79345703125
 31
45.25699920654297
100
AcDbText
  0
POINT
  5
181
330
17
100
AcDbEntity
  8
SURVEY-POINTS
100
AcDbPoint
 10
195.53175354003906
 20
215.70884704589844
 30
44.46699905395508
  0
TEXT
  5
182
330
17
100
AcDbEntity
  8
SURVEY-LABELS
100
AcDbText
 10
195.53175354003906
 20
215.70884704589844
 30
44.66699905395508
 40
1.2
  1
44.467
 11
195.53175354003906
 21
215.70884704589844
 31
44.66699905395508
100
AcDbText
  0
POINT
  5
183
330
17
100
AcDbEntity
  8
SURVEY-POINTS
100
AcDbPoint
 10
108.8167495727539
 20
215.6876983642578
 30
44.39500045776367
  0
TEXT
  5
184
330
17
100
AcDbEntity
  8
SURVEY-LABELS
100
AcDbText
 10
108.8167495727539
 20
215.6876983642578
 30
44.595000457763675
 40
1.2
  1
44.395
 11
108.8167495727539
 21
215.6876983642578
 31
44.595000457763675
100
AcDbText
  0
POINT
  5
185
330
17
100
AcDbEntity
  8
SURVEY-POINTS
100
AcDbPoint
 10
55.11690139770508
 20
215.6792449951172
 30
44.30400085449219
  0
TEXT
  5
186
330
17
100
AcDbEntity
  8
SURVEY-LABELS
100
AcDbText
 10
55.11690139770508
 20
215.6792449951172
 30
44.50400085449219
 40
1.2
  1
44.304
 11
55.11690139770508
 21
215.6792449951172
 31
44.50400085449219
100
AcDbText
  0
POINT
  5
187
330
17
100
AcDbEntity
  8
SURVEY-POINTS
100
AcDbPoint
 10
155.304443359375
 20
215.56080627441406
 30
44.875999450683594
  0
TEXT
  5
188
330
17
100
AcDbEntity
  8
SURVEY-LABELS
100
AcDbText
 10
155.304443359375
 20
215.56080627441406
 30
45.0759994506836
 40
1.2
  1
44.876
 11
155.304443359375
 21
215.56080627441406
 31
45.0759994506836
100
AcDbText
  0
POINT
  5
189
330
17
100
AcDbEntity
  8
SURVEY-POINTS
100
AcDbPoint
 10
226.1781005859375
 20
215.51849365234375
 30
44.840999603271484
  0
TEXT
  5
18A
330
17
100
AcDbEntity
  8
SURVEY-LABELS
100
AcDbText
 10
226.1781005859375
 20
215.51849365234375
 30
45.04099960327149
 40
1.2
  1
44.841
 11
226.1781005859375
 21
215.51849365234375
 31
45.04099960327149
100
AcDbText
  0
POINT
  5
18B
330
17
100
AcDbEntity
  8
SURVEY-POINTS
100
AcDbPoint
 10
74.97675323486328
 20
215.3916015625
 30
44.452999114990234
  0
TEXT
  5
18C
330
17
100
AcDbEntity
  8
SURVEY-LABELS
100
AcDbText
 10
74.97675323486328
 20
215.3916015625
 30
44.65299911499024
 40
1.2
  1
44.453
 11
74.97675323486328
 21
215.3916015625
 31
44.65299911499024
100
AcDbText
  0
POINT
  5
18D
330
17
100
AcDbEntity
  8
SURVEY-POINTS
100
AcDbPoint
 10
102.11219787597656
 20
215.3916015625
 30
44.23699951171875
  0
TEXT
  5
18E
330
17
100
AcDbEntity
  8
SURVEY-LABELS
100
AcDbText
 10
102.11219787597656
 20
215.3916015625
 30
44.43699951171875
 40
1.2
  1
44.237
 11
102.11219787597656
 21
215.3916015625
 31
44.43699951171875
100
AcDbText
  0
POINT
  5
18F
330
17
100
AcDbEntity
  8
SURVEY-POINTS
100
AcDbPoint
 10
263.93084716796875
 20
215.0955047607422
 30
45.106998443603516
  0
TEXT
  5
190
330
17
100
AcDbEntity
  8
SURVEY-LABELS
100
AcDbText
 10
263.93084716796875
 20
215.0955047607422
 30
45.30699844360352
 40
1.2
  1
45.107
 11
263.93084716796875
 21
215.0955047607422
 31
45.30699844360352
100
AcDbText
  0
POINT
  5
191
330
17
100
AcDbEntity
  8
SURVEY-POINTS
100
AcDbPoint
 10
108.77445220947266
 20
214.53713989257812
 30
44.095001220703125
  0
TEXT
  5
192
330
17
100
AcDbEntity
  8
SURVEY-LABELS
100
AcDbText
 10
108.77445220947266
 20
214.53713989257812
 30
44.29500122070313
 40
1.2
  1
44.095
 11
108.77445220947266
 21
214.53713989257812
 31
44.29500122070313
100
AcDbText
  0
POINT
  5
193
330
17
100
AcDbEntity
  8
SURVEY-POINTS
100
AcDbPoint
 10
46.2000617980957
 20
214.52444458007812
 30
44.257999420166016
  0
TEXT
  5
194
330
17
100
AcDbEntity
  8
SURVEY-LABELS
100
AcDbText
 10
46.2000617980957
 20
214.52444458007812
 30
44.45799942016602
 40
1.2
  1
44.258
 11
46.2000617980957
 21
214.52444458007812
 31
44.45799942016602
100
AcDbText
  0
POINT
  5
195
330
17
100
AcDbEntity
  8
SURVEY-POINTS
100
AcDbPoint
 10
234.46890258789062
 20
214.16490173339844
 30
44.558998107910156
  0
TEXT
  5
196
330
17
100
AcDbEntity
  8
SURVEY-LABELS
100
AcDbText
 10
234.46890258789062
 20
214.16490173339844
 30
44.75899810791016
 40
1.2
  1
44.559
 11
234.46890258789062
 21
214.16490173339844
 31
44.75899810791016
100
AcDbText
  0
POINT
  5
197
330
17
100
AcDbEntity
  8
SURVEY-POINTS
100
AcDbPoint
 10
214.3341064453125
 20
214.05914306640625
 30
44.61800003051758
  0
TEXT
  5
198
330
17
100
AcDbEntity
  8
SURVEY-LABELS
100
AcDbText
 10
214.3341064453125
 20
214.05914306640625
 30
44.81800003051758
 40
1.2
  1
44.618
 11
214.3341064453125
 21
214.05914306640625
 31
44.81800003051758
100
AcDbText
  0
POINT
  5
199
330
17
100
AcDbEntity
  8
SURVEY-POINTS
100
AcDbPoint
 10
187.64280700683594
 20
213.78419494628906
 30
44.72700119018555
  0
TEXT
  5
19A
330
17
100
AcDbEntity
  8
SURVEY-LABELS
100
AcDbText
 10
187.64280700683594
 20
213.78419494628906
 30
44.92700119018555
 40
1.2
  1
44.727
 11
187.64280700683594
 21
213.78419494628906
 31
44.92700119018555
100
AcDbText
  0
POINT
  5
19B
330
17
100
AcDbEntity
  8
SURVEY-POINTS
100
AcDbPoint
 10
179.4154510498047
 20
213.7418975830078
 30
44.696998596191406
  0
TEXT
  5
19C
330
17
100
AcDbEntity
  8
SURVEY-LABELS
100
AcDbText
 10
179.4154510498047
 20
213.7418975830078
 30
44.89699859619141
 40
1.2
  1
44.697
 11
179.4154510498047
 21
213.7418975830078
 31
44.89699859619141
100
AcDbText
  0
POINT
  5
19D
330
17
100
AcDbEntity
  8
SURVEY-POINTS
100
AcDbPoint
 10
94.4135971069336
 20
213.61500549316406
 30
44.25699996948242
  0
TEXT
  5
19E
330
17
100
AcDbEntity
  8
SURVEY-LABELS
100
AcDbText
 10
94.4135971069336
 20
213.61500549316406
 30
44.456999969482425
 40
1.2
  1
44.257
 11
94.4135971069336
 21
213.61500549316406
 31
44.456999969482425
100
AcDbText
  0
POINT
  5
19F
330
17
100
AcDbEntity
  8
SURVEY-POINTS
100
AcDbPoint
 10
249.9845428466797
 20
213.49656677246094
 30
44.87799835205078
  0
TEXT
  5
1A0
330
17
100
AcDbEntity
  8
SURVEY-LABELS
100
AcDbText
 10
249.9845428466797
 20
213.49656677246094
 30
45.077998352050784
 40
1.2
  1
44.878
 11
249.9845428466797
 21
213.49656677246094
 31
45.077998352050784
100
AcDbText
  0
POINT
  5
1A1
330
17
100
AcDbEntity
  8
SURVEY-POINTS
100
AcDbPoint
 10
203.48414611816406
 20
213.38235473632812
 30
44.652000427246094
  0
TEXT
  5
1A2
330
17
100
AcDbEntity
  8
SURVEY-LABELS
100
AcDbText
 10
203.48414611816406
 20
213.38235473632812
 30
44.8520004272461
 40
1.2
  1
44.652
 11
203.48414611816406
 21
213.38235473632812
 31
44.8520004272461
100
AcDbText
  0
POINT
  5
1A3
330
17
100
AcDbEntity
  8
SURVEY-POINTS
100
AcDbPoint
 10
51.4156494140625
 20
213.3612060546875
 30
44.37900161743164
  0
TEXT
  5
1A4
330
17
100
AcDbEntity
  8
SURVEY-LABELS
100
AcDbText
 10
51.4156494140625
 20
213.3612060546875
 30
44.57900161743164
 40
1.2
  1
44.379
 11
51.4156494140625
 21
213.3612060546875
 31
44.57900161743164
100
AcDbText
  0
POINT
  5
1A5
330
17
100
AcDbEntity
  8
SURVEY-POINTS
100
AcDbPoint
 10
108.8167495727539
 20
213.3612060546875
 30
44.42100143432617
  0
TEXT
  5
1A6
330
17
100
AcDbEntity
  8
SURVEY-LABELS
100
AcDbText
 10
108.8167495727539
 20
213.3612060546875
 30
44.621001434326175
 40
1.2
  1
44.421
 11
108.8167495727539
 21
213.3612060546875
 31
44.621001434326175
100
AcDbText
  0
POINT
  5
1A7
330
17
100
AcDbEntity
  8
SURVEY-POINTS
100
AcDbPoint
 10
195.61634826660156
 20
213.3527374267578
 30
44.46500015258789
  0
TEXT
  5
1A8
330
17
100
AcDbEntity
  8
SURVEY-LABELS
100
AcDbText
 10
195.61634826660156
 20
213.3527374267578
 30
44.66500015258789
 40
1.2
  1
44.465
 11
195.61634826660156
 21
213.3527374267578
 31
44.66500015258789
100
AcDbText
  0
POINT
  5
1A9
330
17
100
AcDbEntity
  8
SURVEY-POINTS
100
AcDbPoint
 10
226.5799560546875
 20
213.19200134277344
 30
44.650001525878906
  0
TEXT
  5
1AA
330
17
100
AcDbEntity
  8
SURVEY-LABELS
100
AcDbText
 10
226.5799560546875
 20
213.19200134277344
 30
44.85000152587891
 40
1.2
  1
44.650
 11
226.5799560546875
 21
213.19200134277344
 31
44.85000152587891
100
AcDbText
  0
POINT
  5
1AB
330
17
100
AcDbEntity
  8
SURVEY-POINTS
100
AcDbPoint
 10
119.71746063232422
 20
212.51519775390625
 30
44.856998443603516
  0
TEXT
  5
1AC
330
17
100
AcDbEntity
  8
SURVEY-LABELS
100
AcDbText
 10
119.71746063232422
 20
212.51519775390625
 30
45.05699844360352
 40
1.2
  1
44.857
 11
119.71746063232422
 21
212.51519775390625
 31
45.05699844360352
100
AcDbText
  0
POINT
  5
1AD
330
17
100
AcDbEntity
  8
SURVEY-POINTS
100
AcDbPoint
 10
195.61634826660156
 20
212.2825469970703
 30
44.5890007019043
  0
TEXT
  5
1AE
330
17
100
AcDbEntity
  8
SURVEY-LABELS
100
AcDbText
 10
195.61634826660156
 20
212.2825469970703
 30
44.7890007019043
 40
1.2
  1
44.589
 11
195.61634826660156
 21
212.2825469970703
 31
44.7890007019043
100
AcDbText
  0
POINT
  5
1AF
330
17
100
AcDbEntity
  8
SURVEY-POINTS
100
AcDbPoint
 10
144.89865112304688
 20
212.26986694335938
 30
44.4739990234375
  0
TEXT
  5
1B0
330
17
100
AcDbEntity
  8
SURVEY-LABELS
100
AcDbText
 10
144.89865112304688
 20
212.26986694335938
 30
44.6739990234375
 40
1.2
  1
44.474
 11
144.89865112304688
 21
212.26986694335938
 31
44.6739990234375
100
AcDbText
  0
POINT
  5
1B1
330
17
100
AcDbEntity
  8
SURVEY-POINTS
100
AcDbPoint
 10
47.57904052734375
 20
212.15565490722656
 30
44.196998596191406
  0
TEXT
  5
1B2
330
17
100
AcDbEntity
  8
SURVEY-LABELS
100
AcDbText
 10
47.57904052734375
 20
212.15565490722656
 30
44.39699859619141
 40
1.2
  1
44.197
 11
47.57904052734375
 21
212.15565490722656
 31
44.39699859619141
100
AcDbText
  0
POINT
  5
1B3
330
17
100
AcDbEntity
  8
SURVEY-POINTS
100
AcDbPoint
 10
106.36334991455078
 20
212.13450622558594
 30
44.42499923706055
  0
TEXT
  5
1B4
330
17
100
AcDbEntity
  8
SURVEY-LABELS
100
AcDbText
 10
106.36334991455078
 20
212.13450622558594
 30
44.62499923706055
 40
1.2
  1
44.425
 11
106.36334991455078
 21
212.13450622558594
 31
44.62499923706055
100
AcDbText
  0
POINT
  5
1B5
330
17
100
AcDbEntity
  8
SURVEY-POINTS
100
AcDbPoint
 10
242.44244384765625
 20
212.04989624023438
 30
44.604000091552734
  0
TEXT
  5
1B6
330
17
100
AcDbEntity
  8
SURVEY-LABELS
100
AcDbText
 10
242.44244384765625
 20
212.04989624023438
 30
44.80400009155274
 40
1.2
  1
44.604
 11
242.44244384765625
 21
212.04989624023438
 31
44.80400009155274
100
AcDbText
  0
POINT
  5
1B7
330
17
100
AcDbEntity
  8
SURVEY-POINTS
100
AcDbPoint
 10
264.3115539550781
 20
211.88070678710938
 30
44.92599868774414
  0
TEXT
  5
1B8
330
17
100
AcDbEntity
  8
SURVEY-LABELS
100
AcDbText
 10
264.3115539550781
 20
211.88070678710938
 30
45.12599868774414
 40
1.2
  1
44.926
 11
264.3115539550781
 21
211.88070678710938
 31
45.12599868774414
100
AcDbText
  0
POINT
  5
1B9
330
17
100
AcDbEntity
  8
SURVEY-POINTS
100
AcDbPoint
 10
161.4591064453125
 20
211.54229736328125
 30
44.43899917602539
  0
TEXT
  5
1BA
330
17
100
AcDbEntity
  8
SURVEY-LABELS
100
AcDbText
 10
161.4591064453125
 20
211.54229736328125
 30
44.63899917602539
 40
1.2
  1
44.439
 11
161.4591064453125
 21
211.54229736328125
 31
44.63899917602539
100
AcDbText
  0
POINT
  5
1BB
330
17
100
AcDbEntity
  8
SURVEY-POINTS
100
AcDbPoint
 10
274.675048828125
 20
211.4154052734375
 30
44.275001525878906
  0
TEXT
  5
1BC
330
17
100
AcDbEntity
  8
SURVEY-LABELS
100
AcDbText
 10
274.675048828125
 20
211.4154052734375
 30
44.47500152587891
 40
1.2
  1
44.275
 11
274.675048828125
 21
211.4154052734375
 31
44.47500152587891
100
AcDbText
  0
POINT
  5
1BD
330
17
100
AcDbEntity
  8
SURVEY-POINTS
100
AcDbPoint
 10
195.4471435546875
 20
211.2884979248047
 30
44.4119987487793
  0
TEXT
  5
1BE
330
17
100
AcDbEntity
  8
SURVEY-LABELS
100
AcDbText
 10
195.4471435546875
 20
211.2884979248047
 30
44.6119987487793
 40
1.2
  1
44.412
 11
195.4471435546875
 21
211.2884979248047
 31
44.6119987487793
100
AcDbText
  0
POINT
  5
1BF
330
17
100
AcDbEntity
  8
SURVEY-POINTS
100
AcDbPoint
 10
119.18025207519531
 20
211.26734924316406
 30
44.779998779296875
  0
TEXT
  5
1C0
330
17
100
AcDbEntity
  8
SURVEY-LABELS
100
AcDbText
 10
119.18025207519531
 20
211.26734924316406
 30
44.97999877929688
 40
1.2
  1
44.780
 11
119.18025207519531
 21
211.26734924316406
 31
44.97999877929688
100
AcDbText
  0
POINT
  5
1C1
330
17
100
AcDbEntity
  8
SURVEY-POINTS
100
AcDbPoint
 10
178.08299255371094
 20
211.24620056152344
 30
44.53200149536133
  0
TEXT
  5
1C2
330
17
100
AcDbEntity
  8
SURVEY-LABELS
100
AcDbText
 10
178.08299255371094
 20
211.24620056152344
 30
44.73200149536133
 40
1.2
  1
44.532
 11
178.08299255371094
 21
211.24620056152344
 31
44.73200149536133
100
AcDbText
  0
POINT
  5
1C3
330
17
100
AcDbEntity
  8
SURVEY-POINTS
100
AcDbPoint
 10
209.00430297851562
 20
211.16160583496094
 30
45.19900131225586
  0
TEXT
  5
1C4
330
17
100
AcDbEntity
  8
SURVEY-LABELS
100
AcDbText
 10
209.00430297851562
 20
211.16160583496094
 30
45.39900131225586
 40
1.2
  1
45.199
 11
209.00430297851562
 21
211.16160583496094
 31
45.39900131225586
100
AcDbText
  0
POINT
  5
1C5
330
17
100
AcDbEntity
  8
SURVEY-POINTS
100
AcDbPoint
 10
245.36114501953125
 20
211.0135498046875
 30
44.60100173950195
  0
TEXT
  5
1C6
330
17
100
AcDbEntity
  8
SURVEY-LABELS
100
AcDbText
 10
245.36114501953125
 20
211.0135498046875
 30
44.801001739501956
 40
1.2
  1
44.601
 11
245.36114501953125
 21
211.0135498046875
 31
44.801001739501956
100
AcDbText
  0
POINT
  5
1C7
330
17
100
AcDbEntity
  8
SURVEY-POINTS
100
AcDbPoint
 10
229.73129272460938
 20
210.50595092773438
 30
44.268001556396484
  0
TEXT
  5
1C8
330
17
100
AcDbEntity
  8
SURVEY-LABELS
100
AcDbText
 10
229.73129272460938
 20
210.50595092773438
 30
44.46800155639649
 40
1.2
  1
44.268
 11
229.73129272460938
 21
210.50595092773438
 31
44.46800155639649
100
AcDbText
  0
POINT
  5
1C9
330
17
100
AcDbEntity
  8
SURVEY-POINTS
100
AcDbPoint
 10
250.3737030029297
 20
210.3494415283203
 30
44.81800079345703
  0
TEXT
  5
1CA
330
17
100
AcDbEntity
  8
SURVEY-LABELS
100
AcDbText
 10
250.3737030029297
 20
210.3494415283203
 30
45.018000793457034
 40
1.2
  1
44.818
 11
250.3737030029297
 21
210.3494415283203
 31
45.018000793457034
100
AcDbText
  0
POINT
  5
1CB
330
17
100
AcDbEntity
  8
SURVEY-POINTS
100
AcDbPoint
 10
119.18025207519531
 20
210.01950073242188
 30
44.37200164794922
  0
TEXT
  5
1CC
330
17
100
AcDbEntity
  8
SURVEY-LABELS
100
AcDbText
 10
119.18025207519531
 20
210.01950073242188
 30
44.57200164794922
 40
1.2
  1
44.372
 11
119.18025207519531
 21
210.01950073242188
 31
44.57200164794922
100
AcDbText
  0
POINT
  5
1CD
330
17
100
AcDbEntity
  8
SURVEY-POINTS
100
AcDbPoint
 10
178.1591339111328
 20
209.97720336914062
 30
44.323001861572266
  0
TEXT
  5
1CE
330
17
100
AcDbEntity
  8
SURVEY-LABELS
100
AcDbText
 10
178.1591339111328
 20
209.97720336914062
 30
44.52300186157227
 40
1.2
  1
44.323
 11
178.1591339111328
 21
209.97720336914062
 31
44.52300186157227
100
AcDbText
  0
POINT
  5
1CF
330
17
100
AcDbEntity
  8
SURVEY-POINTS
100
AcDbPoint
 10
170.74395751953125
 20
209.87144470214844
 30
43.9900016784668
  0
TEXT
  5
1D0
330
17
100
AcDbEntity
  8
SURVEY-LABELS
100
AcDbText
 10
170.74395751953125
 20
209.87144470214844
 30
44.1900016784668
 40
1.2
  1
43.990
 11
170.74395751953125
 21
209.87144470214844
 31
44.1900016784668
100
AcDbText
  0
POINT
  5
1D1
330
17
100
AcDbEntity
  8
SURVEY-POINTS
100
AcDbPoint
 10
125.48294830322266
 20
209.6387939453125
 30
44.79399871826172
  0
TEXT
  5
1D2
330
17
100
AcDbEntity
  8
SURVEY-LABELS
100
AcDbText
 10
125.48294830322266
 20
209.6387939453125
 30
44.99399871826172
 40
1.2
  1
44.794
 11
125.48294830322266
 21
209.6387939453125
 31
44.99399871826172
100
AcDbText
  0
POINT
  5
1D3
330
17
100
AcDbEntity
  8
SURVEY-POINTS
100
AcDbPoint
 10
183.92039489746094
 20
209.55419921875
 30
44.47700119018555
  0
TEXT
  5
1D4
330
17
100
AcDbEntity
  8
SURVEY-LABELS
100
AcDbText
 10
183.92039489746094
 20
209.55419921875
 30
44.67700119018555
 40
1.2
  1
44.477
 11
183.92039489746094
 21
209.55419921875
 31
44.67700119018555
100
AcDbText
  0
POINT
  5
1D5
330
17
100
AcDbEntity
  8
SURVEY-POINTS
100
AcDbPoint
 10
281.1892395019531
 20
209.51190185546875
 30
43.75600051879883
  0
TEXT
  5
1D6
330
17
100
AcDbEntity
  8
SURVEY-LABELS
100
AcDbText
 10
281.1892395019531
 20
209.51190185546875
 30
43.95600051879883
 40
1.2
  1
43.756
 11
281.1892395019531
 21
209.51190185546875
 31
43.95600051879883
100
AcDbText
  0
POINT
  5
1D7
330
17
100
AcDbEntity
  8
SURVEY-POINTS
100
AcDbPoint
 10
109.93769836425781
 20
209.42730712890625
 30
44.39899826049805
  0
TEXT
  5
1D8
330
17
100
AcDbEntity
  8
SURVEY-LABELS
100
AcDbText
 10
109.93769836425781
 20
209.42730712890625
 30
44.59899826049805
 40
1.2
  1
44.399
 11
109.93769836425781
 21
209.42730712890625
 31
44.59899826049805
100
AcDbText
  0
POINT
  5
1D9
330
17
100
AcDbEntity
  8
SURVEY-POINTS
100
AcDbPoint
 10
143.1643524169922
 20
209.30039978027344
 30
44.81800079345703
  0
TEXT
  5
1DA
330
17
100
AcDbEntity
  8
SURVEY-LABELS
100
AcDbText
 10
143.1643524169922
 20
209.30039978027344
 30
45.018000793457034
 40
1.2
  1
44.818
 11
143.1643524169922
 21
209.30039978027344
 31
45.018000793457034
100
AcDbText
  0
POINT
  5
1DB
330
17
100
AcDbEntity
  8
SURVEY-POINTS
100
AcDbPoint
 10
302.78338623046875
 20
209.1946563720703
 30
46.30500030517578
  0
TEXT
  5
1DC
330
17
100
AcDbEntity
  8
SURVEY-LABELS
100
AcDbText
 10
302.78338623046875
 20
209.1946563720703
 30
46.505000305175784
 40
1.2
  1
46.305
 11
302.78338623046875
 21
209.1946563720703
 31
46.505000305175784
100
AcDbText
  0
POINT
  5
1DD
330
17
100
AcDbEntity
  8
SURVEY-POINTS
100
AcDbPoint
 10
161.37449645996094
 20
209.17349243164062
 30
44.439998626708984
  0
TEXT
  5
1DE
330
17
100
AcDbEntity
  8
SURVEY-LABELS
100
AcDbText
 10
161.37449645996094
 20
209.17349243164062
 30
44.63999862670899
 40
1.2
  1
44.440
 11
161.37449645996094
 21
209.17349243164062
 31
44.63999862670899
100
AcDbText
  0
POINT
  5
1DF
330
17
100
AcDbEntity
  8
SURVEY-POINTS
100
AcDbPoint
 10
267.2725524902344
 20
209.15234375
 30
44.76300048828125
  0
TEXT
  5
1E0
330
17
100
AcDbEntity
  8
SURVEY-LABELS
100
AcDbText
 10
267.2725524902344
 20
209.15234375
 30
44.96300048828125
 40
1.2
  1
44.763
 11
267.2725524902344
 21
209.15234375
 31
44.96300048828125
100
AcDbText
  0
POINT
  5
1E1
330
17
100
AcDbEntity
  8
SURVEY-POINTS
100
AcDbPoint
 10
43.209449768066406
 20
209.04660034179688
 30
44.165000915527344
  0
TEXT
  5
1E2
330
17
100
AcDbEntity
  8
SURVEY-LABELS
100
AcDbText
 10
43.209449768066406
 20
209.04660034179688
 30
44.36500091552735
 40
1.2
  1
44.165
 11
43.209449768066406
 21
209.04660034179688
 31
44.36500091552735
100
AcDbText
  0
POINT
  5
1E3
330
17
100
AcDbEntity
  8
SURVEY-POINTS
100
AcDbPoint
 10
312.4489440917969
 20
208.7589569091797
 30
46.43299865722656
  0
TEXT
  5
1E4
330
17
100
AcDbEntity
  8
SURVEY-LABELS
100
AcDbText
 10
312.4489440917969
 20
208.7589569091797
 30
46.632998657226565
 40
1.2
  1
46.433
 11
312.4489440917969
 21
208.7589569091797
 31
46.632998657226565
100
AcDbText
  0
POINT
  5
1E5
330
17
100
AcDbEntity
  8
SURVEY-POINTS
100
AcDbPoint
 10
198.9580535888672
 20
208.61514282226562
 30
44.44900131225586
  0
TEXT
  5
1E6
330
17
100
AcDbEntity
  8
SURVEY-LABELS
100
AcDbText
 10
198.9580535888672
 20
208.61514282226562
 30
44.64900131225586
 40
1.2
  1
44.449
 11
198.9580535888672
 21
208.61514282226562
 31
44.64900131225586
100
AcDbText
  0
POINT
  5
1E7
330
17
100
AcDbEntity
  8
SURVEY-POINTS
100
AcDbPoint
 10
250.2679443359375
 20
208.53900146484375
 30
44.96500015258789
  0
TEXT
  5
1E8
330
17
100
AcDbEntity
  8
SURVEY-LABELS
100
AcDbText
 10
250.2679443359375
 20
208.53900146484375
 30
45.16500015258789
 40
1.2
  1
44.965
 11
250.2679443359375
 21
208.53900146484375
 31
45.16500015258789
100
AcDbText
  0
POINT
  5
1E9
330
17
100
AcDbEntity
  8
SURVEY-POINTS
100
AcDbPoint
 10
164.3778076171875
 20
208.15829467773438
 30
43.821998596191406
  0
TEXT
  5
1EA
330
17
100
AcDbEntity
  8
SURVEY-LABELS
100
AcDbText
 10
164.3778076171875
 20
208.15829467773438
 30
44.02199859619141
 40
1.2
  1
43.822
 11
164.3778076171875
 21
208.15829467773438
 31
44.02199859619141
100
AcDbText
  0
POINT
  5
1EB
330
17
100
AcDbEntity
  8
SURVEY-POINTS
100
AcDbPoint
 10
45.252540588378906
 20
207.6083984375
 30
44.22999954223633
  0
TEXT
  5
1EC
330
17
100
AcDbEntity
  8
SURVEY-LABELS
100
AcDbText
 10
45.252540588378906
 20
207.6083984375
 30
44.42999954223633
 40
1.2
  1
44.230
 11
45.252540588378906
 21
207.6083984375
 31
44.42999954223633
100
AcDbText
  0
POINT
  5
1ED
330
17
100
AcDbEntity
  8
SURVEY-POINTS
100
AcDbPoint
 10
170.74395751953125
 20
207.50265502929688
 30
44.02199935913086
  0
TEXT
  5
1EE
330
17
100
AcDbEntity
  8
SURVEY-LABELS
100
AcDbText
 10
170.74395751953125
 20
207.50265502929688
 30
44.22199935913086
 40
1.2
  1
44.022
 11
170.74395751953125
 21
207.50265502929688
 31
44.22199935913086
100
AcDbText
  0
POINT
  5
1EF
330
17
100
AcDbEntity
  8
SURVEY-POINTS
100
AcDbPoint
 10
195.362548828125
 20
207.47303771972656
 30
44.40700149536133
  0
TEXT
  5
1F0
330
17
100
AcDbEntity
  8
SURVEY-LABELS
100
AcDbText
 10
195.362548828125
 20
207.47303771972656
 30
44.60700149536133
 40
1.2
  1
44.407
 11
195.362548828125
 21
207.47303771972656
 31
44.60700149536133
100
AcDbText
  0
POINT
  5
1F1
330
17
100
AcDbEntity
  8
SURVEY-POINTS
100
AcDbPoint
 10
185.0625
 20
207.27000427246094
 30
44.40399932861328
  0
TEXT
  5
1F2
330
17
100
AcDbEntity
  8
SURVEY-LABELS
100
AcDbText
 10
185.0625
 20
207.27000427246094
 30
44.603999328613284
 40
1.2
  1
44.404
 11
185.0625
 21
207.27000427246094
 31
44.603999328613284
100
AcDbText
  0
POINT
  5
1F3
330
17
100
AcDbEntity
  8
SURVEY-POINTS
100
AcDbPoint
 10
186.75450134277344
 20
207.27000427246094
 30
44.32500076293945
  0
TEXT
  5
1F4
330
17
100
AcDbEntity
  8
SURVEY-LABELS
100
AcDbText
 10
186.75450134277344
 20
207.27000427246094
 30
44.525000762939456
 40
1.2
  1
44.325
 11
186.75450134277344
 21
207.27000427246094
 31
44.525000762939456
100
AcDbText
  0
POINT
  5
1F5
330
17
100
AcDbEntity
  8
SURVEY-POINTS
100
AcDbPoint
 10
164.2720489501953
 20
205.91639709472656
 30
43.21200180053711
  0
TEXT
  5
1F6
330
17
100
AcDbEntity
  8
SURVEY-LABELS
100
AcDbText
 10
164.2720489501953
 20
205.91639709472656
 30
43.41200180053711
 40
1.2
  1
43.212
 11
164.2720489501953
 21
205.91639709472656
 31
43.41200180053711
100
AcDbText
  0
POINT
  5
1F7
330
17
100
AcDbEntity
  8
SURVEY-POINTS
100
AcDbPoint
 10
47.587501525878906
 20
205.32420349121094
 30
44.14799880981445
  0
TEXT
  5
1F8
330
17
100
AcDbEntity
  8
SURVEY-LABELS
100
AcDbText
 10
47.587501525878906
 20
205.32420349121094
 30
44.347998809814456
 40
1.2
  1
44.148
 11
47.587501525878906
 21
205.32420349121094
 31
44.347998809814456
100
AcDbText
  0
POINT
  5
1F9
330
17
100
AcDbEntity
  8
SURVEY-POINTS
100
AcDbPoint
 10
111.07980346679688
 20
205.11270141601562
 30
44.75
  0
TEXT
  5
1FA
330
17
100
AcDbEntity
  8
SURVEY-LABELS
100
AcDbText
 10
111.07980346679688
 20
205.11270141601562
 30
44.95
 40
1.2
  1
44.750
 11
111.07980346679688
 21
205.11270141601562
 31
44.95
100
AcDbText
  0
POINT
  5
1FB
330
17
100
AcDbEntity
  8
SURVEY-POINTS
100
AcDbPoint
 10
165.87945556640625
 20
204.54165649414062
 30
44.292999267578125
  0
TEXT
  5
1FC
330
17
100
AcDbEntity
  8
SURVEY-LABELS
100
AcDbText
 10
165.87945556640625
 20
204.54165649414062
 30
44.49299926757813
 40
1.2
  1
44.293
 11
165.87945556640625
 21
204.54165649414062
 31
44.49299926757813
100
AcDbText
  0
POINT
  5
1FD
330
17
100
AcDbEntity
  8
SURVEY-POINTS
100
AcDbPoint
 10
115.50015258789062
 20
203.9198455810547
 30
44.28799819946289
  0
TEXT
  5
1FE
330
17
100
AcDbEntity
  8
SURVEY-LABELS
100
AcDbText
 10
115.50015258789062
 20
203.9198455810547
 30
44.48799819946289
 40
1.2
  1
44.288
 11
115.50015258789062
 21
203.9198455810547
 31
44.48799819946289
100
AcDbText
  0
POINT
  5
1FF
330
17
100
AcDbEntity
  8
SURVEY-POINTS
100
AcDbPoint
 10
161.9032440185547
 20
203.5052947998047
 30
43.40700149536133
  0
TEXT
  5
200
330
17
100
AcDbEntity
  8
SURVEY-LABELS
100
AcDbText
 10
161.9032440185547
 20
203.5052947998047
 30
43.60700149536133
 40
1.2
  1
43.407
 11
161.9032440185547
 21
203.5052947998047
 31
43.60700149536133
100
AcDbText
  0
POINT
  5
201
330
17
100
AcDbEntity
  8
SURVEY-POINTS
100
AcDbPoint
 10
246.3975067138672
 20
203.37840270996094
 30
44.60900115966797
  0
TEXT
  5
202
330
17
100
AcDbEntity
  8
SURVEY-LABELS
100
AcDbText
 10
246.3975067138672
 20
203.37840270996094
 30
44.80900115966797
 40
1.2
  1
44.609
 11
246.3975067138672
 21
203.37840270996094
 31
44.80900115966797
100
AcDbText
  0
POINT
  5
203
330
17
100
AcDbEntity
  8
SURVEY-POINTS
100
AcDbPoint
 10
258.1145935058594
 20
203.31495666503906
 30
44.60599899291992
  0
TEXT
  5
204
330
17
100
AcDbEntity
  8
SURVEY-LABELS
100
AcDbText
 10
258.1145935058594
 20
203.31495666503906
 30
44.805998992919925
 40
1.2
  1
44.606
 11
258.1145935058594
 21
203.31495666503906
 31
44.805998992919925
100
AcDbText
  0
POINT
  5
205
330
17
100
AcDbEntity
  8
SURVEY-POINTS
100
AcDbPoint
 10
170.82855224609375
 20
203.16690063476562
 30
43.29899978637695
  0
TEXT
  5
206
330
17
100
AcDbEntity
  8
SURVEY-LABELS
100
AcDbText
 10
170.82855224609375
 20
203.16690063476562
 30
43.498999786376956
 40
1.2
  1
43.299
 11
170.82855224609375
 21
203.16690063476562
 31
43.498999786376956
100
AcDbText
  0
POINT
  5
207
330
17
100
AcDbEntity
  8
SURVEY-POINTS
100
AcDbPoint
 10
51.20415115356445
 20
203.0399932861328
 30
44.3489990234375
  0
TEXT
  5
208
330
17
100
AcDbEntity
  8
SURVEY-LABELS
100
AcDbText
 10
51.20415115356445
 20
203.0399932861328
 30
44.5489990234375
 40
1.2
  1
44.349
 11
51.20415115356445
 21
203.0399932861328
 31
44.5489990234375
100
AcDbText
  0
POINT
  5
209
330
17
100
AcDbEntity
  8
SURVEY-POINTS
100
AcDbPoint
 10
63.89414978027344
 20
202.8708038330078
 30
44.375
  0
TEXT
  5
20A
330
17
100
AcDbEntity
  8
SURVEY-LABELS
100
AcDbText
 10
63.89414978027344
 20
202.8708038330078
 30
44.575
 40
1.2
  1
44.375
 11
63.89414978027344
 21
202.8708038330078
 31
44.575
100
AcDbText
  0
POINT
  5
20B
330
17
100
AcDbEntity
  8
SURVEY-POINTS
100
AcDbPoint
 10
249.76034545898438
 20
202.19400024414062
 30
44.566001892089844
  0
TEXT
  5
20C
330
17
100
AcDbEntity
  8
SURVEY-LABELS
100
AcDbText
 10
249.76034545898438
 20
202.19400024414062
 30
44.76600189208985
 40
1.2
  1
44.566
 11
249.76034545898438
 21
202.19400024414062
 31
44.76600189208985
100
AcDbText
  0
POINT
  5
20D
330
17
100
AcDbEntity
  8
SURVEY-POINTS
100
AcDbPoint
 10
242.44244384765625
 20
202.0670928955078
 30
44.58000183105469
  0
TEXT
  5
20E
330
17
100
AcDbEntity
  8
SURVEY-LABELS
100
AcDbText
 10
242.44244384765625
 20
202.0670928955078
 30
44.78000183105469
 40
1.2
  1
44.580
 11
242.44244384765625
 21
202.0670928955078
 31
44.78000183105469
100
AcDbText
  0
POINT
  5
20F
330
17
100
AcDbEntity
  8
SURVEY-POINTS
100
AcDbPoint
 10
54.88425064086914
 20
201.8979034423828
 30
44.28200149536133
  0
TEXT
  5
210
330
17
100
AcDbEntity
  8
SURVEY-LABELS
100
AcDbText
 10
54.88425064086914
 20
201.8979034423828
 30
44.48200149536133
 40
1.2
  1
44.282
 11
54.88425064086914
 21
201.8979034423828
 31
44.48200149536133
100
AcDbText
  0
POINT
  5
211
330
17
100
AcDbEntity
  8
SURVEY-POINTS
100
AcDbPoint
 10
182.10150146484375
 20
201.85560607910156
 30
43.44499969482422
  0
TEXT
  5
212
330
17
100
AcDbEntity
  8
SURVEY-LABELS
100
AcDbText
 10
182.10150146484375
 20
201.85560607910156
 30
43.64499969482422
 40
1.2
  1
43.445
 11
182.10150146484375
 21
201.85560607910156
 31
43.64499969482422
100
AcDbText
  0
POINT
  5
213
330
17
100
AcDbEntity
  8
SURVEY-POINTS
100
AcDbPoint
 10
105.79229736328125
 20
201.82176208496094
 30
44.2859992980957
  0
TEXT
  5
214
330
17
100
AcDbEntity
  8
SURVEY-LABELS
100
AcDbText
 10
105.79229736328125
 20
201.82176208496094
 30
44.485999298095706
 40
1.2
  1
44.286
 11
105.79229736328125
 21
201.82176208496094
 31
44.485999298095706
100
AcDbText
  0
POINT
  5
215
330
17
100
AcDbEntity
  8
SURVEY-POINTS
100
AcDbPoint
 10
107.48429870605469
 20
201.82176208496094
 30
44.27399826049805
  0
TEXT
  5
216
330
17
100
AcDbEntity
  8
SURVEY-LABELS
100
AcDbText
 10
107.48429870605469
 20
201.82176208496094
 30
44.47399826049805
 40
1.2
  1
44.274
 11
107.48429870605469
 21
201.82176208496094
 31
44.47399826049805
100
AcDbText
  0
POINT
  5
217
330
17
100
AcDbEntity
  8
SURVEY-POINTS
100
AcDbPoint
 10
257.20513916015625
 20
201.55104064941406
 30
44.55799865722656
  0
TEXT
  5
218
330
17
100
AcDbEntity
  8
SURVEY-LABELS
100
AcDbText
 10
257.20513916015625
 20
201.55104064941406
 30
44.757998657226565
 40
1.2
  1
44.558
 11
257.20513916015625
 21
201.55104064941406
 31
44.757998657226565
100
AcDbText
  0
POINT
  5
219
330
17
100
AcDbEntity
  8
SURVEY-POINTS
100
AcDbPoint
 10
98.60130310058594
 20
200.9757537841797
 30
44.37300109863281
  0
TEXT
  5
21A
330
17
100
AcDbEntity
  8
SURVEY-LABELS
100
AcDbText
 10
98.60130310058594
 20
200.9757537841797
 30
44.573001098632815
 40
1.2
  1
44.373
 11
98.60130310058594
 21
200.9757537841797
 31
44.573001098632815
100
AcDbText
  0
POINT
  5
21B
330
17
100
AcDbEntity
  8
SURVEY-POINTS
100
AcDbPoint
 10
47.524051666259766
 20
200.94615173339844
 30
44.189998626708984
  0
TEXT
  5
21C
330
17
100
AcDbEntity
  8
SURVEY-LABELS
100
AcDbText
 10
47.524051666259766
 20
200.94615173339844
 30
44.38999862670899
 40
1.2
  1
44.190
 11
47.524051666259766
 21
200.94615173339844
 31
44.38999862670899
100
AcDbText
  0
POINT
  5
21D
330
17
100
AcDbEntity
  8
SURVEY-POINTS
100
AcDbPoint
 10
135.21194458007812
 20
200.9038543701172
 30
44.75
  0
TEXT
  5
21E
330
17
100
AcDbEntity
  8
SURVEY-LABELS
100
AcDbText
 10
135.21194458007812
 20
200.9038543701172
 30
44.95
 40
1.2
  1
44.750
 11
135.21194458007812
 21
200.9038543701172
 31
44.95
100
AcDbText
  0
POINT
  5
21F
330
17
100
AcDbEntity
  8
SURVEY-POINTS
100
AcDbPoint
 10
142.2760467529297
 20
200.798095703125
 30
44.630001068115234
  0
TEXT
  5
220
330
17
100
AcDbEntity
  8
SURVEY-LABELS
100
AcDbText
 10
142.2760467529297
 20
200.798095703125
 30
44.83000106811524
 40
1.2
  1
44.630
 11
142.2760467529297
 21
200.798095703125
 31
44.83000106811524
100
AcDbText
  0
POINT
  5
221
330
17
100
AcDbEntity
  8
SURVEY-POINTS
100
AcDbPoint
 10
182.06765747070312
 20
200.74734497070312
 30
42.005001068115234
  0
TEXT
  5
222
330
17
100
AcDbEntity
  8
SURVEY-LABELS
100
AcDbText
 10
182.06765747070312
 20
200.74734497070312
 30
42.20500106811524
 40
1.2
  1
42.005
 11
182.06765747070312
 21
200.74734497070312
 31
42.20500106811524
100
AcDbText
  0
POINT
  5
223
330
17
100
AcDbEntity
  8
SURVEY-POINTS
100
AcDbPoint
 10
63.93645095825195
 20
200.62890625
 30
44.44499969482422
  0
TEXT
  5
224
330
17
100
AcDbEntity
  8
SURVEY-LABELS
100
AcDbText
 10
63.93645095825195
 20
200.62890625
 30
44.64499969482422
 40
1.2
  1
44.445
 11
63.93645095825195
 21
200.62890625
 31
44.64499969482422
100
AcDbText
  0
POINT
  5
225
330
17
100
AcDbEntity
  8
SURVEY-POINTS
100
AcDbPoint
 10
118.41885375976562
 20
200.54429626464844
 30
44.303001403808594
  0
TEXT
  5
226
330
17
100
AcDbEntity
  8
SURVEY-LABELS
100
AcDbText
 10
118.41885375976562
 20
200.54429626464844
 30
44.5030014038086
 40
1.2
  1
44.303
 11
118.41885375976562
 21
200.54429626464844
 31
44.5030014038086
100
AcDbText
  0
POINT
  5
227
330
17
100
AcDbEntity
  8
SURVEY-POINTS
100
AcDbPoint
 10
52.5577507019043
 20
200.07899475097656
 30
44.11899948120117
  0
TEXT
  5
228
330
17
100
AcDbEntity
  8
SURVEY-LABELS
100
AcDbText
 10
52.5577507019043
 20
200.07899475097656
 30
44.318999481201175
 40
1.2
  1
44.119
 11
52.5577507019043
 21
200.07899475097656
 31
44.318999481201175
100
AcDbText
  0
POINT
  5
229
330
17
100
AcDbEntity
  8
SURVEY-POINTS
100
AcDbPoint
 10
186.79257202148438
 20
199.8336639404297
 30
44.10200119018555
  0
TEXT
  5
22A
330
17
100
AcDbEntity
  8
SURVEY-LABELS
100
AcDbText
 10
186.79257202148438
 20
199.8336639404297
 30
44.30200119018555
 40
1.2
  1
44.102
 11
186.79257202148438
 21
199.8336639404297
 31
44.30200119018555
100
AcDbText
  0
POINT
  5
22B
330
17
100
AcDbEntity
  8
SURVEY-POINTS
100
AcDbPoint
 10
82.54844665527344
 20
199.76174926757812
 30
44.196998596191406
  0
TEXT
  5
22C
330
17
100
AcDbEntity
  8
SURVEY-LABELS
100
AcDbText
 10
82.54844665527344
 20
199.76174926757812
 30
44.39699859619141
 40
1.2
  1
44.197
 11
82.54844665527344
 21
199.76174926757812
 31
44.39699859619141
100
AcDbText
  0
POINT
  5
22D
330
17
100
AcDbEntity
  8
SURVEY-POINTS
100
AcDbPoint
 10
108.5206527709961
 20
199.67715454101562
 30
44.36000061035156
  0
TEXT
  5
22E
330
17
100
AcDbEntity
  8
SURVEY-LABELS
100
AcDbText
 10
108.5206527709961
 20
199.67715454101562
 30
44.560000610351565
 40
1.2
  1
44.360
 11
108.5206527709961
 21
199.67715454101562
 31
44.560000610351565
100
AcDbText
  0
POINT
  5
22F
330
17
100
AcDbEntity
  8
SURVEY-POINTS
100
AcDbPoint
 10
45.683998107910156
 20
199.6136932373047
 30
44.06999969482422
  0
TEXT
  5
230
330
17
100
AcDbEntity
  8
SURVEY-LABELS
100
AcDbText
 10
45.683998107910156
 20
199.6136932373047
 30
44.26999969482422
 40
1.2
  1
44.070
 11
45.683998107910156
 21
199.6136932373047
 31
44.26999969482422
100
AcDbText
  0
POINT
  5
231
330
17
100
AcDbEntity
  8
SURVEY-POINTS
100
AcDbPoint
 10
182.06765747070312
 20
199.57139587402344
 30
42.986000061035156
  0
TEXT
  5
232
330
17
100
AcDbEntity
  8
SURVEY-LABELS
100
AcDbText
 10
182.06765747070312
 20
199.57139587402344
 30
43.18600006103516
 40
1.2
  1
42.986
 11
182.06765747070312
 21
199.57139587402344
 31
43.18600006103516
100
AcDbText
  0
POINT
  5
233
330
17
100
AcDbEntity
  8
SURVEY-POINTS
100
AcDbPoint
 10
168.6416473388672
 20
199.4445037841797
 30
43.47100067138672
  0
TEXT
  5
234
330
17
100
AcDbEntity
  8
SURVEY-LABELS
100
AcDbText
 10
168.6416473388672
 20
199.4445037841797
 30
43.67100067138672
 40
1.2
  1
43.471
 11
168.6416473388672
 21
199.4445037841797
 31
43.67100067138672
100
AcDbText
  0
POINT
  5
235
330
17
100
AcDbEntity
  8
SURVEY-POINTS
100
AcDbPoint
 10
95.19615173339844
 20
199.35989379882812
 30
44.21900177001953
  0
TEXT
  5
236
330
17
100
AcDbEntity
  8
SURVEY-LABELS
100
AcDbText
 10
95.19615173339844
 20
199.35989379882812
 30
44.419001770019534
 40
1.2
  1
44.219
 11
95.19615173339844
 21
199.35989379882812
 31
44.419001770019534
100
AcDbText
  0
POINT
  5
237
330
17
100
AcDbEntity
  8
SURVEY-POINTS
100
AcDbPoint
 10
64.11833953857422
 20
199.31759643554688
 30
44.25
  0
TEXT
  5
238
330
17
100
AcDbEntity
  8
SURVEY-LABELS
100
AcDbText
 10
64.11833953857422
 20
199.31759643554688
 30
44.45
 40
1.2
  1
44.250
 11
64.11833953857422
 21
199.31759643554688
 31
44.45
100
AcDbText
  0
POINT
  5
239
330
17
100
AcDbEntity
  8
SURVEY-POINTS
100
AcDbPoint
 10
244.2613525390625
 20
199.241455078125
 30
44.2859992980957
  0
TEXT
  5
23A
330
17
100
AcDbEntity
  8
SURVEY-LABELS
100
AcDbText
 10
244.2613525390625
 20
199.241455078125
 30
44.485999298095706
 40
1.2
  1
44.286
 11
244.2613525390625
 21
199.241455078125
 31
44.485999298095706
100
AcDbText
  0
POINT
  5
23B
330
17
100
AcDbEntity
  8
SURVEY-POINTS
100
AcDbPoint
 10
120.00509643554688
 20
199.02149963378906
 30
44.207000732421875
  0
TEXT
  5
23C
330
17
100
AcDbEntity
  8
SURVEY-LABELS
100
AcDbText
 10
120.00509643554688
 20
199.02149963378906
 30
44.40700073242188
 40
1.2
  1
44.207
 11
120.00509643554688
 21
199.02149963378906
 31
44.40700073242188
100
AcDbText
  0
POINT
  5
23D
330
17
100
AcDbEntity
  8
SURVEY-POINTS
100
AcDbPoint
 10
126.35009765625
 20
198.9792022705078
 30
44.012001037597656
  0
TEXT
  5
23E
330
17
100
AcDbEntity
  8
SURVEY-LABELS
100
AcDbText
 10
126.35009765625
 20
198.9792022705078
 30
44.21200103759766
 40
1.2
  1
44.012
 11
126.35009765625
 21
198.9792022705078
 31
44.21200103759766
100
AcDbText
  0
POINT
  5
23F
330
17
100
AcDbEntity
  8
SURVEY-POINTS
100
AcDbPoint
 10
179.626953125
 20
198.53504943847656
 30
43.9109992980957
  0
TEXT
  5
240
330
17
100
AcDbEntity
  8
SURVEY-LABELS
100
AcDbText
 10
179.626953125
 20
198.53504943847656
 30
44.110999298095706
 40
1.2
  1
43.911
 11
179.626953125
 21
198.53504943847656
 31
44.110999298095706
100
AcDbText
  0
POINT
  5
241
330
17
100
AcDbEntity
  8
SURVEY-POINTS
100
AcDbPoint
 10
51.20415115356445
 20
197.9217071533203
 30
43.902000427246094
  0
TEXT
  5
242
330
17
100
AcDbEntity
  8
SURVEY-LABELS
100
AcDbText
 10
51.20415115356445
 20
197.9217071533203
 30
44.1020004272461
 40
1.2
  1
43.902
 11
51.20415115356445
 21
197.9217071533203
 31
44.1020004272461
100
AcDbText
  0
POINT
  5
243
330
17
100
AcDbEntity
  8
SURVEY-POINTS
100
AcDbPoint
 10
126.35009765625
 20
197.87939453125
 30
42.53799819946289
  0
TEXT
  5
244
330
17
100
AcDbEntity
  8
SURVEY-LABELS
100
AcDbText
 10
126.35009765625
 20
197.87939453125
 30
42.73799819946289
 40
1.2
  1
42.538
 11
126.35009765625
 21
197.87939453125
 31
42.73799819946289
100
AcDbText
  0
POINT
  5
245
330
17
100
AcDbEntity
  8
SURVEY-POINTS
100
AcDbPoint
 10
156.99644470214844
 20
197.4987030029297
 30
44.47800064086914
  0
TEXT
  5
246
330
17
100
AcDbEntity
  8
SURVEY-LABELS
100
AcDbText
 10
156.99644470214844
 20
197.4987030029297
 30
44.67800064086914
 40
1.2
  1
44.478
 11
156.99644470214844
 21
197.4987030029297
 31
44.67800064086914
100
AcDbText
  0
POINT
  5
247
330
17
100
AcDbEntity
  8
SURVEY-POINTS
100
AcDbPoint
 10
260.8641052246094
 20
197.47755432128906
 30
44.604000091552734
  0
TEXT
  5
248
330
17
100
AcDbEntity
  8
SURVEY-LABELS
100
AcDbText
 10
260.8641052246094
 20
197.47755432128906
 30
44.80400009155274
 40
1.2
  1
44.604
 11
260.8641052246094
 21
197.47755432128906
 31
44.80400009155274
100
AcDbText
  0
POINT
  5
249
330
17
100
AcDbEntity
  8
SURVEY-POINTS
100
AcDbPoint
 10
299.5051574707031
 20
197.4225616455078
 30
43.78099822998047
  0
TEXT
  5
24A
330
17
100
AcDbEntity
  8
SURVEY-LABELS
100
AcDbText
 10
299.5051574707031
 20
197.4225616455078
 30
43.98099822998047
 40
1.2
  1
43.781
 11
299.5051574707031
 21
197.4225616455078
 31
43.98099822998047
100
AcDbText
  0
POINT
  5
24B
330
17
100
AcDbEntity
  8
SURVEY-POINTS
100
AcDbPoint
 10
42.206939697265625
 20
197.3041229248047
 30
43.935001373291016
  0
TEXT
  5
24C
330
17
100
AcDbEntity
  8
SURVEY-LABELS
100
AcDbText
 10
42.206939697265625
 20
197.3041229248047
 30
44.13500137329102
 40
1.2
  1
43.935
 11
42.206939697265625
 21
197.3041229248047
 31
44.13500137329102
100
AcDbText
  0
POINT
  5
24D
330
17
100
AcDbEntity
  8
SURVEY-POINTS
100
AcDbPoint
 10
256.24493408203125
 20
196.9995574951172
 30
44.4900016784668
  0
TEXT
  5
24E
330
17
100
AcDbEntity
  8
SURVEY-LABELS
100
AcDbText
 10
256.24493408203125
 20
196.9995574951172
 30
44.6900016784668
 40
1.2
  1
44.490
 11
256.24493408203125
 21
196.9995574951172
 31
44.6900016784668
100
AcDbText
  0
POINT
  5
24F
330
17
100
AcDbEntity
  8
SURVEY-POINTS
100
AcDbPoint
 10
190.39230346679688
 20
196.99110412597656
 30
44.20000076293945
  0
TEXT
  5
250
330
17
100
AcDbEntity
  8
SURVEY-LABELS
100
AcDbText
 10
190.39230346679688
 20
196.99110412597656
 30
44.400000762939456
 40
1.2
  1
44.200
 11
190.39230346679688
 21
196.99110412597656
 31
44.400000762939456
100
AcDbText
  0
POINT
  5
251
330
17
100
AcDbEntity
  8
SURVEY-POINTS
100
AcDbPoint
 10
126.28665161132812
 20
196.7373046875
 30
43.91899871826172
  0
TEXT
  5
252
330
17
100
AcDbEntity
  8
SURVEY-LABELS
100
AcDbText
 10
126.28665161132812
 20
196.7373046875
 30
44.11899871826172
 40
1.2
  1
43.919
 11
126.28665161132812
 21
196.7373046875
 31
44.11899871826172
100
AcDbText
  0
POINT
  5
253
330
17
100
AcDbEntity
  8
SURVEY-POINTS
100
AcDbPoint
 10
120.02625274658203
 20
196.69500732421875
 30
44.257999420166016
  0
TEXT
  5
254
330
17
100
AcDbEntity
  8
SURVEY-LABELS
100
AcDbText
 10
120.02625274658203
 20
196.69500732421875
 30
44.45799942016602
 40
1.2
  1
44.258
 11
120.02625274658203
 21
196.69500732421875
 31
44.45799942016602
100
AcDbText
  0
POINT
  5
255
330
17
100
AcDbEntity
  8
SURVEY-POINTS
100
AcDbPoint
 10
160.8668975830078
 20
195.9759063720703
 30
43.11899948120117
  0
TEXT
  5
256
330
17
100
AcDbEntity
  8
SURVEY-LABELS
100
AcDbText
 10
160.8668975830078
 20
195.9759063720703
 30
43.318999481201175
 40
1.2
  1
43.119
 11
160.8668975830078
 21
195.9759063720703
 31
43.318999481201175
100
AcDbText
  0
POINT
  5
257
330
17
100
AcDbEntity
  8
SURVEY-POINTS
100
AcDbPoint
 10
45.78974914550781
 20
195.89129638671875
 30
43.98500061035156
  0
TEXT
  5
258
330
17
100
AcDbEntity
  8
SURVEY-LABELS
100
AcDbText
 10
45.78974914550781
 20
195.89129638671875
 30
44.185000610351565
 40
1.2
  1
43.985
 11
45.78974914550781
 21
195.89129638671875
 31
44.185000610351565
100
AcDbText
  0
POINT
  5
259
330
17
100
AcDbEntity
  8
SURVEY-POINTS
100
AcDbPoint
 10
47.48175048828125
 20
195.89129638671875
 30
44.027000427246094
  0
TEXT
  5
25A
330
17
100
AcDbEntity
  8
SURVEY-LABELS
100
AcDbText
 10
47.48175048828125
 20
195.89129638671875
 30
44.2270004272461
 40
1.2
  1
44.027
 11
47.48175048828125
 21
195.89129638671875
 31
44.2270004272461
100
AcDbText
  0
POINT
  5
25B
330
17
100
AcDbEntity
  8
SURVEY-POINTS
100
AcDbPoint
 10
165.20265197753906
 20
195.78555297851562
 30
43.4900016784668
  0
TEXT
  5
25C
330
17
100
AcDbEntity
  8
SURVEY-LABELS
100
AcDbText
 10
165.20265197753906
 20
195.78555297851562
 30
43.6900016784668
 40
1.2
  1
43.490
 11
165.20265197753906
 21
195.78555297851562
 31
43.6900016784668
100
AcDbText
  0
POINT
  5
25D
330
17
100
AcDbEntity
  8
SURVEY-POINTS
100
AcDbPoint
 10
98.58014678955078
 20
195.5529022216797
 30
44.56399917602539
  0
TEXT
  5
25E
330
17
100
AcDbEntity
  8
SURVEY-LABELS
100
AcDbText
 10
98.58014678955078
 20
195.5529022216797
 30
44.76399917602539
 40
1.2
  1
44.564
 11
98.58014678955078
 21
195.5529022216797
 31
44.76399917602539
100
AcDbText
  0
POINT
  5
25F
330
17
100
AcDbEntity
  8
SURVEY-POINTS
100
AcDbPoint
 10
52.240501403808594
 20
195.42599487304688
 30
43.97700119018555
  0
TEXT
  5
260
330
17
100
AcDbEntity
  8
SURVEY-LABELS
100
AcDbText
 10
52.240501403808594
 20
195.42599487304688
 30
44.17700119018555
 40
1.2
  1
43.977
 11
52.240501403808594
 21
195.42599487304688
 31
44.17700119018555
100
AcDbText
  0
POINT
  5
261
330
17
100
AcDbEntity
  8
SURVEY-POINTS
100
AcDbPoint
 10
118.46115112304688
 20
195.25680541992188
 30
44.31999969482422
  0
TEXT
  5
262
330
17
100
AcDbEntity
  8
SURVEY-LABELS
100
AcDbText
 10
118.46115112304688
 20
195.25680541992188
 30
44.51999969482422
 40
1.2
  1
44.320
 11
118.46115112304688
 21
195.25680541992188
 31
44.51999969482422
100
AcDbText
  0
POINT
  5
263
330
17
100
AcDbEntity
  8
SURVEY-POINTS
100
AcDbPoint
 10
268.5838623046875
 20
195.25680541992188
 30
44.41999816894531
  0
TEXT
  5
264
330
17
100
AcDbEntity
  8
SURVEY-LABELS
100
AcDbText
 10
268.5838623046875
 20
195.25680541992188
 30
44.619998168945315
 40
1.2
  1
44.420
 11
268.5838623046875
 21
195.25680541992188
 31
44.619998168945315
100
AcDbText
  0
POINT
  5
265
330
17
100
AcDbEntity
  8
SURVEY-POINTS
100
AcDbPoint
 10
139.10354614257812
 20
194.55885314941406
 30
44.13999938964844
  0
TEXT
  5
266
330
17
100
AcDbEntity
  8
SURVEY-LABELS
100
AcDbText
 10
139.10354614257812
 20
194.55885314941406
 30
44.33999938964844
 40
1.2
  1
44.140
 11
139.10354614257812
 21
194.55885314941406
 31
44.33999938964844
100
AcDbText
  0
POINT
  5
267
330
17
100
AcDbEntity
  8
SURVEY-POINTS
100
AcDbPoint
 10
91.45259857177734
 20
194.4742431640625
 30
43.86199951171875
  0
TEXT
  5
268
330
17
100
AcDbEntity
  8
SURVEY-LABELS
100
AcDbText
 10
91.45259857177734
 20
194.4742431640625
 30
44.06199951171875
 40
1.2
  1
43.862
 11
91.45259857177734
 21
194.4742431640625
 31
44.06199951171875
100
AcDbText
  0
POINT
  5
269
330
17
100
AcDbEntity
  8
SURVEY-POINTS
100
AcDbPoint
 10
18.358200073242188
 20
194.43194580078125
 30
43.9630012512207
  0
TEXT
  5
26A
330
17
100
AcDbEntity
  8
SURVEY-LABELS
100
AcDbText
 10
18.358200073242188
 20
194.43194580078125
 30
44.163001251220706
 40
1.2
  1
43.963
 11
18.358200073242188
 21
194.43194580078125
 31
44.163001251220706
100
AcDbText
  0
POINT
  5
26B
330
17
100
AcDbEntity
  8
SURVEY-POINTS
100
AcDbPoint
 10
73.24244689941406
 20
194.40234375
 30
44.03900146484375
  0
TEXT
  5
26C
330
17
100
AcDbEntity
  8
SURVEY-LABELS
100
AcDbText
 10
73.24244689941406
 20
194.40234375
 30
44.23900146484375
 40
1.2
  1
44.039
 11
73.24244689941406
 21
194.40234375
 31
44.23900146484375
100
AcDbText
  0
POINT
  5
26D
330
17
100
AcDbEntity
  8
SURVEY-POINTS
100
AcDbPoint
 10
150.270751953125
 20
194.0301055908203
 30
44.00199890136719
  0
TEXT
  5
26E
330
17
100
AcDbEntity
  8
SURVEY-LABELS
100
AcDbText
 10
150.270751953125
 20
194.0301055908203
 30
44.20199890136719
 40
1.2
  1
44.002
 11
150.270751953125
 21
194.0301055908203
 31
44.20199890136719
100
AcDbText
  0
POINT
  5
26F
330
17
100
AcDbEntity
  8
SURVEY-POINTS
100
AcDbPoint
 10
268.0762634277344
 20
193.79745483398438
 30
44.13399887084961
  0
TEXT
  5
270
330
17
100
AcDbEntity
  8
SURVEY-LABELS
100
AcDbText
 10
268.0762634277344
 20
193.79745483398438
 30
44.33399887084961
 40
1.2
  1
44.134
 11
268.0762634277344
 21
193.79745483398438
 31
44.33399887084961
100
AcDbText
  0
POINT
  5
271
330
17
100
AcDbEntity
  8
SURVEY-POINTS
100
AcDbPoint
 10
53.69984817504883
 20
193.64939880371094
 30
43.93000030517578
  0
TEXT
  5
272
330
17
100
AcDbEntity
  8
SURVEY-LABELS
100
AcDbText
 10
53.69984817504883
 20
193.64939880371094
 30
44.130000305175784
 40
1.2
  1
43.930
 11
53.69984817504883
 21
193.64939880371094
 31
44.130000305175784
100
AcDbText
  0
POINT
  5
273
330
17
100
AcDbEntity
  8
SURVEY-POINTS
100
AcDbPoint
 10
179.37315368652344
 20
193.6071014404297
 30
43.32099914550781
  0
TEXT
  5
274
330
17
100
AcDbEntity
  8
SURVEY-LABELS
100
AcDbText
 10
179.37315368652344
 20
193.6071014404297
 30
43.520999145507815
 40
1.2
  1
43.321
 11
179.37315368652344
 21
193.6071014404297
 31
43.520999145507815
100
AcDbText
  0
POINT
  5
275
330
17
100
AcDbEntity
  8
SURVEY-POINTS
100
AcDbPoint
 10
44.82954025268555
 20
193.58595275878906
 30
43.98899841308594
  0
TEXT
  5
276
330
17
100
AcDbEntity
  8
SURVEY-LABELS
100
AcDbText
 10
44.82954025268555
 20
193.58595275878906
 30
44.18899841308594
 40
1.2
  1
43.989
 11
44.82954025268555
 21
193.58595275878906
 31
44.18899841308594
100
AcDbText
  0
POINT
  5
277
330
17
100
AcDbEntity
  8
SURVEY-POINTS
100
AcDbPoint
 10
159.13259887695312
 20
193.3194580078125
 30
43.909000396728516
  0
TEXT
  5
278
330
17
100
AcDbEntity
  8
SURVEY-LABELS
100
AcDbText
 10
159.13259887695312
 20
193.3194580078125
 30
44.10900039672852
 40
1.2
  1
43.909
 11
159.13259887695312
 21
193.3194580078125
 31
44.10900039672852
100
AcDbText
  0
POINT
  5
279
330
17
100
AcDbEntity
  8
SURVEY-POINTS
100
AcDbPoint
 10
74.19419860839844
 20
193.1417999267578
 30
44.09299850463867
  0
TEXT
  5
27A
330
17
100
AcDbEntity
  8
SURVEY-LABELS
100
AcDbText
 10
74.19419860839844
 20
193.1417999267578
 30
44.292998504638675
 40
1.2
  1
44.093
 11
74.19419860839844
 21
193.1417999267578
 31
44.292998504638675
100
AcDbText
  0
POINT
  5
27B
330
17
100
AcDbEntity
  8
SURVEY-POINTS
100
AcDbPoint
 10
170.53245544433594
 20
193.1417999267578
 30
43.39099884033203
  0
TEXT
  5
27C
330
17
100
AcDbEntity
  8
SURVEY-LABELS
100
AcDbText
 10
170.53245544433594
 20
193.1417999267578
 30
43.590998840332034
 40
1.2
  1
43.391
 11
170.53245544433594
 21
193.1417999267578
 31
43.590998840332034
100
AcDbText
  0
POINT
  5
27D
330
17
100
AcDbEntity
  8
SURVEY-POINTS
100
AcDbPoint
 10
123.11415100097656
 20
193.014892578125
 30
45.82400131225586
  0
TEXT
  5
27E
330
17
100
AcDbEntity
  8
SURVEY-LABELS
100
AcDbText
 10
123.11415100097656
 20
193.014892578125
 30
46.02400131225586
 40
1.2
  1
45.824
 11
123.11415100097656
 21
193.014892578125
 31
46.02400131225586
100
AcDbText
  0
POINT
  5
27F
330
17
100
AcDbEntity
  8
SURVEY-POINTS
100
AcDbPoint
 10
178.0745391845703
 20
192.40155029296875
 30
43.20399856567383
  0
TEXT
  5
280
330
17
100
AcDbEntity
  8
SURVEY-LABELS
100
AcDbText
 10
178.0745391845703
 20
192.40155029296875
 30
43.40399856567383
 40
1.2
  1
43.204
 11
178.0745391845703
 21
192.40155029296875
 31
43.40399856567383
100
AcDbText
  0
POINT
  5
281
330
17
100
AcDbEntity
  8
SURVEY-POINTS
100
AcDbPoint
 10
91.4103012084961
 20
192.2534942626953
 30
43.89500045776367
  0
TEXT
  5
282
330
17
100
AcDbEntity
  8
SURVEY-LABELS
100
AcDbText
 10
91.4103012084961
 20
192.2534942626953
 30
44.095000457763675
 40
1.2
  1
43.895
 11
91.4103012084961
 21
192.2534942626953
 31
44.095000457763675
100
AcDbText
  0
POINT
  5
283
330
17
100
AcDbEntity
  8
SURVEY-POINTS
100
AcDbPoint
 10
171.40806579589844
 20
192.0631561279297
 30
43.29499816894531
  0
TEXT
  5
284
330
17
100
AcDbEntity
  8
SURVEY-LABELS
100
AcDbText
 10
171.40806579589844
 20
192.0631561279297
 30
43.494998168945315
 40
1.2
  1
43.295
 11
171.40806579589844
 21
192.0631561279297
 31
43.494998168945315
100
AcDbText
  0
POINT
  5
285
330
17
100
AcDbEntity
  8
SURVEY-POINTS
100
AcDbPoint
 10
125.10224914550781
 20
191.872802734375
 30
42.9900016784668
  0
TEXT
  5
286
330
17
100
AcDbEntity
  8
SURVEY-LABELS
100
AcDbText
 10
125.10224914550781
 20
191.872802734375
 30
43.1900016784668
 40
1.2
  1
42.990
 11
125.10224914550781
 21
191.872802734375
 31
43.1900016784668
100
AcDbText
  0
POINT
  5
287
330
17
100
AcDbEntity
  8
SURVEY-POINTS
100
AcDbPoint
 10
120.11084747314453
 20
191.78819274902344
 30
44.29399871826172
  0
TEXT
  5
288
330
17
100
AcDbEntity
  8
SURVEY-LABELS
100
AcDbText
 10
120.11084747314453
 20
191.78819274902344
 30
44.49399871826172
 40
1.2
  1
44.294
 11
120.11084747314453
 21
191.78819274902344
 31
44.49399871826172
100
AcDbText
  0
POINT
  5
289
330
17
100
AcDbEntity
  8
SURVEY-POINTS
100
AcDbPoint
 10
152.0261993408203
 20
191.78819274902344
 30
43.91899871826172
  0
TEXT
  5
28A
330
17
100
AcDbEntity
  8
SURVEY-LABELS
100
AcDbText
 10
152.0261993408203
 20
191.78819274902344
 30
44.11899871826172
 40
1.2
  1
43.919
 11
152.0261993408203
 21
191.78819274902344
 31
44.11899871826172
100
AcDbText
  0
POINT
  5
28B
330
17
100
AcDbEntity
  8
SURVEY-POINTS
100
AcDbPoint
 10
178.8655548095703
 20
191.3863525390625
 30
43.20199966430664
  0
TEXT
  5
28C
330
17
100
AcDbEntity
  8
SURVEY-LABELS
100
AcDbText
 10
178.8655548095703
 20
191.3863525390625
 30
43.40199966430664
 40
1.2
  1
43.202
 11
178.8655548095703
 21
191.3863525390625
 31
43.40199966430664
100
AcDbText
  0
POINT
  5
28D
330
17
100
AcDbEntity
  8
SURVEY-POINTS
100
AcDbPoint
 10
159.196044921875
 20
190.9844970703125
 30
43.33300018310547
  0
TEXT
  5
28E
330
17
100
AcDbEntity
  8
SURVEY-LABELS
100
AcDbText
 10
159.196044921875
 20
190.9844970703125
 30
43.53300018310547
 40
1.2
  1
43.333
 11
159.196044921875
 21
190.9844970703125
 31
43.53300018310547
100
AcDbText
  0
POINT
  5
28F
330
17
100
AcDbEntity
  8
SURVEY-POINTS
100
AcDbPoint
 10
173.84454345703125
 20
190.90835571289062
 30
43.47700119018555
  0
TEXT
  5
290
330
17
100
AcDbEntity
  8
SURVEY-LABELS
100
AcDbText
 10
173.84454345703125
 20
190.90835571289062
 30
43.67700119018555
 40
1.2
  1
43.477
 11
173.84454345703125
 21
190.90835571289062
 31
43.67700119018555
100
AcDbText
  0
POINT
  5
291
330
17
100
AcDbEntity
  8
SURVEY-POINTS
100
AcDbPoint
 10
22.588199615478516
 20
190.7941436767578
 30
44.08300018310547
  0
TEXT
  5
292
330
17
100
AcDbEntity
  8
SURVEY-LABELS
100
AcDbText
 10
22.588199615478516
 20
190.7941436767578
 30
44.28300018310547
 40
1.2
  1
44.083
 11
22.588199615478516
 21
190.7941436767578
 31
44.28300018310547
100
AcDbText
  0
POINT
  5
293
330
17
100
AcDbEntity
  8
SURVEY-POINTS
100
AcDbPoint
 10
35.383949279785156
 20
190.6884002685547
 30
44.00600051879883
  0
TEXT
  5
294
330
17
100
AcDbEntity
  8
SURVEY-LABELS
100
AcDbText
 10
35.383949279785156
 20
190.6884002685547
 30
44.20600051879883
 40
1.2
  1
44.006
 11
35.383949279785156
 21
190.6884002685547
 31
44.20600051879883
100
AcDbText
  0
POINT
  5
295
330
17
100
AcDbEntity
  8
SURVEY-POINTS
100
AcDbPoint
 10
275.9652099609375
 20
190.6038055419922
 30
43.198001861572266
  0
TEXT
  5
296
330
17
100
AcDbEntity
  8
SURVEY-LABELS
100
AcDbText
 10
275.9652099609375
 20
190.6038055419922
 30
43.39800186157227
 40
1.2
  1
43.198
 11
275.9652099609375
 21
190.6038055419922
 31
43.39800186157227
100
AcDbText
  0
POINT
  5
297
330
17
100
AcDbEntity
  8
SURVEY-POINTS
100
AcDbPoint
 10
139.00625610351562
 20
190.39230346679688
 30
43.89699935913086
  0
TEXT
  5
298
330
17
100
AcDbEntity
  8
SURVEY-LABELS
100
AcDbText
 10
139.00625610351562
 20
190.39230346679688
 30
44.09699935913086
 40
1.2
  1
43.897
 11
139.00625610351562
 21
190.39230346679688
 31
44.09699935913086
100
AcDbText
  0
POINT
  5
299
330
17
100
AcDbEntity
  8
SURVEY-POINTS
100
AcDbPoint
 10
68.31449890136719
 20
190.09620666503906
 30
44.137001037597656
  0
TEXT
  5
29A
330
17
100
AcDbEntity
  8
SURVEY-LABELS
100
AcDbText
 10
68.31449890136719
 20
190.09620666503906
 30
44.33700103759766
 40
1.2
  1
44.137
 11
68.31449890136719
 21
190.09620666503906
 31
44.33700103759766
100
AcDbText
  0
POINT
  5
29B
330
17
100
AcDbEntity
  8
SURVEY-POINTS
100
AcDbPoint
 10
74.08844757080078
 20
189.927001953125
 30
44.02399826049805
  0
TEXT
  5
29C
330
17
100
AcDbEntity
  8
SURVEY-LABELS
100
AcDbText
 10
74.08844757080078
 20
189.927001953125
 30
44.22399826049805
 40
1.2
  1
44.024
 11
74.08844757080078
 21
189.927001953125
 31
44.22399826049805
100
AcDbText
  0
POINT
  5
29D
330
17
100
AcDbEntity
  8
SURVEY-POINTS
100
AcDbPoint
 10
166.26014709472656
 20
189.41940307617188
 30
43.244998931884766
  0
TEXT
  5
29E
330
17
100
AcDbEntity
  8
SURVEY-LABELS
100
AcDbText
 10
166.26014709472656
 20
189.41940307617188
 30
43.44499893188477
 40
1.2
  1
43.245
 11
166.26014709472656
 21
189.41940307617188
 31
43.44499893188477
100
AcDbText
  0
POINT
  5
29F
330
17
100
AcDbEntity
  8
SURVEY-POINTS
100
AcDbPoint
 10
121.32485961914062
 20
189.2163543701172
 30
44.297000885009766
  0
TEXT
  5
2A0
330
17
100
AcDbEntity
  8
SURVEY-LABELS
100
AcDbText
 10
121.32485961914062
 20
189.2163543701172
 30
44.49700088500977
 40
1.2
  1
44.297
 11
121.32485961914062
 21
189.2163543701172
 31
44.49700088500977
100
AcDbText
  0
POINT
  5
2A1
330
17
100
AcDbEntity
  8
SURVEY-POINTS
100
AcDbPoint
 10
123.01686096191406
 20
189.2163543701172
 30
45.73099899291992
  0
TEXT
  5
2A2
330
17
100
AcDbEntity
  8
SURVEY-LABELS
100
AcDbText
 10
123.01686096191406
 20
189.2163543701172
 30
45.930998992919925
 40
1.2
  1
45.731
 11
123.01686096191406
 21
189.2163543701172
 31
45.930998992919925
100
AcDbText
  0
POINT
  5
2A3
330
17
100
AcDbEntity
  8
SURVEY-POINTS
100
AcDbPoint
 10
44.85914993286133
 20
188.7425994873047
 30
43.96900177001953
  0
TEXT
  5
2A4
330
17
100
AcDbEntity
  8
SURVEY-LABELS
100
AcDbText
 10
44.85914993286133
 20
188.7425994873047
 30
44.169001770019534
 40
1.2
  1
43.969
 11
44.85914993286133
 21
188.7425994873047
 31
44.169001770019534
100
AcDbText
  0
POINT
  5
2A5
330
17
100
AcDbEntity
  8
SURVEY-POINTS
100
AcDbPoint
 10
194.81265258789062
 20
188.61570739746094
 30
43.882999420166016
  0
TEXT
  5
2A6
330
17
100
AcDbEntity
  8
SURVEY-LABELS
100
AcDbText
 10
194.81265258789062
 20
188.61570739746094
 30
44.08299942016602
 40
1.2
  1
43.883
 11
194.81265258789062
 21
188.61570739746094
 31
44.08299942016602
100
AcDbText
  0
POINT
  5
2A7
330
17
100
AcDbEntity
  8
SURVEY-POINTS
100
AcDbPoint
 10
51.28874969482422
 20
188.50994873046875
 30
43.8489990234375
  0
TEXT
  5
2A8
330
17
100
AcDbEntity
  8
SURVEY-LABELS
100
AcDbText
 10
51.28874969482422
 20
188.50994873046875
 30
44.0489990234375
 40
1.2
  1
43.849
 11
51.28874969482422
 21
188.50994873046875
 31
44.0489990234375
100
AcDbText
  0
POINT
  5
2A9
330
17
100
AcDbEntity
  8
SURVEY-POINTS
100
AcDbPoint
 10
173.81069946289062
 20
188.4676513671875
 30
43.46799850463867
  0
TEXT
  5
2AA
330
17
100
AcDbEntity
  8
SURVEY-LABELS
100
AcDbText
 10
173.81069946289062
 20
188.4676513671875
 30
43.667998504638675
 40
1.2
  1
43.468
 11
173.81069946289062
 21
188.4676513671875
 31
43.667998504638675
100
AcDbText
  0
POINT
  5
2AB
330
17
100
AcDbEntity
  8
SURVEY-POINTS
100
AcDbPoint
 10
231.2329559326172
 20
188.23500061035156
 30
44.097999572753906
  0
TEXT
  5
2AC
330
17
100
AcDbEntity
  8
SURVEY-LABELS
100
AcDbText
 10
231.2329559326172
 20
188.23500061035156
 30
44.29799957275391
 40
1.2
  1
44.098
 11
231.2329559326172
 21
188.23500061035156
 31
44.29799957275391
100
AcDbText
  0
POINT
  5
2AD
330
17
100
AcDbEntity
  8
SURVEY-POINTS
100
AcDbPoint
 10
139.06124877929688
 20
188.0657958984375
 30
43.24700164794922
  0
TEXT
  5
2AE
330
17
100
AcDbEntity
  8
SURVEY-LABELS
100
AcDbText
 10
139.06124877929688
 20
188.0657958984375
 30
43.44700164794922
 40
1.2
  1
43.247
 11
139.06124877929688
 21
188.0657958984375
 31
43.44700164794922
100
AcDbText
  0
POINT
  5
2AF
330
17
100
AcDbEntity
  8
SURVEY-POINTS
100
AcDbPoint
 10
43.3786506652832
 20
187.60049438476562
 30
43.90999984741211
  0
TEXT
  5
2B0
330
17
100
AcDbEntity
  8
SURVEY-LABELS
100
AcDbText
 10
43.3786506652832
 20
187.60049438476562
 30
44.10999984741211
 40
1.2
  1
43.910
 11
43.3786506652832
 21
187.60049438476562
 31
44.10999984741211
100
AcDbText
  0
POINT
  5
2B1
330
17
100
AcDbEntity
  8
SURVEY-POINTS
100
AcDbPoint
 10
45.070648193359375
 20
187.60049438476562
 30
43.90800094604492
  0
TEXT
  5
2B2
330
17
100
AcDbEntity
  8
SURVEY-LABELS
100
AcDbText
 10
45.070648193359375
 20
187.60049438476562
 30
44.108000946044925
 40
1.2
  1
43.908
 11
45.070648193359375
 21
187.60049438476562
 31
44.108000946044925
100
AcDbText
  0
POINT
  5
2B3
330
17
100
AcDbEntity
  8
SURVEY-POINTS
100
AcDbPoint
 10
252.86094665527344
 20
187.51589965820312
 30
44.32600021362305
  0
TEXT
  5
2B4
330
17
100
AcDbEntity
  8
SURVEY-LABELS
100
AcDbText
 10
252.86094665527344
 20
187.51589965820312
 30
44.52600021362305
 40
1.2
  1
44.326
 11
252.86094665527344
 21
187.51589965820312
 31
44.52600021362305
100
AcDbText
  0
POINT
  5
2B5
330
17
100
AcDbEntity
  8
SURVEY-POINTS
100
AcDbPoint
 10
94.5743408203125
 20
187.47360229492188
 30
44.07500076293945
  0
TEXT
  5
2B6
330
17
100
AcDbEntity
  8
SURVEY-LABELS
100
AcDbText
 10
94.5743408203125
 20
187.47360229492188
 30
44.275000762939456
 40
1.2
  1
44.075
 11
94.5743408203125
 21
187.47360229492188
 31
44.275000762939456
100
AcDbText
  0
POINT
  5
2B7
330
17
100
AcDbEntity
  8
SURVEY-POINTS
100
AcDbPoint
 10
50.971500396728516
 20
187.41015625
 30
43.65399932861328
  0
TEXT
  5
2B8
330
17
100
AcDbEntity
  8
SURVEY-LABELS
100
AcDbText
 10
50.971500396728516
 20
187.41015625
 30
43.853999328613284
 40
1.2
  1
43.654
 11
50.971500396728516
 21
187.41015625
 31
43.853999328613284
100
AcDbText
  0
POINT
  5
2B9
330
17
100
AcDbEntity
  8
SURVEY-POINTS
100
AcDbPoint
 10
148.79025268554688
 20
187.17750549316406
 30
43.321998596191406
  0
TEXT
  5
2BA
330
17
100
AcDbEntity
  8
SURVEY-LABELS
100
AcDbText
 10
148.79025268554688
 20
187.17750549316406
 30
43.52199859619141
 40
1.2
  1
43.322
 11
148.79025268554688
 21
187.17750549316406
 31
43.52199859619141
100
AcDbText
  0
POINT
  5
2BB
330
17
100
AcDbEntity
  8
SURVEY-POINTS
100
AcDbPoint
 10
183.88656616210938
 20
186.9237060546875
 30
43.15700149536133
  0
TEXT
  5
2BC
330
17
100
AcDbEntity
  8
SURVEY-LABELS
100
AcDbText
 10
183.88656616210938
 20
186.9237060546875
 30
43.35700149536133
 40
1.2
  1
43.157
 11
183.88656616210938
 21
186.9237060546875
 31
43.35700149536133
100
AcDbText
  0
POINT
  5
2BD
330
17
100
AcDbEntity
  8
SURVEY-POINTS
100
AcDbPoint
 10
237.91635131835938
 20
186.9237060546875
 30
43.9630012512207
  0
TEXT
  5
2BE
330
17
100
AcDbEntity
  8
SURVEY-LABELS
100
AcDbText
 10
237.91635131835938
 20
186.9237060546875
 30
44.163001251220706
 40
1.2
  1
43.963
 11
237.91635131835938
 21
186.9237060546875
 31
44.163001251220706
100
AcDbText
  0
POINT
  5
2BF
330
17
100
AcDbEntity
  8
SURVEY-POINTS
100
AcDbPoint
 10
200.3116455078125
 20
186.77565002441406
 30
43.73400115966797
  0
TEXT
  5
2C0
330
17
100
AcDbEntity
  8
SURVEY-LABELS
100
AcDbText
 10
200.3116455078125
 20
186.77565002441406
 30
43.93400115966797
 40
1.2
  1
43.734
 11
200.3116455078125
 21
186.77565002441406
 31
43.93400115966797
100
AcDbText
  0
POINT
  5
2C1
330
17
100
AcDbEntity
  8
SURVEY-POINTS
100
AcDbPoint
 10
163.95480346679688
 20
186.37379455566406
 30
43.26100158691406
  0
TEXT
  5
2C2
330
17
100
AcDbEntity
  8
SURVEY-LABELS
100
AcDbText
 10
163.95480346679688
 20
186.37379455566406
 30
43.461001586914065
 40
1.2
  1
43.261
 11
163.95480346679688
 21
186.37379455566406
 31
43.461001586914065
100
AcDbText
  0
POINT
  5
2C3
330
17
100
AcDbEntity
  8
SURVEY-POINTS
100
AcDbPoint
 10
194.89724731445312
 20
186.37379455566406
 30
43.810001373291016
  0
TEXT
  5
2C4
330
17
100
AcDbEntity
  8
SURVEY-LABELS
100
AcDbText
 10
194.89724731445312
 20
186.37379455566406
 30
44.01000137329102
 40
1.2
  1
43.810
 11
194.89724731445312
 21
186.37379455566406
 31
44.01000137329102
100
AcDbText
  0
POINT
  5
2C5
330
17
100
AcDbEntity
  8
SURVEY-POINTS
100
AcDbPoint
 10
134.4928436279297
 20
186.3314971923828
 30
43.05500030517578
  0
TEXT
  5
2C6
330
17
100
AcDbEntity
  8
SURVEY-LABELS
100
AcDbText
 10
134.4928436279297
 20
186.3314971923828
 30
43.255000305175784
 40
1.2
  1
43.055
 11
134.4928436279297
 21
186.3314971923828
 31
43.255000305175784
100
AcDbText
  0
POINT
  5
2C7
330
17
100
AcDbEntity
  8
SURVEY-POINTS
100
AcDbPoint
 10
154.26809692382812
 20
186.28919982910156
 30
43.220001220703125
  0
TEXT
  5
2C8
330
17
100
AcDbEntity
  8
SURVEY-LABELS
100
AcDbText
 10
154.26809692382812
 20
186.28919982910156
 30
43.42000122070313
 40
1.2
  1
43.220
 11
154.26809692382812
 21
186.28919982910156
 31
43.42000122070313
100
AcDbText
  0
POINT
  5
2C9
330
17
100
AcDbEntity
  8
SURVEY-POINTS
100
AcDbPoint
 10
144.39105224609375
 20
186.14114379882812
 30
43.154998779296875
  0
TEXT
  5
2CA
330
17
100
AcDbEntity
  8
SURVEY-LABELS
100
AcDbText
 10
144.39105224609375
 20
186.14114379882812
 30
43.35499877929688
 40
1.2
  1
43.155
 11
144.39105224609375
 21
186.14114379882812
 31
43.35499877929688
100
AcDbText
  0
POINT
  5
2CB
330
17
100
AcDbEntity
  8
SURVEY-POINTS
100
AcDbPoint
 10
286.07489013671875
 20
185.23170471191406
 30
43.35499954223633
  0
TEXT
  5
2CC
330
17
100
AcDbEntity
  8
SURVEY-LABELS
100
AcDbText
 10
286.07489013671875
 20
185.23170471191406
 30
43.55499954223633
 40
1.2
  1
43.355
 11
286.07489013671875
 21
185.23170471191406
 31
43.55499954223633
100
AcDbText
  0
POINT
  5
2CD
330
17
100
AcDbEntity
  8
SURVEY-POINTS
100
AcDbPoint
 10
98.24175262451172
 20
185.1894073486328
 30
44.18000030517578
  0
TEXT
  5
2CE
330
17
100
AcDbEntity
  8
SURVEY-LABELS
100
AcDbText
 10
98.24175262451172
 20
185.1894073486328
 30
44.380000305175784
 40
1.2
  1
44.180
 11
98.24175262451172
 21
185.1894073486328
 31
44.380000305175784
100
AcDbText
  0
POINT
  5
2CF
330
17
100
AcDbEntity
  8
SURVEY-POINTS
100
AcDbPoint
 10
44.618038177490234
 20
184.9779052734375
 30
44.13800048828125
  0
TEXT
  5
2D0
330
17
100
AcDbEntity
  8
SURVEY-LABELS
100
AcDbText
 10
44.618038177490234
 20
184.9779052734375
 30
44.33800048828125
 40
1.2
  1
44.138
 11
44.618038177490234
 21
184.9779052734375
 31
44.33800048828125
100
AcDbText
  0
POINT
  5
2D1
330
17
100
AcDbEntity
  8
SURVEY-POINTS
100
AcDbPoint
 10
181.14974975585938
 20
184.72410583496094
 30
43.066001892089844
  0
TEXT
  5
2D2
330
17
100
AcDbEntity
  8
SURVEY-LABELS
100
AcDbText
 10
181.14974975585938
 20
184.72410583496094
 30
43.26600189208985
 40
1.2
  1
43.066
 11
181.14974975585938
 21
184.72410583496094
 31
43.26600189208985
100
AcDbText
  0
POINT
  5
2D3
330
17
100
AcDbEntity
  8
SURVEY-POINTS
100
AcDbPoint
 10
195.89129638671875
 20
183.7300567626953
 30
43.59299850463867
  0
TEXT
  5
2D4
330
17
100
AcDbEntity
  8
SURVEY-LABELS
100
AcDbText
 10
195.89129638671875
 20
183.7300567626953
 30
43.792998504638675
 40
1.2
  1
43.593
 11
195.89129638671875
 21
183.7300567626953
 31
43.792998504638675
100
AcDbText
  0
POINT
  5
2D5
330
17
100
AcDbEntity
  8
SURVEY-POINTS
100
AcDbPoint
 10
46.82609939575195
 20
183.3282012939453
 30
44.12200164794922
  0
TEXT
  5
2D6
330
17
100
AcDbEntity
  8
SURVEY-LABELS
100
AcDbText
 10
46.82609939575195
 20
183.3282012939453
 30
44.32200164794922
 40
1.2
  1
44.122
 11
46.82609939575195
 21
183.3282012939453
 31
44.32200164794922
100
AcDbText
  0
POINT
  5
2D7
330
17
100
AcDbEntity
  8
SURVEY-POINTS
100
AcDbPoint
 10
243.0769500732422
 20
183.3282012939453
 30
43.8129997253418
  0
TEXT
  5
2D8
330
17
100
AcDbEntity
  8
SURVEY-LABELS
100
AcDbText
 10
243.0769500732422
 20
183.3282012939453
 30
44.0129997253418
 40
1.2
  1
43.813
 11
243.0769500732422
 21
183.3282012939453
 31
44.0129997253418
100
AcDbText
  0
POINT
  5
2D9
330
17
100
AcDbEntity
  8
SURVEY-POINTS
100
AcDbPoint
 10
231.4232940673828
 20
182.98980712890625
 30
43.926998138427734
  0
TEXT
  5
2DA
330
17
100
AcDbEntity
  8
SURVEY-LABELS
100
AcDbText
 10
231.4232940673828
 20
182.98980712890625
 30
44.12699813842774
 40
1.2
  1
43.927
 11
231.4232940673828
 21
182.98980712890625
 31
44.12699813842774
100
AcDbText
  0
POINT
  5
2DB
330
17
100
AcDbEntity
  8
SURVEY-POINTS
100
AcDbPoint
 10
223.61895751953125
 20
182.5160369873047
 30
44.05400085449219
  0
TEXT
  5
2DC
330
17
100
AcDbEntity
  8
SURVEY-LABELS
100
AcDbText
 10
223.61895751953125
 20
182.5160369873047
 30
44.25400085449219
 40
1.2
  1
44.054
 11
223.61895751953125
 21
182.5160369873047
 31
44.25400085449219
100
AcDbText
  0
POINT
  5
2DD
330
17
100
AcDbEntity
  8
SURVEY-POINTS
100
AcDbPoint
 10
91.09304809570312
 20
182.48219299316406
 30
43.82500076293945
  0
TEXT
  5
2DE
330
17
100
AcDbEntity
  8
SURVEY-LABELS
100
AcDbText
 10
91.09304809570312
 20
182.48219299316406
 30
44.025000762939456
 40
1.2
  1
43.825
 11
91.09304809570312
 21
182.48219299316406
 31
44.025000762939456
100
AcDbText
  0
POINT
  5
2DF
330
17
100
AcDbEntity
  8
SURVEY-POINTS
100
AcDbPoint
 10
196.29315185546875
 20
181.55160522460938
 30
43.26100158691406
  0
TEXT
  5
2E0
330
17
100
AcDbEntity
  8
SURVEY-LABELS
100
AcDbText
 10
196.29315185546875
 20
181.55160522460938
 30
43.461001586914065
 40
1.2
  1
43.261
 11
196.29315185546875
 21
181.55160522460938
 31
43.461001586914065
100
AcDbText
  0
POINT
  5
2E1
330
17
100
AcDbEntity
  8
SURVEY-POINTS
100
AcDbPoint
 10
119.68785095214844
 20
181.1708984375
 30
43.856998443603516
  0
TEXT
  5
2E2
330
17
100
AcDbEntity
  8
SURVEY-LABELS
100
AcDbText
 10
119.68785095214844
 20
181.1708984375
 30
44.05699844360352
 40
1.2
  1
43.857
 11
119.68785095214844
 21
181.1708984375
 31
44.05699844360352
100
AcDbText
  0
POINT
  5
2E3
330
17
100
AcDbEntity
  8
SURVEY-POINTS
100
AcDbPoint
 10
178.78094482421875
 20
180.8113555908203
 30
43.45600128173828
  0
TEXT
  5
2E4
330
17
100
AcDbEntity
  8
SURVEY-LABELS
100
AcDbText
 10
178.78094482421875
 20
180.8113555908203
 30
43.656001281738284
 40
1.2
  1
43.456
 11
178.78094482421875
 21
180.8113555908203
 31
43.656001281738284
100
AcDbText
  0
POINT
  5
2E5
330
17
100
AcDbEntity
  8
SURVEY-POINTS
100
AcDbPoint
 10
159.09030151367188
 20
180.45179748535156
 30
43.314998626708984
  0
TEXT
  5
2E6
330
17
100
AcDbEntity
  8
SURVEY-LABELS
100
AcDbText
 10
159.09030151367188
 20
180.45179748535156
 30
43.51499862670899
 40
1.2
  1
43.315
 11
159.09030151367188
 21
180.45179748535156
 31
43.51499862670899
100
AcDbText
  0
POINT
  5
2E7
330
17
100
AcDbEntity
  8
SURVEY-POINTS
100
AcDbPoint
 10
150.69375610351562
 20
180.3249053955078
 30
43.2869987487793
  0
TEXT
  5
2E8
330
17
100
AcDbEntity
  8
SURVEY-LABELS
100
AcDbText
 10
150.69375610351562
 20
180.3249053955078
 30
43.4869987487793
 40
1.2
  1
43.287
 11
150.69375610351562
 21
180.3249053955078
 31
43.4869987487793
100
AcDbText
  0
POINT
  5
2E9
330
17
100
AcDbEntity
  8
SURVEY-POINTS
100
AcDbPoint
 10
90.86039733886719
 20
179.54234313964844
 30
44.21099853515625
  0
TEXT
  5
2EA
330
17
100
AcDbEntity
  8
SURVEY-LABELS
100
AcDbText
 10
90.86039733886719
 20
179.54234313964844
 30
44.41099853515625
 40
1.2
  1
44.211
 11
90.86039733886719
 21
179.54234313964844
 31
44.41099853515625
100
AcDbText
  0
POINT
  5
2EB
330
17
100
AcDbEntity
  8
SURVEY-POINTS
100
AcDbPoint
 10
98.08524322509766
 20
179.3520050048828
 30
43.89500045776367
  0
TEXT
  5
2EC
330
17
100
AcDbEntity
  8
SURVEY-LABELS
100
AcDbText
 10
98.08524322509766
 20
179.3520050048828
 30
44.095000457763675
 40
1.2
  1
43.895
 11
98.08524322509766
 21
179.3520050048828
 31
44.095000457763675
100
AcDbText
  0
POINT
  5
2ED
330
17
100
AcDbEntity
  8
SURVEY-POINTS
100
AcDbPoint
 10
119.68785095214844
 20
179.02206420898438
 30
43.82400131225586
  0
TEXT
  5
2EE
330
17
100
AcDbEntity
  8
SURVEY-LABELS
100
AcDbText
 10
119.68785095214844
 20
179.02206420898438
 30
44.02400131225586
 40
1.2
  1
43.824
 11
119.68785095214844
 21
179.02206420898438
 31
44.02400131225586
100
AcDbText
  0
POINT
  5
2EF
330
17
100
AcDbEntity
  8
SURVEY-POINTS
100
AcDbPoint
 10
249.35850524902344
 20
178.63290405273438
 30
44.13100051879883
  0
TEXT
  5
2F0
330
17
100
AcDbEntity
  8
SURVEY-LABELS
100
AcDbText
 10
249.35850524902344
 20
178.63290405273438
 30
44.33100051879883
 40
1.2
  1
44.131
 11
249.35850524902344
 21
178.63290405273438
 31
44.33100051879883
100
AcDbText
  0
POINT
  5
2F1
330
17
100
AcDbEntity
  8
SURVEY-POINTS
100
AcDbPoint
 10
223.5343475341797
 20
178.47215270996094
 30
43.80500030517578
  0
TEXT
  5
2F2
330
17
100
AcDbEntity
  8
SURVEY-LABELS
100
AcDbText
 10
223.5343475341797
 20
178.47215270996094
 30
44.005000305175784
 40
1.2
  1
43.805
 11
223.5343475341797
 21
178.47215270996094
 31
44.005000305175784
100
AcDbText
  0
POINT
  5
2F3
330
17
100
AcDbEntity
  8
SURVEY-POINTS
100
AcDbPoint
 10
181.91114807128906
 20
178.37063598632812
 30
43.207000732421875
  0
TEXT
  5
2F4
330
17
100
AcDbEntity
  8
SURVEY-LABELS
100
AcDbText
 10
181.91114807128906
 20
178.37063598632812
 30
43.40700073242188
 40
1.2
  1
43.207
 11
181.91114807128906
 21
178.37063598632812
 31
43.40700073242188
100
AcDbText
  0
POINT
  5
2F5
330
17
100
AcDbEntity
  8
SURVEY-POINTS
100
AcDbPoint
 10
98.83394622802734
 20
178.20989990234375
 30
44.143001556396484
  0
TEXT
  5
2F6
330
17
100
AcDbEntity
  8
SURVEY-LABELS
100
AcDbText
 10
98.83394622802734
 20
178.20989990234375
 30
44.34300155639649
 40
1.2
  1
44.143
 11
98.83394622802734
 21
178.20989990234375
 31
44.34300155639649
100
AcDbText
  0
POINT
  5
2F7
330
17
100
AcDbEntity
  8
SURVEY-POINTS
100
AcDbPoint
 10
124.51004791259766
 20
177.66000366210938
 30
43.88600158691406
  0
TEXT
  5
2F8
330
17
100
AcDbEntity
  8
SURVEY-LABELS
100
AcDbText
 10
124.51004791259766
 20
177.66000366210938
 30
44.086001586914065
 40
1.2
  1
43.886
 11
124.51004791259766
 21
177.66000366210938
 31
44.086001586914065
100
AcDbText
  0
POINT
  5
2F9
330
17
100
AcDbEntity
  8
SURVEY-POINTS
100
AcDbPoint
 10
118.92645263671875
 20
177.61770629882812
 30
44.03300094604492
  0
TEXT
  5
2FA
330
17
100
AcDbEntity
  8
SURVEY-LABELS
100
AcDbText
 10
118.92645263671875
 20
177.61770629882812
 30
44.233000946044925
 40
1.2
  1
44.033
 11
118.92645263671875
 21
177.61770629882812
 31
44.233000946044925
100
AcDbText
  0
POINT
  5
2FB
330
17
100
AcDbEntity
  8
SURVEY-POINTS
100
AcDbPoint
 10
90.9238510131836
 20
177.30044555664062
 30
44.20000076293945
  0
TEXT
  5
2FC
330
17
100
AcDbEntity
  8
SURVEY-LABELS
100
AcDbText
 10
90.9238510131836
 20
177.30044555664062
 30
44.400000762939456
 40
1.2
  1
44.200
 11
90.9238510131836
 21
177.30044555664062
 31
44.400000762939456
100
AcDbText
  0
POINT
  5
2FD
330
17
100
AcDbEntity
  8
SURVEY-POINTS
100
AcDbPoint
 10
145.1101531982422
 20
176.9832000732422
 30
43.23899841308594
  0
TEXT
  5
2FE
330
17
100
AcDbEntity
  8
SURVEY-LABELS
100
AcDbText
 10
145.1101531982422
 20
176.9832000732422
 30
43.43899841308594
 40
1.2
  1
43.239
 11
145.1101531982422
 21
176.9832000732422
 31
43.43899841308594
100
AcDbText
  0
POINT
  5
2FF
330
17
100
AcDbEntity
  8
SURVEY-POINTS
100
AcDbPoint
 10
51.034950256347656
 20
176.53904724121094
 30
43.90700149536133
  0
TEXT
  5
300
330
17
100
AcDbEntity
  8
SURVEY-LABELS
100
AcDbText
 10
51.034950256347656
 20
176.53904724121094
 30
44.10700149536133
 40
1.2
  1
43.907
 11
51.034950256347656
 21
176.53904724121094
 31
44.10700149536133
100
AcDbText
  0
POINT
  5
301
330
17
100
AcDbEntity
  8
SURVEY-POINTS
100
AcDbPoint
 10
211.56344604492188
 20
176.53904724121094
 30
43.645999908447266
  0
TEXT
  5
302
330
17
100
AcDbEntity
  8
SURVEY-LABELS
100
AcDbText
 10
211.56344604492188
 20
176.53904724121094
 30
43.84599990844727
 40
1.2
  1
43.646
 11
211.56344604492188
 21
176.53904724121094
 31
43.84599990844727
100
AcDbText
  0
POINT
  5
303
330
17
100
AcDbEntity
  8
SURVEY-POINTS
100
AcDbPoint
 10
192.42269897460938
 20
176.17950439453125
 30
42.88399887084961
  0
TEXT
  5
304
330
17
100
AcDbEntity
  8
SURVEY-LABELS
100
AcDbText
 10
192.42269897460938
 20
176.17950439453125
 30
43.08399887084961
 40
1.2
  1
42.884
 11
192.42269897460938
 21
176.17950439453125
 31
43.08399887084961
100
AcDbText
  0
POINT
  5
305
330
17
100
AcDbEntity
  8
SURVEY-POINTS
100
AcDbPoint
 10
120.51270294189453
 20
176.13720703125
 30
43.64099884033203
  0
TEXT
  5
306
330
17
100
AcDbEntity
  8
SURVEY-LABELS
100
AcDbText
 10
120.51270294189453
 20
176.13720703125
 30
43.840998840332034
 40
1.2
  1
43.641
 11
120.51270294189453
 21
176.13720703125
 31
43.840998840332034
100
AcDbText
  0
POINT
  5
307
330
17
100
AcDbEntity
  8
SURVEY-POINTS
100
AcDbPoint
 10
71.5927505493164
 20
176.1160430908203
 30
43.86399841308594
  0
TEXT
  5
308
330
17
100
AcDbEntity
  8
SURVEY-LABELS
100
AcDbText
 10
71.5927505493164
 20
176.1160430908203
 30
44.06399841308594
 40
1.2
  1
43.864
 11
71.5927505493164
 21
176.1160430908203
 31
44.06399841308594
100
AcDbText
  0
POINT
  5
309
330
17
100
AcDbEntity
  8
SURVEY-POINTS
100
AcDbPoint
 10
93.91445922851562
 20
176.0441436767578
 30
44.02299880981445
  0
TEXT
  5
30A
330
17
100
AcDbEntity
  8
SURVEY-LABELS
100
AcDbText
 10
93.91445922851562
 20
176.0441436767578
 30
44.222998809814456
 40
1.2
  1
44.023
 11
93.91445922851562
 21
176.0441436767578
 31
44.222998809814456
100
AcDbText
  0
POINT
  5
30B
330
17
100
AcDbEntity
  8
SURVEY-POINTS
100
AcDbPoint
 10
181.7842559814453
 20
176.0102996826172
 30
43.263999938964844
  0
TEXT
  5
30C
330
17
100
AcDbEntity
  8
SURVEY-LABELS
100
AcDbText
 10
181.7842559814453
 20
176.0102996826172
 30
43.46399993896485
 40
1.2
  1
43.264
 11
181.7842559814453
 21
176.0102996826172
 31
43.46399993896485
100
AcDbText
  0
POINT
  5
30D
330
17
100
AcDbEntity
  8
SURVEY-POINTS
100
AcDbPoint
 10
136.18484497070312
 20
175.9257049560547
 30
43.124000549316406
  0
TEXT
  5
30E
330
17
100
AcDbEntity
  8
SURVEY-LABELS
100
AcDbText
 10
136.18484497070312
 20
175.9257049560547
 30
43.32400054931641
 40
1.2
  1
43.124
 11
136.18484497070312
 21
175.9257049560547
 31
43.32400054931641
100
AcDbText
  0
POINT
  5
30F
330
17
100
AcDbEntity
  8
SURVEY-POINTS
100
AcDbPoint
 10
177.5965576171875
 20
175.9257049560547
 30
43.18199920654297
  0
TEXT
  5
310
330
17
100
AcDbEntity
  8
SURVEY-LABELS
100
AcDbText
 10
177.5965576171875
 20
175.9257049560547
 30
43.38199920654297
 40
1.2
  1
43.182
 11
177.5965576171875
 21
175.9257049560547
 31
43.38199920654297
100
AcDbText
  0
POINT
  5
311
330
17
100
AcDbEntity
  8
SURVEY-POINTS
100
AcDbPoint
 10
171.44189453125
 20
175.84109497070312
 30
43.21799850463867
  0
TEXT
  5
312
330
17
100
AcDbEntity
  8
SURVEY-LABELS
100
AcDbText
 10
171.44189453125
 20
175.84109497070312
 30
43.417998504638675
 40
1.2
  1
43.218
 11
171.44189453125
 21
175.84109497070312
 31
43.417998504638675
100
AcDbText
  0
POINT
  5
313
330
17
100
AcDbEntity
  8
SURVEY-POINTS
100
AcDbPoint
 10
261.4774475097656
 20
175.4392547607422
 30
44.224998474121094
  0
TEXT
  5
314
330
17
100
AcDbEntity
  8
SURVEY-LABELS
100
AcDbText
 10
261.4774475097656
 20
175.4392547607422
 30
44.4249984741211
 40
1.2
  1
44.225
 11
261.4774475097656
 21
175.4392547607422
 31
44.4249984741211
100
AcDbText
  0
POINT
  5
315
330
17
100
AcDbEntity
  8
SURVEY-POINTS
100
AcDbPoint
 10
195.4894561767578
 20
175.1219940185547
 30
42.7869987487793
  0
TEXT
  5
316
330
17
100
AcDbEntity
  8
SURVEY-LABELS
100
AcDbText
 10
195.4894561767578
 20
175.1219940185547
 30
42.9869987487793
 40
1.2
  1
42.787
 11
195.4894561767578
 21
175.1219940185547
 31
42.9869987487793
100
AcDbText
  0
POINT
  5
317
330
17
100
AcDbEntity
  8
SURVEY-POINTS
100
AcDbPoint
 10
89.31645202636719
 20
174.9739532470703
 30
43.92900085449219
  0
TEXT
  5
318
330
17
100
AcDbEntity
  8
SURVEY-LABELS
100
AcDbText
 10
89.31645202636719
 20
174.9739532470703
 30
44.12900085449219
 40
1.2
  1
43.929
 11
89.31645202636719
 21
174.9739532470703
 31
44.12900085449219
100
AcDbText
  0
POINT
  5
319
330
17
100
AcDbEntity
  8
SURVEY-POINTS
100
AcDbPoint
 10
201.77099609375
 20
174.8470458984375
 30
43.19599914550781
  0
TEXT
  5
31A
330
17
100
AcDbEntity
  8
SURVEY-LABELS
100
AcDbText
 10
201.77099609375
 20
174.8470458984375
 30
43.395999145507815
 40
1.2
  1
43.196
 11
201.77099609375
 21
174.8470458984375
 31
43.395999145507815
100
AcDbText
  0
POINT
  5
31B
330
17
100
AcDbEntity
  8
SURVEY-POINTS
100
AcDbPoint
 10
144.3487548828125
 20
174.80474853515625
 30
43.20399856567383
  0
TEXT
  5
31C
330
17
100
AcDbEntity
  8
SURVEY-LABELS
100
AcDbText
 10
144.3487548828125
 20
174.80474853515625
 30
43.40399856567383
 40
1.2
  1
43.204
 11
144.3487548828125
 21
174.80474853515625
 31
43.40399856567383
100
AcDbText
  0
POINT
  5
31D
330
17
100
AcDbEntity
  8
SURVEY-POINTS
100
AcDbPoint
 10
167.52914428710938
 20
174.4875030517578
 30
43.22700119018555
  0
TEXT
  5
31E
330
17
100
AcDbEntity
  8
SURVEY-LABELS
100
AcDbText
 10
167.52914428710938
 20
174.4875030517578
 30
43.42700119018555
 40
1.2
  1
43.227
 11
167.52914428710938
 21
174.4875030517578
 31
43.42700119018555
100
AcDbText
  0
POINT
  5
31F
330
17
100
AcDbEntity
  8
SURVEY-POINTS
100
AcDbPoint
 10
176.26409912109375
 20
174.44520568847656
 30
43.30500030517578
  0
TEXT
  5
320
330
17
100
AcDbEntity
  8
SURVEY-LABELS
100
AcDbText
 10
176.26409912109375
 20
174.44520568847656
 30
43.505000305175784
 40
1.2
  1
43.305
 11
176.26409912109375
 21
174.44520568847656
 31
43.505000305175784
100
AcDbText
  0
POINT
  5
321
330
17
100
AcDbEntity
  8
SURVEY-POINTS
100
AcDbPoint
 10
49.59674835205078
 20
174.40289306640625
 30
43.90999984741211
  0
TEXT
  5
322
330
17
100
AcDbEntity
  8
SURVEY-LABELS
100
AcDbText
 10
49.59674835205078
 20
174.40289306640625
 30
44.10999984741211
 40
1.2
  1
43.910
 11
49.59674835205078
 21
174.40289306640625
 31
44.10999984741211
100
AcDbText
  0
POINT
  5
323
330
17
100
AcDbEntity
  8
SURVEY-POINTS
100
AcDbPoint
 10
99.8787612915039
 20
174.33944702148438
 30
43.930999755859375
  0
TEXT
  5
324
330
17
100
AcDbEntity
  8
SURVEY-LABELS
100
AcDbText
 10
99.8787612915039
 20
174.33944702148438
 30
44.13099975585938
 40
1.2
  1
43.931
 11
99.8787612915039
 21
174.33944702148438
 31
44.13099975585938
100
AcDbText
  0
POINT
  5
325
330
17
100
AcDbEntity
  8
SURVEY-POINTS
100
AcDbPoint
 10
101.57076263427734
 20
174.33944702148438
 30
43.2869987487793
  0
TEXT
  5
326
330
17
100
AcDbEntity
  8
SURVEY-LABELS
100
AcDbText
 10
101.57076263427734
 20
174.33944702148438
 30
43.4869987487793
 40
1.2
  1
43.287
 11
101.57076263427734
 21
174.33944702148438
 31
43.4869987487793
100
AcDbText
  0
POINT
  5
327
330
17
100
AcDbEntity
  8
SURVEY-POINTS
100
AcDbPoint
 10
55.3072509765625
 20
173.9799041748047
 30
44.07600021362305
  0
TEXT
  5
328
330
17
100
AcDbEntity
  8
SURVEY-LABELS
100
AcDbText
 10
55.3072509765625
 20
173.9799041748047
 30
44.27600021362305
 40
1.2
  1
44.076
 11
55.3072509765625
 21
173.9799041748047
 31
44.27600021362305
100
AcDbText
  0
POINT
  5
329
330
17
100
AcDbEntity
  8
SURVEY-POINTS
100
AcDbPoint
 10
35.383949279785156
 20
173.76840209960938
 30
43.766998291015625
  0
TEXT
  5
32A
330
17
100
AcDbEntity
  8
SURVEY-LABELS
100
AcDbText
 10
35.383949279785156
 20
173.76840209960938
 30
43.96699829101563
 40
1.2
  1
43.767
 11
35.383949279785156
 21
173.76840209960938
 31
43.96699829101563
100
AcDbText
  0
POINT
  5
32B
330
17
100
AcDbEntity
  8
SURVEY-POINTS
100
AcDbPoint
 10
41.982749938964844
 20
173.3876953125
 30
43.84000015258789
  0
TEXT
  5
32C
330
17
100
AcDbEntity
  8
SURVEY-LABELS
100
AcDbText
 10
41.982749938964844
 20
173.3876953125
 30
44.04000015258789
 40
1.2
  1
43.840
 11
41.982749938964844
 21
173.3876953125
 31
44.04000015258789
100
AcDbText
  0
POINT
  5
32D
330
17
100
AcDbEntity
  8
SURVEY-POINTS
100
AcDbPoint
 10
243.4999542236328
 20
173.3876953125
 30
43.98500061035156
  0
TEXT
  5
32E
330
17
100
AcDbEntity
  8
SURVEY-LABELS
100
AcDbText
 10
243.4999542236328
 20
173.3876953125
 30
44.185000610351565
 40
1.2
  1
43.985
 11
243.4999542236328
 21
173.3876953125
 31
44.185000610351565
100
AcDbText
  0
POINT
  5
32F
330
17
100
AcDbEntity
  8
SURVEY-POINTS
100
AcDbPoint
 10
159.4709930419922
 20
173.34539794921875
 30
43.27899932861328
  0
TEXT
  5
330
330
17
100
AcDbEntity
  8
SURVEY-LABELS
100
AcDbText
 10
159.4709930419922
 20
173.34539794921875
 30
43.478999328613284
 40
1.2
  1
43.279
 11
159.4709930419922
 21
173.34539794921875
 31
43.478999328613284
100
AcDbText
  0
POINT
  5
331
330
17
100
AcDbEntity
  8
SURVEY-POINTS
100
AcDbPoint
 10
161.16299438476562
 20
173.34539794921875
 30
43.38199996948242
  0
TEXT
  5
332
330
17
100
AcDbEntity
  8
SURVEY-LABELS
100
AcDbText
 10
161.16299438476562
 20
173.34539794921875
 30
43.581999969482425
 40
1.2
  1
43.382
 11
161.16299438476562
 21
173.34539794921875
 31
43.581999969482425
100
AcDbText
  0
POINT
  5
333
330
17
100
AcDbEntity
  8
SURVEY-POINTS
100
AcDbPoint
 10
72.60794830322266
 20
173.1761932373047
 30
44.10499954223633
  0
TEXT
  5
334
330
17
100
AcDbEntity
  8
SURVEY-LABELS
100
AcDbText
 10
72.60794830322266
 20
173.1761932373047
 30
44.30499954223633
 40
1.2
  1
44.105
 11
72.60794830322266
 21
173.1761932373047
 31
44.30499954223633
100
AcDbText
  0
POINT
  5
335
330
17
100
AcDbEntity
  8
SURVEY-POINTS
100
AcDbPoint
 10
248.82974243164062
 20
173.0281524658203
 30
44.06999969482422
  0
TEXT
  5
336
330
17
100
AcDbEntity
  8
SURVEY-LABELS
100
AcDbText
 10
248.82974243164062
 20
173.0281524658203
 30
44.26999969482422
 40
1.2
  1
44.070
 11
248.82974243164062
 21
173.0281524658203
 31
44.26999969482422
100
AcDbText
  0
POINT
  5
337
330
17
100
AcDbEntity
  8
SURVEY-POINTS
100
AcDbPoint
 10
195.53175354003906
 20
172.83779907226562
 30
42.803001403808594
  0
TEXT
  5
338
330
17
100
AcDbEntity
  8
SURVEY-LABELS
100
AcDbText
 10
195.53175354003906
 20
172.83779907226562
 30
43.0030014038086
 40
1.2
  1
42.803
 11
195.53175354003906
 21
172.83779907226562
 31
43.0030014038086
100
AcDbText
  0
POINT
  5
339
330
17
100
AcDbEntity
  8
SURVEY-POINTS
100
AcDbPoint
 10
201.72869873046875
 20
172.6262969970703
 30
43.18000030517578
  0
TEXT
  5
33A
330
17
100
AcDbEntity
  8
SURVEY-LABELS
100
AcDbText
 10
201.72869873046875
 20
172.6262969970703
 30
43.380000305175784
 40
1.2
  1
43.180
 11
201.72869873046875
 21
172.6262969970703
 31
43.380000305175784
100
AcDbText
  0
POINT
  5
33B
330
17
100
AcDbEntity
  8
SURVEY-POINTS
100
AcDbPoint
 10
269.0914611816406
 20
172.58399963378906
 30
42.81399917602539
  0
TEXT
  5
33C
330
17
100
AcDbEntity
  8
SURVEY-LABELS
100
AcDbText
 10
269.0914611816406
 20
172.58399963378906
 30
43.01399917602539
 40
1.2
  1
42.814
 11
269.0914611816406
 21
172.58399963378906
 31
43.01399917602539
100
AcDbText
  0
POINT
  5
33D
330
17
100
AcDbEntity
  8
SURVEY-POINTS
100
AcDbPoint
 10
144.3487548828125
 20
172.5205535888672
 30
43.18000030517578
  0
TEXT
  5
33E
330
17
100
AcDbEntity
  8
SURVEY-LABELS
100
AcDbText
 10
144.3487548828125
 20
172.5205535888672
 30
43.380000305175784
 40
1.2
  1
43.180
 11
144.3487548828125
 21
172.5205535888672
 31
43.380000305175784
100
AcDbText
  0
POINT
  5
33F
330
17
100
AcDbEntity
  8
SURVEY-POINTS
100
AcDbPoint
 10
95.02694702148438
 20
172.5078582763672
 30
43.76599884033203
  0
TEXT
  5
340
330
17
100
AcDbEntity
  8
SURVEY-LABELS
100
AcDbText
 10
95.02694702148438
 20
172.5078582763672
 30
43.965998840332034
 40
1.2
  1
43.766
 11
95.02694702148438
 21
172.5078582763672
 31
43.965998840332034
100
AcDbText
  0
POINT
  5
341
330
17
100
AcDbEntity
  8
SURVEY-POINTS
100
AcDbPoint
 10
151.6243438720703
 20
172.28790283203125
 30
43.30699920654297
  0
TEXT
  5
342
330
17
100
AcDbEntity
  8
SURVEY-LABELS
100
AcDbText
 10
151.6243438720703
 20
172.28790283203125
 30
43.50699920654297
 40
1.2
  1
43.307
 11
151.6243438720703
 21
172.28790283203125
 31
43.50699920654297
100
AcDbText
  0
POINT
  5
343
330
17
100
AcDbEntity
  8
SURVEY-POINTS
100
AcDbPoint
 10
167.45724487304688
 20
172.24560546875
 30
43.099998474121094
  0
TEXT
  5
344
330
17
100
AcDbEntity
  8
SURVEY-LABELS
100
AcDbText
 10
167.45724487304688
 20
172.24560546875
 30
43.2999984741211
 40
1.2
  1
43.100
 11
167.45724487304688
 21
172.24560546875
 31
43.2999984741211
100
AcDbText
  0
POINT
  5
345
330
17
100
AcDbEntity
  8
SURVEY-POINTS
100
AcDbPoint
 10
49.72365188598633
 20
172.1186981201172
 30
43.90399932861328
  0
TEXT
  5
346
330
17
100
AcDbEntity
  8
SURVEY-LABELS
100
AcDbText
 10
49.72365188598633
 20
172.1186981201172
 30
44.103999328613284
 40
1.2
  1
43.904
 11
49.72365188598633
 21
172.1186981201172
 31
44.103999328613284
100
AcDbText
  0
POINT
  5
347
330
17
100
AcDbEntity
  8
SURVEY-POINTS
100
AcDbPoint
 10
158.48963928222656
 20
172.1186981201172
 30
43.323001861572266
  0
TEXT
  5
348
330
17
100
AcDbEntity
  8
SURVEY-LABELS
100
AcDbText
 10
158.48963928222656
 20
172.1186981201172
 30
43.52300186157227
 40
1.2
  1
43.323
 11
158.48963928222656
 21
172.1186981201172
 31
43.52300186157227
100
AcDbText
  0
POINT
  5
349
330
17
100
AcDbEntity
  8
SURVEY-POINTS
100
AcDbPoint
 10
55.34954833984375
 20
171.77183532714844
 30
44.07899856567383
  0
TEXT
  5
34A
330
17
100
AcDbEntity
  8
SURVEY-LABELS
100
AcDbText
 10
55.34954833984375
 20
171.77183532714844
 30
44.27899856567383
 40
1.2
  1
44.079
 11
55.34954833984375
 21
171.77183532714844
 31
44.27899856567383
100
AcDbText
  0
POINT
  5
34B
330
17
100
AcDbEntity
  8
SURVEY-POINTS
100
AcDbPoint
 10
124.76384735107422
 20
171.22193908691406
 30
43.005001068115234
  0
TEXT
  5
34C
330
17
100
AcDbEntity
  8
SURVEY-LABELS
100
AcDbText
 10
124.76384735107422
 20
171.22193908691406
 30
43.20500106811524
 40
1.2
  1
43.005
 11
124.76384735107422
 21
171.22193908691406
 31
43.20500106811524
100
AcDbText
  0
POINT
  5
34D
330
17
100
AcDbEntity
  8
SURVEY-POINTS
100
AcDbPoint
 10
144.20069885253906
 20
171.18809509277344
 30
43.23500061035156
  0
TEXT
  5
34E
330
17
100
AcDbEntity
  8
SURVEY-LABELS
100
AcDbText
 10
144.20069885253906
 20
171.18809509277344
 30
43.435000610351565
 40
1.2
  1
43.235
 11
144.20069885253906
 21
171.18809509277344
 31
43.435000610351565
100
AcDbText
  0
POINT
  5
34F
330
17
100
AcDbEntity
  8
SURVEY-POINTS
100
AcDbPoint
 10
277.7840881347656
 20
170.89199829101562
 30
43.154998779296875
  0
TEXT
  5
350
330
17
100
AcDbEntity
  8
SURVEY-LABELS
100
AcDbText
 10
277.7840881347656
 20
170.89199829101562
 30
43.35499877929688
 40
1.2
  1
43.155
 11
277.7840881347656
 21
170.89199829101562
 31
43.35499877929688
100
AcDbText
  0
POINT
  5
351
330
17
100
AcDbEntity
  8
SURVEY-POINTS
100
AcDbPoint
 10
72.60794830322266
 20
170.84970092773438
 30
44.095001220703125
  0
TEXT
  5
352
330
17
100
AcDbEntity
  8
SURVEY-LABELS
100
AcDbText
 10
72.60794830322266
 20
170.84970092773438
 30
44.29500122070313
 40
1.2
  1
44.095
 11
72.60794830322266
 21
170.84970092773438
 31
44.29500122070313
100
AcDbText
  0
POINT
  5
353
330
17
100
AcDbEntity
  8
SURVEY-POINTS
100
AcDbPoint
 10
95.15384674072266
 20
170.15174865722656
 30
43.72600173950195
  0
TEXT
  5
354
330
17
100
AcDbEntity
  8
SURVEY-LABELS
100
AcDbText
 10
95.15384674072266
 20
170.15174865722656
 30
43.926001739501956
 40
1.2
  1
43.726
 11
95.15384674072266
 21
170.15174865722656
 31
43.926001739501956
100
AcDbText
  0
POINT
  5
355
330
17
100
AcDbEntity
  8
SURVEY-POINTS
100
AcDbPoint
 10
69.3508529663086
 20
169.87680053710938
 30
43.59700012207031
  0
TEXT
  5
356
330
17
100
AcDbEntity
  8
SURVEY-LABELS
100
AcDbText
 10
69.3508529663086
 20
169.87680053710938
 30
43.797000122070315
 40
1.2
  1
43.597
 11
69.3508529663086
 21
169.87680053710938
 31
43.797000122070315
100
AcDbText
  0
POINT
  5
357
330
17
100
AcDbEntity
  8
SURVEY-POINTS
100
AcDbPoint
 10
79.48169708251953
 20
169.83450317382812
 30
43.638999938964844
  0
TEXT
  5
358
330
17
100
AcDbEntity
  8
SURVEY-LABELS
100
AcDbText
 10
79.48169708251953
 20
169.83450317382812
 30
43.83899993896485
 40
1.2
  1
43.639
 11
79.48169708251953
 21
169.83450317382812
 31
43.83899993896485
100
AcDbText
  0
POINT
  5
359
330
17
100
AcDbEntity
  8
SURVEY-POINTS
100
AcDbPoint
 10
172.94354248046875
 20
169.83450317382812
 30
43.744998931884766
  0
TEXT
  5
35A
330
17
100
AcDbEntity
  8
SURVEY-LABELS
100
AcDbText
 10
172.94354248046875
 20
169.83450317382812
 30
43.94499893188477
 40
1.2
  1
43.745
 11
172.94354248046875
 21
169.83450317382812
 31
43.94499893188477
100
AcDbText
  0
POINT
  5
35B
330
17
100
AcDbEntity
  8
SURVEY-POINTS
100
AcDbPoint
 10
149.25555419921875
 20
169.79220581054688
 30
43.3120002746582
  0
TEXT
  5
35C
330
17
100
AcDbEntity
  8
SURVEY-LABELS
100
AcDbText
 10
149.25555419921875
 20
169.79220581054688
 30
43.512000274658206
 40
1.2
  1
43.312
 11
149.25555419921875
 21
169.79220581054688
 31
43.512000274658206
100
AcDbText
  0
POINT
  5
35D
330
17
100
AcDbEntity
  8
SURVEY-POINTS
100
AcDbPoint
 10
141.47235107421875
 20
169.6230010986328
 30
43.2239990234375
  0
TEXT
  5
35E
330
17
100
AcDbEntity
  8
SURVEY-LABELS
100
AcDbText
 10
141.47235107421875
 20
169.6230010986328
 30
43.4239990234375
 40
1.2
  1
43.224
 11
141.47235107421875
 21
169.6230010986328
 31
43.4239990234375
100
AcDbText
  0
POINT
  5
35F
330
17
100
AcDbEntity
  8
SURVEY-POINTS
100
AcDbPoint
 10
43.46324920654297
 20
169.58070373535156
 30
44.11399841308594
  0
TEXT
  5
360
330
17
100
AcDbEntity
  8
SURVEY-LABELS
100
AcDbText
 10
43.46324920654297
 20
169.58070373535156
 30
44.31399841308594
 40
1.2
  1
44.114
 11
43.46324920654297
 21
169.58070373535156
 31
44.31399841308594
100
AcDbText
  0
POINT
  5
361
330
17
100
AcDbEntity
  8
SURVEY-POINTS
100
AcDbPoint
 10
180.66329956054688
 20
168.6501007080078
 30
43.053001403808594
  0
TEXT
  5
362
330
17
100
AcDbEntity
  8
SURVEY-LABELS
100
AcDbText
 10
180.66329956054688
 20
168.6501007080078
 30
43.2530014038086
 40
1.2
  1
43.053
 11
180.66329956054688
 21
168.6501007080078
 31
43.2530014038086
100
AcDbText
  0
POINT
  5
363
330
17
100
AcDbEntity
  8
SURVEY-POINTS
100
AcDbPoint
 10
176.24295043945312
 20
168.48089599609375
 30
43.2760009765625
  0
TEXT
  5
364
330
17
100
AcDbEntity
  8
SURVEY-LABELS
100
AcDbText
 10
176.24295043945312
 20
168.48089599609375
 30
43.4760009765625
 40
1.2
  1
43.276
 11
176.24295043945312
 21
168.48089599609375
 31
43.4760009765625
100
AcDbText
  0
POINT
  5
365
330
17
100
AcDbEntity
  8
SURVEY-POINTS
100
AcDbPoint
 10
234.7438507080078
 20
168.37515258789062
 30
43.5359992980957
  0
TEXT
  5
366
330
17
100
AcDbEntity
  8
SURVEY-LABELS
100
AcDbText
 10
234.7438507080078
 20
168.37515258789062
 30
43.735999298095706
 40
1.2
  1
43.536
 11
234.7438507080078
 21
168.37515258789062
 31
43.735999298095706
100
AcDbText
  0
POINT
  5
367
330
17
100
AcDbEntity
  8
SURVEY-POINTS
100
AcDbPoint
 10
145.91384887695312
 20
168.36245727539062
 30
43.32699966430664
  0
TEXT
  5
368
330
17
100
AcDbEntity
  8
SURVEY-LABELS
100
AcDbText
 10
145.91384887695312
 20
168.36245727539062
 30
43.52699966430664
 40
1.2
  1
43.327
 11
145.91384887695312
 21
168.36245727539062
 31
43.52699966430664
100
AcDbText
  0
POINT
  5
369
330
17
100
AcDbEntity
  8
SURVEY-POINTS
100
AcDbPoint
 10
250.64865112304688
 20
167.97329711914062
 30
43.893001556396484
  0
TEXT
  5
36A
330
17
100
AcDbEntity
  8
SURVEY-LABELS
100
AcDbText
 10
250.64865112304688
 20
167.97329711914062
 30
44.09300155639649
 40
1.2
  1
43.893
 11
250.64865112304688
 21
167.97329711914062
 31
44.09300155639649
100
AcDbText
  0
POINT
  5
36B
330
17
100
AcDbEntity
  8
SURVEY-POINTS
100
AcDbPoint
 10
241.5330047607422
 20
167.80409240722656
 30
43.50199890136719
  0
TEXT
  5
36C
330
17
100
AcDbEntity
  8
SURVEY-LABELS
100
AcDbText
 10
241.5330047607422
 20
167.80409240722656
 30
43.70199890136719
 40
1.2
  1
43.502
 11
241.5330047607422
 21
167.80409240722656
 31
43.70199890136719
100
AcDbText
  0
POINT
  5
36D
330
17
100
AcDbEntity
  8
SURVEY-POINTS
100
AcDbPoint
 10
142.9739990234375
 20
167.29649353027344
 30
43.3129997253418
  0
TEXT
  5
36E
330
17
100
AcDbEntity
  8
SURVEY-LABELS
100
AcDbText
 10
142.9739990234375
 20
167.29649353027344
 30
43.5129997253418
 40
1.2
  1
43.313
 11
142.9739990234375
 21
167.29649353027344
 31
43.5129997253418
100
AcDbText
  0
POINT
  5
36F
330
17
100
AcDbEntity
  8
SURVEY-POINTS
100
AcDbPoint
 10
224.6341552734375
 20
167.00039672851562
 30
43.512001037597656
  0
TEXT
  5
370
330
17
100
AcDbEntity
  8
SURVEY-LABELS
100
AcDbText
 10
224.6341552734375
 20
167.00039672851562
 30
43.71200103759766
 40
1.2
  1
43.512
 11
224.6341552734375
 21
167.00039672851562
 31
43.71200103759766
100
AcDbText
  0
POINT
  5
371
330
17
100
AcDbEntity
  8
SURVEY-POINTS
100
AcDbPoint
 10
136.22715759277344
 20
166.6197052001953
 30
43.124000549316406
  0
TEXT
  5
372
330
17
100
AcDbEntity
  8
SURVEY-LABELS
100
AcDbText
 10
136.22715759277344
 20
166.6197052001953
 30
43.32400054931641
 40
1.2
  1
43.124
 11
136.22715759277344
 21
166.6197052001953
 31
43.32400054931641
100
AcDbText
  0
POINT
  5
373
330
17
100
AcDbEntity
  8
SURVEY-POINTS
100
AcDbPoint
 10
215.51004028320312
 20
165.68910217285156
 30
43.29399871826172
  0
TEXT
  5
374
330
17
100
AcDbEntity
  8
SURVEY-LABELS
100
AcDbText
 10
215.51004028320312
 20
165.68910217285156
 30
43.49399871826172
 40
1.2
  1
43.294
 11
215.51004028320312
 21
165.68910217285156
 31
43.49399871826172
100
AcDbText
  0
POINT
  5
375
330
17
100
AcDbEntity
  8
SURVEY-POINTS
100
AcDbPoint
 10
179.25894165039062
 20
164.88540649414062
 30
43.316001892089844
  0
TEXT
  5
376
330
17
100
AcDbEntity
  8
SURVEY-LABELS
100
AcDbText
 10
179.25894165039062
 20
164.88540649414062
 30
43.51600189208985
 40
1.2
  1
43.316
 11
179.25894165039062
 21
164.88540649414062
 31
43.51600189208985
100
AcDbText
  0
POINT
  5
377
330
17
100
AcDbEntity
  8
SURVEY-POINTS
100
AcDbPoint
 10
102.61979675292969
 20
164.7373504638672
 30
43.6609992980957
  0
TEXT
  5
378
330
17
100
AcDbEntity
  8
SURVEY-LABELS
100
AcDbText
 10
102.61979675292969
 20
164.7373504638672
 30
43.860999298095706
 40
1.2
  1
43.661
 11
102.61979675292969
 21
164.7373504638672
 31
43.860999298095706
100
AcDbText
  0
POINT
  5
379
330
17
100
AcDbEntity
  8
SURVEY-POINTS
100
AcDbPoint
 10
112.28534698486328
 20
164.58929443359375
 30
43.90800094604492
  0
TEXT
  5
37A
330
17
100
AcDbEntity
  8
SURVEY-LABELS
100
AcDbText
 10
112.28534698486328
 20
164.58929443359375
 30
44.108000946044925
 40
1.2
  1
43.908
 11
112.28534698486328
 21
164.58929443359375
 31
44.108000946044925
100
AcDbText
  0
POINT
  5
37B
330
17
100
AcDbEntity
  8
SURVEY-POINTS
100
AcDbPoint
 10
141.87420654296875
 20
164.5469970703125
 30
43.231998443603516
  0
TEXT
  5
37C
330
17
100
AcDbEntity
  8
SURVEY-LABELS
100
AcDbText
 10
141.87420654296875
 20
164.5469970703125
 30
43.43199844360352
 40
1.2
  1
43.232
 11
141.87420654296875
 21
164.5469970703125
 31
43.43199844360352
100
AcDbText
  0
POINT
  5
37D
330
17
100
AcDbEntity
  8
SURVEY-POINTS
100
AcDbPoint
 10
42.21540069580078
 20
164.46240234375
 30
44.08100128173828
  0
TEXT
  5
37E
330
17
100
AcDbEntity
  8
SURVEY-LABELS
100
AcDbText
 10
42.21540069580078
 20
164.46240234375
 30
44.281001281738284
 40
1.2
  1
44.081
 11
42.21540069580078
 21
164.46240234375
 31
44.281001281738284
100
AcDbText
  0
POINT
  5
37F
330
17
100
AcDbEntity
  8
SURVEY-POINTS
100
AcDbPoint
 10
123.431396484375
 20
163.7010040283203
 30
43.534000396728516
  0
TEXT
  5
380
330
17
100
AcDbEntity
  8
SURVEY-LABELS
100
AcDbText
 10
123.431396484375
 20
163.7010040283203
 30
43.73400039672852
 40
1.2
  1
43.534
 11
123.431396484375
 21
163.7010040283203
 31
43.73400039672852
100
AcDbText
  0
POINT
  5
381
330
17
100
AcDbEntity
  8
SURVEY-POINTS
100
AcDbPoint
 10
140.11874389648438
 20
163.4810333251953
 30
43.20399856567383
  0
TEXT
  5
382
330
17
100
AcDbEntity
  8
SURVEY-LABELS
100
AcDbText
 10
140.11874389648438
 20
163.4810333251953
 30
43.40399856567383
 40
1.2
  1
43.204
 11
140.11874389648438
 21
163.4810333251953
 31
43.40399856567383
100
AcDbText
  0
POINT
  5
383
330
17
100
AcDbEntity
  8
SURVEY-POINTS
100
AcDbPoint
 10
175.9468536376953
 20
163.4810333251953
 30
42.69499969482422
  0
TEXT
  5
384
330
17
100
AcDbEntity
  8
SURVEY-LABELS
100
AcDbText
 10
175.9468536376953
 20
163.4810333251953
 30
42.89499969482422
 40
1.2
  1
42.695
 11
175.9468536376953
 21
163.4810333251953
 31
42.89499969482422
100
AcDbText
  0
POINT
  5
385
330
17
100
AcDbEntity
  8
SURVEY-POINTS
100
AcDbPoint
 10
43.94969940185547
 20
163.04534912109375
 30
44.000999450683594
  0
TEXT
  5
386
330
17
100
AcDbEntity
  8
SURVEY-LABELS
100
AcDbText
 10
43.94969940185547
 20
163.04534912109375
 30
44.2009994506836
 40
1.2
  1
44.001
 11
43.94969940185547
 21
163.04534912109375
 31
44.2009994506836
100
AcDbText
  0
POINT
  5
387
330
17
100
AcDbEntity
  8
SURVEY-POINTS
100
AcDbPoint
 10
112.28534698486328
 20
162.38124084472656
 30
43.54899978637695
  0
TEXT
  5
388
330
17
100
AcDbEntity
  8
SURVEY-LABELS
100
AcDbText
 10
112.28534698486328
 20
162.38124084472656
 30
43.748999786376956
 40
1.2
  1
43.549
 11
112.28534698486328
 21
162.38124084472656
 31
43.748999786376956
100
AcDbText
  0
POINT
  5
389
330
17
100
AcDbEntity
  8
SURVEY-POINTS
100
AcDbPoint
 10
180.85365295410156
 20
162.38124084472656
 30
43.28200149536133
  0
TEXT
  5
38A
330
17
100
AcDbEntity
  8
SURVEY-LABELS
100
AcDbText
 10
180.85365295410156
 20
162.38124084472656
 30
43.48200149536133
 40
1.2
  1
43.282
 11
180.85365295410156
 21
162.38124084472656
 31
43.48200149536133
100
AcDbText
  0
POINT
  5
38B
330
17
100
AcDbEntity
  8
SURVEY-POINTS
100
AcDbPoint
 10
119.34944915771484
 20
162.2205047607422
 30
43.54999923706055
  0
TEXT
  5
38C
330
17
100
AcDbEntity
  8
SURVEY-LABELS
100
AcDbText
 10
119.34944915771484
 20
162.2205047607422
 30
43.74999923706055
 40
1.2
  1
43.550
 11
119.34944915771484
 21
162.2205047607422
 31
43.74999923706055
100
AcDbText
  0
POINT
  5
38D
330
17
100
AcDbEntity
  8
SURVEY-POINTS
100
AcDbPoint
 10
141.95033264160156
 20
162.17820739746094
 30
43.3380012512207
  0
TEXT
  5
38E
330
17
100
AcDbEntity
  8
SURVEY-LABELS
100
AcDbText
 10
141.95033264160156
 20
162.17820739746094
 30
43.538001251220706
 40
1.2
  1
43.338
 11
141.95033264160156
 21
162.17820739746094
 31
43.538001251220706
100
AcDbText
  0
POINT
  5
38F
330
17
100
AcDbEntity
  8
SURVEY-POINTS
100
AcDbPoint
 10
101.39309692382812
 20
162.05130004882812
 30
43.63800048828125
  0
TEXT
  5
390
330
17
100
AcDbEntity
  8
SURVEY-LABELS
100
AcDbText
 10
101.39309692382812
 20
162.05130004882812
 30
43.83800048828125
 40
1.2
  1
43.638
 11
101.39309692382812
 21
162.05130004882812
 31
43.83800048828125
100
AcDbText
  0
POINT
  5
391
330
17
100
AcDbEntity
  8
SURVEY-POINTS
100
AcDbPoint
 10
50.73884963989258
 20
161.6282958984375
 30
43.595001220703125
  0
TEXT
  5
392
330
17
100
AcDbEntity
  8
SURVEY-LABELS
100
AcDbText
 10
50.73884963989258
 20
161.6282958984375
 30
43.79500122070313
 40
1.2
  1
43.595
 11
50.73884963989258
 21
161.6282958984375
 31
43.79500122070313
100
AcDbText
  0
POINT
  5
393
330
17
100
AcDbEntity
  8
SURVEY-POINTS
100
AcDbPoint
 10
123.30449676513672
 20
161.37449645996094
 30
43.62799835205078
  0
TEXT
  5
394
330
17
100
AcDbEntity
  8
SURVEY-LABELS
100
AcDbText
 10
123.30449676513672
 20
161.37449645996094
 30
43.827998352050784
 40
1.2
  1
43.628
 11
123.30449676513672
 21
161.37449645996094
 31
43.827998352050784
100
AcDbText
  0
POINT
  5
395
330
17
100
AcDbEntity
  8
SURVEY-POINTS
100
AcDbPoint
 10
87.30719757080078
 20
161.18414306640625
 30
43.60900115966797
  0
TEXT
  5
396
330
17
100
AcDbEntity
  8
SURVEY-LABELS
100
AcDbText
 10
87.30719757080078
 20
161.18414306640625
 30
43.80900115966797
 40
1.2
  1
43.609
 11
87.30719757080078
 21
161.18414306640625
 31
43.80900115966797
100
AcDbText
  0
POINT
  5
397
330
17
100
AcDbEntity
  8
SURVEY-POINTS
100
AcDbPoint
 10
58.09904861450195
 20
160.7823028564453
 30
43.68000030517578
  0
TEXT
  5
398
330
17
100
AcDbEntity
  8
SURVEY-LABELS
100
AcDbText
 10
58.09904861450195
 20
160.7823028564453
 30
43.880000305175784
 40
1.2
  1
43.680
 11
58.09904861450195
 21
160.7823028564453
 31
43.880000305175784
100
AcDbText
  0
POINT
  5
399
330
17
100
AcDbEntity
  8
SURVEY-POINTS
100
AcDbPoint
 10
108.07649993896484
 20
160.54965209960938
 30
43.60499954223633
  0
TEXT
  5
39A
330
17
100
AcDbEntity
  8
SURVEY-LABELS
100
AcDbText
 10
108.07649993896484
 20
160.54965209960938
 30
43.80499954223633
 40
1.2
  1
43.605
 11
108.07649993896484
 21
160.54965209960938
 31
43.80499954223633
100
AcDbText
  0
POINT
  5
39B
330
17
100
AcDbEntity
  8
SURVEY-POINTS
100
AcDbPoint
 10
79.01640319824219
 20
160.40159606933594
 30
43.590999603271484
  0
TEXT
  5
39C
330
17
100
AcDbEntity
  8
SURVEY-LABELS
100
AcDbText
 10
79.01640319824219
 20
160.40159606933594
 30
43.79099960327149
 40
1.2
  1
43.591
 11
79.01640319824219
 21
160.40159606933594
 31
43.79099960327149
100
AcDbText
  0
POINT
  5
39D
330
17
100
AcDbEntity
  8
SURVEY-POINTS
100
AcDbPoint
 10
68.73750305175781
 20
160.31700134277344
 30
43.617000579833984
  0
TEXT
  5
39E
330
17
100
AcDbEntity
  8
SURVEY-LABELS
100
AcDbText
 10
68.73750305175781
 20
160.31700134277344
 30
43.81700057983399
 40
1.2
  1
43.617
 11
68.73750305175781
 21
160.31700134277344
 31
43.81700057983399
100
AcDbText
  0
POINT
  5
39F
330
17
100
AcDbEntity
  8
SURVEY-POINTS
100
AcDbPoint
 10
101.39309692382812
 20
159.76710510253906
 30
43.582000732421875
  0
TEXT
  5
3A0
330
17
100
AcDbEntity
  8
SURVEY-LABELS
100
AcDbText
 10
101.39309692382812
 20
159.76710510253906
 30
43.78200073242188
 40
1.2
  1
43.582
 11
101.39309692382812
 21
159.76710510253906
 31
43.78200073242188
100
AcDbText
  0
POINT
  5
3A1
330
17
100
AcDbEntity
  8
SURVEY-POINTS
100
AcDbPoint
 10
180.8113555908203
 20
159.00570678710938
 30
43.26900100708008
  0
TEXT
  5
3A2
330
17
100
AcDbEntity
  8
SURVEY-LABELS
100
AcDbText
 10
180.8113555908203
 20
159.00570678710938
 30
43.46900100708008
 40
1.2
  1
43.269
 11
180.8113555908203
 21
159.00570678710938
 31
43.46900100708008
100
AcDbText
  0
POINT
  5
3A3
330
17
100
AcDbEntity
  8
SURVEY-POINTS
100
AcDbPoint
 10
115.24635314941406
 20
158.8872528076172
 30
43.724998474121094
  0
TEXT
  5
3A4
330
17
100
AcDbEntity
  8
SURVEY-LABELS
100
AcDbText
 10
115.24635314941406
 20
158.8872528076172
 30
43.9249984741211
 40
1.2
  1
43.725
 11
115.24635314941406
 21
158.8872528076172
 31
43.9249984741211
100
AcDbText
  0
POINT
  5
3A5
330
17
100
AcDbEntity
  8
SURVEY-POINTS
100
AcDbPoint
 10
141.5146484375
 20
158.8872528076172
 30
43.316001892089844
  0
TEXT
  5
3A6
330
17
100
AcDbEntity
  8
SURVEY-LABELS
100
AcDbText
 10
141.5146484375
 20
158.8872528076172
 30
43.51600189208985
 40
1.2
  1
43.316
 11
141.5146484375
 21
158.8872528076172
 31
43.51600189208985
100
AcDbText
  0
POINT
  5
3A7
330
17
100
AcDbEntity
  8
SURVEY-POINTS
100
AcDbPoint
 10
131.07923889160156
 20
158.7095947265625
 30
43.422000885009766
  0
TEXT
  5
3A8
330
17
100
AcDbEntity
  8
SURVEY-LABELS
100
AcDbText
 10
131.07923889160156
 20
158.7095947265625
 30
43.62200088500977
 40
1.2
  1
43.422
 11
131.07923889160156
 21
158.7095947265625
 31
43.62200088500977
100
AcDbText
  0
POINT
  5
3A9
330
17
100
AcDbEntity
  8
SURVEY-POINTS
100
AcDbPoint
 10
108.0342025756836
 20
158.3289031982422
 30
43.66899871826172
  0
TEXT
  5
3AA
330
17
100
AcDbEntity
  8
SURVEY-LABELS
100
AcDbText
 10
108.0342025756836
 20
158.3289031982422
 30
43.86899871826172
 40
1.2
  1
43.669
 11
108.0342025756836
 21
158.3289031982422
 31
43.86899871826172
100
AcDbText
  0
POINT
  5
3AB
330
17
100
AcDbEntity
  8
SURVEY-POINTS
100
AcDbPoint
 10
133.13925170898438
 20
157.52520751953125
 30
43.000999450683594
  0
TEXT
  5
3AC
330
17
100
AcDbEntity
  8
SURVEY-LABELS
100
AcDbText
 10
133.13925170898438
 20
157.52520751953125
 30
43.2009994506836
 40
1.2
  1
43.001
 11
133.13925170898438
 21
157.52520751953125
 31
43.2009994506836
100
AcDbText
  0
POINT
  5
3AD
330
17
100
AcDbEntity
  8
SURVEY-POINTS
100
AcDbPoint
 10
256.5283508300781
 20
157.22909545898438
 30
43.7130012512207
  0
TEXT
  5
3AE
330
17
100
AcDbEntity
  8
SURVEY-LABELS
100
AcDbText
 10
256.5283508300781
 20
157.22909545898438
 30
43.913001251220706
 40
1.2
  1
43.713
 11
256.5283508300781
 21
157.22909545898438
 31
43.913001251220706
100
AcDbText
  0
POINT
  5
3AF
330
17
100
AcDbEntity
  8
SURVEY-POINTS
100
AcDbPoint
 10
249.27389526367188
 20
157.18679809570312
 30
43.70100021362305
  0
TEXT
  5
3B0
330
17
100
AcDbEntity
  8
SURVEY-LABELS
100
AcDbText
 10
249.27389526367188
 20
157.18679809570312
 30
43.90100021362305
 40
1.2
  1
43.701
 11
249.27389526367188
 21
157.18679809570312
 31
43.90100021362305
100
AcDbText
  0
POINT
  5
3B1
330
17
100
AcDbEntity
  8
SURVEY-POINTS
100
AcDbPoint
 10
98.32634735107422
 20
156.84840393066406
 30
43.770999908447266
  0
TEXT
  5
3B2
330
17
100
AcDbEntity
  8
SURVEY-LABELS
100
AcDbText
 10
98.32634735107422
 20
156.84840393066406
 30
43.97099990844727
 40
1.2
  1
43.771
 11
98.32634735107422
 21
156.84840393066406
 31
43.97099990844727
100
AcDbText
  0
POINT
  5
3B3
330
17
100
AcDbEntity
  8
SURVEY-POINTS
100
AcDbPoint
 10
141.91650390625
 20
156.56076049804688
 30
43.20500183105469
  0
TEXT
  5
3B4
330
17
100
AcDbEntity
  8
SURVEY-LABELS
100
AcDbText
 10
141.91650390625
 20
156.56076049804688
 30
43.40500183105469
 40
1.2
  1
43.205
 11
141.91650390625
 21
156.56076049804688
 31
43.40500183105469
100
AcDbText
  0
POINT
  5
3B5
330
17
100
AcDbEntity
  8
SURVEY-POINTS
100
AcDbPoint
 10
115.1406021118164
 20
156.45924377441406
 30
43.777000427246094
  0
TEXT
  5
3B6
330
17
100
AcDbEntity
  8
SURVEY-LABELS
100
AcDbText
 10
115.1406021118164
 20
156.45924377441406
 30
43.9770004272461
 40
1.2
  1
43.777
 11
115.1406021118164
 21
156.45924377441406
 31
43.9770004272461
100
AcDbText
  0
POINT
  5
3B7
330
17
100
AcDbEntity
  8
SURVEY-POINTS
100
AcDbPoint
 10
131.7010498046875
 20
156.4042510986328
 30
42.95000076293945
  0
TEXT
  5
3B8
330
17
100
AcDbEntity
  8
SURVEY-LABELS
100
AcDbText
 10
131.7010498046875
 20
156.4042510986328
 30
43.150000762939456
 40
1.2
  1
42.950
 11
131.7010498046875
 21
156.4042510986328
 31
43.150000762939456
100
AcDbText
  0
POINT
  5
3B9
330
17
100
AcDbEntity
  8
SURVEY-POINTS
100
AcDbPoint
 10
196.9488067626953
 20
155.92625427246094
 30
42.78900146484375
  0
TEXT
  5
3BA
330
17
100
AcDbEntity
  8
SURVEY-LABELS
100
AcDbText
 10
196.9488067626953
 20
155.92625427246094
 30
42.98900146484375
 40
1.2
  1
42.789
 11
196.9488067626953
 21
155.92625427246094
 31
42.98900146484375
100
AcDbText
  0
POINT
  5
3BB
330
17
100
AcDbEntity
  8
SURVEY-POINTS
100
AcDbPoint
 10
179.28854370117188
 20
155.74859619140625
 30
43.255001068115234
  0
TEXT
  5
3BC
330
17
100
AcDbEntity
  8
SURVEY-LABELS
100
AcDbText
 10
179.28854370117188
 20
155.74859619140625
 30
43.45500106811524
 40
1.2
  1
43.255
 11
179.28854370117188
 21
155.74859619140625
 31
43.45500106811524
100
AcDbText
  0
POINT
  5
3BD
330
17
100
AcDbEntity
  8
SURVEY-POINTS
100
AcDbPoint
 10
261.32940673828125
 20
155.6217041015625
 30
42.840999603271484
  0
TEXT
  5
3BE
330
17
100
AcDbEntity
  8
SURVEY-LABELS
100
AcDbText
 10
261.32940673828125
 20
155.6217041015625
 30
43.04099960327149
 40
1.2
  1
42.841
 11
261.32940673828125
 21
155.6217041015625
 31
43.04099960327149
100
AcDbText
  0
POINT
  5
3BF
330
17
100
AcDbEntity
  8
SURVEY-POINTS
100
AcDbPoint
 10
268.2666015625
 20
154.18350219726562
 30
42.891998291015625
  0
TEXT
  5
3C0
330
17
100
AcDbEntity
  8
SURVEY-LABELS
100
AcDbText
 10
268.2666015625
 20
154.18350219726562
 30
43.09199829101563
 40
1.2
  1
42.892
 11
268.2666015625
 21
154.18350219726562
 31
43.09199829101563
100
AcDbText
  0
POINT
  5
3C1
330
17
100
AcDbEntity
  8
SURVEY-POINTS
100
AcDbPoint
 10
190.51919555664062
 20
153.0836944580078
 30
43.137001037597656
  0
TEXT
  5
3C2
330
17
100
AcDbEntity
  8
SURVEY-LABELS
100
AcDbText
 10
190.51919555664062
 20
153.0836944580078
 30
43.33700103759766
 40
1.2
  1
43.137
 11
190.51919555664062
 21
153.0836944580078
 31
43.33700103759766
100
AcDbText
  0
POINT
  5
3C3
330
17
100
AcDbEntity
  8
SURVEY-POINTS
100
AcDbPoint
 10
41.58089828491211
 20
153.04139709472656
 30
43.75199890136719
  0
TEXT
  5
3C4
330
17
100
AcDbEntity
  8
SURVEY-LABELS
100
AcDbText
 10
41.58089828491211
 20
153.04139709472656
 30
43.95199890136719
 40
1.2
  1
43.752
 11
41.58089828491211
 21
153.04139709472656
 31
43.95199890136719
100
AcDbText
  0
POINT
  5
3C5
330
17
100
AcDbEntity
  8
SURVEY-POINTS
100
AcDbPoint
 10
82.75994873046875
 20
152.95680236816406
 30
43.540000915527344
  0
TEXT
  5
3C6
330
17
100
AcDbEntity
  8
SURVEY-LABELS
100
AcDbText
 10
82.75994873046875
 20
152.95680236816406
 30
43.74000091552735
 40
1.2
  1
43.540
 11
82.75994873046875
 21
152.95680236816406
 31
43.74000091552735
100
AcDbText
  0
POINT
  5
3C7
330
17
100
AcDbEntity
  8
SURVEY-POINTS
100
AcDbPoint
 10
34.791751861572266
 20
152.9145050048828
 30
43.9109992980957
  0
TEXT
  5
3C8
330
17
100
AcDbEntity
  8
SURVEY-LABELS
100
AcDbText
 10
34.791751861572266
 20
152.9145050048828
 30
44.110999298095706
 40
1.2
  1
43.911
 11
34.791751861572266
 21
152.9145050048828
 31
44.110999298095706
100
AcDbText
  0
POINT
  5
3C9
330
17
100
AcDbEntity
  8
SURVEY-POINTS
100
AcDbPoint
 10
158.39234924316406
 20
152.8806610107422
 30
43.297000885009766
  0
TEXT
  5
3CA
330
17
100
AcDbEntity
  8
SURVEY-LABELS
100
AcDbText
 10
158.39234924316406
 20
152.8806610107422
 30
43.49700088500977
 40
1.2
  1
43.297
 11
158.39234924316406
 21
152.8806610107422
 31
43.49700088500977
100
AcDbText
  0
POINT
  5
3CB
330
17
100
AcDbEntity
  8
SURVEY-POINTS
100
AcDbPoint
 10
152.0050506591797
 20
152.85104370117188
 30
43.340999603271484
  0
TEXT
  5
3CC
330
17
100
AcDbEntity
  8
SURVEY-LABELS
100
AcDbText
 10
152.0050506591797
 20
152.85104370117188
 30
43.54099960327149
 40
1.2
  1
43.341
 11
152.0050506591797
 21
152.85104370117188
 31
43.54099960327149
100
AcDbText
  0
POINT
  5
3CD
330
17
100
AcDbEntity
  8
SURVEY-POINTS
100
AcDbPoint
 10
90.45854949951172
 20
152.74530029296875
 30
43.51300048828125
  0
TEXT
  5
3CE
330
17
100
AcDbEntity
  8
SURVEY-LABELS
100
AcDbText
 10
90.45854949951172
 20
152.74530029296875
 30
43.71300048828125
 40
1.2
  1
43.513
 11
90.45854949951172
 21
152.74530029296875
 31
43.71300048828125
100
AcDbText
  0
POINT
  5
3CF
330
17
100
AcDbEntity
  8
SURVEY-POINTS
100
AcDbPoint
 10
240.2428436279297
 20
152.74530029296875
 30
43.202999114990234
  0
TEXT
  5
3D0
330
17
100
AcDbEntity
  8
SURVEY-LABELS
100
AcDbText
 10
240.2428436279297
 20
152.74530029296875
 30
43.40299911499024
 40
1.2
  1
43.203
 11
240.2428436279297
 21
152.74530029296875
 31
43.40299911499024
100
AcDbText
  0
POINT
  5
3D1
330
17
100
AcDbEntity
  8
SURVEY-POINTS
100
AcDbPoint
 10
232.8826446533203
 20
152.4915008544922
 30
43.07500076293945
  0
TEXT
  5
3D2
330
17
100
AcDbEntity
  8
SURVEY-LABELS
100
AcDbText
 10
232.8826446533203
 20
152.4915008544922
 30
43.275000762939456
 40
1.2
  1
43.075
 11
232.8826446533203
 21
152.4915008544922
 31
43.275000762939456
100
AcDbText
  0
POINT
  5
3D3
330
17
100
AcDbEntity
  8
SURVEY-POINTS
100
AcDbPoint
 10
68.9489974975586
 20
152.4069061279297
 30
43.62699890136719
  0
TEXT
  5
3D4
330
17
100
AcDbEntity
  8
SURVEY-LABELS
100
AcDbText
 10
68.9489974975586
 20
152.4069061279297
 30
43.82699890136719
 40
1.2
  1
43.627
 11
68.9489974975586
 21
152.4069061279297
 31
43.82699890136719
100
AcDbText
  0
POINT
  5
3D5
330
17
100
AcDbEntity
  8
SURVEY-POINTS
100
AcDbPoint
 10
62.07524871826172
 20
151.98390197753906
 30
43.70399856567383
  0
TEXT
  5
3D6
330
17
100
AcDbEntity
  8
SURVEY-LABELS
100
AcDbText
 10
62.07524871826172
 20
151.98390197753906
 30
43.90399856567383
 40
1.2
  1
43.704
 11
62.07524871826172
 21
151.98390197753906
 31
43.90399856567383
100
AcDbText
  0
POINT
  5
3D7
330
17
100
AcDbEntity
  8
SURVEY-POINTS
100
AcDbPoint
 10
123.66404724121094
 20
151.98390197753906
 30
43.51599884033203
  0
TEXT
  5
3D8
330
17
100
AcDbEntity
  8
SURVEY-LABELS
100
AcDbText
 10
123.66404724121094
 20
151.98390197753906
 30
43.715998840332034
 40
1.2
  1
43.516
 11
123.66404724121094
 21
151.98390197753906
 31
43.715998840332034
100
AcDbText
  0
POINT
  5
3D9
330
17
100
AcDbEntity
  8
SURVEY-POINTS
100
AcDbPoint
 10
205.00694274902344
 20
151.96275329589844
 30
42.724998474121094
  0
TEXT
  5
3DA
330
17
100
AcDbEntity
  8
SURVEY-LABELS
100
AcDbText
 10
205.00694274902344
 20
151.96275329589844
 30
42.9249984741211
 40
1.2
  1
42.725
 11
205.00694274902344
 21
151.96275329589844
 31
42.9249984741211
100
AcDbText
  0
POINT
  5
3DB
330
17
100
AcDbEntity
  8
SURVEY-POINTS
100
AcDbPoint
 10
129.50144958496094
 20
151.77239990234375
 30
42.965999603271484
  0
TEXT
  5
3DC
330
17
100
AcDbEntity
  8
SURVEY-LABELS
100
AcDbText
 10
129.50144958496094
 20
151.77239990234375
 30
43.16599960327149
 40
1.2
  1
42.966
 11
129.50144958496094
 21
151.77239990234375
 31
43.16599960327149
100
AcDbText
  0
POINT
  5
3DD
330
17
100
AcDbEntity
  8
SURVEY-POINTS
100
AcDbPoint
 10
52.60005187988281
 20
151.47630310058594
 30
43.58100128173828
  0
TEXT
  5
3DE
330
17
100
AcDbEntity
  8
SURVEY-LABELS
100
AcDbText
 10
52.60005187988281
 20
151.47630310058594
 30
43.781001281738284
 40
1.2
  1
43.581
 11
52.60005187988281
 21
151.47630310058594
 31
43.781001281738284
100
AcDbText
  0
POINT
  5
3DF
330
17
100
AcDbEntity
  8
SURVEY-POINTS
100
AcDbPoint
 10
75.69584655761719
 20
151.39169311523438
 30
43.55400085449219
  0
TEXT
  5
3E0
330
17
100
AcDbEntity
  8
SURVEY-LABELS
100
AcDbText
 10
75.69584655761719
 20
151.39169311523438
 30
43.75400085449219
 40
1.2
  1
43.554
 11
75.69584655761719
 21
151.39169311523438
 31
43.75400085449219
100
AcDbText
  0
POINT
  5
3E1
330
17
100
AcDbEntity
  8
SURVEY-POINTS
100
AcDbPoint
 10
221.63084411621094
 20
151.30709838867188
 30
42.95500183105469
  0
TEXT
  5
3E2
330
17
100
AcDbEntity
  8
SURVEY-LABELS
100
AcDbText
 10
221.63084411621094
 20
151.30709838867188
 30
43.15500183105469
 40
1.2
  1
42.955
 11
221.63084411621094
 21
151.30709838867188
 31
43.15500183105469
100
AcDbText
  0
POINT
  5
3E3
330
17
100
AcDbEntity
  8
SURVEY-POINTS
100
AcDbPoint
 10
190.47689819335938
 20
150.672607421875
 30
43.14899826049805
  0
TEXT
  5
3E4
330
17
100
AcDbEntity
  8
SURVEY-LABELS
100
AcDbText
 10
190.47689819335938
 20
150.672607421875
 30
43.34899826049805
 40
1.2
  1
43.149
 11
190.47689819335938
 21
150.672607421875
 31
43.34899826049805
100
AcDbText
  0
POINT
  5
3E5
330
17
100
AcDbEntity
  8
SURVEY-POINTS
100
AcDbPoint
 10
196.67384338378906
 20
150.4822540283203
 30
42.73400115966797
  0
TEXT
  5
3E6
330
17
100
AcDbEntity
  8
SURVEY-LABELS
100
AcDbText
 10
196.67384338378906
 20
150.4822540283203
 30
42.93400115966797
 40
1.2
  1
42.734
 11
196.67384338378906
 21
150.4822540283203
 31
42.93400115966797
100
AcDbText
  0
POINT
  5
3E7
330
17
100
AcDbEntity
  8
SURVEY-POINTS
100
AcDbPoint
 10
102.53520202636719
 20
150.33419799804688
 30
43.61600112915039
  0
TEXT
  5
3E8
330
17
100
AcDbEntity
  8
SURVEY-LABELS
100
AcDbText
 10
102.53520202636719
 20
150.33419799804688
 30
43.81600112915039
 40
1.2
  1
43.616
 11
102.53520202636719
 21
150.33419799804688
 31
43.81600112915039
100
AcDbText
  0
POINT
  5
3E9
330
17
100
AcDbEntity
  8
SURVEY-POINTS
100
AcDbPoint
 10
177.4062042236328
 20
150.29190063476562
 30
43.112998962402344
  0
TEXT
  5
3EA
330
17
100
AcDbEntity
  8
SURVEY-LABELS
100
AcDbText
 10
177.4062042236328
 20
150.29190063476562
 30
43.31299896240235
 40
1.2
  1
43.113
 11
177.4062042236328
 21
150.29190063476562
 31
43.31299896240235
100
AcDbText
  0
POINT
  5
3EB
330
17
100
AcDbEntity
  8
SURVEY-POINTS
100
AcDbPoint
 10
136.5655517578125
 20
150.24960327148438
 30
43.154998779296875
  0
TEXT
  5
3EC
330
17
100
AcDbEntity
  8
SURVEY-LABELS
100
AcDbText
 10
136.5655517578125
 20
150.24960327148438
 30
43.35499877929688
 40
1.2
  1
43.155
 11
136.5655517578125
 21
150.24960327148438
 31
43.35499877929688
100
AcDbText
  0
POINT
  5
3ED
330
17
100
AcDbEntity
  8
SURVEY-POINTS
100
AcDbPoint
 10
149.73353576660156
 20
149.9958038330078
 30
43.28200149536133
  0
TEXT
  5
3EE
330
17
100
AcDbEntity
  8
SURVEY-LABELS
100
AcDbText
 10
149.73353576660156
 20
149.9958038330078
 30
43.48200149536133
 40
1.2
  1
43.282
 11
149.73353576660156
 21
149.9958038330078
 31
43.48200149536133
100
AcDbText
  0
POINT
  5
3EF
330
17
100
AcDbEntity
  8
SURVEY-POINTS
100
AcDbPoint
 10
129.50144958496094
 20
149.5727996826172
 30
42.91999816894531
  0
TEXT
  5
3F0
330
17
100
AcDbEntity
  8
SURVEY-LABELS
100
AcDbText
 10
129.50144958496094
 20
149.5727996826172
 30
43.119998168945315
 40
1.2
  1
42.920
 11
129.50144958496094
 21
149.5727996826172
 31
43.119998168945315
100
AcDbText
  0
POINT
  5
3F1
330
17
100
AcDbEntity
  8
SURVEY-POINTS
100
AcDbPoint
 10
143.12205505371094
 20
149.3824462890625
 30
43.26499938964844
  0
TEXT
  5
3F2
330
17
100
AcDbEntity
  8
SURVEY-LABELS
100
AcDbText
 10
143.12205505371094
 20
149.3824462890625
 30
43.46499938964844
 40
1.2
  1
43.265
 11
143.12205505371094
 21
149.3824462890625
 31
43.46499938964844
100
AcDbText
  0
POINT
  5
3F3
330
17
100
AcDbEntity
  8
SURVEY-POINTS
100
AcDbPoint
 10
114.40035247802734
 20
149.2978515625
 30
43.54399871826172
  0
TEXT
  5
3F4
330
17
100
AcDbEntity
  8
SURVEY-LABELS
100
AcDbText
 10
114.40035247802734
 20
149.2978515625
 30
43.74399871826172
 40
1.2
  1
43.544
 11
114.40035247802734
 21
149.2978515625
 31
43.74399871826172
100
AcDbText
  0
POINT
  5
3F5
330
17
100
AcDbEntity
  8
SURVEY-POINTS
100
AcDbPoint
 10
213.29774475097656
 20
148.5998992919922
 30
42.93199920654297
  0
TEXT
  5
3F6
330
17
100
AcDbEntity
  8
SURVEY-LABELS
100
AcDbText
 10
213.29774475097656
 20
148.5998992919922
 30
43.13199920654297
 40
1.2
  1
42.932
 11
213.29774475097656
 21
148.5998992919922
 31
43.13199920654297
100
AcDbText
  0
POINT
  5
3F7
330
17
100
AcDbEntity
  8
SURVEY-POINTS
100
AcDbPoint
 10
131.36265563964844
 20
148.15574645996094
 30
43.055999755859375
  0
TEXT
  5
3F8
330
17
100
AcDbEntity
  8
SURVEY-LABELS
100
AcDbText
 10
131.36265563964844
 20
148.15574645996094
 30
43.25599975585938
 40
1.2
  1
43.056
 11
131.36265563964844
 21
148.15574645996094
 31
43.25599975585938
100
AcDbText
  0
POINT
  5
3F9
330
17
100
AcDbEntity
  8
SURVEY-POINTS
100
AcDbPoint
 10
136.650146484375
 20
148.15574645996094
 30
43.15399932861328
  0
TEXT
  5
3FA
330
17
100
AcDbEntity
  8
SURVEY-LABELS
100
AcDbText
 10
136.650146484375
 20
148.15574645996094
 30
43.353999328613284
 40
1.2
  1
43.154
 11
136.650146484375
 21
148.15574645996094
 31
43.353999328613284
100
AcDbText
  0
POINT
  5
3FB
330
17
100
AcDbEntity
  8
SURVEY-POINTS
100
AcDbPoint
 10
177.36390686035156
 20
148.00770568847656
 30
43.11800003051758
  0
TEXT
  5
3FC
330
17
100
AcDbEntity
  8
SURVEY-LABELS
100
AcDbText
 10
177.36390686035156
 20
148.00770568847656
 30
43.31800003051758
 40
1.2
  1
43.118
 11
177.36390686035156
 21
148.00770568847656
 31
43.31800003051758
100
AcDbText
  0
POINT
  5
3FD
330
17
100
AcDbEntity
  8
SURVEY-POINTS
100
AcDbPoint
 10
187.47360229492188
 20
147.923095703125
 30
42.96699905395508
  0
TEXT
  5
3FE
330
17
100
AcDbEntity
  8
SURVEY-LABELS
100
AcDbText
 10
187.47360229492188
 20
147.923095703125
 30
43.16699905395508
 40
1.2
  1
42.967
 11
187.47360229492188
 21
147.923095703125
 31
43.16699905395508
100
AcDbText
  0
POINT
  5
3FF
330
17
100
AcDbEntity
  8
SURVEY-POINTS
100
AcDbPoint
 10
245.57264709472656
 20
147.923095703125
 30
43.43600082397461
  0
TEXT
  5
400
330
17
100
AcDbEntity
  8
SURVEY-LABELS
100
AcDbText
 10
245.57264709472656
 20
147.923095703125
 30
43.63600082397461
 40
1.2
  1
43.436
 11
245.57264709472656
 21
147.923095703125
 31
43.63600082397461
100
AcDbText
  0
POINT
  5
401
330
17
100
AcDbEntity
  8
SURVEY-POINTS
100
AcDbPoint
 10
195.40484619140625
 20
147.75390625
 30
42.94499969482422
  0
TEXT
  5
402
330
17
100
AcDbEntity
  8
SURVEY-LABELS
100
AcDbText
 10
195.40484619140625
 20
147.75390625
 30
43.14499969482422
 40
1.2
  1
42.945
 11
195.40484619140625
 21
147.75390625
 31
43.14499969482422
100
AcDbText
  0
POINT
  5
403
330
17
100
AcDbEntity
  8
SURVEY-POINTS
100
AcDbPoint
 10
199.96055603027344
 20
147.24630737304688
 30
42.87699890136719
  0
TEXT
  5
404
330
17
100
AcDbEntity
  8
SURVEY-LABELS
100
AcDbText
 10
199.96055603027344
 20
147.24630737304688
 30
43.07699890136719
 40
1.2
  1
42.877
 11
199.96055603027344
 21
147.24630737304688
 31
43.07699890136719
100
AcDbText
  0
POINT
  5
405
330
17
100
AcDbEntity
  8
SURVEY-POINTS
100
AcDbPoint
 10
213.01434326171875
 20
147.2251434326172
 30
42.71200180053711
  0
TEXT
  5
406
330
17
100
AcDbEntity
  8
SURVEY-LABELS
100
AcDbText
 10
213.01434326171875
 20
147.2251434326172
 30
42.91200180053711
 40
1.2
  1
42.712
 11
213.01434326171875
 21
147.2251434326172
 31
42.91200180053711
100
AcDbText
  0
POINT
  5
407
330
17
100
AcDbEntity
  8
SURVEY-POINTS
100
AcDbPoint
 10
162.56736755371094
 20
146.6752471923828
 30
43.06800079345703
  0
TEXT
  5
408
330
17
100
AcDbEntity
  8
SURVEY-LABELS
100
AcDbText
 10
162.56736755371094
 20
146.6752471923828
 30
43.268000793457034
 40
1.2
  1
43.068
 11
162.56736755371094
 21
146.6752471923828
 31
43.268000793457034
100
AcDbText
  0
POINT
  5
409
330
17
100
AcDbEntity
  8
SURVEY-POINTS
100
AcDbPoint
 10
152.06849670410156
 20
145.51199340820312
 30
43.27199935913086
  0
TEXT
  5
40A
330
17
100
AcDbEntity
  8
SURVEY-LABELS
100
AcDbText
 10
152.06849670410156
 20
145.51199340820312
 30
43.47199935913086
 40
1.2
  1
43.272
 11
152.06849670410156
 21
145.51199340820312
 31
43.47199935913086
100
AcDbText
  0
POINT
  5
40B
330
17
100
AcDbEntity
  8
SURVEY-POINTS
100
AcDbPoint
 10
200.0366973876953
 20
144.87750244140625
 30
42.869998931884766
  0
TEXT
  5
40C
330
17
100
AcDbEntity
  8
SURVEY-LABELS
100
AcDbText
 10
200.0366973876953
 20
144.87750244140625
 30
43.06999893188477
 40
1.2
  1
42.870
 11
200.0366973876953
 21
144.87750244140625
 31
43.06999893188477
100
AcDbText
  0
POINT
  5
40D
330
17
100
AcDbEntity
  8
SURVEY-POINTS
100
AcDbPoint
 10
207.6929931640625
 20
144.5433349609375
 30
42.604000091552734
  0
TEXT
  5
40E
330
17
100
AcDbEntity
  8
SURVEY-LABELS
100
AcDbText
 10
207.6929931640625
 20
144.5433349609375
 30
42.80400009155274
 40
1.2
  1
42.604
 11
207.6929931640625
 21
144.5433349609375
 31
42.80400009155274
100
AcDbText
  0
POINT
  5
40F
330
17
100
AcDbEntity
  8
SURVEY-POINTS
100
AcDbPoint
 10
148.93829345703125
 20
144.45449829101562
 30
43.297000885009766
  0
TEXT
  5
410
330
17
100
AcDbEntity
  8
SURVEY-LABELS
100
AcDbText
 10
148.93829345703125
 20
144.45449829101562
 30
43.49700088500977
 40
1.2
  1
43.297
 11
148.93829345703125
 21
144.45449829101562
 31
43.49700088500977
100
AcDbText
  0
POINT
  5
411
330
17
100
AcDbEntity
  8
SURVEY-POINTS
100
AcDbPoint
 10
162.6011962890625
 20
144.41220092773438
 30
43.04999923706055
  0
TEXT
  5
412
330
17
100
AcDbEntity
  8
SURVEY-LABELS
100
AcDbText
 10
162.6011962890625
 20
144.41220092773438
 30
43.24999923706055
 40
1.2
  1
43.050
 11
162.6011962890625
 21
144.41220092773438
 31
43.24999923706055
100
AcDbText
  0
POINT
  5
413
330
17
100
AcDbEntity
  8
SURVEY-POINTS
100
AcDbPoint
 10
234.90036010742188
 20
143.7353973388672
 30
42.821998596191406
  0
TEXT
  5
414
330
17
100
AcDbEntity
  8
SURVEY-LABELS
100
AcDbText
 10
234.90036010742188
 20
143.7353973388672
 30
43.02199859619141
 40
1.2
  1
42.822
 11
234.90036010742188
 21
143.7353973388672
 31
43.02199859619141
100
AcDbText
  0
POINT
  5
415
330
17
100
AcDbEntity
  8
SURVEY-POINTS
100
AcDbPoint
 10
277.9744567871094
 20
143.44775390625
 30
42.53900146484375
  0
TEXT
  5
416
330
17
100
AcDbEntity
  8
SURVEY-LABELS
100
AcDbText
 10
277.9744567871094
 20
143.44775390625
 30
42.73900146484375
 40
1.2
  1
42.539
 11
277.9744567871094
 21
143.44775390625
 31
42.73900146484375
100
AcDbText
  0
POINT
  5
417
330
17
100
AcDbEntity
  8
SURVEY-POINTS
100
AcDbPoint
 10
217.35855102539062
 20
143.14320373535156
 30
42.683998107910156
  0
TEXT
  5
418
330
17
100
AcDbEntity
  8
SURVEY-LABELS
100
AcDbText
 10
217.35855102539062
 20
143.14320373535156
 30
42.88399810791016
 40
1.2
  1
42.684
 11
217.35855102539062
 21
143.14320373535156
 31
42.88399810791016
100
AcDbText
  0
POINT
  5
419
330
17
100
AcDbEntity
  8
SURVEY-POINTS
100
AcDbPoint
 10
160.0843505859375
 20
142.9739990234375
 30
42.94300079345703
  0
TEXT
  5
41A
330
17
100
AcDbEntity
  8
SURVEY-LABELS
100
AcDbText
 10
160.0843505859375
 20
142.9739990234375
 30
43.143000793457034
 40
1.2
  1
42.943
 11
160.0843505859375
 21
142.9739990234375
 31
43.143000793457034
100
AcDbText
  0
POINT
  5
41B
330
17
100
AcDbEntity
  8
SURVEY-POINTS
100
AcDbPoint
 10
123.9178466796875
 20
142.86825561523438
 30
43.4379997253418
  0
TEXT
  5
41C
330
17
100
AcDbEntity
  8
SURVEY-LABELS
100
AcDbText
 10
123.9178466796875
 20
142.86825561523438
 30
43.6379997253418
 40
1.2
  1
43.438
 11
123.9178466796875
 21
142.86825561523438
 31
43.6379997253418
100
AcDbText
  0
POINT
  5
41D
330
17
100
AcDbEntity
  8
SURVEY-POINTS
100
AcDbPoint
 10
190.66725158691406
 20
142.75404357910156
 30
42.92900085449219
  0
TEXT
  5
41E
330
17
100
AcDbEntity
  8
SURVEY-LABELS
100
AcDbText
 10
190.66725158691406
 20
142.75404357910156
 30
43.12900085449219
 40
1.2
  1
42.929
 11
190.66725158691406
 21
142.75404357910156
 31
43.12900085449219
100
AcDbText
  0
POINT
  5
41F
330
17
100
AcDbEntity
  8
SURVEY-POINTS
100
AcDbPoint
 10
174.29714965820312
 20
142.63560485839844
 30
42.82500076293945
  0
TEXT
  5
420
330
17
100
AcDbEntity
  8
SURVEY-LABELS
100
AcDbText
 10
174.29714965820312
 20
142.63560485839844
 30
43.025000762939456
 40
1.2
  1
42.825
 11
174.29714965820312
 21
142.63560485839844
 31
43.025000762939456
100
AcDbText
  0
POINT
  5
421
330
17
100
AcDbEntity
  8
SURVEY-POINTS
100
AcDbPoint
 10
250.81785583496094
 20
142.085693359375
 30
43.141998291015625
  0
TEXT
  5
422
330
17
100
AcDbEntity
  8
SURVEY-LABELS
100
AcDbText
 10
250.81785583496094
 20
142.085693359375
 30
43.34199829101563
 40
1.2
  1
43.142
 11
250.81785583496094
 21
142.085693359375
 31
43.34199829101563
100
AcDbText
  0
POINT
  5
423
330
17
100
AcDbEntity
  8
SURVEY-POINTS
100
AcDbPoint
 10
225.14175415039062
 20
141.68385314941406
 30
42.652000427246094
  0
TEXT
  5
424
330
17
100
AcDbEntity
  8
SURVEY-LABELS
100
AcDbText
 10
225.14175415039062
 20
141.68385314941406
 30
42.8520004272461
 40
1.2
  1
42.652
 11
225.14175415039062
 21
141.68385314941406
 31
42.8520004272461
100
AcDbText
  0
POINT
  5
425
330
17
100
AcDbEntity
  8
SURVEY-POINTS
100
AcDbPoint
 10
201.26339721679688
 20
141.6415557861328
 30
42.645999908447266
  0
TEXT
  5
426
330
17
100
AcDbEntity
  8
SURVEY-LABELS
100
AcDbText
 10
201.26339721679688
 20
141.6415557861328
 30
42.84599990844727
 40
1.2
  1
42.646
 11
201.26339721679688
 21
141.6415557861328
 31
42.84599990844727
100
AcDbText
  0
POINT
  5
427
330
17
100
AcDbEntity
  8
SURVEY-POINTS
100
AcDbPoint
 10
277.8771667480469
 20
141.11279296875
 30
42.55400085449219
  0
TEXT
  5
428
330
17
100
AcDbEntity
  8
SURVEY-LABELS
100
AcDbText
 10
277.8771667480469
 20
141.11279296875
 30
42.75400085449219
 40
1.2
  1
42.554
 11
277.8771667480469
 21
141.11279296875
 31
42.75400085449219
100
AcDbText
  0
POINT
  5
429
330
17
100
AcDbEntity
  8
SURVEY-POINTS
100
AcDbPoint
 10
217.40084838867188
 20
140.8166961669922
 30
42.72600173950195
  0
TEXT
  5
42A
330
17
100
AcDbEntity
  8
SURVEY-LABELS
100
AcDbText
 10
217.40084838867188
 20
140.8166961669922
 30
42.926001739501956
 40
1.2
  1
42.726
 11
217.40084838867188
 21
140.8166961669922
 31
42.926001739501956
100
AcDbText
  0
POINT
  5
42B
330
17
100
AcDbEntity
  8
SURVEY-POINTS
100
AcDbPoint
 10
268.1904602050781
 20
140.68980407714844
 30
42.52000045776367
  0
TEXT
  5
42C
330
17
100
AcDbEntity
  8
SURVEY-LABELS
100
AcDbText
 10
268.1904602050781
 20
140.68980407714844
 30
42.720000457763675
 40
1.2
  1
42.520
 11
268.1904602050781
 21
140.68980407714844
 31
42.720000457763675
100
AcDbText
  0
POINT
  5
42D
330
17
100
AcDbEntity
  8
SURVEY-POINTS
100
AcDbPoint
 10
245.95335388183594
 20
140.4571533203125
 30
43.14699935913086
  0
TEXT
  5
42E
330
17
100
AcDbEntity
  8
SURVEY-LABELS
100
AcDbText
 10
245.95335388183594
 20
140.4571533203125
 30
43.34699935913086
 40
1.2
  1
43.147
 11
245.95335388183594
 21
140.4571533203125
 31
43.34699935913086
100
AcDbText
  0
POINT
  5
42F
330
17
100
AcDbEntity
  8
SURVEY-POINTS
100
AcDbPoint
 10
114.95024871826172
 20
140.0552978515625
 30
43.45199966430664
  0
TEXT
  5
430
330
17
100
AcDbEntity
  8
SURVEY-LABELS
100
AcDbText
 10
114.95024871826172
 20
140.0552978515625
 30
43.65199966430664
 40
1.2
  1
43.452
 11
114.95024871826172
 21
140.0552978515625
 31
43.65199966430664
100
AcDbText
  0
POINT
  5
431
330
17
100
AcDbEntity
  8
SURVEY-POINTS
100
AcDbPoint
 10
278.68084716796875
 20
139.7803497314453
 30
42.4010009765625
  0
TEXT
  5
432
330
17
100
AcDbEntity
  8
SURVEY-LABELS
100
AcDbText
 10
278.68084716796875
 20
139.7803497314453
 30
42.6010009765625
 40
1.2
  1
42.401
 11
278.68084716796875
 21
139.7803497314453
 31
42.6010009765625
100
AcDbText
  0
POINT
  5
433
330
17
100
AcDbEntity
  8
SURVEY-POINTS
100
AcDbPoint
 10
188.93295288085938
 20
139.46310424804688
 30
43.20600128173828
  0
TEXT
  5
434
330
17
100
AcDbEntity
  8
SURVEY-LABELS
100
AcDbText
 10
188.93295288085938
 20
139.46310424804688
 30
43.406001281738284
 40
1.2
  1
43.206
 11
188.93295288085938
 21
139.46310424804688
 31
43.406001281738284
100
AcDbText
  0
POINT
  5
435
330
17
100
AcDbEntity
  8
SURVEY-POINTS
100
AcDbPoint
 10
201.26339721679688
 20
139.3784942626953
 30
42.70800018310547
  0
TEXT
  5
436
330
17
100
AcDbEntity
  8
SURVEY-LABELS
100
AcDbText
 10
201.26339721679688
 20
139.3784942626953
 30
42.90800018310547
 40
1.2
  1
42.708
 11
201.26339721679688
 21
139.3784942626953
 31
42.90800018310547
100
AcDbText
  0
POINT
  5
437
330
17
100
AcDbEntity
  8
SURVEY-POINTS
100
AcDbPoint
 10
132.25094604492188
 20
139.30235290527344
 30
43.10499954223633
  0
TEXT
  5
438
330
17
100
AcDbEntity
  8
SURVEY-LABELS
100
AcDbText
 10
132.25094604492188
 20
139.30235290527344
 30
43.30499954223633
 40
1.2
  1
43.105
 11
132.25094604492188
 21
139.30235290527344
 31
43.30499954223633
100
AcDbText
  0
POINT
  5
439
330
17
100
AcDbEntity
  8
SURVEY-POINTS
100
AcDbPoint
 10
259.29901123046875
 20
139.2093048095703
 30
42.55699920654297
  0
TEXT
  5
43A
330
17
100
AcDbEntity
  8
SURVEY-LABELS
100
AcDbText
 10
259.29901123046875
 20
139.2093048095703
 30
42.75699920654297
 40
1.2
  1
42.557
 11
259.29901123046875
 21
139.2093048095703
 31
42.75699920654297
100
AcDbText
  0
POINT
  5
43B
330
17
100
AcDbEntity
  8
SURVEY-POINTS
100
AcDbPoint
 10
163.0030517578125
 20
138.75245666503906
 30
43.09299850463867
  0
TEXT
  5
43C
330
17
100
AcDbEntity
  8
SURVEY-LABELS
100
AcDbText
 10
163.0030517578125
 20
138.75245666503906
 30
43.292998504638675
 40
1.2
  1
43.093
 11
163.0030517578125
 21
138.75245666503906
 31
43.292998504638675
100
AcDbText
  0
POINT
  5
43D
330
17
100
AcDbEntity
  8
SURVEY-POINTS
100
AcDbPoint
 10
239.3968505859375
 20
138.68055725097656
 30
42.77299880981445
  0
TEXT
  5
43E
330
17
100
AcDbEntity
  8
SURVEY-LABELS
100
AcDbText
 10
239.3968505859375
 20
138.68055725097656
 30
42.972998809814456
 40
1.2
  1
42.773
 11
239.3968505859375
 21
138.68055725097656
 31
42.972998809814456
100
AcDbText
  0
POINT
  5
43F
330
17
100
AcDbEntity
  8
SURVEY-POINTS
100
AcDbPoint
 10
146.75985717773438
 20
138.63824462890625
 30
43.1870002746582
  0
TEXT
  5
440
330
17
100
AcDbEntity
  8
SURVEY-LABELS
100
AcDbText
 10
146.75985717773438
 20
138.63824462890625
 30
43.387000274658206
 40
1.2
  1
43.187
 11
146.75985717773438
 21
138.63824462890625
 31
43.387000274658206
100
AcDbText
  0
POINT
  5
441
330
17
100
AcDbEntity
  8
SURVEY-POINTS
100
AcDbPoint
 10
223.8727569580078
 20
137.64419555664062
 30
42.38800048828125
  0
TEXT
  5
442
330
17
100
AcDbEntity
  8
SURVEY-LABELS
100
AcDbText
 10
223.8727569580078
 20
137.64419555664062
 30
42.58800048828125
 40
1.2
  1
42.388
 11
223.8727569580078
 21
137.64419555664062
 31
42.58800048828125
100
AcDbText
  0
POINT
  5
443
330
17
100
AcDbEntity
  8
SURVEY-POINTS
100
AcDbPoint
 10
101.98529815673828
 20
137.48345947265625
 30
43.479000091552734
  0
TEXT
  5
444
330
17
100
AcDbEntity
  8
SURVEY-LABELS
100
AcDbText
 10
101.98529815673828
 20
137.48345947265625
 30
43.67900009155274
 40
1.2
  1
43.479
 11
101.98529815673828
 21
137.48345947265625
 31
43.67900009155274
100
AcDbText
  0
POINT
  5
445
330
17
100
AcDbEntity
  8
SURVEY-POINTS
100
AcDbPoint
 10
207.6929931640625
 20
137.3480987548828
 30
42.775001525878906
  0
TEXT
  5
446
330
17
100
AcDbEntity
  8
SURVEY-LABELS
100
AcDbText
 10
207.6929931640625
 20
137.3480987548828
 30
42.97500152587891
 40
1.2
  1
42.775
 11
207.6929931640625
 21
137.3480987548828
 31
42.97500152587891
100
AcDbText
  0
POINT
  5
447
330
17
100
AcDbEntity
  8
SURVEY-POINTS
100
AcDbPoint
 10
188.93295288085938
 20
137.1365966796875
 30
43.19200134277344
  0
TEXT
  5
448
330
17
100
AcDbEntity
  8
SURVEY-LABELS
100
AcDbText
 10
188.93295288085938
 20
137.1365966796875
 30
43.39200134277344
 40
1.2
  1
43.192
 11
188.93295288085938
 21
137.1365966796875
 31
43.39200134277344
100
AcDbText
  0
POINT
  5
449
330
17
100
AcDbEntity
  8
SURVEY-POINTS
100
AcDbPoint
 10
259.0874938964844
 20
137.0350799560547
 30
42.53200149536133
  0
TEXT
  5
44A
330
17
100
AcDbEntity
  8
SURVEY-LABELS
100
AcDbText
 10
259.0874938964844
 20
137.0350799560547
 30
42.73200149536133
 40
1.2
  1
42.532
 11
259.0874938964844
 21
137.0350799560547
 31
42.73200149536133
100
AcDbText
  0
POINT
  5
44B
330
17
100
AcDbEntity
  8
SURVEY-POINTS
100
AcDbPoint
 10
142.889404296875
 20
136.9462432861328
 30
42.96099853515625
  0
TEXT
  5
44C
330
17
100
AcDbEntity
  8
SURVEY-LABELS
100
AcDbText
 10
142.889404296875
 20
136.9462432861328
 30
43.16099853515625
 40
1.2
  1
42.961
 11
142.889404296875
 21
136.9462432861328
 31
43.16099853515625
100
AcDbText
  0
POINT
  5
44D
330
17
100
AcDbEntity
  8
SURVEY-POINTS
100
AcDbPoint
 10
248.3517608642578
 20
136.78973388671875
 30
42.72600173950195
  0
TEXT
  5
44E
330
17
100
AcDbEntity
  8
SURVEY-LABELS
100
AcDbText
 10
248.3517608642578
 20
136.78973388671875
 30
42.926001739501956
 40
1.2
  1
42.726
 11
248.3517608642578
 21
136.78973388671875
 31
42.926001739501956
100
AcDbText
  0
POINT
  5
44F
330
17
100
AcDbEntity
  8
SURVEY-POINTS
100
AcDbPoint
 10
250.04376220703125
 20
136.78973388671875
 30
42.527000427246094
  0
TEXT
  5
450
330
17
100
AcDbEntity
  8
SURVEY-LABELS
100
AcDbText
 10
250.04376220703125
 20
136.78973388671875
 30
42.7270004272461
 40
1.2
  1
42.527
 11
250.04376220703125
 21
136.78973388671875
 31
42.7270004272461
100
AcDbText
  0
POINT
  5
451
330
17
100
AcDbEntity
  8
SURVEY-POINTS
100
AcDbPoint
 10
152.85104370117188
 20
136.71359252929688
 30
43.17399978637695
  0
TEXT
  5
452
330
17
100
AcDbEntity
  8
SURVEY-LABELS
100
AcDbText
 10
152.85104370117188
 20
136.71359252929688
 30
43.373999786376956
 40
1.2
  1
43.174
 11
152.85104370117188
 21
136.71359252929688
 31
43.373999786376956
100
AcDbText
  0
POINT
  5
453
330
17
100
AcDbEntity
  8
SURVEY-POINTS
100
AcDbPoint
 10
163.04534912109375
 20
136.50210571289062
 30
42.9370002746582
  0
TEXT
  5
454
330
17
100
AcDbEntity
  8
SURVEY-LABELS
100
AcDbText
 10
163.04534912109375
 20
136.50210571289062
 30
43.137000274658206
 40
1.2
  1
42.937
 11
163.04534912109375
 21
136.50210571289062
 31
43.137000274658206
100
AcDbText
  0
POINT
  5
455
330
17
100
AcDbEntity
  8
SURVEY-POINTS
100
AcDbPoint
 10
230.19659423828125
 20
136.2694549560547
 30
42.43000030517578
  0
TEXT
  5
456
330
17
100
AcDbEntity
  8
SURVEY-LABELS
100
AcDbText
 10
230.19659423828125
 20
136.2694549560547
 30
42.630000305175784
 40
1.2
  1
42.430
 11
230.19659423828125
 21
136.2694549560547
 31
42.630000305175784
100
AcDbText
  0
POINT
  5
457
330
17
100
AcDbEntity
  8
SURVEY-POINTS
100
AcDbPoint
 10
198.26010131835938
 20
136.20599365234375
 30
43.220001220703125
  0
TEXT
  5
458
330
17
100
AcDbEntity
  8
SURVEY-LABELS
100
AcDbText
 10
198.26010131835938
 20
136.20599365234375
 30
43.42000122070313
 40
1.2
  1
43.220
 11
198.26010131835938
 21
136.20599365234375
 31
43.42000122070313
100
AcDbText
  0
POINT
  5
459
330
17
100
AcDbEntity
  8
SURVEY-POINTS
100
AcDbPoint
 10
205.13385009765625
 20
136.03680419921875
 30
42.933998107910156
  0
TEXT
  5
45A
330
17
100
AcDbEntity
  8
SURVEY-LABELS
100
AcDbText
 10
205.13385009765625
 20
136.03680419921875
 30
43.13399810791016
 40
1.2
  1
42.934
 11
205.13385009765625
 21
136.03680419921875
 31
43.13399810791016
100
AcDbText
  0
POINT
  5
45B
330
17
100
AcDbEntity
  8
SURVEY-POINTS
100
AcDbPoint
 10
251.05050659179688
 20
135.12734985351562
 30
42.4640007019043
  0
TEXT
  5
45C
330
17
100
AcDbEntity
  8
SURVEY-LABELS
100
AcDbText
 10
251.05050659179688
 20
135.12734985351562
 30
42.6640007019043
 40
1.2
  1
42.464
 11
251.05050659179688
 21
135.12734985351562
 31
42.6640007019043
100
AcDbText
  0
POINT
  5
45D
330
17
100
AcDbEntity
  8
SURVEY-POINTS
100
AcDbPoint
 10
194.0301055908203
 20
134.72549438476562
 30
43.18600082397461
  0
TEXT
  5
45E
330
17
100
AcDbEntity
  8
SURVEY-LABELS
100
AcDbText
 10
194.0301055908203
 20
134.72549438476562
 30
43.38600082397461
 40
1.2
  1
43.186
 11
194.0301055908203
 21
134.72549438476562
 31
43.38600082397461
100
AcDbText
  0
POINT
  5
45F
330
17
100
AcDbEntity
  8
SURVEY-POINTS
100
AcDbPoint
 10
205.21844482421875
 20
133.744140625
 30
42.92300033569336
  0
TEXT
  5
460
330
17
100
AcDbEntity
  8
SURVEY-LABELS
100
AcDbText
 10
205.21844482421875
 20
133.744140625
 30
43.12300033569336
 40
1.2
  1
42.923
 11
205.21844482421875
 21
133.744140625
 31
43.12300033569336
100
AcDbText
  0
POINT
  5
461
330
17
100
AcDbEntity
  8
SURVEY-POINTS
100
AcDbPoint
 10
134.13330078125
 20
133.71029663085938
 30
42.95899963378906
  0
TEXT
  5
462
330
17
100
AcDbEntity
  8
SURVEY-LABELS
100
AcDbText
 10
134.13330078125
 20
133.71029663085938
 30
43.158999633789065
 40
1.2
  1
42.959
 11
134.13330078125
 21
133.71029663085938
 31
43.158999633789065
100
AcDbText
  0
POINT
  5
463
330
17
100
AcDbEntity
  8
SURVEY-POINTS
100
AcDbPoint
 10
281.2188720703125
 20
133.54110717773438
 30
42.36600112915039
  0
TEXT
  5
464
330
17
100
AcDbEntity
  8
SURVEY-LABELS
100
AcDbText
 10
281.2188720703125
 20
133.54110717773438
 30
42.56600112915039
 40
1.2
  1
42.366
 11
281.2188720703125
 21
133.54110717773438
 31
42.56600112915039
100
AcDbText
  0
POINT
  5
465
330
17
100
AcDbEntity
  8
SURVEY-POINTS
100
AcDbPoint
 10
209.54574584960938
 20
133.4564971923828
 30
42.73699951171875
  0
TEXT
  5
466
330
17
100
AcDbEntity
  8
SURVEY-LABELS
100
AcDbText
 10
209.54574584960938
 20
133.4564971923828
 30
42.93699951171875
 40
1.2
  1
42.737
 11
209.54574584960938
 21
133.4564971923828
 31
42.93699951171875
100
AcDbText
  0
POINT
  5
467
330
17
100
AcDbEntity
  8
SURVEY-POINTS
100
AcDbPoint
 10
186.47955322265625
 20
133.22384643554688
 30
42.724998474121094
  0
TEXT
  5
468
330
17
100
AcDbEntity
  8
SURVEY-LABELS
100
AcDbText
 10
186.47955322265625
 20
133.22384643554688
 30
42.9249984741211
 40
1.2
  1
42.725
 11
186.47955322265625
 21
133.22384643554688
 31
42.9249984741211
100
AcDbText
  0
POINT
  5
469
330
17
100
AcDbEntity
  8
SURVEY-POINTS
100
AcDbPoint
 10
247.88645935058594
 20
133.0758056640625
 30
42.28099822998047
  0
TEXT
  5
46A
330
17
100
AcDbEntity
  8
SURVEY-LABELS
100
AcDbText
 10
247.88645935058594
 20
133.0758056640625
 30
42.48099822998047
 40
1.2
  1
42.281
 11
247.88645935058594
 21
133.0758056640625
 31
42.48099822998047
100
AcDbText
  0
POINT
  5
46B
330
17
100
AcDbEntity
  8
SURVEY-POINTS
100
AcDbPoint
 10
160.3592987060547
 20
132.74586486816406
 30
43.11000061035156
  0
TEXT
  5
46C
330
17
100
AcDbEntity
  8
SURVEY-LABELS
100
AcDbText
 10
160.3592987060547
 20
132.74586486816406
 30
43.310000610351565
 40
1.2
  1
43.110
 11
160.3592987060547
 21
132.74586486816406
 31
43.310000610351565
100
AcDbText
  0
POINT
  5
46D
330
17
100
AcDbEntity
  8
SURVEY-POINTS
100
AcDbPoint
 10
169.87680053710938
 20
132.3144073486328
 30
42.97200012207031
  0
TEXT
  5
46E
330
17
100
AcDbEntity
  8
SURVEY-LABELS
100
AcDbText
 10
169.87680053710938
 20
132.3144073486328
 30
43.172000122070315
 40
1.2
  1
42.972
 11
169.87680053710938
 21
132.3144073486328
 31
43.172000122070315
100
AcDbText
  0
POINT
  5
46F
330
17
100
AcDbEntity
  8
SURVEY-POINTS
100
AcDbPoint
 10
197.0334014892578
 20
132.08175659179688
 30
43.2239990234375
  0
TEXT
  5
470
330
17
100
AcDbEntity
  8
SURVEY-LABELS
100
AcDbText
 10
197.0334014892578
 20
132.08175659179688
 30
43.4239990234375
 40
1.2
  1
43.224
 11
197.0334014892578
 21
132.08175659179688
 31
43.4239990234375
100
AcDbText
  0
POINT
  5
471
330
17
100
AcDbEntity
  8
SURVEY-POINTS
100
AcDbPoint
 10
125.10224914550781
 20
131.72219848632812
 30
43.37200164794922
  0
TEXT
  5
472
330
17
100
AcDbEntity
  8
SURVEY-LABELS
100
AcDbText
 10
125.10224914550781
 20
131.72219848632812
 30
43.57200164794922
 40
1.2
  1
43.372
 11
125.10224914550781
 21
131.72219848632812
 31
43.57200164794922
100
AcDbText
  0
POINT
  5
473
330
17
100
AcDbEntity
  8
SURVEY-POINTS
100
AcDbPoint
 10
134.0487060546875
 20
131.38380432128906
 30
42.94499969482422
  0
TEXT
  5
474
330
17
100
AcDbEntity
  8
SURVEY-LABELS
100
AcDbText
 10
134.0487060546875
 20
131.38380432128906
 30
43.14499969482422
 40
1.2
  1
42.945
 11
134.0487060546875
 21
131.38380432128906
 31
43.14499969482422
100
AcDbText
  0
POINT
  5
475
330
17
100
AcDbEntity
  8
SURVEY-POINTS
100
AcDbPoint
 10
281.27386474609375
 20
131.3415069580078
 30
42.393001556396484
  0
TEXT
  5
476
330
17
100
AcDbEntity
  8
SURVEY-LABELS
100
AcDbText
 10
281.27386474609375
 20
131.3415069580078
 30
42.59300155639649
 40
1.2
  1
42.393
 11
281.27386474609375
 21
131.3415069580078
 31
42.59300155639649
100
AcDbText
  0
POINT
  5
477
330
17
100
AcDbEntity
  8
SURVEY-POINTS
100
AcDbPoint
 10
160.7823028564453
 20
131.214599609375
 30
43.06700134277344
  0
TEXT
  5
478
330
17
100
AcDbEntity
  8
SURVEY-LABELS
100
AcDbText
 10
160.7823028564453
 20
131.214599609375
 30
43.26700134277344
 40
1.2
  1
43.067
 11
160.7823028564453
 21
131.214599609375
 31
43.26700134277344
100
AcDbText
  0
POINT
  5
479
330
17
100
AcDbEntity
  8
SURVEY-POINTS
100
AcDbPoint
 10
178.99244689941406
 20
131.214599609375
 30
42.80799865722656
  0
TEXT
  5
47A
330
17
100
AcDbEntity
  8
SURVEY-LABELS
100
AcDbText
 10
178.99244689941406
 20
131.214599609375
 30
43.007998657226565
 40
1.2
  1
42.808
 11
178.99244689941406
 21
131.214599609375
 31
43.007998657226565
100
AcDbText
  0
POINT
  5
47B
330
17
100
AcDbEntity
  8
SURVEY-POINTS
100
AcDbPoint
 10
115.03485107421875
 20
130.66470336914062
 30
43.388999938964844
  0
TEXT
  5
47C
330
17
100
AcDbEntity
  8
SURVEY-LABELS
100
AcDbText
 10
115.03485107421875
 20
130.66470336914062
 30
43.58899993896485
 40
1.2
  1
43.389
 11
115.03485107421875
 21
130.66470336914062
 31
43.58899993896485
100
AcDbText
  0
POINT
  5
47D
330
17
100
AcDbEntity
  8
SURVEY-POINTS
100
AcDbPoint
 10
222.62489318847656
 20
129.8694610595703
 30
42.42499923706055
  0
TEXT
  5
47E
330
17
100
AcDbEntity
  8
SURVEY-LABELS
100
AcDbText
 10
222.62489318847656
 20
129.8694610595703
 30
42.62499923706055
 40
1.2
  1
42.425
 11
222.62489318847656
 21
129.8694610595703
 31
42.62499923706055
100
AcDbText
  0
POINT
  5
47F
330
17
100
AcDbEntity
  8
SURVEY-POINTS
100
AcDbPoint
 10
207.10079956054688
 20
129.5564422607422
 30
42.834999084472656
  0
TEXT
  5
480
330
17
100
AcDbEntity
  8
SURVEY-LABELS
100
AcDbText
 10
207.10079956054688
 20
129.5564422607422
 30
43.03499908447266
 40
1.2
  1
42.835
 11
207.10079956054688
 21
129.5564422607422
 31
43.03499908447266
100
AcDbText
  0
POINT
  5
481
330
17
100
AcDbEntity
  8
SURVEY-POINTS
100
AcDbPoint
 10
133.9429473876953
 20
129.31109619140625
 30
43.09299850463867
  0
TEXT
  5
482
330
17
100
AcDbEntity
  8
SURVEY-LABELS
100
AcDbText
 10
133.9429473876953
 20
129.31109619140625
 30
43.292998504638675
 40
1.2
  1
43.093
 11
133.9429473876953
 21
129.31109619140625
 31
43.292998504638675
100
AcDbText
  0
POINT
  5
483
330
17
100
AcDbEntity
  8
SURVEY-POINTS
100
AcDbPoint
 10
154.31039428710938
 20
128.5708465576172
 30
43.058998107910156
  0
TEXT
  5
484
330
17
100
AcDbEntity
  8
SURVEY-LABELS
100
AcDbText
 10
154.31039428710938
 20
128.5708465576172
 30
43.25899810791016
 40
1.2
  1
43.059
 11
154.31039428710938
 21
128.5708465576172
 31
43.25899810791016
100
AcDbText
  0
POINT
  5
485
330
17
100
AcDbEntity
  8
SURVEY-POINTS
100
AcDbPoint
 10
231.99435424804688
 20
128.56661987304688
 30
42.249000549316406
  0
TEXT
  5
486
330
17
100
AcDbEntity
  8
SURVEY-LABELS
100
AcDbText
 10
231.99435424804688
 20
128.56661987304688
 30
42.44900054931641
 40
1.2
  1
42.249
 11
231.99435424804688
 21
128.56661987304688
 31
42.44900054931641
100
AcDbText
  0
POINT
  5
487
330
17
100
AcDbEntity
  8
SURVEY-POINTS
100
AcDbPoint
 10
281.5699462890625
 20
128.09286499023438
 30
42.28300094604492
  0
TEXT
  5
488
330
17
100
AcDbEntity
  8
SURVEY-LABELS
100
AcDbText
 10
281.5699462890625
 20
128.09286499023438
 30
42.483000946044925
 40
1.2
  1
42.283
 11
281.5699462890625
 21
128.09286499023438
 31
42.483000946044925
100
AcDbText
  0
POINT
  5
489
330
17
100
AcDbEntity
  8
SURVEY-POINTS
100
AcDbPoint
 10
135.63494873046875
 20
127.6613998413086
 30
42.928001403808594
  0
TEXT
  5
48A
330
17
100
AcDbEntity
  8
SURVEY-LABELS
100
AcDbText
 10
135.63494873046875
 20
127.6613998413086
 30
43.1280014038086
 40
1.2
  1
42.928
 11
135.63494873046875
 21
127.6613998413086
 31
43.1280014038086
100
AcDbText
  0
POINT
  5
48B
330
17
100
AcDbEntity
  8
SURVEY-POINTS
100
AcDbPoint
 10
205.9586944580078
 20
127.44989776611328
 30
43.41699981689453
  0
TEXT
  5
48C
330
17
100
AcDbEntity
  8
SURVEY-LABELS
100
AcDbText
 10
205.9586944580078
 20
127.44989776611328
 30
43.616999816894534
 40
1.2
  1
43.417
 11
205.9586944580078
 21
127.44989776611328
 31
43.616999816894534
100
AcDbText
  0
POINT
  5
48D
330
17
100
AcDbEntity
  8
SURVEY-POINTS
100
AcDbPoint
 10
216.935546875
 20
127.41606140136719
 30
42.57500076293945
  0
TEXT
  5
48E
330
17
100
AcDbEntity
  8
SURVEY-LABELS
100
AcDbText
 10
216.935546875
 20
127.41606140136719
 30
42.775000762939456
 40
1.2
  1
42.575
 11
216.935546875
 21
127.41606140136719
 31
42.775000762939456
100
AcDbText
  0
POINT
  5
48F
330
17
100
AcDbEntity
  8
SURVEY-POINTS
100
AcDbPoint
 10
212.6632537841797
 20
127.2722396850586
 30
42.790000915527344
  0
TEXT
  5
490
330
17
100
AcDbEntity
  8
SURVEY-LABELS
100
AcDbText
 10
212.6632537841797
 20
127.2722396850586
 30
42.99000091552735
 40
1.2
  1
42.790
 11
212.6632537841797
 21
127.2722396850586
 31
42.99000091552735
100
AcDbText
  0
POINT
  5
491
330
17
100
AcDbEntity
  8
SURVEY-POINTS
100
AcDbPoint
 10
263.6347351074219
 20
126.79425048828125
 30
42.03300094604492
  0
TEXT
  5
492
330
17
100
AcDbEntity
  8
SURVEY-LABELS
100
AcDbText
 10
263.6347351074219
 20
126.79425048828125
 30
42.233000946044925
 40
1.2
  1
42.033
 11
263.6347351074219
 21
126.79425048828125
 31
42.233000946044925
100
AcDbText
  0
POINT
  5
493
330
17
100
AcDbEntity
  8
SURVEY-POINTS
100
AcDbPoint
 10
142.2760467529297
 20
126.6884994506836
 30
42.94300079345703
  0
TEXT
  5
494
330
17
100
AcDbEntity
  8
SURVEY-LABELS
100
AcDbText
 10
142.2760467529297
 20
126.6884994506836
 30
43.143000793457034
 40
1.2
  1
42.943
 11
142.2760467529297
 21
126.6884994506836
 31
43.143000793457034
100
AcDbText
  0
POINT
  5
495
330
17
100
AcDbEntity
  8
SURVEY-POINTS
100
AcDbPoint
 10
217.95074462890625
 20
126.3162612915039
 30
42.025001525878906
  0
TEXT
  5
496
330
17
100
AcDbEntity
  8
SURVEY-LABELS
100
AcDbText
 10
217.95074462890625
 20
126.3162612915039
 30
42.22500152587891
 40
1.2
  1
42.025
 11
217.95074462890625
 21
126.3162612915039
 31
42.22500152587891
100
AcDbText
  0
POINT
  5
497
330
17
100
AcDbEntity
  8
SURVEY-POINTS
100
AcDbPoint
 10
212.70555114746094
 20
126.15975189208984
 30
42.52899932861328
  0
TEXT
  5
498
330
17
100
AcDbEntity
  8
SURVEY-LABELS
100
AcDbText
 10
212.70555114746094
 20
126.15975189208984
 30
42.728999328613284
 40
1.2
  1
42.529
 11
212.70555114746094
 21
126.15975189208984
 31
42.728999328613284
100
AcDbText
  0
POINT
  5
499
330
17
100
AcDbEntity
  8
SURVEY-POINTS
100
AcDbPoint
 10
154.9237518310547
 20
125.58023834228516
 30
42.9900016784668
  0
TEXT
  5
49A
330
17
100
AcDbEntity
  8
SURVEY-LABELS
100
AcDbText
 10
154.9237518310547
 20
125.58023834228516
 30
43.1900016784668
 40
1.2
  1
42.990
 11
154.9237518310547
 21
125.58023834228516
 31
43.1900016784668
100
AcDbText
  0
POINT
  5
49B
330
17
100
AcDbEntity
  8
SURVEY-POINTS
100
AcDbPoint
 10
204.71084594726562
 20
125.50409698486328
 30
43.3849983215332
  0
TEXT
  5
49C
330
17
100
AcDbEntity
  8
SURVEY-LABELS
100
AcDbText
 10
204.71084594726562
 20
125.50409698486328
 30
43.584998321533206
 40
1.2
  1
43.385
 11
204.71084594726562
 21
125.50409698486328
 31
43.584998321533206
100
AcDbText
  0
POINT
  5
49D
330
17
100
AcDbEntity
  8
SURVEY-POINTS
100
AcDbPoint
 10
135.5926513671875
 20
125.41950225830078
 30
42.926998138427734
  0
TEXT
  5
49E
330
17
100
AcDbEntity
  8
SURVEY-LABELS
100
AcDbText
 10
135.5926513671875
 20
125.41950225830078
 30
43.12699813842774
 40
1.2
  1
42.927
 11
135.5926513671875
 21
125.41950225830078
 31
43.12699813842774
100
AcDbText
  0
POINT
  5
49F
330
17
100
AcDbEntity
  8
SURVEY-POINTS
100
AcDbPoint
 10
190.7941436767578
 20
125.01764678955078
 30
42.672000885009766
  0
TEXT
  5
4A0
330
17
100
AcDbEntity
  8
SURVEY-LABELS
100
AcDbText
 10
190.7941436767578
 20
125.01764678955078
 30
42.87200088500977
 40
1.2
  1
42.672
 11
190.7941436767578
 21
125.01764678955078
 31
42.87200088500977
100
AcDbText
  0
POINT
  5
4A1
330
17
100
AcDbEntity
  8
SURVEY-POINTS
100
AcDbPoint
 10
225.09945678710938
 20
124.65809631347656
 30
42.303001403808594
  0
TEXT
  5
4A2
330
17
100
AcDbEntity
  8
SURVEY-LABELS
100
AcDbText
 10
225.09945678710938
 20
124.65809631347656
 30
42.5030014038086
 40
1.2
  1
42.303
 11
225.09945678710938
 21
124.65809631347656
 31
42.5030014038086
100
AcDbText
  0
POINT
  5
4A3
330
17
100
AcDbEntity
  8
SURVEY-POINTS
100
AcDbPoint
 10
263.84625244140625
 20
124.404296875
 30
42.125999450683594
  0
TEXT
  5
4A4
330
17
100
AcDbEntity
  8
SURVEY-LABELS
100
AcDbText
 10
263.84625244140625
 20
124.404296875
 30
42.3259994506836
 40
1.2
  1
42.126
 11
263.84625244140625
 21
124.404296875
 31
42.3259994506836
100
AcDbText
  0
POINT
  5
4A5
330
17
100
AcDbEntity
  8
SURVEY-POINTS
100
AcDbPoint
 10
139.46310424804688
 20
124.29855346679688
 30
42.93899917602539
  0
TEXT
  5
4A6
330
17
100
AcDbEntity
  8
SURVEY-LABELS
100
AcDbText
 10
139.46310424804688
 20
124.29855346679688
 30
43.13899917602539
 40
1.2
  1
42.939
 11
139.46310424804688
 21
124.29855346679688
 31
43.13899917602539
100
AcDbText
  0
POINT
  5
4A7
330
17
100
AcDbEntity
  8
SURVEY-POINTS
100
AcDbPoint
 10
171.42074584960938
 20
124.23509979248047
 30
42.85200119018555
  0
TEXT
  5
4A8
330
17
100
AcDbEntity
  8
SURVEY-LABELS
100
AcDbText
 10
171.42074584960938
 20
124.23509979248047
 30
43.05200119018555
 40
1.2
  1
42.852
 11
171.42074584960938
 21
124.23509979248047
 31
43.05200119018555
100
AcDbText
  0
POINT
  5
4A9
330
17
100
AcDbEntity
  8
SURVEY-POINTS
100
AcDbPoint
 10
142.86825561523438
 20
123.27066040039062
 30
42.90399932861328
  0
TEXT
  5
4AA
330
17
100
AcDbEntity
  8
SURVEY-LABELS
100
AcDbText
 10
142.86825561523438
 20
123.27066040039062
 30
43.103999328613284
 40
1.2
  1
42.904
 11
142.86825561523438
 21
123.27066040039062
 31
43.103999328613284
100
AcDbText
  0
POINT
  5
4AB
330
17
100
AcDbEntity
  8
SURVEY-POINTS
100
AcDbPoint
 10
101.96414947509766
 20
122.96610260009766
 30
43.356998443603516
  0
TEXT
  5
4AC
330
17
100
AcDbEntity
  8
SURVEY-LABELS
100
AcDbText
 10
101.96414947509766
 20
122.96610260009766
 30
43.55699844360352
 40
1.2
  1
43.357
 11
101.96414947509766
 21
122.96610260009766
 31
43.55699844360352
100
AcDbText
  0
POINT
  5
4AD
330
17
100
AcDbEntity
  8
SURVEY-POINTS
100
AcDbPoint
 10
194.9818572998047
 20
122.7123031616211
 30
42.37799835205078
  0
TEXT
  5
4AE
330
17
100
AcDbEntity
  8
SURVEY-LABELS
100
AcDbText
 10
194.9818572998047
 20
122.7123031616211
 30
42.577998352050784
 40
1.2
  1
42.378
 11
194.9818572998047
 21
122.7123031616211
 31
42.577998352050784
100
AcDbText
  0
POINT
  5
4AF
330
17
100
AcDbEntity
  8
SURVEY-POINTS
100
AcDbPoint
 10
218.92364501953125
 20
122.49234008789062
 30
42.54600143432617
  0
TEXT
  5
4B0
330
17
100
AcDbEntity
  8
SURVEY-LABELS
100
AcDbText
 10
218.92364501953125
 20
122.49234008789062
 30
42.746001434326175
 40
1.2
  1
42.546
 11
218.92364501953125
 21
122.49234008789062
 31
42.746001434326175
100
AcDbText
  0
POINT
  5
4B1
330
17
100
AcDbEntity
  8
SURVEY-POINTS
100
AcDbPoint
 10
225.05714416503906
 20
122.24700164794922
 30
42.321998596191406
  0
TEXT
  5
4B2
330
17
100
AcDbEntity
  8
SURVEY-LABELS
100
AcDbText
 10
225.05714416503906
 20
122.24700164794922
 30
42.52199859619141
 40
1.2
  1
42.322
 11
225.05714416503906
 21
122.24700164794922
 31
42.52199859619141
100
AcDbText
  0
POINT
  5
4B3
330
17
100
AcDbEntity
  8
SURVEY-POINTS
100
AcDbPoint
 10
162.55889892578125
 20
121.78170013427734
 30
42.95000076293945
  0
TEXT
  5
4B4
330
17
100
AcDbEntity
  8
SURVEY-LABELS
100
AcDbText
 10
162.55889892578125
 20
121.78170013427734
 30
43.150000762939456
 40
1.2
  1
42.950
 11
162.55889892578125
 21
121.78170013427734
 31
43.150000762939456
100
AcDbText
  0
POINT
  5
4B5
330
17
100
AcDbEntity
  8
SURVEY-POINTS
100
AcDbPoint
 10
115.50015258789062
 20
121.7394027709961
 30
43.32600021362305
  0
TEXT
  5
4B6
330
17
100
AcDbEntity
  8
SURVEY-LABELS
100
AcDbText
 10
115.50015258789062
 20
121.7394027709961
 30
43.52600021362305
 40
1.2
  1
43.326
 11
115.50015258789062
 21
121.7394027709961
 31
43.52600021362305
100
AcDbText
  0
POINT
  5
4B7
330
17
100
AcDbEntity
  8
SURVEY-POINTS
100
AcDbPoint
 10
134.4928436279297
 20
121.0625991821289
 30
43.06800079345703
  0
TEXT
  5
4B8
330
17
100
AcDbEntity
  8
SURVEY-LABELS
100
AcDbText
 10
134.4928436279297
 20
121.0625991821289
 30
43.268000793457034
 40
1.2
  1
43.068
 11
134.4928436279297
 21
121.0625991821289
 31
43.268000793457034
100
AcDbText
  0
POINT
  5
4B9
330
17
100
AcDbEntity
  8
SURVEY-POINTS
100
AcDbPoint
 10
249.63345336914062
 20
121.02030181884766
 30
42.069000244140625
  0
TEXT
  5
4BA
330
17
100
AcDbEntity
  8
SURVEY-LABELS
100
AcDbText
 10
249.63345336914062
 20
121.02030181884766
 30
42.26900024414063
 40
1.2
  1
42.069
 11
249.63345336914062
 21
121.02030181884766
 31
42.26900024414063
100
AcDbText
  0
POINT
  5
4BB
330
17
100
AcDbEntity
  8
SURVEY-POINTS
100
AcDbPoint
 10
182.10150146484375
 20
120.63960266113281
 30
42.667999267578125
  0
TEXT
  5
4BC
330
17
100
AcDbEntity
  8
SURVEY-LABELS
100
AcDbText
 10
182.10150146484375
 20
120.63960266113281
 30
42.86799926757813
 40
1.2
  1
42.668
 11
182.10150146484375
 21
120.63960266113281
 31
42.86799926757813
100
AcDbText
  0
POINT
  5
4BD
330
17
100
AcDbEntity
  8
SURVEY-POINTS
100
AcDbPoint
 10
194.9818572998047
 20
120.47039794921875
 30
42.345001220703125
  0
TEXT
  5
4BE
330
17
100
AcDbEntity
  8
SURVEY-LABELS
100
AcDbText
 10
194.9818572998047
 20
120.47039794921875
 30
42.54500122070313
 40
1.2
  1
42.345
 11
194.9818572998047
 21
120.47039794921875
 31
42.54500122070313
100
AcDbText
  0
POINT
  5
4BF
330
17
100
AcDbEntity
  8
SURVEY-POINTS
100
AcDbPoint
 10
239.01614379882812
 20
120.19544982910156
 30
41.85499954223633
  0
TEXT
  5
4C0
330
17
100
AcDbEntity
  8
SURVEY-LABELS
100
AcDbText
 10
239.01614379882812
 20
120.19544982910156
 30
42.05499954223633
 40
1.2
  1
41.855
 11
239.01614379882812
 21
120.19544982910156
 31
42.05499954223633
100
AcDbText
  0
POINT
  5
4C1
330
17
100
AcDbEntity
  8
SURVEY-POINTS
100
AcDbPoint
 10
218.94479370117188
 20
120.00509643554688
 30
42.433998107910156
  0
TEXT
  5
4C2
330
17
100
AcDbEntity
  8
SURVEY-LABELS
100
AcDbText
 10
218.94479370117188
 20
120.00509643554688
 30
42.63399810791016
 40
1.2
  1
42.434
 11
218.94479370117188
 21
120.00509643554688
 31
42.63399810791016
100
AcDbText
  0
POINT
  5
4C3
330
17
100
AcDbEntity
  8
SURVEY-POINTS
100
AcDbPoint
 10
126.03285217285156
 20
119.58209991455078
 30
43.29499816894531
  0
TEXT
  5
4C4
330
17
100
AcDbEntity
  8
SURVEY-LABELS
100
AcDbText
 10
126.03285217285156
 20
119.58209991455078
 30
43.494998168945315
 40
1.2
  1
43.295
 11
126.03285217285156
 21
119.58209991455078
 31
43.494998168945315
100
AcDbText
  0
POINT
  5
4C5
330
17
100
AcDbEntity
  8
SURVEY-POINTS
100
AcDbPoint
 10
156.08700561523438
 20
118.39769744873047
 30
42.89400100708008
  0
TEXT
  5
4C6
330
17
100
AcDbEntity
  8
SURVEY-LABELS
100
AcDbText
 10
156.08700561523438
 20
118.39769744873047
 30
43.09400100708008
 40
1.2
  1
42.894
 11
156.08700561523438
 21
118.39769744873047
 31
43.09400100708008
100
AcDbText
  0
POINT
  5
4C7
330
17
100
AcDbEntity
  8
SURVEY-POINTS
100
AcDbPoint
 10
202.16015625
 20
117.12870025634766
 30
42.334999084472656
  0
TEXT
  5
4C8
330
17
100
AcDbEntity
  8
SURVEY-LABELS
100
AcDbText
 10
202.16015625
 20
117.12870025634766
 30
42.53499908447266
 40
1.2
  1
42.335
 11
202.16015625
 21
117.12870025634766
 31
42.53499908447266
100
AcDbText
  0
POINT
  5
4C9
330
17
100
AcDbEntity
  8
SURVEY-POINTS
100
AcDbPoint
 10
172.9012451171875
 20
117.0864028930664
 30
42.707000732421875
  0
TEXT
  5
4CA
330
17
100
AcDbEntity
  8
SURVEY-LABELS
100
AcDbText
 10
172.9012451171875
 20
117.0864028930664
 30
42.90700073242188
 40
1.2
  1
42.707
 11
172.9012451171875
 21
117.0864028930664
 31
42.90700073242188
100
AcDbText
  0
POINT
  5
4CB
330
17
100
AcDbEntity
  8
SURVEY-POINTS
100
AcDbPoint
 10
239.7563934326172
 20
116.6845474243164
 30
42.034000396728516
  0
TEXT
  5
4CC
330
17
100
AcDbEntity
  8
SURVEY-LABELS
100
AcDbText
 10
239.7563934326172
 20
116.6845474243164
 30
42.23400039672852
 40
1.2
  1
42.034
 11
239.7563934326172
 21
116.6845474243164
 31
42.23400039672852
100
AcDbText
  0
POINT
  5
4CD
330
17
100
AcDbEntity
  8
SURVEY-POINTS
100
AcDbPoint
 10
277.8475646972656
 20
116.49420166015625
 30
42.361000061035156
  0
TEXT
  5
4CE
330
17
100
AcDbEntity
  8
SURVEY-LABELS
100
AcDbText
 10
277.8475646972656
 20
116.49420166015625
 30
42.56100006103516
 40
1.2
  1
42.361
 11
277.8475646972656
 21
116.49420166015625
 31
42.56100006103516
100
AcDbText
  0
POINT
  5
4CF
330
17
100
AcDbEntity
  8
SURVEY-POINTS
100
AcDbPoint
 10
180.13455200195312
 20
116.17694854736328
 30
42.26599884033203
  0
TEXT
  5
4D0
330
17
100
AcDbEntity
  8
SURVEY-LABELS
100
AcDbText
 10
180.13455200195312
 20
116.17694854736328
 30
42.465998840332034
 40
1.2
  1
42.266
 11
180.13455200195312
 21
116.17694854736328
 31
42.465998840332034
100
AcDbText
  0
POINT
  5
4D1
330
17
100
AcDbEntity
  8
SURVEY-POINTS
100
AcDbPoint
 10
144.32760620117188
 20
115.85970306396484
 30
42.74399948120117
  0
TEXT
  5
4D2
330
17
100
AcDbEntity
  8
SURVEY-LABELS
100
AcDbText
 10
144.32760620117188
 20
115.85970306396484
 30
42.943999481201175
 40
1.2
  1
42.744
 11
144.32760620117188
 21
115.85970306396484
 31
42.943999481201175
100
AcDbText
  0
POINT
  5
4D3
330
17
100
AcDbEntity
  8
SURVEY-POINTS
100
AcDbPoint
 10
202.76504516601562
 20
115.64820098876953
 30
42.43000030517578
  0
TEXT
  5
4D4
330
17
100
AcDbEntity
  8
SURVEY-LABELS
100
AcDbText
 10
202.76504516601562
 20
115.64820098876953
 30
42.630000305175784
 40
1.2
  1
42.430
 11
202.76504516601562
 21
115.64820098876953
 31
42.630000305175784
100
AcDbText
  0
POINT
  5
4D5
330
17
100
AcDbEntity
  8
SURVEY-POINTS
100
AcDbPoint
 10
223.32284545898438
 20
114.79373931884766
 30
41.8120002746582
  0
TEXT
  5
4D6
330
17
100
AcDbEntity
  8
SURVEY-LABELS
100
AcDbText
 10
223.32284545898438
 20
114.79373931884766
 30
42.012000274658206
 40
1.2
  1
41.812
 11
223.32284545898438
 21
114.79373931884766
 31
42.012000274658206
100
AcDbText
  0
POINT
  5
4D7
330
17
100
AcDbEntity
  8
SURVEY-POINTS
100
AcDbPoint
 10
239.71409606933594
 20
114.3453598022461
 30
42.066001892089844
  0
TEXT
  5
4D8
330
17
100
AcDbEntity
  8
SURVEY-LABELS
100
AcDbText
 10
239.71409606933594
 20
114.3453598022461
 30
42.26600189208985
 40
1.2
  1
42.066
 11
239.71409606933594
 21
114.3453598022461
 31
42.26600189208985
100
AcDbText
  0
POINT
  5
4D9
330
17
100
AcDbEntity
  8
SURVEY-POINTS
100
AcDbPoint
 10
180.02879333496094
 20
113.91390228271484
 30
42.191001892089844
  0
TEXT
  5
4DA
330
17
100
AcDbEntity
  8
SURVEY-LABELS
100
AcDbText
 10
180.02879333496094
 20
113.91390228271484
 30
42.39100189208985
 40
1.2
  1
42.191
 11
180.02879333496094
 21
113.91390228271484
 31
42.39100189208985
100
AcDbText
  0
POINT
  5
4DB
330
17
100
AcDbEntity
  8
SURVEY-POINTS
100
AcDbPoint
 10
189.94815063476562
 20
113.7658462524414
 30
28.100000381469727
  0
TEXT
  5
4DC
330
17
100
AcDbEntity
  8
SURVEY-LABELS
100
AcDbText
 10
189.94815063476562
 20
113.7658462524414
 30
28.300000381469726
 40
1.2
  1
28.100
 11
189.94815063476562
 21
113.7658462524414
 31
28.300000381469726
100
AcDbText
  0
POINT
  5
4DD
330
17
100
AcDbEntity
  8
SURVEY-POINTS
100
AcDbPoint
 10
223.9362030029297
 20
113.533203125
 30
41.895999908447266
  0
TEXT
  5
4DE
330
17
100
AcDbEntity
  8
SURVEY-LABELS
100
AcDbText
 10
223.9362030029297
 20
113.533203125
 30
42.09599990844727
 40
1.2
  1
41.896
 11
223.9362030029297
 21
113.533203125
 31
42.09599990844727
100
AcDbText
  0
POINT
  5
4DF
330
17
100
AcDbEntity
  8
SURVEY-POINTS
100
AcDbPoint
 10
262.1119384765625
 20
113.44860076904297
 30
42.07099914550781
  0
TEXT
  5
4E0
330
17
100
AcDbEntity
  8
SURVEY-LABELS
100
AcDbText
 10
262.1119384765625
 20
113.44860076904297
 30
42.270999145507815
 40
1.2
  1
42.071
 11
262.1119384765625
 21
113.44860076904297
 31
42.270999145507815
100
AcDbText
  0
POINT
  5
4E1
330
17
100
AcDbEntity
  8
SURVEY-POINTS
100
AcDbPoint
 10
164.060546875
 20
113.40630340576172
 30
42.73699951171875
  0
TEXT
  5
4E2
330
17
100
AcDbEntity
  8
SURVEY-LABELS
100
AcDbText
 10
164.060546875
 20
113.40630340576172
 30
42.93699951171875
 40
1.2
  1
42.737
 11
164.060546875
 21
113.40630340576172
 31
42.93699951171875
100
AcDbText
  0
POINT
  5
4E3
330
17
100
AcDbEntity
  8
SURVEY-POINTS
100
AcDbPoint
 10
202.72274780273438
 20
113.27940368652344
 30
42.42900085449219
  0
TEXT
  5
4E4
330
17
100
AcDbEntity
  8
SURVEY-LABELS
100
AcDbText
 10
202.72274780273438
 20
113.27940368652344
 30
42.62900085449219
 40
1.2
  1
42.429
 11
202.72274780273438
 21
113.27940368652344
 31
42.62900085449219
100
AcDbText
  0
POINT
  5
4E5
330
17
100
AcDbEntity
  8
SURVEY-POINTS
100
AcDbPoint
 10
180.34605407714844
 20
112.58145141601562
 30
42.53799819946289
  0
TEXT
  5
4E6
330
17
100
AcDbEntity
  8
SURVEY-LABELS
100
AcDbText
 10
180.34605407714844
 20
112.58145141601562
 30
42.73799819946289
 40
1.2
  1
42.538
 11
180.34605407714844
 21
112.58145141601562
 31
42.73799819946289
100
AcDbText
  0
POINT
  5
4E7
330
17
100
AcDbEntity
  8
SURVEY-POINTS
100
AcDbPoint
 10
224.12655639648438
 20
112.46723937988281
 30
41.66699981689453
  0
TEXT
  5
4E8
330
17
100
AcDbEntity
  8
SURVEY-LABELS
100
AcDbText
 10
224.12655639648438
 20
112.46723937988281
 30
41.866999816894534
 40
1.2
  1
41.667
 11
224.12655639648438
 21
112.46723937988281
 31
41.866999816894534
100
AcDbText
  0
POINT
  5
4E9
330
17
100
AcDbEntity
  8
SURVEY-POINTS
100
AcDbPoint
 10
135.7914581298828
 20
112.2219009399414
 30
42.992000579833984
  0
TEXT
  5
4EA
330
17
100
AcDbEntity
  8
SURVEY-LABELS
100
AcDbText
 10
135.7914581298828
 20
112.2219009399414
 30
43.19200057983399
 40
1.2
  1
42.992
 11
135.7914581298828
 21
112.2219009399414
 31
43.19200057983399
100
AcDbText
  0
POINT
  5
4EB
330
17
100
AcDbEntity
  8
SURVEY-POINTS
100
AcDbPoint
 10
217.95074462890625
 20
111.46896362304688
 30
41.915000915527344
  0
TEXT
  5
4EC
330
17
100
AcDbEntity
  8
SURVEY-LABELS
100
AcDbText
 10
217.95074462890625
 20
111.46896362304688
 30
42.11500091552735
 40
1.2
  1
41.915
 11
217.95074462890625
 21
111.46896362304688
 31
42.11500091552735
100
AcDbText
  0
POINT
  5
4ED
330
17
100
AcDbEntity
  8
SURVEY-POINTS
100
AcDbPoint
 10
117.59400177001953
 20
111.0374984741211
 30
43.268001556396484
  0
TEXT
  5
4EE
330
17
100
AcDbEntity
  8
SURVEY-LABELS
100
AcDbText
 10
117.59400177001953
 20
111.0374984741211
 30
43.46800155639649
 40
1.2
  1
43.268
 11
117.59400177001953
 21
111.0374984741211
 31
43.46800155639649
100
AcDbText
  0
POINT
  5
4EF
330
17
100
AcDbEntity
  8
SURVEY-POINTS
100
AcDbPoint
 10
165.1603546142578
 20
110.86830139160156
 30
42.2400016784668
  0
TEXT
  5
4F0
330
17
100
AcDbEntity
  8
SURVEY-LABELS
100
AcDbText
 10
165.1603546142578
 20
110.86830139160156
 30
42.4400016784668
 40
1.2
  1
42.240
 11
165.1603546142578
 21
110.86830139160156
 31
42.4400016784668
100
AcDbText
  0
POINT
  5
4F1
330
17
100
AcDbEntity
  8
SURVEY-POINTS
100
AcDbPoint
 10
244.98045349121094
 20
109.62045288085938
 30
41.854000091552734
  0
TEXT
  5
4F2
330
17
100
AcDbEntity
  8
SURVEY-LABELS
100
AcDbText
 10
244.98045349121094
 20
109.62045288085938
 30
42.05400009155274
 40
1.2
  1
41.854
 11
244.98045349121094
 21
109.62045288085938
 31
42.05400009155274
100
AcDbText
  0
POINT
  5
4F3
330
17
100
AcDbEntity
  8
SURVEY-POINTS
100
AcDbPoint
 10
143.05859375
 20
109.4935531616211
 30
42.78300094604492
  0
TEXT
  5
4F4
330
17
100
AcDbEntity
  8
SURVEY-LABELS
100
AcDbText
 10
143.05859375
 20
109.4935531616211
 30
42.983000946044925
 40
1.2
  1
42.783
 11
143.05859375
 21
109.4935531616211
 31
42.983000946044925
100
AcDbText
  0
POINT
  5
4F5
330
17
100
AcDbEntity
  8
SURVEY-POINTS
100
AcDbPoint
 10
104.6290512084961
 20
108.83789825439453
 30
43.297000885009766
  0
TEXT
  5
4F6
330
17
100
AcDbEntity
  8
SURVEY-LABELS
100
AcDbText
 10
104.6290512084961
 20
108.83789825439453
 30
43.49700088500977
 40
1.2
  1
43.297
 11
104.6290512084961
 21
108.83789825439453
 31
43.49700088500977
100
AcDbText
  0
POINT
  5
4F7
330
17
100
AcDbEntity
  8
SURVEY-POINTS
100
AcDbPoint
 10
161.945556640625
 20
108.7025375366211
 30
42.45399856567383
  0
TEXT
  5
4F8
330
17
100
AcDbEntity
  8
SURVEY-LABELS
100
AcDbText
 10
161.945556640625
 20
108.7025375366211
 30
42.65399856567383
 40
1.2
  1
42.454
 11
161.945556640625
 21
108.7025375366211
 31
42.65399856567383
100
AcDbText
  0
POINT
  5
4F9
330
17
100
AcDbEntity
  8
SURVEY-POINTS
100
AcDbPoint
 10
163.63754272460938
 20
108.7025375366211
 30
42.097999572753906
  0
TEXT
  5
4FA
330
17
100
AcDbEntity
  8
SURVEY-LABELS
100
AcDbText
 10
163.63754272460938
 20
108.7025375366211
 30
42.29799957275391
 40
1.2
  1
42.098
 11
163.63754272460938
 21
108.7025375366211
 31
42.29799957275391
100
AcDbText
  0
POINT
  5
4FB
330
17
100
AcDbEntity
  8
SURVEY-POINTS
100
AcDbPoint
 10
206.7412567138672
 20
108.23724365234375
 30
41.97999954223633
  0
TEXT
  5
4FC
330
17
100
AcDbEntity
  8
SURVEY-LABELS
100
AcDbText
 10
206.7412567138672
 20
108.23724365234375
 30
42.17999954223633
 40
1.2
  1
41.980
 11
206.7412567138672
 21
108.23724365234375
 31
42.17999954223633
100
AcDbText
  0
POINT
  5
4FD
330
17
100
AcDbEntity
  8
SURVEY-POINTS
100
AcDbPoint
 10
183.13784790039062
 20
107.61119842529297
 30
42.39099884033203
  0
TEXT
  5
4FE
330
17
100
AcDbEntity
  8
SURVEY-LABELS
100
AcDbText
 10
183.13784790039062
 20
107.61119842529297
 30
42.590998840332034
 40
1.2
  1
42.391
 11
183.13784790039062
 21
107.61119842529297
 31
42.590998840332034
100
AcDbText
  0
POINT
  5
4FF
330
17
100
AcDbEntity
  8
SURVEY-POINTS
100
AcDbPoint
 10
149.01443481445312
 20
107.52660369873047
 30
42.625
  0
TEXT
  5
500
330
17
100
AcDbEntity
  8
SURVEY-LABELS
100
AcDbText
 10
149.01443481445312
 20
107.52660369873047
 30
42.825
 40
1.2
  1
42.625
 11
149.01443481445312
 21
107.52660369873047
 31
42.825
100
AcDbText
  0
POINT
  5
501
330
17
100
AcDbEntity
  8
SURVEY-POINTS
100
AcDbPoint
 10
127.70369720458984
 20
107.25164794921875
 30
43.207000732421875
  0
TEXT
  5
502
330
17
100
AcDbEntity
  8
SURVEY-LABELS
100
AcDbText
 10
127.70369720458984
 20
107.25164794921875
 30
43.40700073242188
 40
1.2
  1
43.207
 11
127.70369720458984
 21
107.25164794921875
 31
43.40700073242188
100
AcDbText
  0
POINT
  5
503
330
17
100
AcDbEntity
  8
SURVEY-POINTS
100
AcDbPoint
 10
160.50735473632812
 20
106.97669982910156
 30
42.457000732421875
  0
TEXT
  5
504
330
17
100
AcDbEntity
  8
SURVEY-LABELS
100
AcDbText
 10
160.50735473632812
 20
106.97669982910156
 30
42.65700073242188
 40
1.2
  1
42.457
 11
160.50735473632812
 21
106.97669982910156
 31
42.65700073242188
100
AcDbText
  0
POINT
  5
505
330
17
100
AcDbEntity
  8
SURVEY-POINTS
100
AcDbPoint
 10
183.2097625732422
 20
106.42680358886719
 30
42.39099884033203
  0
TEXT
  5
506
330
17
100
AcDbEntity
  8
SURVEY-LABELS
100
AcDbText
 10
183.2097625732422
 20
106.42680358886719
 30
42.590998840332034
 40
1.2
  1
42.391
 11
183.2097625732422
 21
106.42680358886719
 31
42.590998840332034
100
AcDbText
  0
POINT
  5
507
330
17
100
AcDbEntity
  8
SURVEY-POINTS
100
AcDbPoint
 10
207.62954711914062
 20
106.1729965209961
 30
41.823001861572266
  0
TEXT
  5
508
330
17
100
AcDbEntity
  8
SURVEY-LABELS
100
AcDbText
 10
207.62954711914062
 20
106.1729965209961
 30
42.02300186157227
 40
1.2
  1
41.823
 11
207.62954711914062
 21
106.1729965209961
 31
42.02300186157227
100
AcDbText
  0
POINT
  5
509
330
17
100
AcDbEntity
  8
SURVEY-POINTS
100
AcDbPoint
 10
183.2097625732422
 20
105.28469848632812
 30
42.36000061035156
  0
TEXT
  5
50A
330
17
100
AcDbEntity
  8
SURVEY-LABELS
100
AcDbText
 10
183.2097625732422
 20
105.28469848632812
 30
42.560000610351565
 40
1.2
  1
42.360
 11
183.2097625732422
 21
105.28469848632812
 31
42.560000610351565
100
AcDbText
  0
POINT
  5
50B
330
17
100
AcDbEntity
  8
SURVEY-POINTS
100
AcDbPoint
 10
162.96075439453125
 20
105.1155014038086
 30
42.49399948120117
  0
TEXT
  5
50C
330
17
100
AcDbEntity
  8
SURVEY-LABELS
100
AcDbText
 10
162.96075439453125
 20
105.1155014038086
 30
42.693999481201175
 40
1.2
  1
42.494
 11
162.96075439453125
 21
105.1155014038086
 31
42.693999481201175
100
AcDbText
  0
POINT
  5
50D
330
17
100
AcDbEntity
  8
SURVEY-POINTS
100
AcDbPoint
 10
227.5105438232422
 20
103.97339630126953
 30
41.4379997253418
  0
TEXT
  5
50E
330
17
100
AcDbEntity
  8
SURVEY-LABELS
100
AcDbText
 10
227.5105438232422
 20
103.97339630126953
 30
41.6379997253418
 40
1.2
  1
41.438
 11
227.5105438232422
 21
103.97339630126953
 31
41.6379997253418
100
AcDbText
  0
POINT
  5
50F
330
17
100
AcDbEntity
  8
SURVEY-POINTS
100
AcDbPoint
 10
138.15179443359375
 20
103.4657974243164
 30
42.92599868774414
  0
TEXT
  5
510
330
17
100
AcDbEntity
  8
SURVEY-LABELS
100
AcDbText
 10
138.15179443359375
 20
103.4657974243164
 30
43.12599868774414
 40
1.2
  1
42.926
 11
138.15179443359375
 21
103.4657974243164
 31
43.12599868774414
100
AcDbText
  0
POINT
  5
511
330
17
100
AcDbEntity
  8
SURVEY-POINTS
100
AcDbPoint
 10
156.53114318847656
 20
102.57749938964844
 30
48.08399963378906
  0
TEXT
  5
512
330
17
100
AcDbEntity
  8
SURVEY-LABELS
100
AcDbText
 10
156.53114318847656
 20
102.57749938964844
 30
48.283999633789065
 40
1.2
  1
48.084
 11
156.53114318847656
 21
102.57749938964844
 31
48.283999633789065
100
AcDbText
  0
POINT
  5
513
330
17
100
AcDbEntity
  8
SURVEY-POINTS
100
AcDbPoint
 10
190.92105102539062
 20
101.83724975585938
 30
41.944000244140625
  0
TEXT
  5
514
330
17
100
AcDbEntity
  8
SURVEY-LABELS
100
AcDbText
 10
190.92105102539062
 20
101.83724975585938
 30
42.14400024414063
 40
1.2
  1
41.944
 11
190.92105102539062
 21
101.83724975585938
 31
42.14400024414063
100
AcDbText
  0
POINT
  5
515
330
17
100
AcDbEntity
  8
SURVEY-POINTS
100
AcDbPoint
 10
120.19544982910156
 20
101.20275115966797
 30
43.207000732421875
  0
TEXT
  5
516
330
17
100
AcDbEntity
  8
SURVEY-LABELS
100
AcDbText
 10
120.19544982910156
 20
101.20275115966797
 30
43.40700073242188
 40
1.2
  1
43.207
 11
120.19544982910156
 21
101.20275115966797
 31
43.40700073242188
100
AcDbText
  0
POINT
  5
517
330
17
100
AcDbEntity
  8
SURVEY-POINTS
100
AcDbPoint
 10
191.6824493408203
 20
99.61650085449219
 30
41.893001556396484
  0
TEXT
  5
518
330
17
100
AcDbEntity
  8
SURVEY-LABELS
100
AcDbText
 10
191.6824493408203
 20
99.61650085449219
 30
42.09300155639649
 40
1.2
  1
41.893
 11
191.6824493408203
 21
99.61650085449219
 31
42.09300155639649
100
AcDbText
  0
POINT
  5
519
330
17
100
AcDbEntity
  8
SURVEY-POINTS
100
AcDbPoint
 10
157.1656494140625
 20
98.09369659423828
 30
41.99800109863281
  0
TEXT
  5
51A
330
17
100
AcDbEntity
  8
SURVEY-LABELS
100
AcDbText
 10
157.1656494140625
 20
98.09369659423828
 30
42.198001098632815
 40
1.2
  1
41.998
 11
157.1656494140625
 21
98.09369659423828
 31
42.198001098632815
100
AcDbText
  0
POINT
  5
51B
330
17
100
AcDbEntity
  8
SURVEY-POINTS
100
AcDbPoint
 10
161.48025512695312
 20
98.09369659423828
 30
42.189998626708984
  0
TEXT
  5
51C
330
17
100
AcDbEntity
  8
SURVEY-LABELS
100
AcDbText
 10
161.48025512695312
 20
98.09369659423828
 30
42.38999862670899
 40
1.2
  1
42.190
 11
161.48025512695312
 21
98.09369659423828
 31
42.38999862670899
100
AcDbText
  0
POINT
  5
51D
330
17
100
AcDbEntity
  8
SURVEY-POINTS
100
AcDbPoint
 10
146.23956298828125
 20
97.58609771728516
 30
42.630001068115234
  0
TEXT
  5
51E
330
17
100
AcDbEntity
  8
SURVEY-LABELS
100
AcDbText
 10
146.23956298828125
 20
97.58609771728516
 30
42.83000106811524
 40
1.2
  1
42.630
 11
146.23956298828125
 21
97.58609771728516
 31
42.83000106811524
100
AcDbText
  0
POINT
  5
51F
330
17
100
AcDbEntity
  8
SURVEY-POINTS
100
AcDbPoint
 10
210.10409545898438
 20
97.29000091552734
 30
41.555999755859375
  0
TEXT
  5
520
330
17
100
AcDbEntity
  8
SURVEY-LABELS
100
AcDbText
 10
210.10409545898438
 20
97.29000091552734
 30
41.75599975585938
 40
1.2
  1
41.556
 11
210.10409545898438
 21
97.29000091552734
 31
41.75599975585938
100
AcDbText
  0
POINT
  5
521
330
17
100
AcDbEntity
  8
SURVEY-POINTS
100
AcDbPoint
 10
139.8649444580078
 20
97.20539855957031
 30
42.85300064086914
  0
TEXT
  5
522
330
17
100
AcDbEntity
  8
SURVEY-LABELS
100
AcDbText
 10
139.8649444580078
 20
97.20539855957031
 30
43.05300064086914
 40
1.2
  1
42.853
 11
139.8649444580078
 21
97.20539855957031
 31
43.05300064086914
100
AcDbText
  0
POINT
  5
523
330
17
100
AcDbEntity
  8
SURVEY-POINTS
100
AcDbPoint
 10
107.6323471069336
 20
96.06330108642578
 30
43.21500015258789
  0
TEXT
  5
524
330
17
100
AcDbEntity
  8
SURVEY-LABELS
100
AcDbText
 10
107.6323471069336
 20
96.06330108642578
 30
43.41500015258789
 40
1.2
  1
43.215
 11
107.6323471069336
 21
96.06330108642578
 31
43.41500015258789
100
AcDbText
  0
POINT
  5
525
330
17
100
AcDbEntity
  8
SURVEY-POINTS
100
AcDbPoint
 10
141.04934692382812
 20
96.02100372314453
 30
42.619998931884766
  0
TEXT
  5
526
330
17
100
AcDbEntity
  8
SURVEY-LABELS
100
AcDbText
 10
141.04934692382812
 20
96.02100372314453
 30
42.81999893188477
 40
1.2
  1
42.620
 11
141.04934692382812
 21
96.02100372314453
 31
42.81999893188477
100
AcDbText
  0
POINT
  5
527
330
17
100
AcDbEntity
  8
SURVEY-POINTS
100
AcDbPoint
 10
161.50140380859375
 20
95.91525268554688
 30
42.16299819946289
  0
TEXT
  5
528
330
17
100
AcDbEntity
  8
SURVEY-LABELS
100
AcDbText
 10
161.50140380859375
 20
95.91525268554688
 30
42.36299819946289
 40
1.2
  1
42.163
 11
161.50140380859375
 21
95.91525268554688
 31
42.36299819946289
100
AcDbText
  0
POINT
  5
529
330
17
100
AcDbEntity
  8
SURVEY-POINTS
100
AcDbPoint
 10
129.98789978027344
 20
94.3290023803711
 30
43.18299865722656
  0
TEXT
  5
52A
330
17
100
AcDbEntity
  8
SURVEY-LABELS
100
AcDbText
 10
129.98789978027344
 20
94.3290023803711
 30
43.382998657226565
 40
1.2
  1
43.183
 11
129.98789978027344
 21
94.3290023803711
 31
43.382998657226565
100
AcDbText
  0
POINT
  5
52B
330
17
100
AcDbEntity
  8
SURVEY-POINTS
100
AcDbPoint
 10
140.92245483398438
 20
93.90599822998047
 30
42.5989990234375
  0
TEXT
  5
52C
330
17
100
AcDbEntity
  8
SURVEY-LABELS
100
AcDbText
 10
140.92245483398438
 20
93.90599822998047
 30
42.7989990234375
 40
1.2
  1
42.599
 11
140.92245483398438
 21
93.90599822998047
 31
42.7989990234375
100
AcDbText
  0
POINT
  5
52D
330
17
100
AcDbEntity
  8
SURVEY-POINTS
100
AcDbPoint
 10
147.79620361328125
 20
92.08709716796875
 30
42.165000915527344
  0
TEXT
  5
52E
330
17
100
AcDbEntity
  8
SURVEY-LABELS
100
AcDbText
 10
147.79620361328125
 20
92.08709716796875
 30
42.36500091552735
 40
1.2
  1
42.165
 11
147.79620361328125
 21
92.08709716796875
 31
42.36500091552735
100
AcDbText
  0
POINT
  5
52F
330
17
100
AcDbEntity
  8
SURVEY-POINTS
100
AcDbPoint
 10
167.97329711914062
 20
91.96019744873047
 30
42.20100021362305
  0
TEXT
  5
530
330
17
100
AcDbEntity
  8
SURVEY-LABELS
100
AcDbText
 10
167.97329711914062
 20
91.96019744873047
 30
42.40100021362305
 40
1.2
  1
42.201
 11
167.97329711914062
 21
91.96019744873047
 31
42.40100021362305
100
AcDbText
  0
POINT
  5
531
330
17
100
AcDbEntity
  8
SURVEY-POINTS
100
AcDbPoint
 10
122.01435089111328
 20
91.81214904785156
 30
43.185001373291016
  0
TEXT
  5
532
330
17
100
AcDbEntity
  8
SURVEY-LABELS
100
AcDbText
 10
122.01435089111328
 20
91.81214904785156
 30
43.38500137329102
 40
1.2
  1
43.185
 11
122.01435089111328
 21
91.81214904785156
 31
43.38500137329102
100
AcDbText
  0
POINT
  5
533
330
17
100
AcDbEntity
  8
SURVEY-POINTS
100
AcDbPoint
 10
192.61305236816406
 20
90.0989990234375
 30
41.757999420166016
  0
TEXT
  5
534
330
17
100
AcDbEntity
  8
SURVEY-LABELS
100
AcDbText
 10
192.61305236816406
 20
90.0989990234375
 30
41.95799942016602
 40
1.2
  1
41.758
 11
192.61305236816406
 21
90.0989990234375
 31
41.95799942016602
100
AcDbText
  0
POINT
  5
535
330
17
100
AcDbEntity
  8
SURVEY-POINTS
100
AcDbPoint
 10
168.523193359375
 20
90.0651626586914
 30
42.224998474121094
  0
TEXT
  5
536
330
17
100
AcDbEntity
  8
SURVEY-LABELS
100
AcDbText
 10
168.523193359375
 20
90.0651626586914
 30
42.4249984741211
 40
1.2
  1
42.225
 11
168.523193359375
 21
90.0651626586914
 31
42.4249984741211
100
AcDbText
  0
POINT
  5
537
330
17
100
AcDbEntity
  8
SURVEY-POINTS
100
AcDbPoint
 10
147.88079833984375
 20
89.71829986572266
 30
42.19599914550781
  0
TEXT
  5
538
330
17
100
AcDbEntity
  8
SURVEY-LABELS
100
AcDbText
 10
147.88079833984375
 20
89.71829986572266
 30
42.395999145507815
 40
1.2
  1
42.196
 11
147.88079833984375
 21
89.71829986572266
 31
42.395999145507815
100
AcDbText
  0
POINT
  5
539
330
17
100
AcDbEntity
  8
SURVEY-POINTS
100
AcDbPoint
 10
131.7010498046875
 20
87.55254364013672
 30
42.222999572753906
  0
TEXT
  5
53A
330
17
100
AcDbEntity
  8
SURVEY-LABELS
100
AcDbText
 10
131.7010498046875
 20
87.55254364013672
 30
42.42299957275391
 40
1.2
  1
42.223
 11
131.7010498046875
 21
87.55254364013672
 31
42.42299957275391
100
AcDbText
  0
POINT
  5
53B
330
17
100
AcDbEntity
  8
SURVEY-POINTS
100
AcDbPoint
 10
190.4134521484375
 20
87.39179992675781
 30
41.91400146484375
  0
TEXT
  5
53C
330
17
100
AcDbEntity
  8
SURVEY-LABELS
100
AcDbText
 10
190.4134521484375
 20
87.39179992675781
 30
42.11400146484375
 40
1.2
  1
41.914
 11
190.4134521484375
 21
87.39179992675781
 31
42.11400146484375
100
AcDbText
  0
POINT
  5
53D
330
17
100
AcDbEntity
  8
SURVEY-POINTS
100
AcDbPoint
 10
162.36854553222656
 20
87.26490020751953
 30
42.29800033569336
  0
TEXT
  5
53E
330
17
100
AcDbEntity
  8
SURVEY-LABELS
100
AcDbText
 10
162.36854553222656
 20
87.26490020751953
 30
42.49800033569336
 40
1.2
  1
42.298
 11
162.36854553222656
 21
87.26490020751953
 31
42.49800033569336
100
AcDbText
  0
POINT
  5
53F
330
17
100
AcDbEntity
  8
SURVEY-POINTS
100
AcDbPoint
 10
132.3990020751953
 20
86.41043853759766
 30
42.066001892089844
  0
TEXT
  5
540
330
17
100
AcDbEntity
  8
SURVEY-LABELS
100
AcDbText
 10
132.3990020751953
 20
86.41043853759766
 30
42.26600189208985
 40
1.2
  1
42.066
 11
132.3990020751953
 21
86.41043853759766
 31
42.26600189208985
100
AcDbText
  0
POINT
  5
541
330
17
100
AcDbEntity
  8
SURVEY-POINTS
100
AcDbPoint
 10
112.36994934082031
 20
85.44599914550781
 30
43.17599868774414
  0
TEXT
  5
542
330
17
100
AcDbEntity
  8
SURVEY-LABELS
100
AcDbText
 10
112.36994934082031
 20
85.44599914550781
 30
43.37599868774414
 40
1.2
  1
43.176
 11
112.36994934082031
 21
85.44599914550781
 31
43.37599868774414
100
AcDbText
  0
POINT
  5
543
330
17
100
AcDbEntity
  8
SURVEY-POINTS
100
AcDbPoint
 10
189.7239532470703
 20
84.70574951171875
 30
42.119998931884766
  0
TEXT
  5
544
330
17
100
AcDbEntity
  8
SURVEY-LABELS
100
AcDbText
 10
189.7239532470703
 20
84.70574951171875
 30
42.31999893188477
 40
1.2
  1
42.120
 11
189.7239532470703
 21
84.70574951171875
 31
42.31999893188477
100
AcDbText
  0
POINT
  5
545
330
17
100
AcDbEntity
  8
SURVEY-POINTS
100
AcDbPoint
 10
183.3282012939453
 20
83.92320251464844
 30
41.9010009765625
  0
TEXT
  5
546
330
17
100
AcDbEntity
  8
SURVEY-LABELS
100
AcDbText
 10
183.3282012939453
 20
83.92320251464844
 30
42.1010009765625
 40
1.2
  1
41.901
 11
183.3282012939453
 21
83.92320251464844
 31
42.1010009765625
100
AcDbText
  0
POINT
  5
547
330
17
100
AcDbEntity
  8
SURVEY-POINTS
100
AcDbPoint
 10
217.40084838867188
 20
82.97145080566406
 30
42.319000244140625
  0
TEXT
  5
548
330
17
100
AcDbEntity
  8
SURVEY-LABELS
100
AcDbText
 10
217.40084838867188
 20
82.97145080566406
 30
42.51900024414063
 40
1.2
  1
42.319
 11
217.40084838867188
 21
82.97145080566406
 31
42.51900024414063
100
AcDbText
  0
POINT
  5
549
330
17
100
AcDbEntity
  8
SURVEY-POINTS
100
AcDbPoint
 10
185.22323608398438
 20
82.81494140625
 30
42.0260009765625
  0
TEXT
  5
54A
330
17
100
AcDbEntity
  8
SURVEY-LABELS
100
AcDbText
 10
185.22323608398438
 20
82.81494140625
 30
42.2260009765625
 40
1.2
  1
42.026
 11
185.22323608398438
 21
82.81494140625
 31
42.2260009765625
100
AcDbText
  0
POINT
  5
54B
330
17
100
AcDbEntity
  8
SURVEY-POINTS
100
AcDbPoint
 10
142.91055297851562
 20
80.66609954833984
 30
42.34400177001953
  0
TEXT
  5
54C
330
17
100
AcDbEntity
  8
SURVEY-LABELS
100
AcDbText
 10
142.91055297851562
 20
80.66609954833984
 30
42.544001770019534
 40
1.2
  1
42.344
 11
142.91055297851562
 21
80.66609954833984
 31
42.544001770019534
100
AcDbText
  0
POINT
  5
54D
330
17
100
AcDbEntity
  8
SURVEY-POINTS
100
AcDbPoint
 10
171.052734375
 20
80.66609954833984
 30
42.018001556396484
  0
TEXT
  5
54E
330
17
100
AcDbEntity
  8
SURVEY-LABELS
100
AcDbText
 10
171.052734375
 20
80.66609954833984
 30
42.21800155639649
 40
1.2
  1
42.018
 11
171.052734375
 21
80.66609954833984
 31
42.21800155639649
100
AcDbText
  0
POINT
  5
54F
330
17
100
AcDbEntity
  8
SURVEY-POINTS
100
AcDbPoint
 10
191.5978546142578
 20
80.63226318359375
 30
42.2140007019043
  0
TEXT
  5
550
330
17
100
AcDbEntity
  8
SURVEY-LABELS
100
AcDbText
 10
191.5978546142578
 20
80.63226318359375
 30
42.4140007019043
 40
1.2
  1
42.214
 11
191.5978546142578
 21
80.63226318359375
 31
42.4140007019043
100
AcDbText
  0
POINT
  5
551
330
17
100
AcDbEntity
  8
SURVEY-POINTS
100
AcDbPoint
 10
179.4154510498047
 20
80.58149719238281
 30
41.72700119018555
  0
TEXT
  5
552
330
17
100
AcDbEntity
  8
SURVEY-LABELS
100
AcDbText
 10
179.4154510498047
 20
80.58149719238281
 30
41.92700119018555
 40
1.2
  1
41.727
 11
179.4154510498047
 21
80.58149719238281
 31
41.92700119018555
100
AcDbText
  0
POINT
  5
553
330
17
100
AcDbEntity
  8
SURVEY-POINTS
100
AcDbPoint
 10
119.81475067138672
 20
80.15003967285156
 30
42.20800018310547
  0
TEXT
  5
554
330
17
100
AcDbEntity
  8
SURVEY-LABELS
100
AcDbText
 10
119.81475067138672
 20
80.15003967285156
 30
42.40800018310547
 40
1.2
  1
42.208
 11
119.81475067138672
 21
80.15003967285156
 31
42.40800018310547
100
AcDbText
  0
POINT
  5
555
330
17
100
AcDbEntity
  8
SURVEY-POINTS
100
AcDbPoint
 10
143.33355712890625
 20
79.43939971923828
 30
42.374000549316406
  0
TEXT
  5
556
330
17
100
AcDbEntity
  8
SURVEY-LABELS
100
AcDbText
 10
143.33355712890625
 20
79.43939971923828
 30
42.57400054931641
 40
1.2
  1
42.374
 11
143.33355712890625
 21
79.43939971923828
 31
42.57400054931641
100
AcDbText
  0
POINT
  5
557
330
17
100
AcDbEntity
  8
SURVEY-POINTS
100
AcDbPoint
 10
187.62164306640625
 20
78.84719848632812
 30
42.29499816894531
  0
TEXT
  5
558
330
17
100
AcDbEntity
  8
SURVEY-LABELS
100
AcDbText
 10
187.62164306640625
 20
78.84719848632812
 30
42.494998168945315
 40
1.2
  1
42.295
 11
187.62164306640625
 21
78.84719848632812
 31
42.494998168945315
100
AcDbText
  0
POINT
  5
559
330
17
100
AcDbEntity
  8
SURVEY-POINTS
100
AcDbPoint
 10
168.12135314941406
 20
75.1755599975586
 30
41.983001708984375
  0
TEXT
  5
55A
330
17
100
AcDbEntity
  8
SURVEY-LABELS
100
AcDbText
 10
168.12135314941406
 20
75.1755599975586
 30
42.18300170898438
 40
1.2
  1
41.983
 11
168.12135314941406
 21
75.1755599975586
 31
42.18300170898438
100
AcDbText
  0
POINT
  5
55B
330
17
100
AcDbEntity
  8
SURVEY-POINTS
100
AcDbPoint
 10
161.56484985351562
 20
74.7863998413086
 30
42.04600143432617
  0
TEXT
  5
55C
330
17
100
AcDbEntity
  8
SURVEY-LABELS
100
AcDbText
 10
161.56484985351562
 20
74.7863998413086
 30
42.246001434326175
 40
1.2
  1
42.046
 11
161.56484985351562
 21
74.7863998413086
 31
42.246001434326175
100
AcDbText
  0
POINT
  5
55D
330
17
100
AcDbEntity
  8
SURVEY-POINTS
100
AcDbPoint
 10
103.12740325927734
 20
73.5385513305664
 30
42.56999969482422
  0
TEXT
  5
55E
330
17
100
AcDbEntity
  8
SURVEY-LABELS
100
AcDbText
 10
103.12740325927734
 20
73.5385513305664
 30
42.76999969482422
 40
1.2
  1
42.570
 11
103.12740325927734
 21
73.5385513305664
 31
42.76999969482422
100
AcDbText
  0
POINT
  5
55F
330
17
100
AcDbEntity
  8
SURVEY-POINTS
100
AcDbPoint
 10
161.64944458007812
 20
73.00980377197266
 30
42.06800079345703
  0
TEXT
  5
560
330
17
100
AcDbEntity
  8
SURVEY-LABELS
100
AcDbText
 10
161.64944458007812
 20
73.00980377197266
 30
42.268000793457034
 40
1.2
  1
42.068
 11
161.64944458007812
 21
73.00980377197266
 31
42.268000793457034
100
AcDbText
  0
POINT
  5
561
330
17
100
AcDbEntity
  8
SURVEY-POINTS
100
AcDbPoint
 10
218.6698455810547
 20
71.8676986694336
 30
42.130001068115234
  0
TEXT
  5
562
330
17
100
AcDbEntity
  8
SURVEY-LABELS
100
AcDbText
 10
218.6698455810547
 20
71.8676986694336
 30
42.33000106811524
 40
1.2
  1
42.130
 11
218.6698455810547
 21
71.8676986694336
 31
42.33000106811524
100
AcDbText
  0
POINT
  5
563
330
17
100
AcDbEntity
  8
SURVEY-POINTS
100
AcDbPoint
 10
103.9522476196289
 20
70.556396484375
 30
42.518001556396484
  0
TEXT
  5
564
330
17
100
AcDbEntity
  8
SURVEY-LABELS
100
AcDbText
 10
103.9522476196289
 20
70.556396484375
 30
42.71800155639649
 40
1.2
  1
42.518
 11
103.9522476196289
 21
70.556396484375
 31
42.71800155639649
100
AcDbText
  0
POINT
  5
565
330
17
100
AcDbEntity
  8
SURVEY-POINTS
100
AcDbPoint
 10
143.60850524902344
 20
69.03359985351562
 30
42.0890007019043
  0
TEXT
  5
566
330
17
100
AcDbEntity
  8
SURVEY-LABELS
100
AcDbText
 10
143.60850524902344
 20
69.03359985351562
 30
42.2890007019043
 40
1.2
  1
42.089
 11
143.60850524902344
 21
69.03359985351562
 31
42.2890007019043
100
AcDbText
  0
POINT
  5
567
330
17
100
AcDbEntity
  8
SURVEY-POINTS
100
AcDbPoint
 10
152.61839294433594
 20
68.73750305175781
 30
41.96200180053711
  0
TEXT
  5
568
330
17
100
AcDbEntity
  8
SURVEY-LABELS
100
AcDbText
 10
152.61839294433594
 20
68.73750305175781
 30
42.16200180053711
 40
1.2
  1
41.962
 11
152.61839294433594
 21
68.73750305175781
 31
42.16200180053711
100
AcDbText
  0
POINT
  5
569
330
17
100
AcDbEntity
  8
SURVEY-POINTS
100
AcDbPoint
 10
229.32945251464844
 20
68.5598373413086
 30
42.08100128173828
  0
TEXT
  5
56A
330
17
100
AcDbEntity
  8
SURVEY-LABELS
100
AcDbText
 10
229.32945251464844
 20
68.5598373413086
 30
42.281001281738284
 40
1.2
  1
42.081
 11
229.32945251464844
 21
68.5598373413086
 31
42.281001281738284
100
AcDbText
  0
POINT
  5
56B
330
17
100
AcDbEntity
  8
SURVEY-POINTS
100
AcDbPoint
 10
104.00724029541016
 20
68.39910125732422
 30
42.555999755859375
  0
TEXT
  5
56C
330
17
100
AcDbEntity
  8
SURVEY-LABELS
100
AcDbText
 10
104.00724029541016
 20
68.39910125732422
 30
42.75599975585938
 40
1.2
  1
42.556
 11
104.00724029541016
 21
68.39910125732422
 31
42.75599975585938
100
AcDbText
  0
POINT
  5
56D
330
17
100
AcDbEntity
  8
SURVEY-POINTS
100
AcDbPoint
 10
163.42605590820312
 20
68.31449890136719
 30
42.27799987792969
  0
TEXT
  5
56E
330
17
100
AcDbEntity
  8
SURVEY-LABELS
100
AcDbText
 10
163.42605590820312
 20
68.31449890136719
 30
42.47799987792969
 40
1.2
  1
42.278
 11
163.42605590820312
 21
68.31449890136719
 31
42.47799987792969
100
AcDbText
  0
POINT
  5
56F
330
17
100
AcDbEntity
  8
SURVEY-POINTS
100
AcDbPoint
 10
144.2429962158203
 20
67.84919738769531
 30
42.090999603271484
  0
TEXT
  5
570
330
17
100
AcDbEntity
  8
SURVEY-LABELS
100
AcDbText
 10
144.2429962158203
 20
67.84919738769531
 30
42.29099960327149
 40
1.2
  1
42.091
 11
144.2429962158203
 21
67.84919738769531
 31
42.29099960327149
100
AcDbText
  0
POINT
  5
571
330
17
100
AcDbEntity
  8
SURVEY-POINTS
100
AcDbPoint
 10
155.8966522216797
 20
67.42620086669922
 30
42.209999084472656
  0
TEXT
  5
572
330
17
100
AcDbEntity
  8
SURVEY-LABELS
100
AcDbText
 10
155.8966522216797
 20
67.42620086669922
 30
42.40999908447266
 40
1.2
  1
42.210
 11
155.8966522216797
 21
67.42620086669922
 31
42.40999908447266
100
AcDbText
  0
POINT
  5
573
330
17
100
AcDbEntity
  8
SURVEY-POINTS
100
AcDbPoint
 10
143.50274658203125
 20
66.41100311279297
 30
41.87300109863281
  0
TEXT
  5
574
330
17
100
AcDbEntity
  8
SURVEY-LABELS
100
AcDbText
 10
143.50274658203125
 20
66.41100311279297
 30
42.073001098632815
 40
1.2
  1
41.873
 11
143.50274658203125
 21
66.41100311279297
 31
42.073001098632815
100
AcDbText
  0
POINT
  5
575
330
17
100
AcDbEntity
  8
SURVEY-POINTS
100
AcDbPoint
 10
150.270751953125
 20
66.29255676269531
 30
42.09299850463867
  0
TEXT
  5
576
330
17
100
AcDbEntity
  8
SURVEY-LABELS
100
AcDbText
 10
150.270751953125
 20
66.29255676269531
 30
42.292998504638675
 40
1.2
  1
42.093
 11
150.270751953125
 21
66.29255676269531
 31
42.292998504638675
100
AcDbText
  0
POINT
  5
577
330
17
100
AcDbEntity
  8
SURVEY-POINTS
100
AcDbPoint
 10
156.9541473388672
 20
65.48040008544922
 30
42.292999267578125
  0
TEXT
  5
578
330
17
100
AcDbEntity
  8
SURVEY-LABELS
100
AcDbText
 10
156.9541473388672
 20
65.48040008544922
 30
42.49299926757813
 40
1.2
  1
42.293
 11
156.9541473388672
 21
65.48040008544922
 31
42.49299926757813
100
AcDbText
  0
POINT
  5
579
330
17
100
AcDbEntity
  8
SURVEY-POINTS
100
AcDbPoint
 10
147.39434814453125
 20
64.93049621582031
 30
41.981998443603516
  0
TEXT
  5
57A
330
17
100
AcDbEntity
  8
SURVEY-LABELS
100
AcDbText
 10
147.39434814453125
 20
64.93049621582031
 30
42.18199844360352
 40
1.2
  1
41.982
 11
147.39434814453125
 21
64.93049621582031
 31
42.18199844360352
100
AcDbText
  0
POINT
  5
57B
330
17
100
AcDbEntity
  8
SURVEY-POINTS
100
AcDbPoint
 10
111.86235046386719
 20
64.5836410522461
 30
42.55400085449219
  0
TEXT
  5
57C
330
17
100
AcDbEntity
  8
SURVEY-LABELS
100
AcDbText
 10
111.86235046386719
 20
64.5836410522461
 30
42.75400085449219
 40
1.2
  1
42.554
 11
111.86235046386719
 21
64.5836410522461
 31
42.75400085449219
100
AcDbText
  0
POINT
  5
57D
330
17
100
AcDbEntity
  8
SURVEY-POINTS
100
AcDbPoint
 10
85.34024810791016
 20
64.45674133300781
 30
42.685001373291016
  0
TEXT
  5
57E
330
17
100
AcDbEntity
  8
SURVEY-LABELS
100
AcDbText
 10
85.34024810791016
 20
64.45674133300781
 30
42.88500137329102
 40
1.2
  1
42.685
 11
85.34024810791016
 21
64.45674133300781
 31
42.88500137329102
100
AcDbText
  0
POINT
  5
57F
330
17
100
AcDbEntity
  8
SURVEY-POINTS
100
AcDbPoint
 10
85.89015197753906
 20
63.30194854736328
 30
42.40700149536133
  0
TEXT
  5
580
330
17
100
AcDbEntity
  8
SURVEY-LABELS
100
AcDbText
 10
85.89015197753906
 20
63.30194854736328
 30
42.60700149536133
 40
1.2
  1
42.407
 11
85.89015197753906
 21
63.30194854736328
 31
42.60700149536133
100
AcDbText
  0
POINT
  5
581
330
17
100
AcDbEntity
  8
SURVEY-POINTS
100
AcDbPoint
 10
147.18284606933594
 20
62.70975112915039
 30
41.94200134277344
  0
TEXT
  5
582
330
17
100
AcDbEntity
  8
SURVEY-LABELS
100
AcDbText
 10
147.18284606933594
 20
62.70975112915039
 30
42.14200134277344
 40
1.2
  1
41.942
 11
147.18284606933594
 21
62.70975112915039
 31
42.14200134277344
100
AcDbText
  0
POINT
  5
583
330
17
100
AcDbEntity
  8
SURVEY-POINTS
100
AcDbPoint
 10
128.0209503173828
 20
61.92720031738281
 30
42.154998779296875
  0
TEXT
  5
584
330
17
100
AcDbEntity
  8
SURVEY-LABELS
100
AcDbText
 10
128.0209503173828
 20
61.92720031738281
 30
42.35499877929688
 40
1.2
  1
42.155
 11
128.0209503173828
 21
61.92720031738281
 31
42.35499877929688
100
AcDbText
  0
POINT
  5
585
330
17
100
AcDbEntity
  8
SURVEY-POINTS
100
AcDbPoint
 10
128.80349731445312
 20
59.79104995727539
 30
41.47999954223633
  0
TEXT
  5
586
330
17
100
AcDbEntity
  8
SURVEY-LABELS
100
AcDbText
 10
128.80349731445312
 20
59.79104995727539
 30
41.67999954223633
 40
1.2
  1
41.480
 11
128.80349731445312
 21
59.79104995727539
 31
41.67999954223633
100
AcDbText
  0
POINT
  5
587
330
17
100
AcDbEntity
  8
SURVEY-POINTS
100
AcDbPoint
 10
91.68524932861328
 20
56.1109504699707
 30
42.70399856567383
  0
TEXT
  5
588
330
17
100
AcDbEntity
  8
SURVEY-LABELS
100
AcDbText
 10
91.68524932861328
 20
56.1109504699707
 30
42.90399856567383
 40
1.2
  1
42.704
 11
91.68524932861328
 21
56.1109504699707
 31
42.90399856567383
100
AcDbText
  0
POINT
  5
589
330
17
100
AcDbEntity
  8
SURVEY-POINTS
100
AcDbPoint
 10
130.58856201171875
 20
55.11690139770508
 30
41.68299865722656
  0
TEXT
  5
58A
330
17
100
AcDbEntity
  8
SURVEY-LABELS
100
AcDbText
 10
130.58856201171875
 20
55.11690139770508
 30
41.882998657226565
 40
1.2
  1
41.683
 11
130.58856201171875
 21
55.11690139770508
 31
41.882998657226565
100
AcDbText
  0
POINT
  5
58B
330
17
100
AcDbEntity
  8
SURVEY-POINTS
100
AcDbPoint
 10
91.98135375976562
 20
55.03229904174805
 30
42.75299835205078
  0
TEXT
  5
58C
330
17
100
AcDbEntity
  8
SURVEY-LABELS
100
AcDbText
 10
91.98135375976562
 20
55.03229904174805
 30
42.952998352050784
 40
1.2
  1
42.753
 11
91.98135375976562
 21
55.03229904174805
 31
42.952998352050784
100
AcDbText
  0
POINT
  5
58D
330
17
100
AcDbEntity
  8
SURVEY-POINTS
100
AcDbPoint
 10
112.62374877929688
 20
54.73619842529297
 30
42.26499938964844
  0
TEXT
  5
58E
330
17
100
AcDbEntity
  8
SURVEY-LABELS
100
AcDbText
 10
112.62374877929688
 20
54.73619842529297
 30
42.46499938964844
 40
1.2
  1
42.265
 11
112.62374877929688
 21
54.73619842529297
 31
42.46499938964844
100
AcDbText
  0
POINT
  5
58F
330
17
100
AcDbEntity
  8
SURVEY-POINTS
100
AcDbPoint
 10
113.30055236816406
 20
52.528141021728516
 30
41.41600036621094
  0
TEXT
  5
590
330
17
100
AcDbEntity
  8
SURVEY-LABELS
100
AcDbText
 10
113.30055236816406
 20
52.528141021728516
 30
41.61600036621094
 40
1.2
  1
41.416
 11
113.30055236816406
 21
52.528141021728516
 31
41.61600036621094
100
AcDbText
  0
POINT
  5
591
330
17
100
AcDbEntity
  8
SURVEY-POINTS
100
AcDbPoint
 10
115.37325286865234
 20
48.010501861572266
 30
41.625
  0
TEXT
  5
592
330
17
100
AcDbEntity
  8
SURVEY-LABELS
100
AcDbText
 10
115.37325286865234
 20
48.010501861572266
 30
41.825
 40
1.2
  1
41.625
 11
115.37325286865234
 21
48.010501861572266
 31
41.825
100
AcDbText
  0
ENDSEC
  0
SECTION
  2
OBJECTS
  0
DICTIONARY
  5
A
330
0
100
AcDbDictionary
281
1
  3
ACAD_COLOR
350
B
  3
ACAD_GROUP
350
C
  3
ACAD_LAYOUT
350
D
  3
ACAD_MATERIAL
350
E
  3
ACAD_MLEADERSTYLE
350
F
  3
ACAD_MLINESTYLE
350
10
  3
ACAD_PLOTSETTINGS
350
11
  3
ACAD_PLOTSTYLENAME
350
12
  3
ACAD_SCALELIST
350
14
  3
ACAD_TABLESTYLE
350
15
  3
ACAD_VISUALSTYLE
350
16
  3
EZDXF_META
350
2D
  0
DICTIONARY
  5
B
330
A
100
AcDbDictionary
281
1
  0
DICTIONARY
  5
C
330
A
100
AcDbDictionary
281
1
  0
DICTIONARY
  5
D
330
A
100
AcDbDictionary
281
1
  3
Model
350
1A
  3
Layout1
350
1E
  0
DICTIONARY
  5
E
330
A
100
AcDbDictionary
281
1
  3
ByBlock
350
1F
  3
ByLayer
350
20
  3
Global
350
21
  0
DICTIONARY
  5
F
330
A
100
AcDbDictionary
281
1
  3
Standard
350
2C
  0
DICTIONARY
  5
10
330
A
100
AcDbDictionary
281
1
  3
Standard
350
22
  0
DICTIONARY
  5
11
330
A
100
AcDbDictionary
281
1
  0
ACDBDICTIONARYWDFLT
  5
12
330
A
100
AcDbDictionary
281
1
  3
Normal
350
13
100
AcDbDictionaryWithDefault
340
13
  0
ACDBPLACEHOLDER
  5
13
330
12
  0
DICTIONARY
  5
14
330
A
100
AcDbDictionary
281
1
  0
DICTIONARY
  5
15
330
A
100
AcDbDictionary
281
1
  0
DICTIONARY
  5
16
330
A
100
AcDbDictionary
281
1
  0
LAYOUT
  5
1A
330
D
100
AcDbPlotSettings
  1

  4
A3
  6

 40
7.5
 41
20.0
 42
7.5
 43
20.0
 44
420.0
 45
297.0
 46
0.0
 47
0.0
 48
0.0
 49
0.0
140
0.0
141
0.0
142
1.0
143
1.0
 70
1024
 72
1
 73
0
 74
5
  7

 75
16
 76
0
 77
2
 78
300
147
1.0
148
0.0
149
0.0
100
AcDbLayout
  1
Model
 70
1
 71
0
 10
0.0
 20
0.0
 11
420.0
 21
297.0
 12
0.0
 22
0.0
 32
0.0
 14
1e+20
 24
1e+20
 34
1e+20
 15
-1e+20
 25
-1e+20
 35
-1e+20
146
0.0
 13
0.0
 23
0.0
 33
0.0
 16
1.0
 26
0.0
 36
0.0
 17
0.0
 27
1.0
 37
0.0
 76
1
330
17
  0
LAYOUT
  5
1E
330
D
100
AcDbPlotSettings
  1

  4
A3
  6

 40
7.5
 41
20.0
 42
7.5
 43
20.0
 44
420.0
 45
297.0
 46
0.0
 47
0.0
 48
0.0
 49
0.0
140
0.0
141
0.0
142
1.0
143
1.0
 70
0
 72
1
 73
0
 74
5
  7

 75
16
 76
0
 77
2
 78
300
147
1.0
148
0.0
149
0.0
100
AcDbLayout
  1
Layout1
 70
1
 71
1
 10
0.0
 20
0.0
 11
420.0
 21
297.0
 12
0.0
 22
0.0
 32
0.0
 14
1e+20
 24
1e+20
 34
1e+20
 15
-1e+20
 25
-1e+20
 35
-1e+20
146
0.0
 13
0.0
 23
0.0
 33
0.0
 16
1.0
 26
0.0
 36
0.0
 17
0.0
 27
1.0
 37
0.0
 76
1
330
1B
  0
MATERIAL
  5
1F
102
{ACAD_REACTORS
330
E
102
}
330
E
100
AcDbMaterial
  1
ByBlock
  2

 70
0
 40
1.0
 71
1
 41
1.0
 91
-1023410177
 42
1.0
 72
1
  3

 73
1
 74
1
 75
1
 44
0.5
 73
0
 45
1.0
 46
1.0
 77
1
  4

 78
1
 79
1
170
1
 48
1.0
171
1
  6

172
1
173
1
174
1
140
1.0
141
1.0
175
1
  7

176
1
177
1
178
1
143
1.0
179
1
  8

270
1
271
1
272
1
145
1.0
146
1.0
273
1
  9

274
1
275
1
276
1
 42
1.0
 72
1
  3

 73
1
 74
1
 75
1
 94
63
  0
MATERIAL
  5
20
102
{ACAD_REACTORS
330
E
102
}
330
E
100
AcDbMaterial
  1
ByLayer
  2

 70
0
 40
1.0
 71
1
 41
1.0
 91
-1023410177
 42
1.0
 72
1
  3

 73
1
 74
1
 75
1
 44
0.5
 73
0
 45
1.0
 46
1.0
 77
1
  4

 78
1
 79
1
170
1
 48
1.0
171
1
  6

172
1
173
1
174
1
140
1.0
141
1.0
175
1
  7

176
1
177
1
178
1
143
1.0
179
1
  8

270
1
271
1
272
1
145
1.0
146
1.0
273
1
  9

274
1
275
1
276
1
 42
1.0
 72
1
  3

 73
1
 74
1
 75
1
 94
63
  0
MATERIAL
  5
21
102
{ACAD_REACTORS
330
E
102
}
330
E
100
AcDbMaterial
  1
Global
  2

 70
0
 40
1.0
 71
1
 41
1.0
 91
-1023410177
 42
1.0
 72
1
  3

 73
1
 74
1
 75
1
 44
0.5
 73
0
 45
1.0
 46
1.0
 77
1
  4

 78
1
 79
1
170
1
 48
1.0
171
1
  6

172
1
173
1
174
1
140
1.0
141
1.0
175
1
  7

176
1
177
1
178
1
143
1.0
179
1
  8

270
1
271
1
272
1
145
1.0
146
1.0
273
1
  9

274
1
275
1
276
1
 42
1.0
 72
1
  3

 73
1
 74
1
 75
1
 94
63
  0
MLINESTYLE
  5
22
102
{ACAD_REACTORS
330
10
102
}
330
10
100
AcDbMlineStyle
  2
Standard
 70
0
  3

 62
256
 51
90.0
 52
90.0
 71
2
 49
0.5
 62
256
  6
BYLAYER
 49
-0.5
 62
256
  6
BYLAYER
  0
MLEADERSTYLE
  5
2C
102
{ACAD_REACTORS
330
F
102
}
330
F
100
AcDbMLeaderStyle
179
2
170
2
171
1
172
0
 90
2
 40
0.0
 41
0.0
173
1
 91
-1056964608
 92
-2
290
1
 42
2.0
291
1
 43
8.0
  3
Standard
 44
4.0
300

342
29
174
1
175
1
176
0
178
1
 93
-1056964608
 45
4.0
292
0
297
0
 46
4.0
 94
-1056964608
 47
1.0
 49
1.0
140
1.0
294
1
141
0.0
177
0
142
1.0
295
0
296
0
143
3.75
271
0
272
9
273
9
  0
DICTIONARY
  5
2D
330
A
100
AcDbDictionary
280
1
281
1
  3
CREATED_BY_EZDXF
350
2E
  3
WRITTEN_BY_EZDXF
350
595
  0
DICTIONARYVAR
  5
2E
330
2D
100
DictionaryVariables
280
0
  1
1.4.3 @ 2026-01-09T15:55:25.094486+00:00
  0
DICTIONARYVAR
  5
595
330
2D
100
DictionaryVariables
280
0
  1
1.4.3 @ 2026-01-09T15:55:25.130360+00:00
  0
ENDSEC
  0
EOF
