{
  "type": "FeatureCollection",
  "features": [
    {
      "type": "Feature",
      "geometry": {
        "type": "Polygon",
        "coordinates": [
          [
            [
              101.5963037164516,
              3.0317851841642494
            ],
            [
              101.59629841480452,
              3.0315896852471353
            ],
            [
              101.59649151423208,
              3.031584283537116
            ],
            [
              101.5964914132065,
              3.03178268398178
            ],
            [
              101.59629841480452,
              3.0315896852471353
            ],
            [
              101.59649151423208,
              3.031584283537116
            ],
            [
              101.5963949645183,
              3.0315869854886968
            ],
            [
              101.5964914132065,
              3.03178268398178
            ],
            [
              101.5963037164516,
              3.0317851841642494
            ],
            [
              101.59639486788514,
              3.031783969163295
            ],
            [
              101.5963037164516,
              3.0317851841642494
            ]
          ]
        ]
      },
      "properties": {
        "name": "element",
        "type": "MESH",
        "building": "yes",
        "id": "219753789"
      }
    },
    {
      "type": "Feature",
      "geometry": {
        "type": "Polygon",
        "coordinates": [
          [
            [
              101.59599471871424,
              3.032186983225374
            ],
            [
              101.59639501722731,
              3.03217558327057
            ],
            [
              101.59639501722731,
              3.0321086836512294
            ],
            [
              101.59669271327623,
              3.032108681458087
            ],
            [
              101.59669811155648,
              3.0321809827874473
            ],
            [
              101.59707090914793,
              3.0321755810774276
            ],
            [
              101.59706821220401,
              3.0326657791339877
            ],
            [
              101.59711920816311,
              3.032663079375549
            ],
            [
              101.59712450981019,
              3.0338067746873474
            ],
            [
              101.59595242413283,
              3.0337987762965875
            ],
            [
              101.59594442114941,
              3.0326630815686917
            ],
            [
              101.59600872173901,
              3.0326630815686917
            ],
            [
              101.59669271327623,
              3.032108681458087
            ],
            [
              101.59669811155648,
              3.0321809827874473
            ],
            [
              101.59707090914793,
              3.0321755810774276
            ],
            [
              101.59706821220401,
              3.0326657791339877
            ],
            [
              101.59711920816311,
              3.032663079375549
            ],
            [
              101.59712450981019,
              3.0338067746873474
            ],
            [
              101.59712058298956,
              3.032959173353636
            ],
            [
              101.59595242413283,
              3.0337987762965875
            ],
            [
              101.59594442114941,
              3.0326630815686917
            ],
            [
              101.59594645044598,
              3.032951161804021
            ],
            [
              101.59600872173901,
              3.0326630815686917
            ],
            [
              101.59599471871424,
              3.032186983225374
            ],
            [
              101.59639501722731,
              3.03217558327057
            ],
            [
              101.59639501722731,
              3.0321086836512294
            ],
            [
              101.59599471871424,
              3.032186983225374
            ]
          ]
        ]
      },
      "properties": {
        "name": "My Mydin Warehouse",
        "type": "MESH",
        "building": "industrial",
        "id": "219753817"
      }
    },
    {
      "type": "Feature",
      "geometry": {
        "type": "Polygon",
        "coordinates": [
          [
            [
              101.5979050027446,
              3.0316699827741127
            ],
            [
              101.59825369914503,
              3.031659282431772
            ],
            [
              101.59825640048138,
              3.031795882313448
            ],
            [
              101.59787550327334,
              3.031798582071886
            ],
            [
              101.59787550327334,
              3.031715582593328
            ],
            [
              101.59790770408092,
              3.0317128828348894
            ],
            [
              101.59825369914503,
              3.031659282431772
            ],
            [
              101.59825640048138,
              3.031795882313448
            ],
            [
              101.5982550520094,
              3.031727583469181
            ],
            [
              101.59787550327334,
              3.031798582071886
            ],
            [
              101.59787550327334,
              3.031715582593328
            ],
            [
              101.59787550327334,
              3.0317302722619073
            ],
            [
              101.59790770408092,
              3.0317128828348894
            ],
            [
              101.5979050027446,
              3.0316699827741127
            ]
          ]
        ]
      },
      "properties": {
        "name": "element.001",
        "type": "MESH",
        "building": "industrial",
        "id": "219753852"
      }
    },
    {
      "type": "Feature",
      "geometry": {
        "type": "Polygon",
        "coordinates": [
          [
            [
              101.60009268546582,
              3.0316717833441196
            ],
            [
              101.60001228666863,
              3.031299484242992
            ],
            [
              101.60027968382644,
              3.031243885887042
            ],
            [
              101.60036098306907,
              3.031623584651022
            ],
            [
              101.60001228666863,
              3.031299484242992
            ],
            [
              101.60027968382644,
              3.031243885887042
            ],
            [
              101.60014598744374,
              3.0312716861615883
            ],
            [
              101.60036098306907,
              3.031623584651022
            ],
            [
              101.60009268546582,
              3.0316717833441196
            ],
            [
              101.60022650483619,
              3.0316477421158474
            ],
            [
              101.60009268546582,
              3.0316717833441196
            ]
          ]
        ]
      },
      "properties": {
        "name": "element.002",
        "type": "MESH",
        "building": "industrial",
        "id": "232810484"
      }
    },
    {
      "type": "Feature",
      "geometry": {
        "type": "Polygon",
        "coordinates": [
          [
            [
              101.59985459012051,
              3.0316580827828155
            ],
            [
              101.59981569087729,
              3.031447484079471
            ],
            [
              101.59986128855614,
              3.031434083978692
            ],
            [
              101.59985129141549,
              3.03139588382233
            ],
            [
              101.59992558914574,
              3.031375084058698
            ],
            [
              101.59993448818219,
              3.031409283923109
            ],
            [
              101.59997738891713,
              3.0314012833392066
            ],
            [
              101.60002028965205,
              3.0316235824578794
            ],
            [
              101.59985459012051,
              3.0316580827828155
            ],
            [
              101.59981569087729,
              3.031447484079471
            ],
            [
              101.59986128855614,
              3.031434083978692
            ],
            [
              101.59985129141549,
              3.03139588382233
            ],
            [
              101.59992558914574,
              3.031375084058698
            ],
            [
              101.5998881745394,
              3.0313855585073592
            ],
            [
              101.59993448818219,
              3.031409283923109
            ],
            [
              101.59997738891713,
              3.0314012833392066
            ],
            [
              101.60002028965205,
              3.0316235824578794
            ],
            [
              101.59993743988628,
              3.0316408337169185
            ],
            [
              101.59985459012051,
              3.0316580827828155
            ]
          ]
        ]
      },
      "properties": {
        "name": "Pixelhaus",
        "type": "MESH",
        "building": "industrial",
        "id": "232810487"
      }
    },
    {
      "type": "Feature",
      "geometry": {
        "type": "Polygon",
        "coordinates": [
          [
            [
              101.59976039034973,
              3.029984291765787
            ],
            [
              101.59973668886865,
              3.0298193915730707
            ],
            [
              101.59966019053758,
              3.029831993369974
            ],
            [
              101.59964808942928,
              3.029741293768038
            ],
            [
              101.5994230922709,
              3.029787792775685
            ],
            [
              101.5994081931931,
              3.029708192668028
            ],
            [
              101.59929399474859,
              3.029716892864393
            ],
            [
              101.59929799184789,
              3.0298060923568473
            ],
            [
              101.59922939547465,
              3.029817492311651
            ],
            [
              101.5992060937035,
              3.0295307937561073
            ],
            [
              101.59917749467769,
              3.0295313924840146
            ],
            [
              101.59913599512372,
              3.029092395532658
            ],
            [
              101.5999775909683,
              3.0289959959533204
            ],
            [
              101.60008468687482,
              3.0299521929319067
            ],
            [
              101.59996129070953,
              3.0299628932742477
            ],
            [
              101.59995328772611,
              3.029992391041102
            ],
            [
              101.59993448818219,
              3.030016491484222
            ],
            [
              101.59990949093816,
              3.030027891439026
            ],
            [
              101.59988079088676,
              3.03003259134344
            ],
            [
              101.59985398835941,
              3.0300244920681245
            ],
            [
              101.59983258850474,
              3.0300057911418814
            ],
            [
              101.59982098813197,
              3.029982291619811
            ],
            [
              101.59917749467769,
              3.0295313924840146
            ],
            [
              101.59913599512372,
              3.029092395532658
            ],
            [
              101.5999775909683,
              3.0289959959533204
            ],
            [
              101.59955300678271,
              3.029044628888636
            ],
            [
              101.60008468687482,
              3.0299521929319067
            ],
            [
              101.59996129070953,
              3.0299628932742477
            ],
            [
              101.59995328772611,
              3.029992391041102
            ],
            [
              101.59993448818219,
              3.030016491484222
            ],
            [
              101.59990949093816,
              3.030027891439026
            ],
            [
              101.59988079088676,
              3.03003259134344
            ],
            [
              101.59985398835941,
              3.0300244920681245
            ],
            [
              101.59983258850474,
              3.0300057911418814
            ],
            [
              101.59982098813197,
              3.029982291619811
            ],
            [
              101.59976039034973,
              3.029984291765787
            ],
            [
              101.59973668886865,
              3.0298193915730707
            ],
            [
              101.59966019053758,
              3.029831993369974
            ],
            [
              101.59964808942928,
              3.029741293768038
            ],
            [
              101.5994230922709,
              3.029787792775685
            ],
            [
              101.59963142020752,
              3.02974473700179
            ],
            [
              101.5994081931931,
              3.029708192668028
            ],
            [
              101.59929399474859,
              3.029716892864393
            ],
            [
              101.59929799184789,
              3.0298060923568473
            ],
            [
              101.59922939547465,
              3.029817492311651
            ],
            [
              101.5992060937035,
              3.0295307937561073
            ],
            [
              101.59976039034973,
              3.029984291765787
            ]
          ]
        ]
      },
      "properties": {
        "name": "element.003",
        "type": "MESH",
        "building": "industrial",
        "id": "232810488"
      }
    },
    {
      "type": "Feature",
      "geometry": {
        "type": "Polygon",
        "coordinates": [
          [
            [
              101.59991298730193,
              3.0307262867078735
            ],
            [
              101.59986128855614,
              3.0304590873824493
            ],
            [
              101.59996668898978,
              3.0304342873268664
            ],
            [
              101.59995508861701,
              3.0303706883870136
            ],
            [
              101.60000878591244,
              3.0303626878031116
            ],
            [
              101.60002298659596,
              3.030428988694545
            ],
            [
              101.600140984481,
              3.0304021884929866
            ],
            [
              101.60019468616885,
              3.030669986546318
            ],
            [
              101.59995508861701,
              3.0303706883870136
            ],
            [
              101.60000878591244,
              3.0303626878031116
            ],
            [
              101.60002298659596,
              3.030428988694545
            ],
            [
              101.600140984481,
              3.0304021884929866
            ],
            [
              101.60019468616885,
              3.030669986546318
            ],
            [
              101.60016121595281,
              3.030503084014484
            ],
            [
              101.59991298730193,
              3.0307262867078735
            ],
            [
              101.59986128855614,
              3.0304590873824493
            ],
            [
              101.59988065032941,
              3.0305591582823603
            ],
            [
              101.59996668898978,
              3.0304342873268664
            ],
            [
              101.59991298730193,
              3.0307262867078735
            ]
          ]
        ]
      },
      "properties": {
        "name": "element.004",
        "type": "MESH",
        "building": "industrial",
        "id": "232810490"
      }
    },
    {
      "type": "Feature",
      "geometry": {
        "type": "Polygon",
        "coordinates": [
          [
            [
              101.5995160929119,
              3.0317252828626806
            ],
            [
              101.59948119516038,
              3.0315056835024468
            ],
            [
              101.59958579178175,
              3.0314815830593265
            ],
            [
              101.59957959408163,
              3.031447484079471
            ],
            [
              101.59963329137707,
              3.0314366850457173
            ],
            [
              101.5996439913044,
              3.0314715845225915
            ],
            [
              101.599700293303,
              3.031460783295695
            ],
            [
              101.59973869181071,
              3.0316717833441196
            ],
            [
              101.59957959408163,
              3.031447484079471
            ],
            [
              101.59963329137707,
              3.0314366850457173
            ],
            [
              101.5996439913044,
              3.0314715845225915
            ],
            [
              101.599700293303,
              3.031460783295695
            ],
            [
              101.59973869181071,
              3.0316717833441196
            ],
            [
              101.59971580292674,
              3.0315460153933356
            ],
            [
              101.5995160929119,
              3.0317252828626806
            ],
            [
              101.59948119516038,
              3.0315056835024468
            ],
            [
              101.59949599760502,
              3.0315988438102868
            ],
            [
              101.59958579178175,
              3.0314815830593265
            ],
            [
              101.5995160929119,
              3.0317252828626806
            ]
          ]
        ]
      },
      "properties": {
        "name": "element.005",
        "type": "MESH",
        "building": "industrial",
        "id": "232810492"
      }
    },
    {
      "type": "Feature",
      "geometry": {
        "type": "Polygon",
        "coordinates": [
          [
            [
              101.60039948699477,
              3.0302926914665367
            ],
            [
              101.60044948587526,
              3.030281690663671
            ],
            [
              101.60046288274651,
              3.030340591892252
            ],
            [
              101.60050578348145,
              3.0303298915499113
            ],
            [
              101.60050228272526,
              3.0302903908600363
            ],
            [
              101.60054868421638,
              3.0302789909052326
            ],
            [
              101.60055938414371,
              3.0303217922745955
            ],
            [
              101.60062108442257,
              3.0303083921738163
            ],
            [
              101.60063188537549,
              3.0303485924761544
            ],
            [
              101.60075438109533,
              3.030325191645497
            ],
            [
              101.60078658190292,
              3.030485891970293
            ],
            [
              101.60087587973656,
              3.0304690903054694
            ],
            [
              101.60088858260596,
              3.03052339032105
            ],
            [
              101.60046558408285,
              3.030611089704022
            ],
            [
              101.60044948587526,
              3.030281690663671
            ],
            [
              101.60046288274651,
              3.030340591892252
            ],
            [
              101.60050578348145,
              3.0303298915499113
            ],
            [
              101.60050228272526,
              3.0302903908600363
            ],
            [
              101.60054868421638,
              3.0302789909052326
            ],
            [
              101.60055938414371,
              3.0303217922745955
            ],
            [
              101.60062108442257,
              3.0303083921738163
            ],
            [
              101.60063188537549,
              3.0303485924761544
            ],
            [
              101.60075438109533,
              3.030325191645497
            ],
            [
              101.60078658190292,
              3.030485891970293
            ],
            [
              101.60076585848044,
              3.030382467755473
            ],
            [
              101.60087587973656,
              3.0304690903054694
            ],
            [
              101.60088858260596,
              3.03052339032105
            ],
            [
              101.60046558408285,
              3.030611089704022
            ],
            [
              101.60039948699477,
              3.0302926914665367
            ],
            [
              101.60043246965256,
              3.030451586835041
            ],
            [
              101.60039948699477,
              3.0302926914665367
            ]
          ]
        ]
      },
      "properties": {
        "name": "element.006",
        "type": "MESH",
        "building": "industrial",
        "id": "232810493"
      }
    },
    {
      "type": "Feature",
      "geometry": {
        "type": "Polygon",
        "coordinates": [
          [
            [
              101.60019468616885,
              3.0306699887394606
            ],
            [
              101.60011958901875,
              3.0302949898798945
            ],
            [
              101.60016438727773,
              3.0302849913431595
            ],
            [
              101.60015438574467,
              3.0302333910860177
            ],
            [
              101.60021608602352,
              3.030217389918213
            ],
            [
              101.6002294872872,
              3.030268290562892
            ],
            [
              101.60038778559641,
              3.0302360908444563
            ],
            [
              101.60046558408285,
              3.030611089704022
            ],
            [
              101.60019468616885,
              3.0306699887394606
            ],
            [
              101.60011958901875,
              3.0302949898798945
            ],
            [
              101.60016438727773,
              3.0302849913431595
            ],
            [
              101.60015438574467,
              3.0302333910860177
            ],
            [
              101.60021608602352,
              3.030217389918213
            ],
            [
              101.6002294872872,
              3.030268290562892
            ],
            [
              101.60038778559641,
              3.0302360908444563
            ],
            [
              101.60025195889156,
              3.0302637200538864
            ],
            [
              101.60046558408285,
              3.030611089704022
            ],
            [
              101.60033013512586,
              3.0306405392217415
            ],
            [
              101.60019468616885,
              3.0306699887394606
            ]
          ]
        ]
      },
      "properties": {
        "name": "element.007",
        "type": "MESH",
        "building": "industrial",
        "id": "232810494"
      }
    },
    {
      "type": "Feature",
      "geometry": {
        "type": "Polygon",
        "coordinates": [
          [
            [
              101.6001892878886,
              3.029906691804105
            ],
            [
              101.60019198922494,
              3.029467394392224
            ],
            [
              101.60011148940215,
              3.0294646946337855
            ],
            [
              101.60011148940215,
              3.029403093646766
            ],
            [
              101.6000739913399,
              3.029403093646766
            ],
            [
              101.60008698850122,
              3.0289396957917645
            ],
            [
              101.60075438548775,
              3.028961798282052
            ],
            [
              101.60075788624394,
              3.029012095812538
            ],
            [
              101.60081958652279,
              3.0290120980056807
            ],
            [
              101.60081958652279,
              3.029065597524242
            ],
            [
              101.60086708611811,
              3.0290635973782662
            ],
            [
              101.60087328381823,
              3.0293468965629087
            ],
            [
              101.60081158353937,
              3.0293468965629087
            ],
            [
              101.60080538583927,
              3.0294144957947124
            ],
            [
              101.60072838677269,
              3.029416495940688
            ],
            [
              101.60072568543634,
              3.029475394976126
            ],
            [
              101.6008160857666,
              3.029478794347028
            ],
            [
              101.60080618525912,
              3.0298423932517897
            ],
            [
              101.60041458812375,
              3.029839693493351
            ],
            [
              101.60040658514033,
              3.029911992629569
            ],
            [
              101.6001892878886,
              3.029906691804105
            ],
            [
              101.60019198922494,
              3.029467394392224
            ],
            [
              101.60011148940215,
              3.0294646946337855
            ],
            [
              101.60011148940215,
              3.029403093646766
            ],
            [
              101.60011148940215,
              3.0294223121546433
            ],
            [
              101.6000739913399,
              3.029403093646766
            ],
            [
              101.60008698850122,
              3.0289396957917645
            ],
            [
              101.60075438548775,
              3.028961798282052
            ],
            [
              101.60075788624394,
              3.029012095812538
            ],
            [
              101.60081958652279,
              3.0290120980056807
            ],
            [
              101.60081958652279,
              3.029065597524242
            ],
            [
              101.60086708611811,
              3.0290635973782662
            ],
            [
              101.60087328381823,
              3.0293468965629087
            ],
            [
              101.60081158353937,
              3.0293468965629087
            ],
            [
              101.60080538583927,
              3.0294144957947124
            ],
            [
              101.60072838677269,
              3.029416495940688
            ],
            [
              101.60072568543634,
              3.029475394976126
            ],
            [
              101.60072718325047,
              3.0294426996074817
            ],
            [
              101.6008160857666,
              3.029478794347028
            ],
            [
              101.60080618525912,
              3.0298423932517897
            ],
            [
              101.60041458812375,
              3.029839693493351
            ],
            [
              101.60040658514033,
              3.029911992629569
            ],
            [
              101.6001892878886,
              3.029906691804105
            ]
          ]
        ]
      },
      "properties": {
        "name": "element.008",
        "type": "MESH",
        "building": "industrial",
        "id": "232810495"
      }
    },
    {
      "type": "Feature",
      "geometry": {
        "type": "Polygon",
        "coordinates": [
          [
            [
              101.60041338460155,
              3.0315612840515396
            ],
            [
              101.60036898605249,
              3.031350384887671
            ],
            [
              101.60052458302538,
              3.031312886536914
            ],
            [
              101.60057288204055,
              3.0315270841871285
            ],
            [
              101.60041338460155,
              3.0315612840515396
            ],
            [
              101.60036898605249,
              3.031350384887671
            ],
            [
              101.60052458302538,
              3.031312886536914
            ],
            [
              101.60044528672479,
              3.031331995387665
            ],
            [
              101.60057288204055,
              3.0315270841871285
            ],
            [
              101.60049313332105,
              3.031544184119334
            ],
            [
              101.60041338460155,
              3.0315612840515396
            ]
          ]
        ]
      },
      "properties": {
        "name": "element.009",
        "type": "MESH",
        "building": "industrial",
        "id": "232810497"
      }
    },
    {
      "type": "Feature",
      "geometry": {
        "type": "Polygon",
        "coordinates": [
          [
            [
              101.60035918217818,
              3.0306341900741542
            ],
            [
              101.60037168299641,
              3.030696788941019
            ],
            [
              101.60041918259174,
              3.0306867904042836
            ],
            [
              101.6004325838554,
              3.0307536900236243
            ],
            [
              101.60046738497374,
              3.0307429896812836
            ],
            [
              101.60048088287058,
              3.03080999018518
            ],
            [
              101.60044948148284,
              3.0308199887219156
            ],
            [
              101.60047008191766,
              3.0309090895229565
            ],
            [
              101.60029928279022,
              3.0309458882612503
            ],
            [
              101.6002850821067,
              3.0308527893614006
            ],
            [
              101.6002402838477,
              3.0308601890242532
            ],
            [
              101.60022418564012,
              3.030790589646474
            ],
            [
              101.60026168370237,
              3.0307851901295972
            ],
            [
              101.6002420847386,
              3.0306596897422002
            ],
            [
              101.60035918217818,
              3.0306341900741542
            ],
            [
              101.60037168299641,
              3.030696788941019
            ],
            [
              101.60041918259174,
              3.0306867904042836
            ],
            [
              101.6004325838554,
              3.0307536900236243
            ],
            [
              101.60046738497374,
              3.0307429896812836
            ],
            [
              101.60048088287058,
              3.03080999018518
            ],
            [
              101.6004707188181,
              3.030759554486715
            ],
            [
              101.60044948148284,
              3.0308199887219156
            ],
            [
              101.60047008191766,
              3.0309090895229565
            ],
            [
              101.60029928279022,
              3.0309458882612503
            ],
            [
              101.6002850821067,
              3.0308527893614006
            ],
            [
              101.6002402838477,
              3.0308601890242532
            ],
            [
              101.60022418564012,
              3.030790589646474
            ],
            [
              101.60022905243792,
              3.0308116240763554
            ],
            [
              101.60026168370237,
              3.0307851901295972
            ],
            [
              101.6002420847386,
              3.0306596897422002
            ],
            [
              101.60035918217818,
              3.0306341900741542
            ]
          ]
        ]
      },
      "properties": {
        "name": "element.010",
        "type": "MESH",
        "building": "industrial",
        "id": "232810499"
      }
    },
    {
      "type": "Feature",
      "geometry": {
        "type": "Polygon",
        "coordinates": [
          [
            [
              101.5999854885337,
              3.0307664870102116
            ],
            [
              101.60014828907015,
              3.030737686662677
            ],
            [
              101.6001892878886,
              3.030964685685764
            ],
            [
              101.60003638785963,
              3.030988786128884
            ],
            [
              101.60001758831571,
              3.030903086891887
            ],
            [
              101.59995058638978,
              3.0309217856249875
            ],
            [
              101.59993448818219,
              3.0308521862472086
            ],
            [
              101.60000068629584,
              3.0308367860004535
            ],
            [
              101.59993448818219,
              3.0308521862472086
            ],
            [
              101.60000068629584,
              3.0308367860004535
            ],
            [
              101.5999854885337,
              3.0307664870102116
            ],
            [
              101.60014828907015,
              3.030737686662677
            ],
            [
              101.6000346792095,
              3.030757784620704
            ],
            [
              101.6001892878886,
              3.030964685685764
            ],
            [
              101.60003638785963,
              3.030988786128884
            ],
            [
              101.60007529149527,
              3.0309826541024063
            ],
            [
              101.60001758831571,
              3.030903086891887
            ],
            [
              101.59995058638978,
              3.0309217856249875
            ],
            [
              101.5999854885337,
              3.0307664870102116
            ]
          ]
        ]
      },
      "properties": {
        "name": "element.011",
        "type": "MESH",
        "building": "industrial",
        "id": "232810500"
      }
    },
    {
      "type": "Feature",
      "geometry": {
        "type": "Polygon",
        "coordinates": [
          [
            [
              101.59998909031549,
              3.028145600556042
            ],
            [
              101.59994389234657,
              3.0281444995984987
            ],
            [
              101.59990099161163,
              3.0277642021066113
            ],
            [
              101.59999439196257,
              3.0277652021795993
            ],
            [
              101.60083168763109,
              3.0275660056242018
            ],
            [
              101.6008339892575,
              3.0282340017446203
            ],
            [
              101.59998409174516,
              3.0282115001023953
            ],
            [
              101.6008339892575,
              3.0282340017446203
            ],
            [
              101.59998409174516,
              3.0282115001023953
            ],
            [
              101.59998909031549,
              3.028145600556042
            ],
            [
              101.59994389234657,
              3.0281444995984987
            ],
            [
              101.59990099161163,
              3.0277642021066113
            ],
            [
              101.59993899040941,
              3.0281010446726655
            ],
            [
              101.59999439196257,
              3.0277652021795993
            ],
            [
              101.60083168763109,
              3.0275660056242018
            ],
            [
              101.60083279891253,
              3.0278884019604955
            ],
            [
              101.59998909031549,
              3.028145600556042
            ]
          ]
        ]
      },
      "properties": {
        "name": "element.012",
        "type": "MESH",
        "building": "industrial",
        "id": "232851943"
      }
    },
    {
      "type": "Feature",
      "geometry": {
        "type": "Polygon",
        "coordinates": [
          [
            [
              101.59961519901225,
              3.0251461119091516
            ],
            [
              101.59960399834941,
              3.025053212585271
            ],
            [
              101.59977349732146,
              3.0250264123837125
            ],
            [
              101.59981949910267,
              3.0250555131917714
            ],
            [
              101.59982589885395,
              3.0251243120725317
            ],
            [
              101.59977349732146,
              3.0250264123837125
            ],
            [
              101.59981949910267,
              3.0250555131917714
            ],
            [
              101.59982589885395,
              3.0251243120725317
            ],
            [
              101.59982113747414,
              3.025073143864466
            ],
            [
              101.59961519901225,
              3.0251461119091516
            ],
            [
              101.59960399834941,
              3.025053212585271
            ],
            [
              101.59960904962873,
              3.025095088448492
            ],
            [
              101.59961519901225,
              3.0251461119091516
            ]
          ]
        ]
      },
      "properties": {
        "name": "element.013",
        "type": "MESH",
        "building": "industrial",
        "id": "232852026"
      }
    },
    {
      "type": "Feature",
      "geometry": {
        "type": "Polygon",
        "coordinates": [
          [
            [
              101.59954979592604,
              3.026371207898613
            ],
            [
              101.59960049759322,
              3.0265850063968895
            ],
            [
              101.59944909537838,
              3.0266194058372697
            ],
            [
              101.59941129423936,
              3.026456308407703
            ],
            [
              101.59944969713948,
              3.0263961066456093
            ],
            [
              101.59944909537838,
              3.0266194058372697
            ],
            [
              101.59941129423936,
              3.026456308407703
            ],
            [
              101.59944969713948,
              3.0263961066456093
            ],
            [
              101.59954979592604,
              3.026371207898613
            ],
            [
              101.59947446158542,
              3.0263899483014214
            ],
            [
              101.59960049759322,
              3.0265850063968895
            ],
            [
              101.59952479428958,
              3.026602207213651
            ],
            [
              101.59954979592604,
              3.026371207898613
            ]
          ]
        ]
      },
      "properties": {
        "name": "element.014",
        "type": "MESH",
        "building": "industrial",
        "id": "232852027"
      }
    },
    {
      "type": "Feature",
      "geometry": {
        "type": "Polygon",
        "coordinates": [
          [
            [
              101.59960179774859,
              3.0260882091744956
            ],
            [
              101.59960929560407,
              3.0261739084114927
            ],
            [
              101.59942929875584,
              3.0262115076468055
            ],
            [
              101.59937760001004,
              3.0261739084114927
            ],
            [
              101.59937279909848,
              3.0261138097270974
            ],
            [
              101.59942929875584,
              3.0262115076468055
            ],
            [
              101.59937760001004,
              3.0261739084114927
            ],
            [
              101.59937279909848,
              3.0261138097270974
            ],
            [
              101.59937691479303,
              3.0261653573488188
            ],
            [
              101.59960179774859,
              3.0260882091744956
            ],
            [
              101.59960929560407,
              3.0261739084114927
            ],
            [
              101.59960630436822,
              3.0261397129333667
            ],
            [
              101.59960179774859,
              3.0260882091744956
            ]
          ]
        ]
      },
      "properties": {
        "name": "element.015",
        "type": "MESH",
        "building": "industrial",
        "id": "232852028"
      }
    },
    {
      "type": "Feature",
      "geometry": {
        "type": "Polygon",
        "coordinates": [
          [
            [
              101.59992119672894,
              3.025988008879176
            ],
            [
              101.59992579558933,
              3.026061909009431
            ],
            [
              101.59989319507181,
              3.026102808924232
            ],
            [
              101.59971089659717,
              3.026140307274989
            ],
            [
              101.5997009960897,
              3.0260068084968323
            ],
            [
              101.59971089659717,
              3.026140307274989
            ],
            [
              101.5997009960897,
              3.0260068084968323
            ],
            [
              101.59970594634343,
              3.026073558982482
            ],
            [
              101.59992119672894,
              3.025988008879176
            ],
            [
              101.59992579558933,
              3.026061909009431
            ],
            [
              101.59992535634765,
              3.026054825159101
            ],
            [
              101.59989319507181,
              3.026102808924232
            ],
            [
              101.59992119672894,
              3.025988008879176
            ]
          ]
        ]
      },
      "properties": {
        "name": "element.016",
        "type": "MESH",
        "building": "industrial",
        "id": "232852030"
      }
    },
    {
      "type": "Feature",
      "geometry": {
        "type": "Polygon",
        "coordinates": [
          [
            [
              101.59966019493,
              3.0273207026336677
            ],
            [
              101.59950639445559,
              3.02734990213314
            ],
            [
              101.59948349678679,
              3.027179602423547
            ],
            [
              101.59953489684824,
              3.027114902526151
            ],
            [
              101.59960999399834,
              3.027098802666933
            ],
            [
              101.59950639445559,
              3.02734990213314
            ],
            [
              101.59948349678679,
              3.027179602423547
            ],
            [
              101.59953489684824,
              3.027114902526151
            ],
            [
              101.59953375921228,
              3.0271163346482144
            ],
            [
              101.59960999399834,
              3.027098802666933
            ],
            [
              101.59966019493,
              3.0273207026336677
            ],
            [
              101.59958329688901,
              3.0273353023834035
            ],
            [
              101.59966019493,
              3.0273207026336677
            ]
          ]
        ]
      },
      "properties": {
        "name": "element.017",
        "type": "MESH",
        "building": "industrial",
        "id": "232852031"
      }
    },
    {
      "type": "Feature",
      "geometry": {
        "type": "Polygon",
        "coordinates": [
          [
            [
              101.59960259716844,
              3.026921605524124
            ],
            [
              101.59949769747031,
              3.026947605228664
            ],
            [
              101.59945339555443,
              3.0269120039461845
            ],
            [
              101.59944729887991,
              3.026721805854534
            ],
            [
              101.59955249726237,
              3.0266990059449266
            ],
            [
              101.59945339555443,
              3.0269120039461845
            ],
            [
              101.59944729887991,
              3.026721805854534
            ],
            [
              101.59955249726237,
              3.0266990059449266
            ],
            [
              101.59948239868258,
              3.0267141978431424
            ],
            [
              101.59960259716844,
              3.026921605524124
            ],
            [
              101.59949769747031,
              3.026947605228664
            ],
            [
              101.59953296418485,
              3.026938863362591
            ],
            [
              101.59960259716844,
              3.026921605524124
            ]
          ]
        ]
      },
      "properties": {
        "name": "element.018",
        "type": "MESH",
        "building": "industrial",
        "id": "232852032"
      }
    },
    {
      "type": "Feature",
      "geometry": {
        "type": "Polygon",
        "coordinates": [
          [
            [
              101.59927949977313,
              3.0251802130821495
            ],
            [
              101.59928109861285,
              3.025159512009931
            ],
            [
              101.59931969917173,
              3.0251079139459316
            ],
            [
              101.59949970041238,
              3.0250878137947628
            ],
            [
              101.59950799768772,
              3.025157612748511
            ],
            [
              101.59949970041238,
              3.0250878137947628
            ],
            [
              101.59950799768772,
              3.025157612748511
            ],
            [
              101.59950385124625,
              3.025122713271637
            ],
            [
              101.59927949977313,
              3.0251802130821495
            ],
            [
              101.59928109861285,
              3.025159512009931
            ],
            [
              101.59931969917173,
              3.0251079139459316
            ],
            [
              101.5992930284169,
              3.0251435634775468
            ],
            [
              101.59927949977313,
              3.0251802130821495
            ]
          ]
        ]
      },
      "properties": {
        "name": "element.019",
        "type": "MESH",
        "building": "industrial",
        "id": "232852034"
      }
    },
    {
      "type": "Feature",
      "geometry": {
        "type": "Polygon",
        "coordinates": [
          [
            [
              101.599668193521,
              3.027597402652476
            ],
            [
              101.59956699223783,
              3.0276249024664974
            ],
            [
              101.59952209295325,
              3.0275916017905184
            ],
            [
              101.59950709284986,
              3.027402403771856
            ],
            [
              101.5996182956661,
              3.027378002868211
            ],
            [
              101.59952209295325,
              3.0275916017905184
            ],
            [
              101.59950709284986,
              3.027402403771856
            ],
            [
              101.5996182956661,
              3.027378002868211
            ],
            [
              101.5995493435071,
              3.0273931333584363
            ],
            [
              101.599668193521,
              3.027597402652476
            ],
            [
              101.59956699223783,
              3.0276249024664974
            ],
            [
              101.59960001881977,
              3.0276159281273176
            ],
            [
              101.599668193521,
              3.027597402652476
            ]
          ]
        ]
      },
      "properties": {
        "name": "element.020",
        "type": "MESH",
        "building": "industrial",
        "id": "232852035"
      }
    },
    {
      "type": "Feature",
      "geometry": {
        "type": "Polygon",
        "coordinates": [
          [
            [
              101.59897160013998,
              3.0264276067515823
            ],
            [
              101.59896090021265,
              3.026299007453809
            ],
            [
              101.59913750172268,
              3.0262840085521345
            ],
            [
              101.59914860135994,
              3.0264115068923645
            ],
            [
              101.59896090021265,
              3.026299007453809
            ],
            [
              101.59913750172268,
              3.0262840085521345
            ],
            [
              101.59914860135994,
              3.0264115068923645
            ],
            [
              101.59914300542094,
              3.0263472302714742
            ],
            [
              101.59897160013998,
              3.0264276067515823
            ],
            [
              101.5989662501763,
              3.0263633060061244
            ],
            [
              101.59897160013998,
              3.0264276067515823
            ]
          ]
        ]
      },
      "properties": {
        "name": "element.021",
        "type": "MESH",
        "building": "industrial",
        "id": "232852055"
      }
    },
    {
      "type": "Feature",
      "geometry": {
        "type": "Polygon",
        "coordinates": [
          [
            [
              101.59903869869909,
              3.02762750134038
            ],
            [
              101.59901719781882,
              3.0274588026248246
            ],
            [
              101.59925549960772,
              3.0274251027969075
            ],
            [
              101.5992687998458,
              3.0276010015993466
            ],
            [
              101.5992687998458,
              3.0276010015993466
            ],
            [
              101.59903869869909,
              3.02762750134038
            ],
            [
              101.59901719781882,
              3.0274588026248246
            ],
            [
              101.599028328203,
              3.027546118207857
            ],
            [
              101.59925549960772,
              3.0274251027969075
            ],
            [
              101.59926214972675,
              3.027513052198127
            ],
            [
              101.59903869869909,
              3.02762750134038
            ]
          ]
        ]
      },
      "properties": {
        "name": "element.022",
        "type": "MESH",
        "building": "industrial",
        "id": "232852056"
      }
    },
    {
      "type": "Feature",
      "geometry": {
        "type": "Polygon",
        "coordinates": [
          [
            [
              101.59879189758367,
              3.025988309339701
            ],
            [
              101.5987807979464,
              3.0258260102140104
            ],
            [
              101.59918349471904,
              3.025776710563369
            ],
            [
              101.59919919760912,
              3.0259439091694427
            ],
            [
              101.59918349471904,
              3.025776710563369
            ],
            [
              101.59919919760912,
              3.0259439091694427
            ],
            [
              101.59919134836029,
              3.0258603109629774
            ],
            [
              101.59879189758367,
              3.025988309339701
            ],
            [
              101.5987807979464,
              3.0258260102140104
            ],
            [
              101.59878616547974,
              3.0259044786601286
            ],
            [
              101.59879189758367,
              3.025988309339701
            ]
          ]
        ]
      },
      "properties": {
        "name": "element.023",
        "type": "MESH",
        "building": "industrial",
        "id": "232852057"
      }
    },
    {
      "type": "Feature",
      "geometry": {
        "type": "Polygon",
        "coordinates": [
          [
            [
              101.59897929565422,
              3.0270929031135623
            ],
            [
              101.59896589439055,
              3.0269724030911043
            ],
            [
              101.59920459588938,
              3.026948304841127
            ],
            [
              101.59921029285397,
              3.027065102839016
            ],
            [
              101.59897929565422,
              3.0270929031135623
            ],
            [
              101.59896589439055,
              3.0269724030911043
            ],
            [
              101.59897259721859,
              3.0270326531023333
            ],
            [
              101.59920459588938,
              3.026948304841127
            ],
            [
              101.59921029285397,
              3.027065102839016
            ],
            [
              101.59920755198588,
              3.0270089320728686
            ],
            [
              101.59897929565422,
              3.0270929031135623
            ]
          ]
        ]
      },
      "properties": {
        "name": "element.024",
        "type": "MESH",
        "building": "industrial",
        "id": "232852058"
      }
    },
    {
      "type": "Feature",
      "geometry": {
        "type": "Polygon",
        "coordinates": [
          [
            [
              101.59880529884734,
              3.026146408597471
            ],
            [
              101.59879189758367,
              3.025988309339701
            ],
            [
              101.59919919760912,
              3.0259439091694427
            ],
            [
              101.59921799715305,
              3.026101907542657
            ],
            [
              101.59919919760912,
              3.0259439091694427
            ],
            [
              101.59921799715305,
              3.026101907542657
            ],
            [
              101.59920859738108,
              3.02602290835605
            ],
            [
              101.59880529884734,
              3.026146408597471
            ],
            [
              101.59879189758367,
              3.025988309339701
            ],
            [
              101.59879857844963,
              3.0260671199160516
            ],
            [
              101.59880529884734,
              3.026146408597471
            ]
          ]
        ]
      },
      "properties": {
        "name": "Diversified Engineering & Construction",
        "type": "MESH",
        "building": "industrial",
        "id": "232852059"
      }
    },
    {
      "type": "Feature",
      "geometry": {
        "type": "Polygon",
        "coordinates": [
          [
            [
              101.59907089511427,
              3.027943598971365
            ],
            [
              101.59903869430667,
              3.02762750134038
            ],
            [
              101.59938739509953,
              3.027587399729456
            ],
            [
              101.5994087949542,
              3.027876598467469
            ],
            [
              101.59907089511427,
              3.027943598971365
            ],
            [
              101.59903869430667,
              3.02762750134038
            ],
            [
              101.59905479690667,
              3.0277855501558726
            ],
            [
              101.59938739509953,
              3.027587399729456
            ],
            [
              101.5994087949542,
              3.027876598467469
            ],
            [
              101.59939912724481,
              3.027745952967727
            ],
            [
              101.59907089511427,
              3.027943598971365
            ]
          ]
        ]
      },
      "properties": {
        "name": "element.025",
        "type": "MESH",
        "building": "industrial",
        "id": "232852060"
      }
    },
    {
      "type": "Feature",
      "geometry": {
        "type": "Polygon",
        "coordinates": [
          [
            [
              101.59879459892001,
              3.0253052112399095
            ],
            [
              101.59878349928275,
              3.0252046117926517
            ],
            [
              101.59902529743542,
              3.025174111759667
            ],
            [
              101.59903559765281,
              3.025282211754333
            ],
            [
              101.59903559765281,
              3.025282211754333
            ],
            [
              101.59879459892001,
              3.0253052112399095
            ],
            [
              101.59878349928275,
              3.0252046117926517
            ],
            [
              101.59878945100752,
              3.025258560905429
            ],
            [
              101.59902529743542,
              3.025174111759667
            ],
            [
              101.59903044974033,
              3.025228161757
            ],
            [
              101.59879459892001,
              3.0253052112399095
            ]
          ]
        ]
      },
      "properties": {
        "name": "element.026",
        "type": "MESH",
        "building": "industrial",
        "id": "232852061"
      }
    },
    {
      "type": "Feature",
      "geometry": {
        "type": "Polygon",
        "coordinates": [
          [
            [
              101.59885360225495,
              3.0263071067291243
            ],
            [
              101.59884250261767,
              3.0261421078449953
            ],
            [
              101.59921800154545,
              3.026101907542657
            ],
            [
              101.59923449946298,
              3.0262776067691273
            ],
            [
              101.59921800154545,
              3.026101907542657
            ],
            [
              101.59923449946298,
              3.0262776067691273
            ],
            [
              101.59922625050422,
              3.0261897582524635
            ],
            [
              101.59885360225495,
              3.0263071067291243
            ],
            [
              101.59884250261767,
              3.0261421078449953
            ],
            [
              101.59884767688467,
              3.0262190783747744
            ],
            [
              101.59885360225495,
              3.0263071067291243
            ]
          ]
        ]
      },
      "properties": {
        "name": "element.027",
        "type": "MESH",
        "building": "industrial",
        "id": "232852062"
      }
    },
    {
      "type": "Feature",
      "geometry": {
        "type": "Polygon",
        "coordinates": [
          [
            [
              101.59901719781882,
              3.0274588026248246
            ],
            [
              101.59900069990131,
              3.0272992032575727
            ],
            [
              101.59931489826016,
              3.02725260336537
            ],
            [
              101.59932299787675,
              3.0273784042132914
            ],
            [
              101.599073495425,
              3.0274052022217077
            ],
            [
              101.59907039877116,
              3.0274513020774165
            ],
            [
              101.59907039877116,
              3.0274513020774165
            ],
            [
              101.59901719781882,
              3.0274588026248246
            ],
            [
              101.59900069990131,
              3.0272992032575727
            ],
            [
              101.59900896642974,
              3.02737919593774
            ],
            [
              101.59931489826016,
              3.02725260336537
            ],
            [
              101.59932299787675,
              3.0273784042132914
            ],
            [
              101.59932007691958,
              3.0273330544123236
            ],
            [
              101.599073495425,
              3.0274052022217077
            ],
            [
              101.59901719781882,
              3.0274588026248246
            ]
          ]
        ]
      },
      "properties": {
        "name": "Lion & Watson",
        "type": "MESH",
        "building": "industrial",
        "id": "232852063"
      }
    },
    {
      "type": "Feature",
      "geometry": {
        "type": "Polygon",
        "coordinates": [
          [
            [
              101.59882139705493,
              3.0254874109408
            ],
            [
              101.59878919624734,
              3.0254928104576773
            ],
            [
              101.59876509944876,
              3.025308011882904
            ],
            [
              101.59912989844919,
              3.025273211097443
            ],
            [
              101.59914599665679,
              3.0254473093298757
            ],
            [
              101.59878919624734,
              3.0254928104576773
            ],
            [
              101.59876509944876,
              3.025308011882904
            ],
            [
              101.59877714784804,
              3.0254004111702906
            ],
            [
              101.59912989844919,
              3.025273211097443
            ],
            [
              101.59914599665679,
              3.0254473093298757
            ],
            [
              101.5991384724468,
              3.02536594154935
            ],
            [
              101.59882139705493,
              3.0254874109408
            ]
          ]
        ]
      },
      "properties": {
        "name": "element.028",
        "type": "MESH",
        "building": "industrial",
        "id": "232852064"
      }
    },
    {
      "type": "Feature",
      "geometry": {
        "type": "Polygon",
        "coordinates": [
          [
            [
              101.59882950106393,
              3.025648209957009
            ],
            [
              101.59882140144735,
              3.0254874109408
            ],
            [
              101.5988831017262,
              3.025482110115336
            ],
            [
              101.59888040038986,
              3.0255196106592357
            ],
            [
              101.59905440158916,
              3.0255019098059805
            ],
            [
              101.59907089950667,
              3.0256214097554506
            ],
            [
              101.59882140144735,
              3.0254874109408
            ],
            [
              101.5988831017262,
              3.025482110115336
            ],
            [
              101.59888040038986,
              3.0255196106592357
            ],
            [
              101.59905440158916,
              3.0255019098059805
            ],
            [
              101.59907089950667,
              3.0256214097554506
            ],
            [
              101.59905990528742,
              3.025541781136941
            ],
            [
              101.59882950106393,
              3.025648209957009
            ],
            [
              101.59882545125564,
              3.0255678093523333
            ],
            [
              101.59882950106393,
              3.025648209957009
            ]
          ]
        ]
      },
      "properties": {
        "name": "element.029",
        "type": "MESH",
        "building": "industrial",
        "id": "232852065"
      }
    },
    {
      "type": "Feature",
      "geometry": {
        "type": "Polygon",
        "coordinates": [
          [
            [
              101.59884289793519,
              3.025818408782046
            ],
            [
              101.59882949667151,
              3.025648209957009
            ],
            [
              101.59907089950667,
              3.0256214097554506
            ],
            [
              101.59908159943402,
              3.0257392100194695
            ],
            [
              101.59890719852478,
              3.0257607093955645
            ],
            [
              101.59891189841078,
              3.025810009046206
            ],
            [
              101.59884289793519,
              3.025818408782046
            ],
            [
              101.59882949667151,
              3.025648209957009
            ],
            [
              101.59883619949956,
              3.0257333082729563
            ],
            [
              101.59907089950667,
              3.0256214097554506
            ],
            [
              101.59908159943402,
              3.0257392100194695
            ],
            [
              101.59907861698301,
              3.0257063962211292
            ],
            [
              101.59890719852478,
              3.0257607093955645
            ],
            [
              101.59891189841078,
              3.025810009046206
            ],
            [
              101.59884289793519,
              3.025818408782046
            ]
          ]
        ]
      },
      "properties": {
        "name": "element.030",
        "type": "MESH",
        "building": "industrial",
        "id": "232852066"
      }
    },
    {
      "type": "Feature",
      "geometry": {
        "type": "Polygon",
        "coordinates": [
          [
            [
              101.59898230006732,
              3.026628505185573
            ],
            [
              101.59897160013998,
              3.0264276067515823
            ],
            [
              101.59907049979675,
              3.026417906482229
            ],
            [
              101.59907620115376,
              3.026513305988579
            ],
            [
              101.59915359993028,
              3.026509005236103
            ],
            [
              101.59916700119395,
              3.026613506283899
            ],
            [
              101.59916700119395,
              3.026613506283899
            ],
            [
              101.59898230006732,
              3.026628505185573
            ],
            [
              101.59907465063063,
              3.0266210046381645
            ],
            [
              101.59897160013998,
              3.0264276067515823
            ],
            [
              101.59907049979675,
              3.026417906482229
            ],
            [
              101.59906386724737,
              3.0264185556524144
            ],
            [
              101.59907620115376,
              3.026513305988579
            ],
            [
              101.59915359993028,
              3.026509005236103
            ],
            [
              101.59898230006732,
              3.026628505185573
            ]
          ]
        ]
      },
      "properties": {
        "name": "element.031",
        "type": "MESH",
        "building": "industrial",
        "id": "232852067"
      }
    },
    {
      "type": "Feature",
      "geometry": {
        "type": "Polygon",
        "coordinates": [
          [
            [
              101.59896589878296,
              3.0269724030911043
            ],
            [
              101.59894749894897,
              3.0268026034180053
            ],
            [
              101.59928539878891,
              3.0267624053088102
            ],
            [
              101.59929879566016,
              3.0269365035412426
            ],
            [
              101.59929879566016,
              3.0269365035412426
            ],
            [
              101.59896589878296,
              3.0269724030911043
            ],
            [
              101.59894749894897,
              3.0268026034180053
            ],
            [
              101.59895689872093,
              3.0268893334319853
            ],
            [
              101.59928539878891,
              3.0267624053088102
            ],
            [
              101.59929209722453,
              3.026849453328455
            ],
            [
              101.59896589878296,
              3.0269724030911043
            ]
          ]
        ]
      },
      "properties": {
        "name": "element.032",
        "type": "MESH",
        "building": "industrial",
        "id": "232852068"
      }
    },
    {
      "type": "Feature",
      "geometry": {
        "type": "Polygon",
        "coordinates": [
          [
            [
              101.59900069550889,
              3.0272992032575727
            ],
            [
              101.59897929565422,
              3.0270929031135623
            ],
            [
              101.59903869430667,
              3.027083803765259
            ],
            [
              101.599049394234,
              3.027177604470714
            ],
            [
              101.59922069409696,
              3.027159903617459
            ],
            [
              101.59923149504988,
              3.027264902508606
            ],
            [
              101.59903869430667,
              3.027083803765259
            ],
            [
              101.599049394234,
              3.027177604470714
            ],
            [
              101.59922069409696,
              3.027159903617459
            ],
            [
              101.59923149504988,
              3.027264902508606
            ],
            [
              101.59922086979363,
              3.0271616076891945
            ],
            [
              101.59900069550889,
              3.0272992032575727
            ],
            [
              101.59897929565422,
              3.0270929031135623
            ],
            [
              101.5989899824043,
              3.027195919403874
            ],
            [
              101.59900069550889,
              3.0272992032575727
            ]
          ]
        ]
      },
      "properties": {
        "name": "element.033",
        "type": "MESH",
        "building": "industrial",
        "id": "232852069"
      }
    },
    {
      "type": "Feature",
      "geometry": {
        "type": "Polygon",
        "coordinates": [
          [
            [
              101.59893669799605,
              3.0266606062125954
            ],
            [
              101.5989822956749,
              3.0266553053871315
            ],
            [
              101.5989822956749,
              3.026628505185573
            ],
            [
              101.59916699680153,
              3.026613506283899
            ],
            [
              101.59917549612804,
              3.0267249047649107
            ],
            [
              101.5989420962763,
              3.026749005208031
            ],
            [
              101.5989822956749,
              3.026628505185573
            ],
            [
              101.59916699680153,
              3.026613506283899
            ],
            [
              101.59917549612804,
              3.0267249047649107
            ],
            [
              101.59917109053399,
              3.0266671856401466
            ],
            [
              101.5989420962763,
              3.026749005208031
            ],
            [
              101.59893669799605,
              3.0266606062125954
            ],
            [
              101.59893856477319,
              3.0266911961644234
            ],
            [
              101.5989822956749,
              3.0266553053871315
            ],
            [
              101.59893669799605,
              3.0266606062125954
            ]
          ]
        ]
      },
      "properties": {
        "name": "element.034",
        "type": "MESH",
        "building": "industrial",
        "id": "232852070"
      }
    },
    {
      "type": "Feature",
      "geometry": {
        "type": "Polygon",
        "coordinates": [
          [
            [
              101.59651961691479,
              3.031318086477822
            ],
            [
              101.59650211752624,
              3.031012186959541
            ],
            [
              101.59697671376955,
              3.0309849876060446
            ],
            [
              101.5969942131581,
              3.031291086700294
            ],
            [
              101.5969942131581,
              3.031291086700294
            ],
            [
              101.59651961691479,
              3.031318086477822
            ],
            [
              101.59650211752624,
              3.031012186959541
            ],
            [
              101.59651086722052,
              3.0311651367186814
            ],
            [
              101.59697671376955,
              3.0309849876060446
            ],
            [
              101.59698546346382,
              3.031138036056598
            ],
            [
              101.59651961691479,
              3.031318086477822
            ]
          ]
        ]
      },
      "properties": {
        "name": "element.035",
        "type": "MESH",
        "building": "industrial",
        "id": "890528818"
      }
    },
    {
      "type": "Feature",
      "geometry": {
        "type": "Polygon",
        "coordinates": [
          [
            [
              101.59650031224294,
              3.030958887016949
            ],
            [
              101.59648281285439,
              3.030652888807255
            ],
            [
              101.5969574090977,
              3.0306257881451715
            ],
            [
              101.59697490848625,
              3.0309317863548655
            ],
            [
              101.5969574090977,
              3.0306257881451715
            ],
            [
              101.59697490848625,
              3.0309317863548655
            ],
            [
              101.59696615879197,
              3.0307787861534474
            ],
            [
              101.59650031224294,
              3.030958887016949
            ],
            [
              101.59648281285439,
              3.030652888807255
            ],
            [
              101.59649156254866,
              3.0308058868155308
            ],
            [
              101.59650031224294,
              3.030958887016949
            ]
          ]
        ]
      },
      "properties": {
        "name": "element.036",
        "type": "MESH",
        "building": "industrial",
        "id": "890528819"
      }
    },
    {
      "type": "Feature",
      "geometry": {
        "type": "Polygon",
        "coordinates": [
          [
            [
              101.59649111452215,
              3.030608089485059
            ],
            [
              101.5964736151336,
              3.030302189966778
            ],
            [
              101.59694811035132,
              3.0302749906132815
            ],
            [
              101.59696571076546,
              3.0305810897075314
            ],
            [
              101.59694811035132,
              3.0302749906132815
            ],
            [
              101.59696571076546,
              3.0305810897075314
            ],
            [
              101.59695691275459,
              3.030428039063835
            ],
            [
              101.59649111452215,
              3.030608089485059
            ],
            [
              101.5964736151336,
              3.030302189966778
            ],
            [
              101.59648236482788,
              3.0304551397259183
            ],
            [
              101.59649111452215,
              3.030608089485059
            ]
          ]
        ]
      },
      "properties": {
        "name": "element.037",
        "type": "MESH",
        "building": "industrial",
        "id": "890528820"
      }
    },
    {
      "type": "Feature",
      "geometry": {
        "type": "Polygon",
        "coordinates": [
          [
            [
              101.59722230697034,
              3.0311356850078197
            ],
            [
              101.59720570802723,
              3.030845385312263
            ],
            [
              101.5976559043952,
              3.030819686068248
            ],
            [
              101.5976726043639,
              3.0311099857638046
            ],
            [
              101.5976559043952,
              3.030819686068248
            ],
            [
              101.5976726043639,
              3.0311099857638046
            ],
            [
              101.59766425437954,
              3.0309648348194553
            ],
            [
              101.59722230697034,
              3.0311356850078197
            ],
            [
              101.59720570802723,
              3.030845385312263
            ],
            [
              101.59721400530258,
              3.0309905362566125
            ],
            [
              101.59722230697034,
              3.0311356850078197
            ]
          ]
        ]
      },
      "properties": {
        "name": "element.038",
        "type": "MESH",
        "building": "industrial",
        "id": "890528821"
      }
    },
    {
      "type": "Feature",
      "geometry": {
        "type": "Polygon",
        "coordinates": [
          [
            [
              101.59729130744593,
              3.0315044838534897
            ],
            [
              101.59727720778798,
              3.03125748556379
            ],
            [
              101.59766040223,
              3.031235584842615
            ],
            [
              101.59767450628037,
              3.0314826840168703
            ],
            [
              101.59767450628037,
              3.0314826840168703
            ],
            [
              101.59729130744593,
              3.0315044838534897
            ],
            [
              101.59727720778798,
              3.03125748556379
            ],
            [
              101.59728425761695,
              3.0313809836120686
            ],
            [
              101.59766040223,
              3.031235584842615
            ],
            [
              101.59766745645139,
              3.0313591333331713
            ],
            [
              101.59729130744593,
              3.0315044838534897
            ]
          ]
        ]
      },
      "properties": {
        "name": "element.039",
        "type": "MESH",
        "building": "industrial",
        "id": "890528822"
      }
    },
    {
      "type": "Feature",
      "geometry": {
        "type": "Polygon",
        "coordinates": [
          [
            [
              101.59718460685691,
              3.030810586719945
            ],
            [
              101.59716880733366,
              3.030507889189739
            ],
            [
              101.59760350286273,
              3.0304851879715446
            ],
            [
              101.59761940341156,
              3.0307879863863065
            ],
            [
              101.59760350286273,
              3.0304851879715446
            ],
            [
              101.59761940341156,
              3.0307879863863065
            ],
            [
              101.59761145313713,
              3.0306365871789254
            ],
            [
              101.59718460685691,
              3.030810586719945
            ],
            [
              101.59716880733366,
              3.030507889189739
            ],
            [
              101.59717670489908,
              3.030659237954842
            ],
            [
              101.59718460685691,
              3.030810586719945
            ]
          ]
        ]
      },
      "properties": {
        "name": "element.040",
        "type": "MESH",
        "building": "industrial",
        "id": "890528823"
      }
    },
    {
      "type": "Feature",
      "geometry": {
        "type": "Polygon",
        "coordinates": [
          [
            [
              101.59729130744593,
              3.030403388141943
            ],
            [
              101.59728410827478,
              3.030268889290799
            ],
            [
              101.59748290466693,
              3.030258188948458
            ],
            [
              101.59749010383808,
              3.0303925869150468
            ],
            [
              101.59728410827478,
              3.030268889290799
            ],
            [
              101.59748290466693,
              3.030258188948458
            ],
            [
              101.59749010383808,
              3.0303925869150468
            ],
            [
              101.59748650644872,
              3.0303253890283237
            ],
            [
              101.59729130744593,
              3.030403388141943
            ],
            [
              101.59728770566414,
              3.0303361376197997
            ],
            [
              101.59729130744593,
              3.030403388141943
            ]
          ]
        ]
      },
      "properties": {
        "name": "element.041",
        "type": "MESH",
        "building": "industrial",
        "id": "890528824"
      }
    },
    {
      "type": "Feature",
      "geometry": {
        "type": "Polygon",
        "coordinates": [
          [
            [
              101.59654711344399,
              3.03175798261761
            ],
            [
              101.5965252128538,
              3.031366083401808
            ],
            [
              101.59697530819618,
              3.031349584390652
            ],
            [
              101.59689870883952,
              3.0316522819208576
            ],
            [
              101.59681531002165,
              3.0317561820476038
            ],
            [
              101.59681531002165,
              3.0317561820476038
            ],
            [
              101.59654711344399,
              3.03175798261761
            ],
            [
              101.5965252128538,
              3.031366083401808
            ],
            [
              101.59653638716216,
              3.031566040977659
            ],
            [
              101.59697530819618,
              3.031349584390652
            ],
            [
              101.59689870883952,
              3.0316522819208576
            ],
            [
              101.59692413214799,
              3.031551827221006
            ],
            [
              101.59654711344399,
              3.03175798261761
            ]
          ]
        ]
      },
      "properties": {
        "name": "element.042",
        "type": "MESH",
        "building": "industrial",
        "id": "890528825"
      }
    },
    {
      "type": "Feature",
      "geometry": {
        "type": "Polygon",
        "coordinates": [
          [
            [
              101.59637050314912,
              3.024926214281535
            ],
            [
              101.59650330347878,
              3.0249155139391943
            ],
            [
              101.59651460516721,
              3.0250548135793083
            ],
            [
              101.59638180483755,
              3.0250655139216494
            ],
            [
              101.59650330347878,
              3.0249155139391943
            ],
            [
              101.59651460516721,
              3.0250548135793083
            ],
            [
              101.59638180483755,
              3.0250655139216494
            ],
            [
              101.59644820500239,
              3.0250601626539075
            ],
            [
              101.59637050314912,
              3.024926214281535
            ],
            [
              101.59643690331394,
              3.024920865206936
            ],
            [
              101.59637050314912,
              3.024926214281535
            ]
          ]
        ]
      },
      "properties": {
        "name": "element.043",
        "type": "MESH",
        "building": "house",
        "id": "891854256"
      }
    },
    {
      "type": "Feature",
      "geometry": {
        "type": "Polygon",
        "coordinates": [
          [
            [
              101.5962678040518,
              3.0246637170536674
            ],
            [
              101.59643840112808,
              3.0246448165514552
            ],
            [
              101.59645720506443,
              3.0248135130738683
            ],
            [
              101.59628660359573,
              3.024832514460636
            ],
            [
              101.5962678040518,
              3.0246637170536674
            ],
            [
              101.59643840112808,
              3.0246448165514552
            ],
            [
              101.59645720506443,
              3.0248135130738683
            ],
            [
              101.59644780090004,
              3.0247291648126615
            ],
            [
              101.59628660359573,
              3.024832514460636
            ],
            [
              101.59627720382377,
              3.024748113564009
            ],
            [
              101.5962678040518,
              3.0246637170536674
            ]
          ]
        ]
      },
      "properties": {
        "name": "element.044",
        "type": "MESH",
        "building": "house",
        "id": "891854257"
      }
    },
    {
      "type": "Feature",
      "geometry": {
        "type": "Polygon",
        "coordinates": [
          [
            [
              101.59637510200952,
              3.025224815021519
            ],
            [
              101.59651540458708,
              3.0252087129691585
            ],
            [
              101.59652750130296,
              3.0253131131323987
            ],
            [
              101.59638720311781,
              3.0253293138761723
            ],
            [
              101.59637510200952,
              3.025224815021519
            ],
            [
              101.59651540458708,
              3.0252087129691585
            ],
            [
              101.59652750130296,
              3.0253131131323987
            ],
            [
              101.59652145294503,
              3.02526091414735
            ],
            [
              101.59638720311781,
              3.0253293138761723
            ],
            [
              101.59638115475987,
              3.025277064448846
            ],
            [
              101.59637510200952,
              3.025224815021519
            ]
          ]
        ]
      },
      "properties": {
        "name": "element.045",
        "type": "MESH",
        "building": "house",
        "id": "891854262"
      }
    },
    {
      "type": "Feature",
      "geometry": {
        "type": "Polygon",
        "coordinates": [
          [
            [
              101.59692500184651,
              3.0250268137287932
            ],
            [
              101.59708060321181,
              3.0249815121769603
            ],
            [
              101.59713690521042,
              3.0251742126442225
            ],
            [
              101.59698130384511,
              3.025219512002913
            ],
            [
              101.59713690521042,
              3.0251742126442225
            ],
            [
              101.59698130384511,
              3.025219512002913
            ],
            [
              101.59705910233156,
              3.0251968612269966
            ],
            [
              101.59692500184651,
              3.0250268137287932
            ],
            [
              101.59708060321181,
              3.0249815121769603
            ],
            [
              101.59700280472538,
              3.025004162952877
            ],
            [
              101.59692500184651,
              3.0250268137287932
            ]
          ]
        ]
      },
      "properties": {
        "name": "element.046",
        "type": "MESH",
        "building": "yes",
        "id": "892124800"
      }
    },
    {
      "type": "Feature",
      "geometry": {
        "type": "Polygon",
        "coordinates": [
          [
            [
              101.59708050218623,
              3.027166704552404
            ],
            [
              101.59733010127114,
              3.0271200037756456
            ],
            [
              101.59735420246214,
              3.027248603073419
            ],
            [
              101.59710470440282,
              3.0272953038501775
            ],
            [
              101.59710470440282,
              3.0272953038501775
            ],
            [
              101.59708050218623,
              3.027166704552404
            ],
            [
              101.59709260329453,
              3.027231005297862
            ],
            [
              101.59733010127114,
              3.0271200037756456
            ],
            [
              101.59735420246214,
              3.027248603073419
            ],
            [
              101.59734215406286,
              3.0271843045211035
            ],
            [
              101.59708050218623,
              3.027166704552404
            ]
          ]
        ]
      },
      "properties": {
        "name": "element.047",
        "type": "MESH",
        "building": "house",
        "id": "892124801"
      }
    },
    {
      "type": "Feature",
      "geometry": {
        "type": "Polygon",
        "coordinates": [
          [
            [
              101.59754990220046,
              3.026909604648271
            ],
            [
              101.59768560152521,
              3.0268908050306145
            ],
            [
              101.59769900278889,
              3.026987204609952
            ],
            [
              101.59756330346413,
              3.0270060042276086
            ],
            [
              101.59756330346413,
              3.0270060042276086
            ],
            [
              101.59754990220046,
              3.026909604648271
            ],
            [
              101.5975566050285,
              3.026957805534511
            ],
            [
              101.59768560152521,
              3.0268908050306145
            ],
            [
              101.59769900278889,
              3.026987204609952
            ],
            [
              101.59769230435326,
              3.026939003723712
            ],
            [
              101.59754990220046,
              3.026909604648271
            ]
          ]
        ]
      },
      "properties": {
        "name": "element.048",
        "type": "MESH",
        "building": "house",
        "id": "892124802"
      }
    },
    {
      "type": "Feature",
      "geometry": {
        "type": "Polygon",
        "coordinates": [
          [
            [
              101.5971342082665,
              3.026960503099807
            ],
            [
              101.59730740565351,
              3.026951103290979
            ],
            [
              101.5973155052701,
              3.027098403514995
            ],
            [
              101.5971422068575,
              3.027107803323823
            ],
            [
              101.59730740565351,
              3.026951103290979
            ],
            [
              101.5973155052701,
              3.027098403514995
            ],
            [
              101.5973114554618,
              3.027024753402987
            ],
            [
              101.5971422068575,
              3.027107803323823
            ],
            [
              101.5971342082665,
              3.026960503099807
            ],
            [
              101.59713820536578,
              3.027034153211815
            ],
            [
              101.5971342082665,
              3.026960503099807
            ]
          ]
        ]
      },
      "properties": {
        "name": "element.049",
        "type": "MESH",
        "building": "house",
        "id": "892124803"
      }
    },
    {
      "type": "Feature",
      "geometry": {
        "type": "Polygon",
        "coordinates": [
          [
            [
              101.5975043045216,
              3.0268641035204693
            ],
            [
              101.59753750240782,
              3.027063004001627
            ],
            [
              101.59739270199543,
              3.0270871022516044
            ],
            [
              101.59735950410924,
              3.026888203963589
            ],
            [
              101.59739270199543,
              3.0270871022516044
            ],
            [
              101.59735950410924,
              3.026888203963589
            ],
            [
              101.5975043045216,
              3.0268641035204693
            ],
            [
              101.59743190431541,
              3.0268761548386003
            ],
            [
              101.59753750240782,
              3.027063004001627
            ],
            [
              101.59746510220162,
              3.027075053126616
            ],
            [
              101.5975043045216,
              3.0268641035204693
            ]
          ]
        ]
      },
      "properties": {
        "name": "element.050",
        "type": "MESH",
        "building": "house",
        "id": "892124804"
      }
    },
    {
      "type": "Feature",
      "geometry": {
        "type": "Polygon",
        "coordinates": [
          [
            [
              101.59742870663598,
              3.026677006532338
            ],
            [
              101.59757360368152,
              3.026671607015461
            ],
            [
              101.59757940606413,
              3.026829304928151
            ],
            [
              101.59743460565176,
              3.0268346057536144
            ],
            [
              101.59742870663598,
              3.026677006532338
            ],
            [
              101.59757360368152,
              3.026671607015461
            ],
            [
              101.59750115515875,
              3.0266743067738995
            ],
            [
              101.59757940606413,
              3.026829304928151
            ],
            [
              101.59743460565176,
              3.0268346057536144
            ],
            [
              101.59750700585793,
              3.0268319564374537
            ],
            [
              101.59742870663598,
              3.026677006532338
            ]
          ]
        ]
      },
      "properties": {
        "name": "element.051",
        "type": "MESH",
        "building": "house",
        "id": "892124805"
      }
    },
    {
      "type": "Feature",
      "geometry": {
        "type": "Polygon",
        "coordinates": [
          [
            [
              101.59717980155293,
              3.0266659048449167
            ],
            [
              101.59730680389241,
              3.0266534061257118
            ],
            [
              101.59732020076366,
              3.026790003814245
            ],
            [
              101.5971932028166,
              3.026802504726592
            ],
            [
              101.5971932028166,
              3.026802504726592
            ],
            [
              101.59717980155293,
              3.0266659048449167
            ],
            [
              101.59730680389241,
              3.0266534061257118
            ],
            [
              101.59724330272267,
              3.026659654388743
            ],
            [
              101.59732020076366,
              3.026790003814245
            ],
            [
              101.59725670398633,
              3.0267962542704185
            ],
            [
              101.59717980155293,
              3.0266659048449167
            ]
          ]
        ]
      },
      "properties": {
        "name": "element.052",
        "type": "MESH",
        "building": "house",
        "id": "892124806"
      }
    },
    {
      "type": "Feature",
      "geometry": {
        "type": "Polygon",
        "coordinates": [
          [
            [
              101.5973568027729,
              3.0265185081226296
            ],
            [
              101.59753140134087,
              3.026493607182491
            ],
            [
              101.59754480260455,
              3.0265874056948032
            ],
            [
              101.59737020403657,
              3.026612306634942
            ],
            [
              101.59754480260455,
              3.0265874056948032
            ],
            [
              101.59737020403657,
              3.026612306634942
            ],
            [
              101.5973568027729,
              3.0265185081226296
            ],
            [
              101.59736350560094,
              3.0265654062822147
            ],
            [
              101.59753140134087,
              3.026493607182491
            ],
            [
              101.59753810416892,
              3.026540507535218
            ],
            [
              101.5973568027729,
              3.0265185081226296
            ]
          ]
        ]
      },
      "properties": {
        "name": "element.053",
        "type": "MESH",
        "building": "house",
        "id": "892124807"
      }
    },
    {
      "type": "Feature",
      "geometry": {
        "type": "Polygon",
        "coordinates": [
          [
            [
              101.59721180470176,
              3.0264623088456295
            ],
            [
              101.59730300445187,
              3.026451608503289
            ],
            [
              101.59732190502139,
              3.026612306634942
            ],
            [
              101.59723070527127,
              3.0266230069772826
            ],
            [
              101.59723070527127,
              3.0266230069772826
            ],
            [
              101.59721180470176,
              3.0264623088456295
            ],
            [
              101.59730300445187,
              3.026451608503289
            ],
            [
              101.59725740677302,
              3.026456957577888
            ],
            [
              101.59732190502139,
              3.026612306634942
            ],
            [
              101.59727630734254,
              3.0266176579026838
            ],
            [
              101.59721180470176,
              3.0264623088456295
            ]
          ]
        ]
      },
      "properties": {
        "name": "element.054",
        "type": "MESH",
        "building": "house",
        "id": "892124808"
      }
    },
    {
      "type": "Feature",
      "geometry": {
        "type": "Polygon",
        "coordinates": [
          [
            [
              101.59696250430119,
              3.0265052067132636
            ],
            [
              101.59717760534453,
              3.026472406073778
            ],
            [
              101.5972018031687,
              3.0266304044469927
            ],
            [
              101.59698660549219,
              3.026663205086478
            ],
            [
              101.59717760534453,
              3.026472406073778
            ],
            [
              101.5972018031687,
              3.0266304044469927
            ],
            [
              101.59718970645282,
              3.0265514052603857
            ],
            [
              101.59698660549219,
              3.026663205086478
            ],
            [
              101.59696250430119,
              3.0265052067132636
            ],
            [
              101.5969745570929,
              3.0265842058998706
            ],
            [
              101.59696250430119,
              3.0265052067132636
            ]
          ]
        ]
      },
      "properties": {
        "name": "element.055",
        "type": "MESH",
        "building": "house",
        "id": "892124809"
      }
    },
    {
      "type": "Feature",
      "geometry": {
        "type": "Polygon",
        "coordinates": [
          [
            [
              101.59738630224416,
              3.0261891090822783
            ],
            [
              101.59756310141294,
              3.026171009077085
            ],
            [
              101.59757380134029,
              3.0262754070471827
            ],
            [
              101.59739700217149,
              3.026293607936932
            ],
            [
              101.59738630224416,
              3.0261891090822783
            ],
            [
              101.59756310141294,
              3.026171009077085
            ],
            [
              101.59757380134029,
              3.0262754070471827
            ],
            [
              101.59756845137662,
              3.026223208062134
            ],
            [
              101.59739700217149,
              3.026293607936932
            ],
            [
              101.59739165220782,
              3.0262413585096053
            ],
            [
              101.59738630224416,
              3.0261891090822783
            ]
          ]
        ]
      },
      "properties": {
        "name": "element.056",
        "type": "MESH",
        "building": "house",
        "id": "892124810"
      }
    },
    {
      "type": "Feature",
      "geometry": {
        "type": "Polygon",
        "coordinates": [
          [
            [
              101.59739430083516,
              3.0263311084808313
            ],
            [
              101.59758179993129,
              3.026297007307833
            ],
            [
              101.59759249985862,
              3.0263560072278275
            ],
            [
              101.59740510178808,
              3.0263900075162695
            ],
            [
              101.59759249985862,
              3.0263560072278275
            ],
            [
              101.59740510178808,
              3.0263900075162695
            ],
            [
              101.59739430083516,
              3.0263311084808313
            ],
            [
              101.59739970790024,
              3.0263605974751155
            ],
            [
              101.59758179993129,
              3.026297007307833
            ],
            [
              101.59758714989496,
              3.0263265072678305
            ],
            [
              101.59739430083516,
              3.0263311084808313
            ]
          ]
        ]
      },
      "properties": {
        "name": "element.057",
        "type": "MESH",
        "building": "house",
        "id": "892124811"
      }
    },
    {
      "type": "Feature",
      "geometry": {
        "type": "Polygon",
        "coordinates": [
          [
            [
              101.59713300035187,
              3.0262570065814645
            ],
            [
              101.59727380366496,
              3.026238206963808
            ],
            [
              101.5973005007743,
              3.0264007056654676
            ],
            [
              101.59715290239241,
              3.0264221063501493
            ],
            [
              101.5973005007743,
              3.0264007056654676
            ],
            [
              101.59715290239241,
              3.0264221063501493
            ],
            [
              101.59722670377957,
              3.0264114060078087
            ],
            [
              101.59713300035187,
              3.0262570065814645
            ],
            [
              101.59727380366496,
              3.026238206963808
            ],
            [
              101.59720690276461,
              3.02624713963328
            ],
            [
              101.59713300035187,
              3.0262570065814645
            ]
          ]
        ]
      },
      "properties": {
        "name": "element.058",
        "type": "MESH",
        "building": "house",
        "id": "892124812"
      }
    },
    {
      "type": "Feature",
      "geometry": {
        "type": "Polygon",
        "coordinates": [
          [
            [
              101.59691150834209,
              3.0262962068108146
            ],
            [
              101.59711070444418,
              3.0262751065866578
            ],
            [
              101.59712420673343,
              3.0264010061259925
            ],
            [
              101.59692500623893,
              3.0264221063501493
            ],
            [
              101.59692500623893,
              3.0264221063501493
            ],
            [
              101.59691150834209,
              3.0262962068108146
            ],
            [
              101.59691825509431,
              3.0263591565804817
            ],
            [
              101.59711070444418,
              3.0262751065866578
            ],
            [
              101.59712420673343,
              3.0264010061259925
            ],
            [
              101.5971174555888,
              3.0263380563563254
            ],
            [
              101.59691150834209,
              3.0262962068108146
            ]
          ]
        ]
      },
      "properties": {
        "name": "element.059",
        "type": "MESH",
        "building": "house",
        "id": "892124813"
      }
    },
    {
      "type": "Feature",
      "geometry": {
        "type": "Polygon",
        "coordinates": [
          [
            [
              101.59756140594007,
              3.025941909023467
            ],
            [
              101.59769280508877,
              3.0259259078556626
            ],
            [
              101.59771620349309,
              3.0261168077529184
            ],
            [
              101.59758480434438,
              3.026132907612136
            ],
            [
              101.59771620349309,
              3.0261168077529184
            ],
            [
              101.59758480434438,
              3.026132907612136
            ],
            [
              101.59765050611495,
              3.026124856585956
            ],
            [
              101.59756140594007,
              3.025941909023467
            ],
            [
              101.59769280508877,
              3.0259259078556626
            ],
            [
              101.5976271033182,
              3.025933908439565
            ],
            [
              101.59756140594007,
              3.025941909023467
            ]
          ]
        ]
      },
      "properties": {
        "name": "element.060",
        "type": "MESH",
        "building": "house",
        "id": "892124814"
      }
    },
    {
      "type": "Feature",
      "geometry": {
        "type": "Polygon",
        "coordinates": [
          [
            [
              101.59737420552827,
              3.0259700097585385
            ],
            [
              101.59752710116483,
              3.0259486090738568
            ],
            [
              101.59755260353678,
              3.0261302078536976
            ],
            [
              101.59739970350782,
              3.0261516085383793
            ],
            [
              101.59755260353678,
              3.0261302078536976
            ],
            [
              101.59739970350782,
              3.0261516085383793
            ],
            [
              101.59747615352231,
              3.026140908196038
            ],
            [
              101.59737420552827,
              3.0259700097585385
            ],
            [
              101.59752710116483,
              3.0259486090738568
            ],
            [
              101.59745065115034,
              3.025959309416198
            ],
            [
              101.59737420552827,
              3.0259700097585385
            ]
          ]
        ]
      },
      "properties": {
        "name": "element.061",
        "type": "MESH",
        "building": "house",
        "id": "892124815"
      }
    },
    {
      "type": "Feature",
      "geometry": {
        "type": "Polygon",
        "coordinates": [
          [
            [
              101.59707780524231,
              3.0260016085559243
            ],
            [
              101.5972173040076,
              3.02598850891567
            ],
            [
              101.59723080190444,
              3.0261304074296667
            ],
            [
              101.59709130313915,
              3.026143607954477
            ],
            [
              101.59723080190444,
              3.0261304074296667
            ],
            [
              101.59709130313915,
              3.026143607954477
            ],
            [
              101.597161054718,
              3.026137008788643
            ],
            [
              101.59707780524231,
              3.0260016085559243
            ],
            [
              101.5972173040076,
              3.02598850891567
            ],
            [
              101.59714755242875,
              3.025995057639226
            ],
            [
              101.59707780524231,
              3.0260016085559243
            ]
          ]
        ]
      },
      "properties": {
        "name": "element.062",
        "type": "MESH",
        "building": "house",
        "id": "892124816"
      }
    },
    {
      "type": "Feature",
      "geometry": {
        "type": "Polygon",
        "coordinates": [
          [
            [
              101.59690830627024,
              3.0260201099061983
            ],
            [
              101.59704240236286,
              3.026006810689975
            ],
            [
              101.59705640538763,
              3.026146209021502
            ],
            [
              101.59692230490259,
              3.0261596091222813
            ],
            [
              101.59705640538763,
              3.026146209021502
            ],
            [
              101.59692230490259,
              3.0261596091222813
            ],
            [
              101.59698935514511,
              3.0261529090718917
            ],
            [
              101.59690830627024,
              3.0260201099061983
            ],
            [
              101.59704240236286,
              3.026006810689975
            ],
            [
              101.59697535651276,
              3.0260134602980866
            ],
            [
              101.59690830627024,
              3.0260201099061983
            ]
          ]
        ]
      },
      "properties": {
        "name": "element.063",
        "type": "MESH",
        "building": "house",
        "id": "892124817"
      }
    },
    {
      "type": "Feature",
      "geometry": {
        "type": "Polygon",
        "coordinates": [
          [
            [
              101.59707780524231,
              3.0259239099028297
            ],
            [
              101.59728610243201,
              3.025887209855949
            ],
            [
              101.59729410541543,
              3.025932809675164
            ],
            [
              101.5970859048589,
              3.0259695097220445
            ],
            [
              101.5970859048589,
              3.0259695097220445
            ],
            [
              101.59707780524231,
              3.0259239099028297
            ],
            [
              101.5970818550506,
              3.025946709812437
            ],
            [
              101.59728610243201,
              3.025887209855949
            ],
            [
              101.59729410541543,
              3.025932809675164
            ],
            [
              101.59729010392373,
              3.0259100097655565
            ],
            [
              101.59707780524231,
              3.0259239099028297
            ]
          ]
        ]
      },
      "properties": {
        "name": "element.064",
        "type": "MESH",
        "building": "yes",
        "id": "892124818"
      }
    },
    {
      "type": "Feature",
      "geometry": {
        "type": "Polygon",
        "coordinates": [
          [
            [
              101.5968230055359,
              3.0258971097012712
            ],
            [
              101.59703660437268,
              3.025865910055823
            ],
            [
              101.59705270258027,
              3.025975810620496
            ],
            [
              101.59683910374349,
              3.026007010265944
            ],
            [
              101.59683910374349,
              3.026007010265944
            ],
            [
              101.5968230055359,
              3.0258971097012712
            ],
            [
              101.59683105244348,
              3.025952061080179
            ],
            [
              101.59703660437268,
              3.025865910055823
            ],
            [
              101.59705270258027,
              3.025975810620496
            ],
            [
              101.59704465128027,
              3.025920861434731
            ],
            [
              101.5968230055359,
              3.0258971097012712
            ]
          ]
        ]
      },
      "properties": {
        "name": "element.065",
        "type": "MESH",
        "building": "yes",
        "id": "892124819"
      }
    },
    {
      "type": "Feature",
      "geometry": {
        "type": "Polygon",
        "coordinates": [
          [
            [
              101.59750960177627,
              3.0257300097866104
            ],
            [
              101.59760350286273,
              3.0256898116774154
            ],
            [
              101.59764650462324,
              3.0257900097795924
            ],
            [
              101.59755260353678,
              3.0258302100819305
            ],
            [
              101.59760350286273,
              3.0256898116774154
            ],
            [
              101.59764650462324,
              3.0257900097795924
            ],
            [
              101.59755260353678,
              3.0258302100819305
            ],
            [
              101.59759955408,
              3.0258101099307617
            ],
            [
              101.59750960177627,
              3.0257300097866104
            ],
            [
              101.5975565523195,
              3.0257099096354416
            ],
            [
              101.59750960177627,
              3.0257300097866104
            ]
          ]
        ]
      },
      "properties": {
        "name": "element.066",
        "type": "MESH",
        "building": "yes",
        "id": "892124820"
      }
    },
    {
      "type": "Feature",
      "geometry": {
        "type": "Polygon",
        "coordinates": [
          [
            [
              101.597161002009,
              3.0257445108449335
            ],
            [
              101.59730679949999,
              3.025732310393111
            ],
            [
              101.59731760045291,
              3.025860909690884
            ],
            [
              101.59717170193633,
              3.025873009258151
            ],
            [
              101.59730679949999,
              3.025732310393111
            ],
            [
              101.59731760045291,
              3.025860909690884
            ],
            [
              101.59731220217266,
              3.0257966089454262
            ],
            [
              101.59717170193633,
              3.025873009258151
            ],
            [
              101.597161002009,
              3.0257445108449335
            ],
            [
              101.59716635197267,
              3.025808758954971
            ],
            [
              101.597161002009,
              3.0257445108449335
            ]
          ]
        ]
      },
      "properties": {
        "name": "element.067",
        "type": "MESH",
        "building": "yes",
        "id": "892124821"
      }
    },
    {
      "type": "Feature",
      "geometry": {
        "type": "Polygon",
        "coordinates": [
          [
            [
              101.59681100106077,
              3.0256815106329884
            ],
            [
              101.59710230175082,
              3.0256524120180717
            ],
            [
              101.5971157030145,
              3.0257863099481663
            ],
            [
              101.59682440232444,
              3.025815410756225
            ],
            [
              101.59682440232444,
              3.025815410756225
            ],
            [
              101.59681100106077,
              3.0256815106329884
            ],
            [
              101.59681770388882,
              3.0257484606946066
            ],
            [
              101.59710230175082,
              3.0256524120180717
            ],
            [
              101.5971157030145,
              3.0257863099481663
            ],
            [
              101.59710900018645,
              3.0257193598865477
            ],
            [
              101.59681100106077,
              3.0256815106329884
            ]
          ]
        ]
      },
      "properties": {
        "name": "element.068",
        "type": "MESH",
        "building": "yes",
        "id": "892124822"
      }
    },
    {
      "type": "Feature",
      "geometry": {
        "type": "Polygon",
        "coordinates": [
          [
            [
              101.59721200236052,
              3.0254338127308253
            ],
            [
              101.59736390531087,
              3.0254092122512115
            ],
            [
              101.59738000351845,
              3.025508311588988
            ],
            [
              101.59722800393494,
              3.0255329120686016
            ],
            [
              101.59736390531087,
              3.0254092122512115
            ],
            [
              101.59738000351845,
              3.025508311588988
            ],
            [
              101.59737195221845,
              3.0254587619201
            ],
            [
              101.59722800393494,
              3.0255329120686016
            ],
            [
              101.59721200236052,
              3.0254338127308253
            ],
            [
              101.59722000534394,
              3.0254833623997137
            ],
            [
              101.59721200236052,
              3.0254338127308253
            ]
          ]
        ]
      },
      "properties": {
        "name": "element.069",
        "type": "MESH",
        "building": "yes",
        "id": "892124823"
      }
    },
    {
      "type": "Feature",
      "geometry": {
        "type": "Polygon",
        "coordinates": [
          [
            [
              101.59698820433191,
              3.0253943120409508
            ],
            [
              101.59711160488962,
              3.025380911940171
            ],
            [
              101.59712610425748,
              3.0255141102578027
            ],
            [
              101.59700270369979,
              3.0255275103585824
            ],
            [
              101.59700270369979,
              3.0255275103585824
            ],
            [
              101.59698820433191,
              3.0253943120409508
            ],
            [
              101.59711160488962,
              3.025380911940171
            ],
            [
              101.59704990461077,
              3.025387611990561
            ],
            [
              101.59712610425748,
              3.0255141102578027
            ],
            [
              101.59706440397864,
              3.0255208103081928
            ],
            [
              101.59698820433191,
              3.0253943120409508
            ]
          ]
        ]
      },
      "properties": {
        "name": "element.070",
        "type": "MESH",
        "building": "yes",
        "id": "892124824"
      }
    },
    {
      "type": "Feature",
      "geometry": {
        "type": "Polygon",
        "coordinates": [
          [
            [
              101.59728170123037,
              3.0249516152581677
            ],
            [
              101.59732360049426,
              3.025122013659174
            ],
            [
              101.59716570189498,
              3.02516071385203
            ],
            [
              101.59712380263109,
              3.0249904141424375
            ],
            [
              101.59712380263109,
              3.0249904141424375
            ],
            [
              101.59728170123037,
              3.0249516152581677
            ],
            [
              101.59720275193072,
              3.0249710136037313
            ],
            [
              101.59732360049426,
              3.025122013659174
            ],
            [
              101.59716570189498,
              3.02516071385203
            ],
            [
              101.59724465119463,
              3.025141363755602
            ],
            [
              101.59728170123037,
              3.0249516152581677
            ]
          ]
        ]
      },
      "properties": {
        "name": "element.071",
        "type": "MESH",
        "building": "yes",
        "id": "892124825"
      }
    },
    {
      "type": "Feature",
      "geometry": {
        "type": "Polygon",
        "coordinates": [
          [
            [
              101.59669970600378,
              3.0251043128059187
            ],
            [
              101.59691490368029,
              3.025059112138642
            ],
            [
              101.59694700346229,
              3.025211713188122
            ],
            [
              101.59673180578578,
              3.025257012546812
            ],
            [
              101.59669970600378,
              3.0251043128059187
            ],
            [
              101.59691490368029,
              3.025059112138642
            ],
            [
              101.59694700346229,
              3.025211713188122
            ],
            [
              101.59693095357129,
              3.025135413759953
            ],
            [
              101.59673180578578,
              3.025257012546812
            ],
            [
              101.59671575589478,
              3.0251806626763655
            ],
            [
              101.59669970600378,
              3.0251043128059187
            ]
          ]
        ]
      },
      "properties": {
        "name": "element.072",
        "type": "MESH",
        "building": "yes",
        "id": "892124826"
      }
    },
    {
      "type": "Feature",
      "geometry": {
        "type": "Polygon",
        "coordinates": [
          [
            [
              101.59724410214253,
              3.0248124121163245
            ],
            [
              101.59755859918573,
              3.0247456133815396
            ],
            [
              101.59758540171306,
              3.024871414229461
            ],
            [
              101.59727100130304,
              3.0249383138488017
            ],
            [
              101.59727100130304,
              3.0249383138488017
            ],
            [
              101.59724410214253,
              3.0248124121163245
            ],
            [
              101.59725755172278,
              3.0248753640791346
            ],
            [
              101.59755859918573,
              3.0247456133815396
            ],
            [
              101.59758540171306,
              3.024871414229461
            ],
            [
              101.5975720004494,
              3.0248085127089293
            ],
            [
              101.59724410214253,
              3.0248124121163245
            ]
          ]
        ]
      },
      "properties": {
        "name": "element.073",
        "type": "MESH",
        "building": "yes",
        "id": "892124827"
      }
    },
    {
      "type": "Feature",
      "geometry": {
        "type": "Polygon",
        "coordinates": [
          [
            [
              101.59722270228785,
              3.024627517043281
            ],
            [
              101.59740040190209,
              3.0246031161396356
            ],
            [
              101.59742190278236,
              3.0247584125612694
            ],
            [
              101.59724410214253,
              3.02478291434947
            ],
            [
              101.59722270228785,
              3.024627517043281
            ],
            [
              101.59740040190209,
              3.0246031161396356
            ],
            [
              101.59742190278236,
              3.0247584125612694
            ],
            [
              101.59741115014602,
              3.024680766543595
            ],
            [
              101.59724410214253,
              3.02478291434947
            ],
            [
              101.5972334022152,
              3.0247052156963754
            ],
            [
              101.59722270228785,
              3.024627517043281
            ]
          ]
        ]
      },
      "properties": {
        "name": "element.074",
        "type": "MESH",
        "building": "yes",
        "id": "892124828"
      }
    },
    {
      "type": "Feature",
      "geometry": {
        "type": "Polygon",
        "coordinates": [
          [
            [
              101.59682570247982,
              3.024555217907063
            ],
            [
              101.59699090127583,
              3.0245194170486145
            ],
            [
              101.59701769941076,
              3.024642614636368
            ],
            [
              101.59685250061474,
              3.0246784154948165
            ],
            [
              101.59699090127583,
              3.0245194170486145
            ],
            [
              101.59701769941076,
              3.024642614636368
            ],
            [
              101.5970043025395,
              3.024581018035634
            ],
            [
              101.59685250061474,
              3.0246784154948165
            ],
            [
              101.59682570247982,
              3.024555217907063
            ],
            [
              101.59683909935107,
              3.024616814507797
            ],
            [
              101.59682570247982,
              3.024555217907063
            ]
          ]
        ]
      },
      "properties": {
        "name": "element.075",
        "type": "MESH",
        "building": "house",
        "id": "892124829"
      }
    },
    {
      "type": "Feature",
      "geometry": {
        "type": "Polygon",
        "coordinates": [
          [
            [
              101.59660050327025,
              3.0245856148623496
            ],
            [
              101.59672390382795,
              3.024558814660791
            ],
            [
              101.5967587049463,
              3.0247186157971546
            ],
            [
              101.59663530438858,
              3.024745415998713
            ],
            [
              101.5967587049463,
              3.0247186157971546
            ],
            [
              101.59663530438858,
              3.024745415998713
            ],
            [
              101.59669700466745,
              3.024732015897934
            ],
            [
              101.59660050327025,
              3.0245856148623496
            ],
            [
              101.59672390382795,
              3.024558814660791
            ],
            [
              101.5966622035491,
              3.0245722191478555
            ],
            [
              101.59660050327025,
              3.0245856148623496
            ]
          ]
        ]
      },
      "properties": {
        "name": "element.076",
        "type": "MESH",
        "building": "house",
        "id": "892124830"
      }
    },
    {
      "type": "Feature",
      "geometry": {
        "type": "Polygon",
        "coordinates": [
          [
            [
              101.5968270026352,
              3.0243115202968514
            ],
            [
              101.59699620292291,
              3.0242693198485378
            ],
            [
              101.59702570239418,
              3.0243871179194146
            ],
            [
              101.59685660313204,
              3.024429318367728
            ],
            [
              101.59685660313204,
              3.024429318367728
            ],
            [
              101.5968270026352,
              3.0243115202968514
            ],
            [
              101.59684180507982,
              3.0243704193322896
            ],
            [
              101.59699620292291,
              3.0242693198485378
            ],
            [
              101.59702570239418,
              3.0243871179194146
            ],
            [
              101.59701095265855,
              3.0243282188839764
            ],
            [
              101.5968270026352,
              3.0243115202968514
            ]
          ]
        ]
      },
      "properties": {
        "name": "element.077",
        "type": "MESH",
        "building": "house",
        "id": "892124831"
      }
    },
    {
      "type": "Feature",
      "geometry": {
        "type": "Polygon",
        "coordinates": [
          [
            [
              101.59697860250878,
              3.0241401174365725
            ],
            [
              101.59718020126286,
              3.0240847186565913
            ],
            [
              101.59720970073411,
              3.0241918185782697
            ],
            [
              101.59700810198004,
              3.024247217358251
            ],
            [
              101.59700810198004,
              3.024247217358251
            ],
            [
              101.59697860250878,
              3.0241401174365725
            ],
            [
              101.59699335224441,
              3.024193669590554
            ],
            [
              101.59718020126286,
              3.0240847186565913
            ],
            [
              101.59720970073411,
              3.0241918185782697
            ],
            [
              101.59719495099849,
              3.024138266424288
            ],
            [
              101.59697860250878,
              3.0241401174365725
            ]
          ]
        ]
      },
      "properties": {
        "name": "element.078",
        "type": "MESH",
        "building": "house",
        "id": "892124832"
      }
    },
    {
      "type": "Feature",
      "geometry": {
        "type": "Polygon",
        "coordinates": [
          [
            [
              101.59680060421019,
              3.0241640183037233
            ],
            [
              101.59689720224056,
              3.024137218102165
            ],
            [
              101.59693300043752,
              3.0242660169759072
            ],
            [
              101.59683640240715,
              3.02429271629291
            ],
            [
              101.59680060421019,
              3.0241640183037233
            ],
            [
              101.59689720224056,
              3.024137218102165
            ],
            [
              101.59684890322538,
              3.024150618202944
            ],
            [
              101.59693300043752,
              3.0242660169759072
            ],
            [
              101.59683640240715,
              3.02429271629291
            ],
            [
              101.59688470142234,
              3.024279364441266
            ],
            [
              101.59680060421019,
              3.0241640183037233
            ]
          ]
        ]
      },
      "properties": {
        "name": "element.079",
        "type": "MESH",
        "building": "house",
        "id": "892124833"
      }
    },
    {
      "type": "Feature",
      "geometry": {
        "type": "Polygon",
        "coordinates": [
          [
            [
              101.59725099823692,
              3.0240488212998717
            ],
            [
              101.59736369886728,
              3.024032719247512
            ],
            [
              101.59738089957149,
              3.0241535175373517
            ],
            [
              101.5972682999667,
              3.0241695187051563
            ],
            [
              101.59725099823692,
              3.0240488212998717
            ],
            [
              101.59736369886728,
              3.024032719247512
            ],
            [
              101.59730734855209,
              3.0240407680805492
            ],
            [
              101.59738089957149,
              3.0241535175373517
            ],
            [
              101.5972682999667,
              3.0241695187051563
            ],
            [
              101.5973246019653,
              3.024161518121254
            ],
            [
              101.59725099823692,
              3.0240488212998717
            ]
          ]
        ]
      },
      "properties": {
        "name": "element.080",
        "type": "MESH",
        "building": "house",
        "id": "892124834"
      }
    },
    {
      "type": "Feature",
      "geometry": {
        "type": "Polygon",
        "coordinates": [
          [
            [
              101.59690350096626,
              3.023939221195724
            ],
            [
              101.5970818023416,
              3.0238956215224846
            ],
            [
              101.5971140031492,
              3.0240268196941407
            ],
            [
              101.59693570177384,
              3.02407041936738
            ],
            [
              101.59693570177384,
              3.02407041936738
            ],
            [
              101.59690350096626,
              3.023939221195724
            ],
            [
              101.59691960356626,
              3.0240048180884096
            ],
            [
              101.5970818023416,
              3.0238956215224846
            ],
            [
              101.5971140031492,
              3.0240268196941407
            ],
            [
              101.59709790054919,
              3.0239612184151703
            ],
            [
              101.59690350096626,
              3.023939221195724
            ]
          ]
        ]
      },
      "properties": {
        "name": "element.081",
        "type": "MESH",
        "building": "house",
        "id": "892124835"
      }
    },
    {
      "type": "Feature",
      "geometry": {
        "type": "Polygon",
        "coordinates": [
          [
            [
              101.59677290123741,
              3.024117317526965
            ],
            [
              101.59672730355857,
              3.023951318569848
            ],
            [
              101.59682040083273,
              3.0239258167086596
            ],
            [
              101.59686590187842,
              3.0240919165503324
            ],
            [
              101.59672730355857,
              3.023951318569848
            ],
            [
              101.59682040083273,
              3.0239258167086596
            ],
            [
              101.59677384999944,
              3.023938567639254
            ],
            [
              101.59686590187842,
              3.0240919165503324
            ],
            [
              101.59677290123741,
              3.024117317526965
            ],
            [
              101.59681934226029,
              3.0241046323906464
            ],
            [
              101.59677290123741,
              3.024117317526965
            ]
          ]
        ]
      },
      "properties": {
        "name": "element.082",
        "type": "MESH",
        "building": "house",
        "id": "892124836"
      }
    },
    {
      "type": "Feature",
      "geometry": {
        "type": "Polygon",
        "coordinates": [
          [
            [
              101.59664060164326,
              3.024019520915844
            ],
            [
              101.59671320390062,
              3.0239985193831003
            ],
            [
              101.59673730509162,
              3.0240815210548013
            ],
            [
              101.59666480385985,
              3.0241026190858156
            ],
            [
              101.59671320390062,
              3.0239985193831003
            ],
            [
              101.59673730509162,
              3.0240815210548013
            ],
            [
              101.59666480385985,
              3.0241026190858156
            ],
            [
              101.59670105447574,
              3.0240920700703087
            ],
            [
              101.59664060164326,
              3.024019520915844
            ],
            [
              101.59667690496815,
              3.0240090201494723
            ],
            [
              101.59664060164326,
              3.024019520915844
            ]
          ]
        ]
      },
      "properties": {
        "name": "element.083",
        "type": "MESH",
        "building": "house",
        "id": "892124837"
      }
    },
    {
      "type": "Feature",
      "geometry": {
        "type": "Polygon",
        "coordinates": [
          [
            [
              101.5964481039768,
              3.0240878197601107
            ],
            [
              101.59653660239057,
              3.024063721510133
            ],
            [
              101.59655750150974,
              3.0241401218228576
            ],
            [
              101.59646900309596,
              3.024164220072835
            ],
            [
              101.59655750150974,
              3.0241401218228576
            ],
            [
              101.59646900309596,
              3.024164220072835
            ],
            [
              101.5964481039768,
              3.0240878197601107
            ],
            [
              101.59645855353638,
              3.024126019916473
            ],
            [
              101.59653660239057,
              3.024063721510133
            ],
            [
              101.59654705195015,
              3.024101921666495
            ],
            [
              101.5964481039768,
              3.0240878197601107
            ]
          ]
        ]
      },
      "properties": {
        "name": "element.084",
        "type": "MESH",
        "building": "house",
        "id": "892124838"
      }
    },
    {
      "type": "Feature",
      "geometry": {
        "type": "Polygon",
        "coordinates": [
          [
            [
              101.59646560336535,
              3.0238704223149635
            ],
            [
              101.5964441024851,
              3.0237766216095086
            ],
            [
              101.5966943033311,
              3.023719520950934
            ],
            [
              101.59671570318578,
              3.023813321656389
            ],
            [
              101.59646560336535,
              3.0238704223149635
            ],
            [
              101.5964441024851,
              3.0237766216095086
            ],
            [
              101.59645485512144,
              3.023823524155379
            ],
            [
              101.5966943033311,
              3.023719520950934
            ],
            [
              101.59671570318578,
              3.023813321656389
            ],
            [
              101.59670500325845,
              3.023766423496804
            ],
            [
              101.59646560336535,
              3.0238704223149635
            ]
          ]
        ]
      },
      "properties": {
        "name": "element.085",
        "type": "MESH",
        "building": "house",
        "id": "892124839"
      }
    },
    {
      "type": "Feature",
      "geometry": {
        "type": "Polygon",
        "coordinates": [
          [
            [
              101.59646630175962,
              3.0236820226001773
            ],
            [
              101.5966736018707,
              3.0235964198614513
            ],
            [
              101.5967058026783,
              3.023674122900831
            ],
            [
              101.59649850256721,
              3.023759721253272
            ],
            [
              101.59649850256721,
              3.023759721253272
            ],
            [
              101.59646630175962,
              3.0236820226001773
            ],
            [
              101.59648240435963,
              3.0237208719267246
            ],
            [
              101.5966736018707,
              3.0235964198614513
            ],
            [
              101.5967058026783,
              3.023674122900831
            ],
            [
              101.5966897000783,
              3.0236352735742837
            ],
            [
              101.59646630175962,
              3.0236820226001773
            ]
          ]
        ]
      },
      "properties": {
        "name": "element.086",
        "type": "MESH",
        "building": "house",
        "id": "892124840"
      }
    },
    {
      "type": "Feature",
      "geometry": {
        "type": "Polygon",
        "coordinates": [
          [
            [
              101.59631210157528,
              3.023501325201911
            ],
            [
              101.5963790991088,
              3.023487925101132
            ],
            [
              101.5964072984247,
              3.0236285230816162
            ],
            [
              101.59634019986558,
              3.0236419231823954
            ],
            [
              101.59634019986558,
              3.0236419231823954
            ],
            [
              101.59631210157528,
              3.023501325201911
            ],
            [
              101.5963790991088,
              3.023487925101132
            ],
            [
              101.59634554982925,
              3.0234946317309492
            ],
            [
              101.5964072984247,
              3.0236285230816162
            ],
            [
              101.59637374914513,
              3.0236352209388633
            ],
            [
              101.59631210157528,
              3.023501325201911
            ]
          ]
        ]
      },
      "properties": {
        "name": "element.087",
        "type": "MESH",
        "building": "house",
        "id": "892124841"
      }
    },
    {
      "type": "Feature",
      "geometry": {
        "type": "Polygon",
        "coordinates": [
          [
            [
              101.59642070408077,
              3.0234785209060187
            ],
            [
              101.59658620156114,
              3.0234412199380882
            ],
            [
              101.59662370401581,
              3.0236072188952052
            ],
            [
              101.59645830316862,
              3.0236445198631356
            ],
            [
              101.59658620156114,
              3.0234412199380882
            ],
            [
              101.59662370401581,
              3.0236072188952052
            ],
            [
              101.59645830316862,
              3.0236445198631356
            ],
            [
              101.59654100359222,
              3.0236258693791704
            ],
            [
              101.59642070408077,
              3.0234785209060187
            ],
            [
              101.59650345282095,
              3.0234598704220534
            ],
            [
              101.59642070408077,
              3.0234785209060187
            ]
          ]
        ]
      },
      "properties": {
        "name": "element.088",
        "type": "MESH",
        "building": "house",
        "id": "892124842"
      }
    },
    {
      "type": "Feature",
      "geometry": {
        "type": "Polygon",
        "coordinates": [
          [
            [
              101.59703150038436,
              3.023344120746288
            ],
            [
              101.59709580097396,
              3.0233280186939275
            ],
            [
              101.5971288012014,
              3.023459716902077
            ],
            [
              101.59706439958622,
              3.0234758189544375
            ],
            [
              101.59706439958622,
              3.0234758189544375
            ],
            [
              101.59703150038436,
              3.023344120746288
            ],
            [
              101.59709580097396,
              3.0233280186939275
            ],
            [
              101.59706360016636,
              3.0233360806858203
            ],
            [
              101.5971288012014,
              3.023459716902077
            ],
            [
              101.59709660039381,
              3.0234677701214
            ],
            [
              101.59703150038436,
              3.023344120746288
            ]
          ]
        ]
      },
      "properties": {
        "name": "element.089",
        "type": "MESH",
        "building": "house",
        "id": "892124843"
      }
    },
    {
      "type": "Feature",
      "geometry": {
        "type": "Polygon",
        "coordinates": [
          [
            [
              101.59627440146186,
              3.023335321858509
            ],
            [
              101.59636029956488,
              3.0233112236085318
            ],
            [
              101.59638850327318,
              3.0234115247884072
            ],
            [
              101.59630270180332,
              3.023435623038385
            ],
            [
              101.59636029956488,
              3.0233112236085318
            ],
            [
              101.59638850327318,
              3.0234115247884072
            ],
            [
              101.59630270180332,
              3.023435623038385
            ],
            [
              101.59634564646242,
              3.0234235607545408
            ],
            [
              101.59627440146186,
              3.023335321858509
            ],
            [
              101.59631735051336,
              3.0233232727335206
            ],
            [
              101.59627440146186,
              3.023335321858509
            ]
          ]
        ]
      },
      "properties": {
        "name": "element.090",
        "type": "MESH",
        "building": "house",
        "id": "892124847"
      }
    },
    {
      "type": "Feature",
      "geometry": {
        "type": "Polygon",
        "coordinates": [
          [
            [
              101.59641800713686,
              3.026916306891803
            ],
            [
              101.59649040734304,
              3.026909604648271
            ],
            [
              101.5965039096323,
              3.0270542051138487
            ],
            [
              101.59643140840053,
              3.0270609051642383
            ],
            [
              101.59643140840053,
              3.0270609051642383
            ],
            [
              101.59641800713686,
              3.026916306891803
            ],
            [
              101.59649040734304,
              3.026909604648271
            ],
            [
              101.59645415672716,
              3.026912960156322
            ],
            [
              101.5965039096323,
              3.0270542051138487
            ],
            [
              101.59646765901641,
              3.027057554042472
            ],
            [
              101.59641800713686,
              3.026916306891803
            ]
          ]
        ]
      },
      "properties": {
        "name": "element.091",
        "type": "MESH",
        "building": "house",
        "id": "892545529"
      }
    },
    {
      "type": "Feature",
      "geometry": {
        "type": "Polygon",
        "coordinates": [
          [
            [
              101.59666750519618,
              3.0269297069925822
            ],
            [
              101.59677490417947,
              3.0269144054372408
            ],
            [
              101.59678690426219,
              3.0269987054493117
            ],
            [
              101.5966795052789,
              3.0270141056960664
            ],
            [
              101.59666750519618,
              3.0269297069925822
            ],
            [
              101.59677490417947,
              3.0269144054372408
            ],
            [
              101.59678690426219,
              3.0269987054493117
            ],
            [
              101.5967808998284,
              3.0269565071941407
            ],
            [
              101.5966795052789,
              3.0270141056960664
            ],
            [
              101.59667350523755,
              3.0269719052477533
            ],
            [
              101.59666750519618,
              3.0269297069925822
            ]
          ]
        ]
      },
      "properties": {
        "name": "element.092",
        "type": "MESH",
        "building": "house",
        "id": "892545530"
      }
    },
    {
      "type": "Feature",
      "geometry": {
        "type": "Polygon",
        "coordinates": [
          [
            [
              101.59653210894818,
              3.0268897040730707
            ],
            [
              101.59662860595296,
              3.0268737050984087
            ],
            [
              101.59667010989935,
              3.027122503958115
            ],
            [
              101.59657360850215,
              3.027138603817333
            ],
            [
              101.59667010989935,
              3.027122503958115
            ],
            [
              101.59657360850215,
              3.027138603817333
            ],
            [
              101.59662185920075,
              3.0271305527911525
            ],
            [
              101.59653210894818,
              3.0268897040730707
            ],
            [
              101.59662860595296,
              3.0268737050984087
            ],
            [
              101.59658035964678,
              3.026881705682311
            ],
            [
              101.59653210894818,
              3.0268897040730707
            ]
          ]
        ]
      },
      "properties": {
        "name": "element.093",
        "type": "MESH",
        "building": "house",
        "id": "892545531"
      }
    },
    {
      "type": "Feature",
      "geometry": {
        "type": "Polygon",
        "coordinates": [
          [
            [
              101.59669410567236,
              3.027124006260739
            ],
            [
              101.59668210558965,
              3.02703030643984
            ],
            [
              101.59686060462374,
              3.027007405645677
            ],
            [
              101.59687270573204,
              3.027101105466576
            ],
            [
              101.59686060462374,
              3.027007405645677
            ],
            [
              101.59687270573204,
              3.027101105466576
            ],
            [
              101.59686665737411,
              3.0270542555561266
            ],
            [
              101.59669410567236,
              3.027124006260739
            ],
            [
              101.59668210558965,
              3.02703030643984
            ],
            [
              101.596688105631,
              3.02707715635029
            ],
            [
              101.59669410567236,
              3.027124006260739
            ]
          ]
        ]
      },
      "properties": {
        "name": "element.094",
        "type": "MESH",
        "building": "house",
        "id": "892545532"
      }
    },
    {
      "type": "Feature",
      "geometry": {
        "type": "Polygon",
        "coordinates": [
          [
            [
              101.59671380566172,
              3.0272295029952376
            ],
            [
              101.59670040439805,
              3.0271411039998024
            ],
            [
              101.59686730305937,
              3.0271158039077255
            ],
            [
              101.59688070432304,
              3.0272042029031607
            ],
            [
              101.59688070432304,
              3.0272042029031607
            ],
            [
              101.59671380566172,
              3.0272295029952376
            ],
            [
              101.59670040439805,
              3.0271411039998024
            ],
            [
              101.59670710283368,
              3.027185302400949
            ],
            [
              101.59686730305937,
              3.0271158039077255
            ],
            [
              101.59687400588741,
              3.027160002308872
            ],
            [
              101.59671380566172,
              3.0272295029952376
            ]
          ]
        ]
      },
      "properties": {
        "name": "element.095",
        "type": "MESH",
        "building": "house",
        "id": "892545533"
      }
    },
    {
      "type": "Feature",
      "geometry": {
        "type": "Polygon",
        "coordinates": [
          [
            [
              101.59672490529898,
              3.02732200316718
            ],
            [
              101.59671410434606,
              3.0272497040309627
            ],
            [
              101.59690350535867,
              3.0272216032958914
            ],
            [
              101.59691420528601,
              3.0272940033166647
            ],
            [
              101.59691420528601,
              3.0272940033166647
            ],
            [
              101.59672490529898,
              3.02732200316718
            ],
            [
              101.59671410434606,
              3.0272497040309627
            ],
            [
              101.59671951141115,
              3.027285895268779
            ],
            [
              101.59690350535867,
              3.0272216032958914
            ],
            [
              101.59690885532234,
              3.027257803306278
            ],
            [
              101.59672490529898,
              3.02732200316718
            ]
          ]
        ]
      },
      "properties": {
        "name": "element.096",
        "type": "MESH",
        "building": "house",
        "id": "892545534"
      }
    },
    {
      "type": "Feature",
      "geometry": {
        "type": "Polygon",
        "coordinates": [
          [
            [
              101.59669950834503,
              3.0274090029376897
            ],
            [
              101.59669121106968,
              3.0274572016307872
            ],
            [
              101.59659890882295,
              3.02746940208261
            ],
            [
              101.59659770969316,
              3.0274199028559994
            ],
            [
              101.59659890882295,
              3.02746940208261
            ],
            [
              101.59659770969316,
              3.0274199028559994
            ],
            [
              101.59659831145426,
              3.027444652469305
            ],
            [
              101.59669950834503,
              3.0274090029376897
            ],
            [
              101.59669121106968,
              3.0274572016307872
            ],
            [
              101.59669515545997,
              3.027434283291484
            ],
            [
              101.59669950834503,
              3.0274090029376897
            ]
          ]
        ]
      },
      "properties": {
        "name": "element.097",
        "type": "MESH",
        "building": "house",
        "id": "892545535"
      }
    },
    {
      "type": "Feature",
      "geometry": {
        "type": "Polygon",
        "coordinates": [
          [
            [
              101.59656970803603,
              3.027157304743576
            ],
            [
              101.59669580993007,
              3.027143904642797
            ],
            [
              101.59672380719479,
              3.02740650275522
            ],
            [
              101.59659770969316,
              3.0274199028559994
            ],
            [
              101.59669580993007,
              3.027143904642797
            ],
            [
              101.59672380719479,
              3.02740650275522
            ],
            [
              101.59659770969316,
              3.0274199028559994
            ],
            [
              101.59666075844397,
              3.0274132028056098
            ],
            [
              101.59656970803603,
              3.027157304743576
            ],
            [
              101.59663276117927,
              3.0271506046931864
            ],
            [
              101.59656970803603,
              3.027157304743576
            ]
          ]
        ]
      },
      "properties": {
        "name": "element.098",
        "type": "MESH",
        "building": "house",
        "id": "892545536"
      }
    },
    {
      "type": "Feature",
      "geometry": {
        "type": "Polygon",
        "coordinates": [
          [
            [
              101.59673051002282,
              3.0273395022513236
            ],
            [
              101.5969097074512,
              3.0273111032488704
            ],
            [
              101.59692710581416,
              3.027420900735845
            ],
            [
              101.5967479083858,
              3.027449301931441
            ],
            [
              101.5967479083858,
              3.027449301931441
            ],
            [
              101.59673051002282,
              3.0273395022513236
            ],
            [
              101.5967392070081,
              3.0273944031879534
            ],
            [
              101.5969097074512,
              3.0273111032488704
            ],
            [
              101.59692710581416,
              3.027420900735845
            ],
            [
              101.59691840882888,
              3.0273660019923576
            ],
            [
              101.59673051002282,
              3.0273395022513236
            ]
          ]
        ]
      },
      "properties": {
        "name": "element.099",
        "type": "MESH",
        "building": "house",
        "id": "892545537"
      }
    },
    {
      "type": "Feature",
      "geometry": {
        "type": "Polygon",
        "coordinates": [
          [
            [
              101.5967506053297,
              3.027465401790659
            ],
            [
              101.5969280062596,
              3.0274353031027545
            ],
            [
              101.59695080729524,
              3.0275692010328488
            ],
            [
              101.59677340636534,
              3.0275993019138956
            ],
            [
              101.59695080729524,
              3.0275692010328488
            ],
            [
              101.59677340636534,
              3.0275993019138956
            ],
            [
              101.5967506053297,
              3.027465401790659
            ],
            [
              101.59676200804374,
              3.027532351852277
            ],
            [
              101.5969280062596,
              3.0274353031027545
            ],
            [
              101.59693940458122,
              3.027502253164373
            ],
            [
              101.5967506053297,
              3.027465401790659
            ]
          ]
        ]
      },
      "properties": {
        "name": "element.100",
        "type": "MESH",
        "building": "house",
        "id": "892545538"
      }
    },
    {
      "type": "Feature",
      "geometry": {
        "type": "Polygon",
        "coordinates": [
          [
            [
              101.59650260508451,
              3.027645103502222
            ],
            [
              101.59648240875204,
              3.027517903429375
            ],
            [
              101.5966795052789,
              3.02748680247534
            ],
            [
              101.59669970600378,
              3.0276140025481877
            ],
            [
              101.59669970600378,
              3.0276140025481877
            ],
            [
              101.59650260508451,
              3.027645103502222
            ],
            [
              101.59648240875204,
              3.027517903429375
            ],
            [
              101.59649250691828,
              3.027581502369227
            ],
            [
              101.5966795052789,
              3.02748680247534
            ],
            [
              101.59668960783755,
              3.0275504036083354
            ],
            [
              101.59650260508451,
              3.027645103502222
            ]
          ]
        ]
      },
      "properties": {
        "name": "element.101",
        "type": "MESH",
        "building": "house",
        "id": "892545539"
      }
    },
    {
      "type": "Feature",
      "geometry": {
        "type": "Polygon",
        "coordinates": [
          [
            [
              101.59662030867761,
              3.027807001282832
            ],
            [
              101.59660010795274,
              3.027641002325715
            ],
            [
              101.59669550685331,
              3.0276295014863557
            ],
            [
              101.5967156065526,
              3.0277955004434727
            ],
            [
              101.59669550685331,
              3.0276295014863557
            ],
            [
              101.5967156065526,
              3.0277955004434727
            ],
            [
              101.59662030867761,
              3.027807001282832
            ],
            [
              101.5966680059317,
              3.027801244283725
            ],
            [
              101.59660010795274,
              3.027641002325715
            ],
            [
              101.59664780520681,
              3.0276352519060357
            ],
            [
              101.59662030867761,
              3.027807001282832
            ]
          ]
        ]
      },
      "properties": {
        "name": "element.102",
        "type": "MESH",
        "building": "house",
        "id": "892545540"
      }
    },
    {
      "type": "Feature",
      "geometry": {
        "type": "Polygon",
        "coordinates": [
          [
            [
              101.59679890873731,
              3.0277855019067372
            ],
            [
              101.59671561094503,
              3.0277955004434727
            ],
            [
              101.59669551124573,
              3.0276295014863557
            ],
            [
              101.59677880903801,
              3.027619402065065
            ],
            [
              101.59669551124573,
              3.0276295014863557
            ],
            [
              101.59677880903801,
              3.027619402065065
            ],
            [
              101.59673716014187,
              3.0276244528722813
            ],
            [
              101.59679890873731,
              3.0277855019067372
            ],
            [
              101.59671561094503,
              3.0277955004434727
            ],
            [
              101.59675725984117,
              3.0277905022716762
            ],
            [
              101.59679890873731,
              3.0277855019067372
            ]
          ]
        ]
      },
      "properties": {
        "name": "element.103",
        "type": "MESH",
        "building": "house",
        "id": "892545541"
      }
    },
    {
      "type": "Feature",
      "geometry": {
        "type": "Polygon",
        "coordinates": [
          [
            [
              101.59677880903801,
              3.027619402065065
            ],
            [
              101.59696790697386,
              3.027596602155457
            ],
            [
              101.59698800667316,
              3.027762601112574
            ],
            [
              101.59679890873731,
              3.0277855019067372
            ],
            [
              101.59677880903801,
              3.027619402065065
            ],
            [
              101.59696790697386,
              3.027596602155457
            ],
            [
              101.59698800667316,
              3.027762601112574
            ],
            [
              101.59697795682351,
              3.0276796016340155
            ],
            [
              101.59679890873731,
              3.0277855019067372
            ],
            [
              101.59678885888766,
              3.027702451985901
            ],
            [
              101.59677880903801,
              3.027619402065065
            ]
          ]
        ]
      },
      "properties": {
        "name": "element.104",
        "type": "MESH",
        "building": "house",
        "id": "892545542"
      }
    },
    {
      "type": "Feature",
      "geometry": {
        "type": "Polygon",
        "coordinates": [
          [
            [
              101.59621980811339,
              3.0270141056960664
            ],
            [
              101.59639410799703,
              3.0270101054041154
            ],
            [
              101.59639790743756,
              3.027173404602794
            ],
            [
              101.59622360755392,
              3.0271775057793007
            ],
            [
              101.59621980811339,
              3.0270141056960664
            ],
            [
              101.59639410799703,
              3.0270101054041154
            ],
            [
              101.59639790743756,
              3.027173404602794
            ],
            [
              101.59639600552109,
              3.0270917561000257
            ],
            [
              101.59622360755392,
              3.0271775057793007
            ],
            [
              101.59622170563745,
              3.0270958068342546
            ],
            [
              101.59621980811339,
              3.0270141056960664
            ]
          ]
        ]
      },
      "properties": {
        "name": "element.105",
        "type": "MESH",
        "building": "house",
        "id": "892545543"
      }
    },
    {
      "type": "Feature",
      "geometry": {
        "type": "Polygon",
        "coordinates": [
          [
            [
              101.59628270752202,
              3.027241705640203
            ],
            [
              101.5964034067434,
              3.0272403042221345
            ],
            [
              101.59640460587319,
              3.027346204494856
            ],
            [
              101.59628390665182,
              3.0273475050283687
            ],
            [
              101.59640460587319,
              3.027346204494856
            ],
            [
              101.59628390665182,
              3.0273475050283687
            ],
            [
              101.59628270752202,
              3.027241705640203
            ],
            [
              101.59628330489072,
              3.0272946042377145
            ],
            [
              101.5964034067434,
              3.0272403042221345
            ],
            [
              101.59640400411209,
              3.0272932554550662
            ],
            [
              101.59628270752202,
              3.027241705640203
            ]
          ]
        ]
      },
      "properties": {
        "name": "element.106",
        "type": "MESH",
        "building": "house",
        "id": "892545544"
      }
    },
    {
      "type": "Feature",
      "geometry": {
        "type": "Polygon",
        "coordinates": [
          [
            [
              101.59645070867997,
              3.0280006996299393
            ],
            [
              101.59665590482341,
              3.027975199961894
            ],
            [
              101.59666480825227,
              3.028046599909679
            ],
            [
              101.59645960771641,
              3.028072099577725
            ],
            [
              101.59645960771641,
              3.028072099577725
            ],
            [
              101.59645070867997,
              3.0280006996299393
            ],
            [
              101.59645515819818,
              3.0280363996038324
            ],
            [
              101.59665590482341,
              3.027975199961894
            ],
            [
              101.59666480825227,
              3.028046599909679
            ],
            [
              101.59666035873404,
              3.0280108999357864
            ],
            [
              101.59645070867997,
              3.0280006996299393
            ]
          ]
        ]
      },
      "properties": {
        "name": "element.107",
        "type": "MESH",
        "building": "house",
        "id": "892545551"
      }
    },
    {
      "type": "Feature",
      "geometry": {
        "type": "Polygon",
        "coordinates": [
          [
            [
              101.59665690629444,
              3.0279100022211463
            ],
            [
              101.59665150801419,
              3.027861801334906
            ],
            [
              101.59680830411685,
              3.027844403135318
            ],
            [
              101.59681360576394,
              3.0278926018284156
            ],
            [
              101.59665690629444,
              3.0279100022211463
            ],
            [
              101.59665150801419,
              3.027861801334906
            ],
            [
              101.5966542049581,
              3.027885901778026
            ],
            [
              101.59680830411685,
              3.027844403135318
            ],
            [
              101.59681360576394,
              3.0278926018284156
            ],
            [
              101.5968109571366,
              3.0278685013852957
            ],
            [
              101.59665690629444,
              3.0279100022211463
            ]
          ]
        ]
      },
      "properties": {
        "name": "element.108",
        "type": "MESH",
        "building": "house",
        "id": "892545552"
      }
    },
    {
      "type": "Feature",
      "geometry": {
        "type": "Polygon",
        "coordinates": [
          [
            [
              101.59649850695963,
              3.027896602120367
            ],
            [
              101.59663690762072,
              3.027876901121136
            ],
            [
              101.59664890770344,
              3.0279612998246206
            ],
            [
              101.59651060806793,
              3.0279810008238512
            ],
            [
              101.59651060806793,
              3.0279810008238512
            ],
            [
              101.59649850695963,
              3.027896602120367
            ],
            [
              101.59650455970998,
              3.0279388003755376
            ],
            [
              101.59663690762072,
              3.027876901121136
            ],
            [
              101.59664890770344,
              3.0279612998246206
            ],
            [
              101.59664290766209,
              3.0279191015694495
            ],
            [
              101.59649850695963,
              3.027896602120367
            ]
          ]
        ]
      },
      "properties": {
        "name": "element.109",
        "type": "MESH",
        "building": "house",
        "id": "892545553"
      }
    },
    {
      "type": "Feature",
      "geometry": {
        "type": "Polygon",
        "coordinates": [
          [
            [
              101.59683510664419,
              3.0278511009925655
            ],
            [
              101.5969706083102,
              3.027835301593872
            ],
            [
              101.59698270502608,
              3.0279384012236
            ],
            [
              101.59684720775249,
              3.027954200622293
            ],
            [
              101.59683510664419,
              3.0278511009925655
            ],
            [
              101.5969706083102,
              3.027835301593872
            ],
            [
              101.59698270502608,
              3.0279384012236
            ],
            [
              101.59697665666813,
              3.027886851408736
            ],
            [
              101.59684720775249,
              3.027954200622293
            ],
            [
              101.59684115939454,
              3.027902650807429
            ],
            [
              101.59683510664419,
              3.0278511009925655
            ]
          ]
        ]
      },
      "properties": {
        "name": "element.110",
        "type": "MESH",
        "building": "house",
        "id": "892545554"
      }
    },
    {
      "type": "Feature",
      "geometry": {
        "type": "Polygon",
        "coordinates": [
          [
            [
              101.5967479083858,
              3.027987700874241
            ],
            [
              101.59690160783461,
              3.0279704013660664
            ],
            [
              101.59691100760658,
              3.0280534008446245
            ],
            [
              101.59675730815775,
              3.0280707003527993
            ],
            [
              101.59690160783461,
              3.0279704013660664
            ],
            [
              101.59691100760658,
              3.0280534008446245
            ],
            [
              101.59690630772059,
              3.0280119000087744
            ],
            [
              101.59675730815775,
              3.0280707003527993
            ],
            [
              101.5967479083858,
              3.027987700874241
            ],
            [
              101.59675260827177,
              3.028029199516949
            ],
            [
              101.5967479083858,
              3.027987700874241
            ]
          ]
        ]
      },
      "properties": {
        "name": "element.111",
        "type": "MESH",
        "building": "house",
        "id": "892545555"
      }
    },
    {
      "type": "Feature",
      "geometry": {
        "type": "Polygon",
        "coordinates": [
          [
            [
              101.59649850695963,
              3.028127000514355
            ],
            [
              101.59664470855297,
              3.0281096001216246
            ],
            [
              101.59666210691593,
              3.028255501120715
            ],
            [
              101.59660130708252,
              3.0282627998990117
            ],
            [
              101.59660650770402,
              3.028307700105764
            ],
            [
              101.59645561061713,
              3.0283251991899074
            ],
            [
              101.59644480966419,
              3.0282327999025207
            ],
            [
              101.596510208358,
              3.0282252006636994
            ],
            [
              101.59664470855297,
              3.0281096001216246
            ],
            [
              101.59666210691593,
              3.028255501120715
            ],
            [
              101.59665609808974,
              3.0282051136713855
            ],
            [
              101.59660130708252,
              3.0282627998990117
            ],
            [
              101.59660650770402,
              3.028307700105764
            ],
            [
              101.59645561061713,
              3.0283251991899074
            ],
            [
              101.59644480966419,
              3.0282327999025207
            ],
            [
              101.596510208358,
              3.0282252006636994
            ],
            [
              101.59649850695963,
              3.028127000514355
            ],
            [
              101.59650983500258,
              3.028222077628755
            ],
            [
              101.59649850695963,
              3.028127000514355
            ]
          ]
        ]
      },
      "properties": {
        "name": "element.112",
        "type": "MESH",
        "building": "house",
        "id": "892545556"
      }
    },
    {
      "type": "Feature",
      "geometry": {
        "type": "Polygon",
        "coordinates": [
          [
            [
              101.59631171065018,
              3.0281839015969605
            ],
            [
              101.596414910483,
              3.028175800128502
            ],
            [
              101.59642741130124,
              3.028335899532248
            ],
            [
              101.59632411044282,
              3.0283439001161505
            ],
            [
              101.59632411044282,
              3.0283439001161505
            ],
            [
              101.59631171065018,
              3.0281839015969605
            ],
            [
              101.596414910483,
              3.028175800128502
            ],
            [
              101.59636330837039,
              3.028179850862731
            ],
            [
              101.59642741130124,
              3.028335899532248
            ],
            [
              101.59637576087204,
              3.0283398998241995
            ],
            [
              101.59631171065018,
              3.0281839015969605
            ]
          ]
        ]
      },
      "properties": {
        "name": "element.113",
        "type": "MESH",
        "building": "house",
        "id": "892545557"
      }
    },
    {
      "type": "Feature",
      "geometry": {
        "type": "Polygon",
        "coordinates": [
          [
            [
              101.59697420569955,
              3.028933495777869
            ],
            [
              101.59696620710855,
              3.028853095173193
            ],
            [
              101.5970899063506,
              3.0288407960299577
            ],
            [
              101.5970980059672,
              3.0289210957500776
            ],
            [
              101.59696620710855,
              3.028853095173193
            ],
            [
              101.5970899063506,
              3.0288407960299577
            ],
            [
              101.5970980059672,
              3.0289210957500776
            ],
            [
              101.59709395176648,
              3.028880902027167
            ],
            [
              101.59697420569955,
              3.028933495777869
            ],
            [
              101.59697020860027,
              3.028893295475531
            ],
            [
              101.59697420569955,
              3.028933495777869
            ]
          ]
        ]
      },
      "properties": {
        "name": "element.114",
        "type": "MESH",
        "building": "yes",
        "id": "892545569"
      }
    },
    {
      "type": "Feature",
      "geometry": {
        "type": "Polygon",
        "coordinates": [
          [
            [
              101.59688260623952,
              3.028692497926096
            ],
            [
              101.59687050513122,
              3.0285946991218324
            ],
            [
              101.59700410488075,
              3.0285782988020897
            ],
            [
              101.59701620598904,
              3.028676097606353
            ],
            [
              101.59687050513122,
              3.0285946991218324
            ],
            [
              101.59700410488075,
              3.0285782988020897
            ],
            [
              101.59701620598904,
              3.028676097606353
            ],
            [
              101.5970101576311,
              3.0286271971076504
            ],
            [
              101.59688260623952,
              3.028692497926096
            ],
            [
              101.59687655788157,
              3.0286435974273926
            ],
            [
              101.59688260623952,
              3.028692497926096
            ]
          ]
        ]
      },
      "properties": {
        "name": "element.115",
        "type": "MESH",
        "building": "yes",
        "id": "892545570"
      }
    },
    {
      "type": "Feature",
      "geometry": {
        "type": "Polygon",
        "coordinates": [
          [
            [
              101.59695140466393,
              3.0284604985380703
            ],
            [
              101.59703990747012,
              3.0284537984876807
            ],
            [
              101.5970457054603,
              3.0285300979158496
            ],
            [
              101.59695710602094,
              3.028536797966239
            ],
            [
              101.59703990747012,
              3.0284537984876807
            ],
            [
              101.5970457054603,
              3.0285300979158496
            ],
            [
              101.59704280646521,
              3.028491948201765
            ],
            [
              101.59695710602094,
              3.028536797966239
            ],
            [
              101.59695140466393,
              3.0284604985380703
            ],
            [
              101.59695425534244,
              3.028498648252155
            ],
            [
              101.59695140466393,
              3.0284604985380703
            ]
          ]
        ]
      },
      "properties": {
        "name": "element.116",
        "type": "MESH",
        "building": "yes",
        "id": "892545571"
      }
    },
    {
      "type": "Feature",
      "geometry": {
        "type": "Polygon",
        "coordinates": [
          [
            [
              101.59680601127528,
              3.0284245989882086
            ],
            [
              101.59690390946102,
              3.0284032004966694
            ],
            [
              101.59693970765798,
              3.028566199234823
            ],
            [
              101.59684180947224,
              3.028587698610918
            ],
            [
              101.59693970765798,
              3.028566199234823
            ],
            [
              101.59684180947224,
              3.028587698610918
            ],
            [
              101.59689075856511,
              3.028576947826299
            ],
            [
              101.59680601127528,
              3.0284245989882086
            ],
            [
              101.59690390946102,
              3.0284032004966694
            ],
            [
              101.59685496036815,
              3.0284138986458675
            ],
            [
              101.59680601127528,
              3.0284245989882086
            ]
          ]
        ]
      },
      "properties": {
        "name": "element.117",
        "type": "MESH",
        "building": "yes",
        "id": "892545572"
      }
    },
    {
      "type": "Feature",
      "geometry": {
        "type": "Polygon",
        "coordinates": [
          [
            [
              101.59685390618812,
              3.0287831953348894
            ],
            [
              101.59694790830015,
              3.028778295854506
            ],
            [
              101.5969505086109,
              3.028829095614629
            ],
            [
              101.59685660752446,
              3.0288340959795677
            ],
            [
              101.59685660752446,
              3.0288340959795677
            ],
            [
              101.59685390618812,
              3.0287831953348894
            ],
            [
              101.59685525905249,
              3.0288086467538
            ],
            [
              101.59694790830015,
              3.028778295854506
            ],
            [
              101.5969505086109,
              3.028829095614629
            ],
            [
              101.59694920845553,
              3.028803747273417
            ],
            [
              101.59685390618812,
              3.0287831953348894
            ]
          ]
        ]
      },
      "properties": {
        "name": "element.118",
        "type": "MESH",
        "building": "yes",
        "id": "892545573"
      }
    },
    {
      "type": "Feature",
      "geometry": {
        "type": "Polygon",
        "coordinates": [
          [
            [
              101.59707520932398,
              3.028728296591402
            ],
            [
              101.5970853074902,
              3.0288207967633443
            ],
            [
              101.59697540922176,
              3.0288327976391978
            ],
            [
              101.59696521002994,
              3.0287402974672553
            ],
            [
              101.59697540922176,
              3.0288327976391978
            ],
            [
              101.59696521002994,
              3.0287402974672553
            ],
            [
              101.59697030962585,
              3.0287865464566552
            ],
            [
              101.59707520932398,
              3.028728296591402
            ],
            [
              101.5970853074902,
              3.0288207967633443
            ],
            [
              101.5970802606033,
              3.0287745477739443
            ],
            [
              101.59707520932398,
              3.028728296591402
            ]
          ]
        ]
      },
      "properties": {
        "name": "element.119",
        "type": "MESH",
        "building": "yes",
        "id": "892545574"
      }
    },
    {
      "type": "Feature",
      "geometry": {
        "type": "Polygon",
        "coordinates": [
          [
            [
              101.59697600659045,
              3.0290076941755064
            ],
            [
              101.5969706083102,
              3.0289514948985063
            ],
            [
              101.59709260768695,
              3.0289398953677336
            ],
            [
              101.5970980059672,
              3.0289960946447336
            ],
            [
              101.5969706083102,
              3.0289514948985063
            ],
            [
              101.59709260768695,
              3.0289398953677336
            ],
            [
              101.5970980059672,
              3.0289960946447336
            ],
            [
              101.59709530463086,
              3.0289679939096623
            ],
            [
              101.59697600659045,
              3.0290076941755064
            ],
            [
              101.59697330525411,
              3.0289795956335777
            ],
            [
              101.59697600659045,
              3.0290076941755064
            ]
          ]
        ]
      },
      "properties": {
        "name": "element.120",
        "type": "MESH",
        "building": "yes",
        "id": "892545575"
      }
    },
    {
      "type": "Feature",
      "geometry": {
        "type": "Polygon",
        "coordinates": [
          [
            [
              101.59697220714992,
              3.0290946961391585
            ],
            [
              101.596977508797,
              3.0290344965702074
            ],
            [
              101.59707380814302,
              3.0290429949974613
            ],
            [
              101.59706850649593,
              3.029103295450968
            ],
            [
              101.59707380814302,
              3.0290429949974613
            ],
            [
              101.59706850649593,
              3.029103295450968
            ],
            [
              101.59707115512326,
              3.0290731463207856
            ],
            [
              101.59697220714992,
              3.0290946961391585
            ],
            [
              101.596977508797,
              3.0290344965702074
            ],
            [
              101.59697486016967,
              3.0290645470089763
            ],
            [
              101.59697220714992,
              3.0290946961391585
            ]
          ]
        ]
      },
      "properties": {
        "name": "element.121",
        "type": "MESH",
        "building": "yes",
        "id": "892545576"
      }
    },
    {
      "type": "Feature",
      "geometry": {
        "type": "Polygon",
        "coordinates": [
          [
            [
              101.59686331035249,
              3.028988094060831
            ],
            [
              101.59695851159431,
              3.028988094060831
            ],
            [
              101.59695851159431,
              3.029099194274461
            ],
            [
              101.59686331035249,
              3.029099194274461
            ],
            [
              101.59695851159431,
              3.028988094060831
            ],
            [
              101.59695851159431,
              3.029099194274461
            ],
            [
              101.59686331035249,
              3.029099194274461
            ],
            [
              101.5969109109734,
              3.029099194274461
            ],
            [
              101.59686331035249,
              3.028988094060831
            ],
            [
              101.5969109109734,
              3.028988094060831
            ],
            [
              101.59686331035249,
              3.028988094060831
            ]
          ]
        ]
      },
      "properties": {
        "name": "element.122",
        "type": "MESH",
        "building": "yes",
        "id": "892545577"
      }
    },
    {
      "type": "Feature",
      "geometry": {
        "type": "Polygon",
        "coordinates": [
          [
            [
              101.59664880667785,
              3.0285047978237727
            ],
            [
              101.59678160700751,
              3.0284913977229935
            ],
            [
              101.59679890873731,
              3.028662697505574
            ],
            [
              101.59666610840765,
              3.028676097606353
            ],
            [
              101.59679890873731,
              3.028662697505574
            ],
            [
              101.59666610840765,
              3.028676097606353
            ],
            [
              101.59673250857247,
              3.0286693975559635
            ],
            [
              101.59664880667785,
              3.0285047978237727
            ],
            [
              101.59678160700751,
              3.0284913977229935
            ],
            [
              101.59671520684269,
              3.028498097773383
            ],
            [
              101.59664880667785,
              3.0285047978237727
            ]
          ]
        ]
      },
      "properties": {
        "name": "element.123",
        "type": "MESH",
        "building": "yes",
        "id": "892545578"
      }
    },
    {
      "type": "Feature",
      "geometry": {
        "type": "Polygon",
        "coordinates": [
          [
            [
              101.59664940843895,
              3.0287206973525804
            ],
            [
              101.59678080758766,
              3.0287085977853136
            ],
            [
              101.59679760858194,
              3.0288902974497103
            ],
            [
              101.59666610840765,
              3.028902397016977
            ],
            [
              101.59666610840765,
              3.028902397016977
            ],
            [
              101.59664940843895,
              3.0287206973525804
            ],
            [
              101.59678080758766,
              3.0287085977853136
            ],
            [
              101.5967151058171,
              3.028714648665518
            ],
            [
              101.59679760858194,
              3.0288902974497103
            ],
            [
              101.59673185849479,
              3.028896346136772
            ],
            [
              101.59664940843895,
              3.0287206973525804
            ]
          ]
        ]
      },
      "properties": {
        "name": "element.124",
        "type": "MESH",
        "building": "yes",
        "id": "892545579"
      }
    },
    {
      "type": "Feature",
      "geometry": {
        "type": "Polygon",
        "coordinates": [
          [
            [
              101.59666390780683,
              3.028948196412161
            ],
            [
              101.59679940947282,
              3.028942796895284
            ],
            [
              101.59680560717294,
              3.0290991964676035
            ],
            [
              101.59667010989935,
              3.0291045959844807
            ],
            [
              101.59679940947282,
              3.028942796895284
            ],
            [
              101.59680560717294,
              3.0290991964676035
            ],
            [
              101.59667010989935,
              3.0291045959844807
            ],
            [
              101.59673785853614,
              3.029101896226042
            ],
            [
              101.59666390780683,
              3.028948196412161
            ],
            [
              101.59673166083603,
              3.0289454966537224
            ],
            [
              101.59666390780683,
              3.028948196412161
            ]
          ]
        ]
      },
      "properties": {
        "name": "element.125",
        "type": "MESH",
        "building": "yes",
        "id": "892545580"
      }
    },
    {
      "type": "Feature",
      "geometry": {
        "type": "Polygon",
        "coordinates": [
          [
            [
              101.5966434083976,
              3.028930497752048
            ],
            [
              101.5966474098893,
              3.0290899962347444
            ],
            [
              101.59654150872015,
              3.0290925973017697
            ],
            [
              101.59653741059527,
              3.0289331975104865
            ],
            [
              101.59653741059527,
              3.0289331975104865
            ],
            [
              101.5966434083976,
              3.028930497752048
            ],
            [
              101.59659040949643,
              3.028931846534696
            ],
            [
              101.5966474098893,
              3.0290899962347444
            ],
            [
              101.59654150872015,
              3.0290925973017697
            ],
            [
              101.59659445930473,
              3.029091296768257
            ],
            [
              101.5966434083976,
              3.028930497752048
            ]
          ]
        ]
      },
      "properties": {
        "name": "element.126",
        "type": "MESH",
        "building": "yes",
        "id": "892545581"
      }
    },
    {
      "type": "Feature",
      "geometry": {
        "type": "Polygon",
        "coordinates": [
          [
            [
              101.59661250774538,
              3.0286894977071324
            ],
            [
              101.59662810960987,
              3.0287843971769886
            ],
            [
              101.59653021142412,
              3.0288004970362064
            ],
            [
              101.59651460955963,
              3.0287054966817943
            ],
            [
              101.59651460955963,
              3.0287054966817943
            ],
            [
              101.59661250774538,
              3.0286894977071324
            ],
            [
              101.59662810960987,
              3.0287843971769886
            ],
            [
              101.59662029989279,
              3.028736898096354
            ],
            [
              101.59653021142412,
              3.0288004970362064
            ],
            [
              101.59652241049189,
              3.0287529957624293
            ],
            [
              101.59661250774538,
              3.0286894977071324
            ]
          ]
        ]
      },
      "properties": {
        "name": "element.127",
        "type": "MESH",
        "building": "yes",
        "id": "892545582"
      }
    },
    {
      "type": "Feature",
      "geometry": {
        "type": "Polygon",
        "coordinates": [
          [
            [
              101.59648910718767,
              3.028521998640534
            ],
            [
              101.59657200966244,
              3.028502098065334
            ],
            [
              101.59660690741396,
              3.028646698530912
            ],
            [
              101.5965240093316,
              3.028666697797525
            ],
            [
              101.59660690741396,
              3.028646698530912
            ],
            [
              101.5965240093316,
              3.028666697797525
            ],
            [
              101.59656546056898,
              3.0286566970676474
            ],
            [
              101.59648910718767,
              3.028521998640534
            ],
            [
              101.59657200966244,
              3.028502098065334
            ],
            [
              101.59653055842506,
              3.028512048352934
            ],
            [
              101.59648910718767,
              3.028521998640534
            ]
          ]
        ]
      },
      "properties": {
        "name": "element.128",
        "type": "MESH",
        "building": "yes",
        "id": "892545583"
      }
    },
    {
      "type": "Feature",
      "geometry": {
        "type": "Polygon",
        "coordinates": [
          [
            [
              101.5965166125017,
              3.0288162964348992
            ],
            [
              101.59664260897773,
              3.0288108969180225
            ],
            [
              101.59664600870835,
              3.0288902974497103
            ],
            [
              101.59651991120673,
              3.0288956969665874
            ],
            [
              101.59664260897773,
              3.0288108969180225
            ],
            [
              101.59664600870835,
              3.0288902974497103
            ],
            [
              101.59664430884304,
              3.028850597183866
            ],
            [
              101.59651991120673,
              3.0288956969665874
            ],
            [
              101.5965166125017,
              3.0288162964348992
            ],
            [
              101.596518259658,
              3.0288559967007433
            ],
            [
              101.5965166125017,
              3.0288162964348992
            ]
          ]
        ]
      },
      "properties": {
        "name": "element.129",
        "type": "MESH",
        "building": "yes",
        "id": "892545584"
      }
    },
    {
      "type": "Feature",
      "geometry": {
        "type": "Polygon",
        "coordinates": [
          [
            [
              101.5964001124308,
              3.028798496890231
            ],
            [
              101.5963800127315,
              3.028663296233481
            ],
            [
              101.59644751100053,
              3.0286532976967457
            ],
            [
              101.59646761069983,
              3.028788496160353
            ],
            [
              101.59644751100053,
              3.0286532976967457
            ],
            [
              101.59646761069983,
              3.028788496160353
            ],
            [
              101.5964001124308,
              3.028798496890231
            ],
            [
              101.5964338593691,
              3.028793496525292
            ],
            [
              101.5963800127315,
              3.028663296233481
            ],
            [
              101.5964137596698,
              3.028658295868542
            ],
            [
              101.5964001124308,
              3.028798496890231
            ]
          ]
        ]
      },
      "properties": {
        "name": "element.130",
        "type": "MESH",
        "building": "yes",
        "id": "892545585"
      }
    },
    {
      "type": "Feature",
      "geometry": {
        "type": "Polygon",
        "coordinates": [
          [
            [
              101.59620700861082,
              3.0285197989185892
            ],
            [
              101.59635050886783,
              3.0284984004270505
            ],
            [
              101.59638321041093,
              3.028716199217278
            ],
            [
              101.59623971015392,
              3.0287376985933725
            ],
            [
              101.59638321041093,
              3.028716199217278
            ],
            [
              101.59623971015392,
              3.0287376985933725
            ],
            [
              101.59631146028244,
              3.028726947808754
            ],
            [
              101.59620700861082,
              3.0285197989185892
            ],
            [
              101.59635050886783,
              3.0284984004270505
            ],
            [
              101.59627875873932,
              3.0285090985762486
            ],
            [
              101.59620700861082,
              3.0285197989185892
            ]
          ]
        ]
      },
      "properties": {
        "name": "element.131",
        "type": "MESH",
        "building": "yes",
        "id": "892545586"
      }
    },
    {
      "type": "Feature",
      "geometry": {
        "type": "Polygon",
        "coordinates": [
          [
            [
              101.59640021345638,
              3.028950898363742
            ],
            [
              101.5964793120982,
              3.028946797187235
            ],
            [
              101.59648641024376,
              3.0290871977848925
            ],
            [
              101.59640731160194,
              3.029091296768257
            ],
            [
              101.59640731160194,
              3.029091296768257
            ],
            [
              101.59640021345638,
              3.028950898363742
            ],
            [
              101.5964793120982,
              3.028946797187235
            ],
            [
              101.5964397627773,
              3.0289488477754882
            ],
            [
              101.59648641024376,
              3.0290871977848925
            ],
            [
              101.59644686092284,
              3.0290892461800034
            ],
            [
              101.59640021345638,
              3.028950898363742
            ]
          ]
        ]
      },
      "properties": {
        "name": "element.132",
        "type": "MESH",
        "building": "yes",
        "id": "892545589"
      }
    },
    {
      "type": "Feature",
      "geometry": {
        "type": "Polygon",
        "coordinates": [
          [
            [
              101.59618201136679,
              3.028935897268925
            ],
            [
              101.5963856086705,
              3.028923396356578
            ],
            [
              101.59639500844247,
              3.0290759952129154
            ],
            [
              101.59619141113875,
              3.029088496125263
            ],
            [
              101.59619141113875,
              3.029088496125263
            ],
            [
              101.59618201136679,
              3.028935897268925
            ],
            [
              101.59618671125277,
              3.029012196697094
            ],
            [
              101.5963856086705,
              3.028923396356578
            ],
            [
              101.59639500844247,
              3.0290759952129154
            ],
            [
              101.5963903085565,
              3.0289996957847465
            ],
            [
              101.59618201136679,
              3.028935897268925
            ]
          ]
        ]
      },
      "properties": {
        "name": "element.133",
        "type": "MESH",
        "building": "yes",
        "id": "892545590"
      }
    },
    {
      "type": "Feature",
      "geometry": {
        "type": "Polygon",
        "coordinates": [
          [
            [
              101.59740980606648,
              3.0271252037165537
            ],
            [
              101.5975452067069,
              3.027087703172654
            ],
            [
              101.59758210300805,
              3.0272203027623785
            ],
            [
              101.59744660573446,
              3.027257803306278
            ],
            [
              101.5975452067069,
              3.027087703172654
            ],
            [
              101.59758210300805,
              3.0272203027623785
            ],
            [
              101.59756365485747,
              3.0271540040640876
            ],
            [
              101.59744660573446,
              3.027257803306278
            ],
            [
              101.59740980606648,
              3.0271252037165537
            ],
            [
              101.59742820590047,
              3.027191504607987
            ],
            [
              101.59740980606648,
              3.0271252037165537
            ]
          ]
        ]
      },
      "properties": {
        "name": "element.134",
        "type": "MESH",
        "building": "yes",
        "id": "892545609"
      }
    },
    {
      "type": "Feature",
      "geometry": {
        "type": "Polygon",
        "coordinates": [
          [
            [
              101.59753520517383,
              3.0273368024928855
            ],
            [
              101.59766870389777,
              3.0273171014936544
            ],
            [
              101.59768620328632,
              3.027435000449087
            ],
            [
              101.59755260353678,
              3.0274547014483177
            ],
            [
              101.59766870389777,
              3.0273171014936544
            ],
            [
              101.59768620328632,
              3.027435000449087
            ],
            [
              101.59767745359204,
              3.027376050971371
            ],
            [
              101.59755260353678,
              3.0274547014483177
            ],
            [
              101.59753520517383,
              3.0273368024928855
            ],
            [
              101.5975439021591,
              3.0273957519706016
            ],
            [
              101.59753520517383,
              3.0273368024928855
            ]
          ]
        ]
      },
      "properties": {
        "name": "element.135",
        "type": "MESH",
        "building": "yes",
        "id": "892545610"
      }
    },
    {
      "type": "Feature",
      "geometry": {
        "type": "Polygon",
        "coordinates": [
          [
            [
              101.59744530118667,
              3.0273556021105414
            ],
            [
              101.59747630286448,
              3.0274708013075355
            ],
            [
              101.59738650429533,
              3.027494901750656
            ],
            [
              101.59735550261752,
              3.0273797025536617
            ],
            [
              101.59735550261752,
              3.0273797025536617
            ],
            [
              101.59744530118667,
              3.0273556021105414
            ],
            [
              101.59740040190209,
              3.027367653428673
            ],
            [
              101.59747630286448,
              3.0274708013075355
            ],
            [
              101.59738650429533,
              3.027494901750656
            ],
            [
              101.5974314035799,
              3.027482852625667
            ],
            [
              101.59744530118667,
              3.0273556021105414
            ]
          ]
        ]
      },
      "properties": {
        "name": "element.136",
        "type": "MESH",
        "building": "yes",
        "id": "892545611"
      }
    },
    {
      "type": "Feature",
      "geometry": {
        "type": "Polygon",
        "coordinates": [
          [
            [
              101.59706740839174,
              3.0277003005130916
            ],
            [
              101.59718680745773,
              3.0276829001203613
            ],
            [
              101.59720120580002,
              3.0277814007302304
            ],
            [
              101.5970819077596,
              3.027798899814374
            ],
            [
              101.5970819077596,
              3.027798899814374
            ],
            [
              101.59706740839174,
              3.0277003005130916
            ],
            [
              101.59707465587945,
              3.027749600163733
            ],
            [
              101.59718680745773,
              3.0276829001203613
            ],
            [
              101.59720120580002,
              3.0277814007302304
            ],
            [
              101.5971940154137,
              3.02773220635043
            ],
            [
              101.59706740839174,
              3.0277003005130916
            ]
          ]
        ]
      },
      "properties": {
        "name": "element.137",
        "type": "MESH",
        "building": "yes",
        "id": "892545612"
      }
    },
    {
      "type": "Feature",
      "geometry": {
        "type": "Polygon",
        "coordinates": [
          [
            [
              101.59721870518857,
              3.0276824000838674
            ],
            [
              101.59761760252066,
              3.0275982996477655
            ],
            [
              101.5976431005002,
              3.027718799670223
            ],
            [
              101.59724420316812,
              3.0278029001063254
            ],
            [
              101.59761760252066,
              3.0275982996477655
            ],
            [
              101.5976431005002,
              3.027718799670223
            ],
            [
              101.59763034931423,
              3.0276585496589945
            ],
            [
              101.59724420316812,
              3.0278029001063254
            ],
            [
              101.59721870518857,
              3.0276824000838674
            ],
            [
              101.59723145198213,
              3.0277426500950964
            ],
            [
              101.59721870518857,
              3.0276824000838674
            ]
          ]
        ]
      },
      "properties": {
        "name": "element.138",
        "type": "MESH",
        "building": "yes",
        "id": "892545613"
      }
    },
    {
      "type": "Feature",
      "geometry": {
        "type": "Polygon",
        "coordinates": [
          [
            [
              101.59741050446075,
              3.0278783990374754
            ],
            [
              101.59739980453341,
              3.0277765999412605
            ],
            [
              101.5975445039202,
              3.027761399270475
            ],
            [
              101.59755530487313,
              3.027863099675276
            ],
            [
              101.59739980453341,
              3.0277765999412605
            ],
            [
              101.5975445039202,
              3.027761399270475
            ],
            [
              101.59755530487313,
              3.027863099675276
            ],
            [
              101.59754990659287,
              3.0278122494728756
            ],
            [
              101.59741050446075,
              3.0278783990374754
            ],
            [
              101.59740515449708,
              3.027827500585939
            ],
            [
              101.59741050446075,
              3.0278783990374754
            ]
          ]
        ]
      },
      "properties": {
        "name": "element.139",
        "type": "MESH",
        "building": "yes",
        "id": "892545614"
      }
    },
    {
      "type": "Feature",
      "geometry": {
        "type": "Polygon",
        "coordinates": [
          [
            [
              101.59725490309545,
              3.0278203004990556
            ],
            [
              101.59738480443002,
              3.027803700603344
            ],
            [
              101.59739950584907,
              3.027918899800338
            ],
            [
              101.5972696045145,
              3.0279354996960497
            ],
            [
              101.59739950584907,
              3.027918899800338
            ],
            [
              101.5972696045145,
              3.0279354996960497
            ],
            [
              101.59725490309545,
              3.0278203004990556
            ],
            [
              101.59726225600117,
              3.0278778990009814
            ],
            [
              101.59738480443002,
              3.027803700603344
            ],
            [
              101.59739215294334,
              3.0278612991052696
            ],
            [
              101.59725490309545,
              3.0278203004990556
            ]
          ]
        ]
      },
      "properties": {
        "name": "element.140",
        "type": "MESH",
        "building": "yes",
        "id": "892545615"
      }
    },
    {
      "type": "Feature",
      "geometry": {
        "type": "Polygon",
        "coordinates": [
          [
            [
              101.59740640633586,
              3.0279341004711235
            ],
            [
              101.59754570304999,
              3.0279204986012327
            ],
            [
              101.59755240587803,
              3.027988799638642
            ],
            [
              101.59741310477149,
              3.0280023993153904
            ],
            [
              101.59755240587803,
              3.027988799638642
            ],
            [
              101.59741310477149,
              3.0280023993153904
            ],
            [
              101.59740640633586,
              3.0279341004711235
            ],
            [
              101.59740975335747,
              3.027968249893257
            ],
            [
              101.59754570304999,
              3.0279204986012327
            ],
            [
              101.59754905446401,
              3.027954650216509
            ],
            [
              101.59740640633586,
              3.0279341004711235
            ]
          ]
        ]
      },
      "properties": {
        "name": "element.141",
        "type": "MESH",
        "building": "yes",
        "id": "892545616"
      }
    },
    {
      "type": "Feature",
      "geometry": {
        "type": "Polygon",
        "coordinates": [
          [
            [
              101.59711710419546,
              3.0281758988199154
            ],
            [
              101.59718540627676,
              3.0281677995446
            ],
            [
              101.5971972043083,
              3.028267598494839
            ],
            [
              101.59712880559383,
              3.0282755990787416
            ],
            [
              101.59712880559383,
              3.0282755990787416
            ],
            [
              101.59711710419546,
              3.0281758988199154
            ],
            [
              101.59718540627676,
              3.0281677995446
            ],
            [
              101.59715121131194,
              3.028171854665114
            ],
            [
              101.5971972043083,
              3.028267598494839
            ],
            [
              101.59716300495107,
              3.02827159878679
            ],
            [
              101.59711710419546,
              3.0281758988199154
            ]
          ]
        ]
      },
      "properties": {
        "name": "element.142",
        "type": "MESH",
        "building": "yes",
        "id": "892545617"
      }
    },
    {
      "type": "Feature",
      "geometry": {
        "type": "Polygon",
        "coordinates": [
          [
            [
              101.59753920227313,
              3.0282755990787416
            ],
            [
              101.59771740262288,
              3.028257999110042
            ],
            [
              101.5977281025502,
              3.0283664982566463
            ],
            [
              101.59754990220046,
              3.0283840982253456
            ],
            [
              101.59753920227313,
              3.0282755990787416
            ],
            [
              101.59771740262288,
              3.028257999110042
            ],
            [
              101.5977281025502,
              3.0283664982566463
            ],
            [
              101.59772275258655,
              3.0283122486833443
            ],
            [
              101.59754990220046,
              3.0283840982253456
            ],
            [
              101.59754455223678,
              3.0283298486520436
            ],
            [
              101.59753920227313,
              3.0282755990787416
            ]
          ]
        ]
      },
      "properties": {
        "name": "element.143",
        "type": "MESH",
        "building": "yes",
        "id": "892545618"
      }
    },
    {
      "type": "Feature",
      "geometry": {
        "type": "Polygon",
        "coordinates": [
          [
            [
              101.59714890529312,
              3.028638597062454
            ],
            [
              101.59730820507338,
              3.028621797590773
            ],
            [
              101.59731620366438,
              3.0286981957103554
            ],
            [
              101.5971570049097,
              3.0287148964906225
            ],
            [
              101.59731620366438,
              3.0286981957103554
            ],
            [
              101.5971570049097,
              3.0287148964906225
            ],
            [
              101.59714890529312,
              3.028638597062454
            ],
            [
              101.59715295949384,
              3.0286767906393885
            ],
            [
              101.59730820507338,
              3.028621797590773
            ],
            [
              101.59731220217266,
              3.028659995553993
            ],
            [
              101.59714890529312,
              3.028638597062454
            ]
          ]
        ]
      },
      "properties": {
        "name": "element.144",
        "type": "MESH",
        "building": "yes",
        "id": "892545619"
      }
    },
    {
      "type": "Feature",
      "geometry": {
        "type": "Polygon",
        "coordinates": [
          [
            [
              101.5971543079658,
              3.028503297714291
            ],
            [
              101.5973872026896,
              3.0284674968558423
            ],
            [
              101.5974033052896,
              3.0285719957104957
            ],
            [
              101.59717040617338,
              3.028607796568944
            ],
            [
              101.5974033052896,
              3.0285719957104957
            ],
            [
              101.59717040617338,
              3.028607796568944
            ],
            [
              101.5971543079658,
              3.028503297714291
            ],
            [
              101.59716235487338,
              3.0285555471416177
            ],
            [
              101.5973872026896,
              3.0284674968558423
            ],
            [
              101.5973952539896,
              3.028519746283169
            ],
            [
              101.5971543079658,
              3.028503297714291
            ]
          ]
        ]
      },
      "properties": {
        "name": "element.145",
        "type": "MESH",
        "building": "yes",
        "id": "892545620"
      }
    },
    {
      "type": "Feature",
      "geometry": {
        "type": "Polygon",
        "coordinates": [
          [
            [
              101.59758210740047,
              3.028467097703904
            ],
            [
              101.59777790377194,
              3.0284499977716988
            ],
            [
              101.59778460659999,
              3.0285262971998677
            ],
            [
              101.5975888058361,
              3.028543498016629
            ],
            [
              101.59758210740047,
              3.028467097703904
            ],
            [
              101.59777790377194,
              3.0284499977716988
            ],
            [
              101.59778460659999,
              3.0285262971998677
            ],
            [
              101.59778125079355,
              3.0284880992366476
            ],
            [
              101.5975888058361,
              3.028543498016629
            ],
            [
              101.59758545442207,
              3.0285052978602667
            ],
            [
              101.59758210740047,
              3.028467097703904
            ]
          ]
        ]
      },
      "properties": {
        "name": "element.146",
        "type": "MESH",
        "building": "yes",
        "id": "892545621"
      }
    },
    {
      "type": "Feature",
      "geometry": {
        "type": "Polygon",
        "coordinates": [
          [
            [
              101.59744660573446,
              3.028607796568944
            ],
            [
              101.59760250578411,
              3.028602397052067
            ],
            [
              101.59760520712044,
              3.028680095705162
            ],
            [
              101.5974493070708,
              3.0286853965306255
            ],
            [
              101.59760520712044,
              3.028680095705162
            ],
            [
              101.5974493070708,
              3.0286853965306255
            ],
            [
              101.59744660573446,
              3.028607796568944
            ],
            [
              101.59744795859883,
              3.0286466458954915
            ],
            [
              101.59760250578411,
              3.028602397052067
            ],
            [
              101.59760385425606,
              3.0286412463786148
            ],
            [
              101.59744660573446,
              3.028607796568944
            ]
          ]
        ]
      },
      "properties": {
        "name": "element.147",
        "type": "MESH",
        "building": "yes",
        "id": "892545622"
      }
    },
    {
      "type": "Feature",
      "geometry": {
        "type": "Polygon",
        "coordinates": [
          [
            [
              101.59786380187496,
              3.0286766963342604
            ],
            [
              101.59794160475383,
              3.0286686957503584
            ],
            [
              101.59795630178046,
              3.028809995536448
            ],
            [
              101.59787850329401,
              3.0288179961203503
            ],
            [
              101.59786380187496,
              3.0286766963342604
            ],
            [
              101.59794160475383,
              3.0286686957503584
            ],
            [
              101.59790270111819,
              3.0286726960423094
            ],
            [
              101.59795630178046,
              3.028809995536448
            ],
            [
              101.59787850329401,
              3.0288179961203503
            ],
            [
              101.59791740253723,
              3.028813995828399
            ],
            [
              101.59786380187496,
              3.0286766963342604
            ]
          ]
        ]
      },
      "properties": {
        "name": "element.148",
        "type": "MESH",
        "building": "yes",
        "id": "892545623"
      }
    },
    {
      "type": "Feature",
      "geometry": {
        "type": "Polygon",
        "coordinates": [
          [
            [
              101.59719990564464,
              3.0287309963498403
            ],
            [
              101.59770070265418,
              3.0286849973786873
            ],
            [
              101.59771280376248,
              3.0288162964348992
            ],
            [
              101.59721200675294,
              3.028862196714639
            ],
            [
              101.59771280376248,
              3.0288162964348992
            ],
            [
              101.59721200675294,
              3.028862196714639
            ],
            [
              101.59719990564464,
              3.0287309963498403
            ],
            [
              101.597205958395,
              3.028796597628811
            ],
            [
              101.59770070265418,
              3.0286849973786873
            ],
            [
              101.59770675540454,
              3.0287506469067935
            ],
            [
              101.59719990564464,
              3.0287309963498403
            ]
          ]
        ]
      },
      "properties": {
        "name": "element.149",
        "type": "MESH",
        "building": "yes",
        "id": "892545624"
      }
    },
    {
      "type": "Feature",
      "geometry": {
        "type": "Polygon",
        "coordinates": [
          [
            [
              101.5972024049298,
              3.0290859959427934
            ],
            [
              101.5973338040785,
              3.0290832939912122
            ],
            [
              101.59733530628506,
              3.029159494727968
            ],
            [
              101.59720390713635,
              3.0291621944864064
            ],
            [
              101.59720390713635,
              3.0291621944864064
            ],
            [
              101.5972024049298,
              3.0290859959427934
            ],
            [
              101.59720315603307,
              3.0291240952145997
            ],
            [
              101.5973338040785,
              3.0290832939912122
            ],
            [
              101.59733530628506,
              3.029159494727968
            ],
            [
              101.59733455518177,
              3.029121395456161
            ],
            [
              101.5972024049298,
              3.0290859959427934
            ]
          ]
        ]
      },
      "properties": {
        "name": "element.150",
        "type": "MESH",
        "building": "yes",
        "id": "892545625"
      }
    },
    {
      "type": "Feature",
      "geometry": {
        "type": "Polygon",
        "coordinates": [
          [
            [
              101.59730720799476,
              3.0289572957604642
            ],
            [
              101.59754450831262,
              3.0289572957604642
            ],
            [
              101.59754450831262,
              3.0290697951990198
            ],
            [
              101.59730720799476,
              3.0290697951990198
            ],
            [
              101.59754450831262,
              3.0290697951990198
            ],
            [
              101.59730720799476,
              3.0290697951990198
            ],
            [
              101.59730720799476,
              3.0289572957604642
            ],
            [
              101.59730720799476,
              3.0290135454797418
            ],
            [
              101.59754450831262,
              3.0289572957604642
            ],
            [
              101.59754450831262,
              3.0290135454797418
            ],
            [
              101.59730720799476,
              3.0289572957604642
            ]
          ]
        ]
      },
      "properties": {
        "name": "element.151",
        "type": "MESH",
        "building": "yes",
        "id": "892545626"
      }
    },
    {
      "type": "Feature",
      "geometry": {
        "type": "Polygon",
        "coordinates": [
          [
            [
              101.59756260506985,
              3.0290170939843346
            ],
            [
              101.59768070398047,
              3.029010393933945
            ],
            [
              101.59768670402183,
              3.0291166933586045
            ],
            [
              101.5975687061368,
              3.0291233934089945
            ],
            [
              101.5975687061368,
              3.0291233934089945
            ],
            [
              101.59756260506985,
              3.0290170939843346
            ],
            [
              101.59756565779954,
              3.0290702426000933
            ],
            [
              101.59768070398047,
              3.029010393933945
            ],
            [
              101.59768670402183,
              3.0291166933586045
            ],
            [
              101.59768370400116,
              3.0290635425497037
            ],
            [
              101.59756260506985,
              3.0290170939843346
            ]
          ]
        ]
      },
      "properties": {
        "name": "element.152",
        "type": "MESH",
        "building": "yes",
        "id": "892545627"
      }
    },
    {
      "type": "Feature",
      "geometry": {
        "type": "Polygon",
        "coordinates": [
          [
            [
              101.59768940096575,
              3.0289117968258052
            ],
            [
              101.59788250039331,
              3.0289019956718963
            ],
            [
              101.59788650188501,
              3.028980994858504
            ],
            [
              101.59769340245745,
              3.0289907960124123
            ],
            [
              101.59768940096575,
              3.0289117968258052
            ],
            [
              101.59788250039331,
              3.0289019956718963
            ],
            [
              101.59788650188501,
              3.028980994858504
            ],
            [
              101.59788450333537,
              3.0289414963617713
            ],
            [
              101.59769340245745,
              3.0289907960124123
            ],
            [
              101.59769140390782,
              3.0289512953225373
            ],
            [
              101.59768940096575,
              3.0289117968258052
            ]
          ]
        ]
      },
      "properties": {
        "name": "element.153",
        "type": "MESH",
        "building": "yes",
        "id": "892545628"
      }
    },
    {
      "type": "Feature",
      "geometry": {
        "type": "Polygon",
        "coordinates": [
          [
            [
              101.5976961037938,
              3.029013495037464
            ],
            [
              101.59789590165698,
              3.0289916952008444
            ],
            [
              101.59790530142894,
              3.0290773944378415
            ],
            [
              101.59770550356575,
              3.029099194274461
            ],
            [
              101.5976961037938,
              3.029013495037464
            ],
            [
              101.59789590165698,
              3.0289916952008444
            ],
            [
              101.59790530142894,
              3.0290773944378415
            ],
            [
              101.59790060154296,
              3.0290345448193428
            ],
            [
              101.59770550356575,
              3.029099194274461
            ],
            [
              101.59770080367977,
              3.0290563446559626
            ],
            [
              101.5976961037938,
              3.029013495037464
            ]
          ]
        ]
      },
      "properties": {
        "name": "element.154",
        "type": "MESH",
        "building": "yes",
        "id": "892545629"
      }
    },
    {
      "type": "Feature",
      "geometry": {
        "type": "Polygon",
        "coordinates": [
          [
            [
              101.59787450619473,
              3.029107995355382
            ],
            [
              101.59801940324027,
              3.029091895496164
            ],
            [
              101.59803540481468,
              3.02923589284755
            ],
            [
              101.59789060440231,
              3.0292518940153546
            ],
            [
              101.59803540481468,
              3.02923589284755
            ],
            [
              101.59789060440231,
              3.0292518940153546
            ],
            [
              101.59787450619473,
              3.029107995355382
            ],
            [
              101.59788255310231,
              3.029179943588797
            ],
            [
              101.59801940324027,
              3.029091895496164
            ],
            [
              101.59802740183127,
              3.029163894171857
            ],
            [
              101.59787450619473,
              3.029107995355382
            ]
          ]
        ]
      },
      "properties": {
        "name": "element.155",
        "type": "MESH",
        "building": "yes",
        "id": "892545630"
      }
    },
    {
      "type": "Feature",
      "geometry": {
        "type": "Polygon",
        "coordinates": [
          [
            [
              101.59726960890691,
              3.0291862927363837
            ],
            [
              101.59772120645583,
              3.0291473929675585
            ],
            [
              101.59773730466341,
              3.0293334920758443
            ],
            [
              101.5972857071145,
              3.0293724927292254
            ],
            [
              101.59726960890691,
              3.0291862927363837
            ],
            [
              101.59772120645583,
              3.0291473929675585
            ],
            [
              101.59773730466341,
              3.0293334920758443
            ],
            [
              101.59772925336341,
              3.029240443618273
            ],
            [
              101.5972857071145,
              3.0293724927292254
            ],
            [
              101.5972776558145,
              3.029279393829376
            ],
            [
              101.59726960890691,
              3.0291862927363837
            ]
          ]
        ]
      },
      "properties": {
        "name": "element.156",
        "type": "MESH",
        "building": "yes",
        "id": "892545631"
      }
    },
    {
      "type": "Feature",
      "geometry": {
        "type": "Polygon",
        "coordinates": [
          [
            [
              101.59696791136628,
              3.0292933948512046
            ],
            [
              101.5971078098415,
              3.02928409373379
            ],
            [
              101.59711450827713,
              3.029384592296492
            ],
            [
              101.5969746098019,
              3.029393893413907
            ],
            [
              101.59711450827713,
              3.029384592296492
            ],
            [
              101.5969746098019,
              3.029393893413907
            ],
            [
              101.59696791136628,
              3.0292933948512046
            ],
            [
              101.59697125838788,
              3.029343644132556
            ],
            [
              101.5971078098415,
              3.02928409373379
            ],
            [
              101.59711115686311,
              3.029334343015141
            ],
            [
              101.59696791136628,
              3.0292933948512046
            ]
          ]
        ]
      },
      "properties": {
        "name": "element.157",
        "type": "MESH",
        "building": "yes",
        "id": "892545632"
      }
    },
    {
      "type": "Feature",
      "geometry": {
        "type": "Polygon",
        "coordinates": [
          [
            [
              101.59672461100706,
              3.0293082928683233
            ],
            [
              101.59680641098521,
              3.029314992918713
            ],
            [
              101.59680161007364,
              3.029373793262738
            ],
            [
              101.5967198100955,
              3.029367093212348
            ],
            [
              101.59680641098521,
              3.029314992918713
            ],
            [
              101.59680161007364,
              3.029373793262738
            ],
            [
              101.59680400833322,
              3.0293443941872966
            ],
            [
              101.5967198100955,
              3.029367093212348
            ],
            [
              101.59672461100706,
              3.0293082928683233
            ],
            [
              101.59672220835508,
              3.029337694136907
            ],
            [
              101.59672461100706,
              3.0293082928683233
            ]
          ]
        ]
      },
      "properties": {
        "name": "element.158",
        "type": "MESH",
        "building": "yes",
        "id": "892545633"
      }
    },
    {
      "type": "Feature",
      "geometry": {
        "type": "Polygon",
        "coordinates": [
          [
            [
              101.5967508117733,
              3.029185595317063
            ],
            [
              101.596882210922,
              3.0292082943421152
            ],
            [
              101.59686461050786,
              3.0293094947104224
            ],
            [
              101.59673321135917,
              3.029286694800815
            ],
            [
              101.596882210922,
              3.0292082943421152
            ],
            [
              101.59686461050786,
              3.0293094947104224
            ],
            [
              101.59687340851873,
              3.0292588945262686
            ],
            [
              101.59673321135917,
              3.029286694800815
            ],
            [
              101.5967508117733,
              3.029185595317063
            ],
            [
              101.59674200937002,
              3.029236145058939
            ],
            [
              101.5967508117733,
              3.029185595317063
            ]
          ]
        ]
      },
      "properties": {
        "name": "element.159",
        "type": "MESH",
        "building": "yes",
        "id": "892545634"
      }
    },
    {
      "type": "Feature",
      "geometry": {
        "type": "Polygon",
        "coordinates": [
          [
            [
              101.59653331247038,
              3.029196995271867
            ],
            [
              101.5966406104281,
              3.0292009955638184
            ],
            [
              101.59663391199247,
              3.029377795747832
            ],
            [
              101.59652671066793,
              3.0293737954558804
            ],
            [
              101.59653331247038,
              3.029196995271867
            ],
            [
              101.5966406104281,
              3.0292009955638184
            ],
            [
              101.59658696144925,
              3.029198995417843
            ],
            [
              101.59663391199247,
              3.029377795747832
            ],
            [
              101.59652671066793,
              3.0293737954558804
            ],
            [
              101.5965803113302,
              3.029375795601856
            ],
            [
              101.59653331247038,
              3.029196995271867
            ]
          ]
        ]
      },
      "properties": {
        "name": "element.160",
        "type": "MESH",
        "building": "yes",
        "id": "892545635"
      }
    },
    {
      "type": "Feature",
      "geometry": {
        "type": "Polygon",
        "coordinates": [
          [
            [
              101.59633881186187,
              3.0296212937820743
            ],
            [
              101.59643671004761,
              3.0296292943659764
            ],
            [
              101.59641801152928,
              3.0298558942371248
            ],
            [
              101.59632011334354,
              3.0298478936532227
            ],
            [
              101.59643671004761,
              3.0296292943659764
            ],
            [
              101.59641801152928,
              3.0298558942371248
            ],
            [
              101.59632011334354,
              3.0298478936532227
            ],
            [
              101.59636906243641,
              3.0298518939451737
            ],
            [
              101.59633881186187,
              3.0296212937820743
            ],
            [
              101.59638776095474,
              3.0296252940740254
            ],
            [
              101.59633881186187,
              3.0296212937820743
            ]
          ]
        ]
      },
      "properties": {
        "name": "element.161",
        "type": "MESH",
        "building": "yes",
        "id": "892545636"
      }
    },
    {
      "type": "Feature",
      "geometry": {
        "type": "Polygon",
        "coordinates": [
          [
            [
              101.59644891218149,
              3.0294112938066373
            ],
            [
              101.5965441090309,
              3.0294112938066373
            ],
            [
              101.59654411342332,
              3.0295906928645335
            ],
            [
              101.59644891218149,
              3.0295906928645335
            ],
            [
              101.5965441090309,
              3.0294112938066373
            ],
            [
              101.59654411342332,
              3.0295906928645335
            ],
            [
              101.59644891218149,
              3.0295906928645335
            ],
            [
              101.5964965128024,
              3.0295906928645335
            ],
            [
              101.59644891218149,
              3.0294112938066373
            ],
            [
              101.5964965128024,
              3.0294112938066373
            ],
            [
              101.59644891218149,
              3.0294112938066373
            ]
          ]
        ]
      },
      "properties": {
        "name": "element.162",
        "type": "MESH",
        "building": "yes",
        "id": "892545637"
      }
    },
    {
      "type": "Feature",
      "geometry": {
        "type": "Polygon",
        "coordinates": [
          [
            [
              101.59646481273033,
              3.0296110934762273
            ],
            [
              101.59653990988043,
              3.0296150937681783
            ],
            [
              101.59653471365135,
              3.02971259430506
            ],
            [
              101.59645961210883,
              3.0297085940131088
            ],
            [
              101.59653990988043,
              3.0296150937681783
            ],
            [
              101.59653471365135,
              3.02971259430506
            ],
            [
              101.59645961210883,
              3.0297085940131088
            ],
            [
              101.59649716288008,
              3.0297105941590843
            ],
            [
              101.59646481273033,
              3.0296110934762273
            ],
            [
              101.59650236350159,
              3.0296130936222028
            ],
            [
              101.59646481273033,
              3.0296110934762273
            ]
          ]
        ]
      },
      "properties": {
        "name": "element.163",
        "type": "MESH",
        "building": "yes",
        "id": "892545638"
      }
    },
    {
      "type": "Feature",
      "geometry": {
        "type": "Polygon",
        "coordinates": [
          [
            [
              101.5964529136732,
              3.029782292374252
            ],
            [
              101.59658281061536,
              3.029784292520228
            ],
            [
              101.59658151045998,
              3.0298712922907374
            ],
            [
              101.59645151249224,
              3.029869292144762
            ],
            [
              101.5964529136732,
              3.029782292374252
            ],
            [
              101.59658281061536,
              3.029784292520228
            ],
            [
              101.59658151045998,
              3.0298712922907374
            ],
            [
              101.59658216053768,
              3.0298277913089113
            ],
            [
              101.59645151249224,
              3.029869292144762
            ],
            [
              101.59645221088651,
              3.029825791162936
            ],
            [
              101.5964529136732,
              3.029782292374252
            ]
          ]
        ]
      },
      "properties": {
        "name": "element.164",
        "type": "MESH",
        "building": "yes",
        "id": "892545639"
      }
    },
    {
      "type": "Feature",
      "geometry": {
        "type": "Polygon",
        "coordinates": [
          [
            [
              101.59644081256491,
              3.0298920920543693
            ],
            [
              101.59658711079142,
              3.029894390467727
            ],
            [
              101.59658570961045,
              3.0299800918978663
            ],
            [
              101.59643951240953,
              3.029977791291366
            ],
            [
              101.59658570961045,
              3.0299800918978663
            ],
            [
              101.59643951240953,
              3.029977791291366
            ],
            [
              101.59644081256491,
              3.0298920920543693
            ],
            [
              101.59644016248721,
              3.0299349416728676
            ],
            [
              101.59658711079142,
              3.029894390467727
            ],
            [
              101.59658641239714,
              3.029937242279368
            ],
            [
              101.59644081256491,
              3.0298920920543693
            ]
          ]
        ]
      },
      "properties": {
        "name": "element.165",
        "type": "MESH",
        "building": "yes",
        "id": "892545640"
      }
    },
    {
      "type": "Feature",
      "geometry": {
        "type": "Polygon",
        "coordinates": [
          [
            [
              101.59781950435149,
              3.02935769340352
            ],
            [
              101.59807200243151,
              3.0293172935252133
            ],
            [
              101.59810690457543,
              3.0295341909338664
            ],
            [
              101.59785430546984,
              3.029574691696729
            ],
            [
              101.59781950435149,
              3.02935769340352
            ],
            [
              101.59807200243151,
              3.0293172935252133
            ],
            [
              101.59810690457543,
              3.0295341909338664
            ],
            [
              101.59808945350346,
              3.02942574222954
            ],
            [
              101.59785430546984,
              3.029574691696729
            ],
            [
              101.59783690710688,
              3.0294661925501245
            ],
            [
              101.59781950435149,
              3.02935769340352
            ]
          ]
        ]
      },
      "properties": {
        "name": "element.166",
        "type": "MESH",
        "building": "yes",
        "id": "892545641"
      }
    },
    {
      "type": "Feature",
      "geometry": {
        "type": "Polygon",
        "coordinates": [
          [
            [
              101.59758610449975,
              3.029384493605079
            ],
            [
              101.59778540162743,
              3.0293660931393607
            ],
            [
              101.59779210006306,
              3.029438392275578
            ],
            [
              101.59759280293538,
              3.0294567927412963
            ],
            [
              101.59759280293538,
              3.0294567927412963
            ],
            [
              101.59758610449975,
              3.029384493605079
            ],
            [
              101.59758945152136,
              3.0294206431731876
            ],
            [
              101.59778540162743,
              3.0293660931393607
            ],
            [
              101.59779210006306,
              3.029438392275578
            ],
            [
              101.59778875304144,
              3.0294022427074694
            ],
            [
              101.59758610449975,
              3.029384493605079
            ]
          ]
        ]
      },
      "properties": {
        "name": "element.167",
        "type": "MESH",
        "building": "yes",
        "id": "892545642"
      }
    },
    {
      "type": "Feature",
      "geometry": {
        "type": "Polygon",
        "coordinates": [
          [
            [
              101.59757810590875,
              3.0294848934763676
            ],
            [
              101.59780210159612,
              3.0294517923763578
            ],
            [
              101.59781820419612,
              3.0295602937161044
            ],
            [
              101.59759420411635,
              3.029593392622972
            ],
            [
              101.59759420411635,
              3.029593392622972
            ],
            [
              101.59757810590875,
              3.0294848934763676
            ],
            [
              101.59758615281635,
              3.0295391430496696
            ],
            [
              101.59780210159612,
              3.0294517923763578
            ],
            [
              101.59781820419612,
              3.0295602937161044
            ],
            [
              101.59781015289612,
              3.02950604194966
            ],
            [
              101.59757810590875,
              3.0294848934763676
            ]
          ]
        ]
      },
      "properties": {
        "name": "element.168",
        "type": "MESH",
        "building": "yes",
        "id": "892545643"
      }
    },
    {
      "type": "Feature",
      "geometry": {
        "type": "Polygon",
        "coordinates": [
          [
            [
              101.59741590713341,
              3.0294763928559716
            ],
            [
              101.59746680645935,
              3.0294817923728483
            ],
            [
              101.59745870684276,
              3.029558591837511
            ],
            [
              101.59740780751683,
              3.029553192320634
            ],
            [
              101.59745870684276,
              3.029558591837511
            ],
            [
              101.59740780751683,
              3.029553192320634
            ],
            [
              101.5974332571798,
              3.0295558920790726
            ],
            [
              101.59741590713341,
              3.0294763928559716
            ],
            [
              101.59746680645935,
              3.0294817923728483
            ],
            [
              101.59744135679638,
              3.02947909261441
            ],
            [
              101.59741590713341,
              3.0294763928559716
            ]
          ]
        ]
      },
      "properties": {
        "name": "element.169",
        "type": "MESH",
        "building": "yes",
        "id": "892545644"
      }
    },
    {
      "type": "Feature",
      "geometry": {
        "type": "Polygon",
        "coordinates": [
          [
            [
              101.59747870551647,
              3.029476491547385
            ],
            [
              101.59755920533925,
              3.0294737917889463
            ],
            [
              101.59756330346413,
              3.029598792139849
            ],
            [
              101.59748290466693,
              3.0296014918982874
            ],
            [
              101.59755920533925,
              3.0294737917889463
            ],
            [
              101.59756330346413,
              3.029598792139849
            ],
            [
              101.59748290466693,
              3.0296014918982874
            ],
            [
              101.59752315238211,
              3.029600140922497
            ],
            [
              101.59747870551647,
              3.029476491547385
            ],
            [
              101.59751895323166,
              3.0294751427647366
            ],
            [
              101.59747870551647,
              3.029476491547385
            ]
          ]
        ]
      },
      "properties": {
        "name": "element.170",
        "type": "MESH",
        "building": "yes",
        "id": "892545645"
      }
    },
    {
      "type": "Feature",
      "geometry": {
        "type": "Polygon",
        "coordinates": [
          [
            [
              101.59724010943565,
              3.029459492499735
            ],
            [
              101.5974022071854,
              3.0294663921260936
            ],
            [
              101.59739950584907,
              3.0295292914534833
            ],
            [
              101.59723740809932,
              3.0295223918271246
            ],
            [
              101.59724010943565,
              3.029459492499735
            ],
            [
              101.5974022071854,
              3.0294663921260936
            ],
            [
              101.59739950584907,
              3.0295292914534833
            ],
            [
              101.59740085871344,
              3.029497841789788
            ],
            [
              101.59723740809932,
              3.0295223918271246
            ],
            [
              101.59723875657127,
              3.0294909421634295
            ],
            [
              101.59724010943565,
              3.029459492499735
            ]
          ]
        ]
      },
      "properties": {
        "name": "element.171",
        "type": "MESH",
        "building": "yes",
        "id": "892545646"
      }
    },
    {
      "type": "Feature",
      "geometry": {
        "type": "Polygon",
        "coordinates": [
          [
            [
              101.5972386072291,
              3.0296102929792084
            ],
            [
              101.59724130856544,
              3.0295459922337504
            ],
            [
              101.59738230953728,
              3.0295518917871216
            ],
            [
              101.59737960820094,
              3.0296161925325795
            ],
            [
              101.59724130856544,
              3.0295459922337504
            ],
            [
              101.59738230953728,
              3.0295518917871216
            ],
            [
              101.59737960820094,
              3.0296161925325795
            ],
            [
              101.59738095667291,
              3.029584043256422
            ],
            [
              101.5972386072291,
              3.0296102929792084
            ],
            [
              101.59723996009348,
              3.0295781437030507
            ],
            [
              101.5972386072291,
              3.0296102929792084
            ]
          ]
        ]
      },
      "properties": {
        "name": "element.172",
        "type": "MESH",
        "building": "yes",
        "id": "892545647"
      }
    },
    {
      "type": "Feature",
      "geometry": {
        "type": "Polygon",
        "coordinates": [
          [
            [
              101.59761560397102,
              3.029708591819966
            ],
            [
              101.5978521004766,
              3.0296682906330723
            ],
            [
              101.59786150024857,
              3.029723191569702
            ],
            [
              101.59762500374298,
              3.0297634905634534
            ],
            [
              101.59786150024857,
              3.029723191569702
            ],
            [
              101.59762500374298,
              3.0297634905634534
            ],
            [
              101.59761560397102,
              3.029708591819966
            ],
            [
              101.597620303857,
              3.02973604119171
            ],
            [
              101.5978521004766,
              3.0296682906330723
            ],
            [
              101.59785680036258,
              3.029695740004816
            ],
            [
              101.59761560397102,
              3.029708591819966
            ]
          ]
        ]
      },
      "properties": {
        "name": "element.173",
        "type": "MESH",
        "building": "yes",
        "id": "892545648"
      }
    },
    {
      "type": "Feature",
      "geometry": {
        "type": "Polygon",
        "coordinates": [
          [
            [
              101.59765120450922,
              3.0299305904781137
            ],
            [
              101.5977517030057,
              3.029938689753429
            ],
            [
              101.59774300162802,
              3.030047390669145
            ],
            [
              101.59764250313152,
              3.030039390085243
            ],
            [
              101.5977517030057,
              3.029938689753429
            ],
            [
              101.59774300162802,
              3.030047390669145
            ],
            [
              101.59764250313152,
              3.030039390085243
            ],
            [
              101.59769275237977,
              3.030043390377194
            ],
            [
              101.59765120450922,
              3.0299305904781137
            ],
            [
              101.59770145375747,
              3.0299346412123427
            ],
            [
              101.59765120450922,
              3.0299305904781137
            ]
          ]
        ]
      },
      "properties": {
        "name": "element.174",
        "type": "MESH",
        "building": "yes",
        "id": "892545649"
      }
    },
    {
      "type": "Feature",
      "geometry": {
        "type": "Polygon",
        "coordinates": [
          [
            [
              101.59737290537291,
              3.029796993008544
            ],
            [
              101.59747720770234,
              3.029787792775685
            ],
            [
              101.59748120480164,
              3.029833291710344
            ],
            [
              101.59737690686461,
              3.029842491943203
            ],
            [
              101.59737290537291,
              3.029796993008544
            ],
            [
              101.59747720770234,
              3.029787792775685
            ],
            [
              101.59748120480164,
              3.029833291710344
            ],
            [
              101.59747920625199,
              3.0298105422430144
            ],
            [
              101.59737690686461,
              3.029842491943203
            ],
            [
              101.59737490831496,
              3.0298197424758735
            ],
            [
              101.59737290537291,
              3.029796993008544
            ]
          ]
        ]
      },
      "properties": {
        "name": "element.175",
        "type": "MESH",
        "building": "yes",
        "id": "892545650"
      }
    },
    {
      "type": "Feature",
      "geometry": {
        "type": "Polygon",
        "coordinates": [
          [
            [
              101.59736620693728,
              3.029858591802421
            ],
            [
              101.59748290466693,
              3.029858591802421
            ],
            [
              101.59748290466693,
              3.0299308909386387
            ],
            [
              101.59736620693728,
              3.0299308909386387
            ],
            [
              101.59748290466693,
              3.0299308909386387
            ],
            [
              101.59736620693728,
              3.0299308909386387
            ],
            [
              101.59736620693728,
              3.029858591802421
            ],
            [
              101.59736620693728,
              3.02989474137053
            ],
            [
              101.59748290466693,
              3.029858591802421
            ],
            [
              101.59748290466693,
              3.02989474137053
            ],
            [
              101.59736620693728,
              3.029858591802421
            ]
          ]
        ]
      },
      "properties": {
        "name": "element.176",
        "type": "MESH",
        "building": "yes",
        "id": "892545651"
      }
    },
    {
      "type": "Feature",
      "geometry": {
        "type": "Polygon",
        "coordinates": [
          [
            [
              101.59690890803134,
              3.0295505934467513
            ],
            [
              101.59704130865109,
              3.0295353927759656
            ],
            [
              101.59705070842304,
              3.0296170917210117
            ],
            [
              101.5969183078033,
              3.0296322923917973
            ],
            [
              101.5969183078033,
              3.0296322923917973
            ],
            [
              101.59690890803134,
              3.0295505934467513
            ],
            [
              101.59691360791733,
              3.0295914429192745
            ],
            [
              101.59704130865109,
              3.0295353927759656
            ],
            [
              101.59705070842304,
              3.0296170917210117
            ],
            [
              101.59704600853706,
              3.0295762422484884
            ],
            [
              101.59690890803134,
              3.0295505934467513
            ]
          ]
        ]
      },
      "properties": {
        "name": "element.177",
        "type": "MESH",
        "building": "yes",
        "id": "892545652"
      }
    },
    {
      "type": "Feature",
      "geometry": {
        "type": "Polygon",
        "coordinates": [
          [
            [
              101.59690080841476,
              3.029448794350537
            ],
            [
              101.59699880762608,
              3.029447193356499
            ],
            [
              101.59700020880705,
              3.0295301928350575
            ],
            [
              101.59690220959571,
              3.0295317938290953
            ],
            [
              101.59690220959571,
              3.0295317938290953
            ],
            [
              101.59690080841476,
              3.029448794350537
            ],
            [
              101.59690151120144,
              3.029490292993245
            ],
            [
              101.59699880762608,
              3.029447193356499
            ],
            [
              101.59700020880705,
              3.0295301928350575
            ],
            [
              101.59699951041277,
              3.0294886941923496
            ],
            [
              101.59690080841476,
              3.029448794350537
            ]
          ]
        ]
      },
      "properties": {
        "name": "element.178",
        "type": "MESH",
        "building": "yes",
        "id": "892545653"
      }
    },
    {
      "type": "Feature",
      "geometry": {
        "type": "Polygon",
        "coordinates": [
          [
            [
              101.59678321023965,
              3.0297699932310165
            ],
            [
              101.59685291350192,
              3.029767293472578
            ],
            [
              101.59685661191686,
              3.0298612915608594
            ],
            [
              101.59678681202143,
              3.0298638926278847
            ],
            [
              101.59678681202143,
              3.0298638926278847
            ],
            [
              101.59678321023965,
              3.0297699932310165
            ],
            [
              101.59685291350192,
              3.029767293472578
            ],
            [
              101.5968180157504,
              3.0297686444483682
            ],
            [
              101.59685661191686,
              3.0298612915608594
            ],
            [
              101.59682170977294,
              3.0298625920943723
            ],
            [
              101.59678321023965,
              3.0297699932310165
            ]
          ]
        ]
      },
      "properties": {
        "name": "element.179",
        "type": "MESH",
        "building": "yes",
        "id": "892545654"
      }
    },
    {
      "type": "Feature",
      "geometry": {
        "type": "Polygon",
        "coordinates": [
          [
            [
              101.59694511033065,
              3.029833092134375
            ],
            [
              101.59718080741638,
              3.0298025921013902
            ],
            [
              101.59719020718833,
              3.0298748912376077
            ],
            [
              101.5969545101026,
              3.0299054921551485
            ],
            [
              101.59694511033065,
              3.029833092134375
            ],
            [
              101.59718080741638,
              3.0298025921013902
            ],
            [
              101.59719020718833,
              3.0298748912376077
            ],
            [
              101.59718550290994,
              3.0298386934203636
            ],
            [
              101.5969545101026,
              3.0299054921551485
            ],
            [
              101.59694981021663,
              3.029869292144762
            ],
            [
              101.59694511033065,
              3.029833092134375
            ]
          ]
        ]
      },
      "properties": {
        "name": "element.180",
        "type": "MESH",
        "building": "yes",
        "id": "892545655"
      }
    },
    {
      "type": "Feature",
      "geometry": {
        "type": "Polygon",
        "coordinates": [
          [
            [
              101.59711980992421,
              3.0318252835820316
            ],
            [
              101.59711311148858,
              3.0317328821015024
            ],
            [
              101.59723481218099,
              3.031724083213724
            ],
            [
              101.59724151061661,
              3.0318164825011107
            ],
            [
              101.59711980992421,
              3.0318252835820316
            ],
            [
              101.59711311148858,
              3.0317328821015024
            ],
            [
              101.5971164629026,
              3.031779082841767
            ],
            [
              101.59723481218099,
              3.031724083213724
            ],
            [
              101.59724151061661,
              3.0318164825011107
            ],
            [
              101.59723815920259,
              3.031770281760846
            ],
            [
              101.59711980992421,
              3.0318252835820316
            ]
          ]
        ]
      },
      "properties": {
        "name": "element.181",
        "type": "MESH",
        "building": "yes",
        "id": "892545656"
      }
    },
    {
      "type": "Feature",
      "geometry": {
        "type": "Polygon",
        "coordinates": [
          [
            [
              101.59770150646646,
              3.031730781070971
            ],
            [
              101.59784900382276,
              3.031728982694107
            ],
            [
              101.59785030397813,
              3.0318388810656374
            ],
            [
              101.59770280662184,
              3.031840681635644
            ],
            [
              101.59770280662184,
              3.031840681635644
            ],
            [
              101.59770150646646,
              3.031730781070971
            ],
            [
              101.59770215654414,
              3.0317857324498787
            ],
            [
              101.59784900382276,
              3.031728982694107
            ],
            [
              101.59785030397813,
              3.0318388810656374
            ],
            [
              101.59784965390044,
              3.0317839318798723
            ],
            [
              101.59770150646646,
              3.031730781070971
            ]
          ]
        ]
      },
      "properties": {
        "name": "element.182",
        "type": "MESH",
        "building": "yes",
        "id": "892545657"
      }
    },
    {
      "type": "Feature",
      "geometry": {
        "type": "Polygon",
        "coordinates": [
          [
            [
              101.59758340755585,
              3.0315807832816586
            ],
            [
              101.59772550223947,
              3.0315539830801
            ],
            [
              101.59774960343047,
              3.031681180959805
            ],
            [
              101.59760760538002,
              3.0317080820459195
            ],
            [
              101.59760760538002,
              3.0317080820459195
            ],
            [
              101.59758340755585,
              3.0315807832816586
            ],
            [
              101.59759550427172,
              3.0316444326637892
            ],
            [
              101.59772550223947,
              3.0315539830801
            ],
            [
              101.59774960343047,
              3.031681180959805
            ],
            [
              101.59773755503117,
              3.0316175820199525
            ],
            [
              101.59758340755585,
              3.0315807832816586
            ]
          ]
        ]
      },
      "properties": {
        "name": "element.183",
        "type": "MESH",
        "building": "yes",
        "id": "892545658"
      }
    },
    {
      "type": "Feature",
      "geometry": {
        "type": "Polygon",
        "coordinates": [
          [
            [
              101.59792010387358,
              3.031051784147687
            ],
            [
              101.59801070186258,
              3.0310375857430314
            ],
            [
              101.59801870045358,
              3.0310883855031543
            ],
            [
              101.59792810246456,
              3.031102684792365
            ],
            [
              101.59792010387358,
              3.031051784147687
            ],
            [
              101.59801070186258,
              3.0310375857430314
            ],
            [
              101.59801870045358,
              3.0310883855031543
            ],
            [
              101.59801469456946,
              3.031062936277386
            ],
            [
              101.59792810246456,
              3.031102684792365
            ],
            [
              101.59792410097286,
              3.0310772355665976
            ],
            [
              101.59792010387358,
              3.031051784147687
            ]
          ]
        ]
      },
      "properties": {
        "name": "element.184",
        "type": "MESH",
        "building": "yes",
        "id": "892545659"
      }
    },
    {
      "type": "Feature",
      "geometry": {
        "type": "Polygon",
        "coordinates": [
          [
            [
              101.59797080114832,
              3.031204983925074
            ],
            [
              101.59803520276351,
              3.031190283290782
            ],
            [
              101.59806090279423,
              3.031302282692844
            ],
            [
              101.59799650117905,
              3.0313169833271356
            ],
            [
              101.59806090279423,
              3.031302282692844
            ],
            [
              101.59799650117905,
              3.0313169833271356
            ],
            [
              101.59802870198665,
              3.031309634106561
            ],
            [
              101.59797080114832,
              3.031204983925074
            ],
            [
              101.59803520276351,
              3.031190283290782
            ],
            [
              101.59800300195592,
              3.0311976347044993
            ],
            [
              101.59797080114832,
              3.031204983925074
            ]
          ]
        ]
      },
      "properties": {
        "name": "element.185",
        "type": "MESH",
        "building": "yes",
        "id": "892545660"
      }
    },
    {
      "type": "Feature",
      "geometry": {
        "type": "Polygon",
        "coordinates": [
          [
            [
              101.59768670841424,
              3.03039428879364
            ],
            [
              101.59768850491272,
              3.0304812885641494
            ],
            [
              101.59762280753458,
              3.0304826899822177
            ],
            [
              101.59762100664369,
              3.0303955893271524
            ],
            [
              101.59768850491272,
              3.0304812885641494
            ],
            [
              101.59762280753458,
              3.0304826899822177
            ],
            [
              101.59765565841985,
              3.0304819881766125
            ],
            [
              101.59762100664369,
              3.0303955893271524
            ],
            [
              101.59768670841424,
              3.03039428879364
            ],
            [
              101.59765385752897,
              3.0303949401569676
            ],
            [
              101.59768670841424,
              3.03039428879364
            ]
          ]
        ]
      },
      "properties": {
        "name": "element.186",
        "type": "MESH",
        "building": "yes",
        "id": "892545661"
      }
    },
    {
      "type": "Feature",
      "geometry": {
        "type": "Polygon",
        "coordinates": [
          [
            [
              101.59777030489087,
              3.0302765894141763
            ],
            [
              101.59783340635069,
              3.030283289464566
            ],
            [
              101.59782480599858,
              3.03036348830013
            ],
            [
              101.59776180556435,
              3.0303567882497404
            ],
            [
              101.59777030489087,
              3.0302765894141763
            ],
            [
              101.59783340635069,
              3.030283289464566
            ],
            [
              101.59780185562077,
              3.0302799383428
            ],
            [
              101.59782480599858,
              3.03036348830013
            ],
            [
              101.59776180556435,
              3.0303567882497404
            ],
            [
              101.59779325526867,
              3.030360132792079
            ],
            [
              101.59777030489087,
              3.0302765894141763
            ]
          ]
        ]
      },
      "properties": {
        "name": "element.187",
        "type": "MESH",
        "building": "yes",
        "id": "892545662"
      }
    },
    {
      "type": "Feature",
      "geometry": {
        "type": "Polygon",
        "coordinates": [
          [
            [
              101.59770680372112,
              3.0303928873755717
            ],
            [
              101.5978120021036,
              3.0303822879177864
            ],
            [
              101.5978200006946,
              3.030461287104394
            ],
            [
              101.59771490333772,
              3.0304719874467345
            ],
            [
              101.59771490333772,
              3.0304719874467345
            ],
            [
              101.59770680372112,
              3.0303928873755717
            ],
            [
              101.59771085352942,
              3.030432438507724
            ],
            [
              101.5978120021036,
              3.0303822879177864
            ],
            [
              101.5978200006946,
              3.030461287104394
            ],
            [
              101.59781600798772,
              3.030421841243082
            ],
            [
              101.59770680372112,
              3.0303928873755717
            ]
          ]
        ]
      },
      "properties": {
        "name": "element.188",
        "type": "MESH",
        "building": "yes",
        "id": "892545663"
      }
    },
    {
      "type": "Feature",
      "geometry": {
        "type": "Polygon",
        "coordinates": [
          [
            [
              101.59784790571855,
              3.0303419889240355
            ],
            [
              101.59793910546867,
              3.0303271874051876
            ],
            [
              101.59795490499191,
              3.0304250870940073
            ],
            [
              101.5978637052418,
              3.030439787728299
            ],
            [
              101.59784790571855,
              3.0303419889240355
            ],
            [
              101.59793910546867,
              3.0303271874051876
            ],
            [
              101.5978935033974,
              3.030334589261183
            ],
            [
              101.59795490499191,
              3.0304250870940073
            ],
            [
              101.5978637052418,
              3.030439787728299
            ],
            [
              101.59790930292064,
              3.030432438507724
            ],
            [
              101.59784790571855,
              3.0303419889240355
            ]
          ]
        ]
      },
      "properties": {
        "name": "element.189",
        "type": "MESH",
        "building": "yes",
        "id": "892545664"
      }
    },
    {
      "type": "Feature",
      "geometry": {
        "type": "Polygon",
        "coordinates": [
          [
            [
              101.59790530582136,
              3.0302120868996067
            ],
            [
              101.59805380464869,
              3.0302372883002704
            ],
            [
              101.59804170354039,
              3.030308286902976
            ],
            [
              101.59789320471306,
              3.0302830876954543
            ],
            [
              101.59804170354039,
              3.030308286902976
            ],
            [
              101.59789320471306,
              3.0302830876954543
            ],
            [
              101.59790530582136,
              3.0302120868996067
            ],
            [
              101.59789925307099,
              3.0302475872975307
            ],
            [
              101.59805380464869,
              3.0302372883002704
            ],
            [
              101.59804775189832,
              3.0302727886981944
            ],
            [
              101.59790530582136,
              3.0302120868996067
            ]
          ]
        ]
      },
      "properties": {
        "name": "element.190",
        "type": "MESH",
        "building": "yes",
        "id": "892545665"
      }
    },
    {
      "type": "Feature",
      "geometry": {
        "type": "Polygon",
        "coordinates": [
          [
            [
              101.59760220270735,
              3.0301625898661393
            ],
            [
              101.59777360359588,
              3.030160289259639
            ],
            [
              101.59777500477685,
              3.0302607900154834
            ],
            [
              101.5976036038883,
              3.030262989737428
            ],
            [
              101.59777500477685,
              3.0302607900154834
            ],
            [
              101.5976036038883,
              3.030262989737428
            ],
            [
              101.59760220270735,
              3.0301625898661393
            ],
            [
              101.59760290549403,
              3.0302127887052124
            ],
            [
              101.59777360359588,
              3.030160289259639
            ],
            [
              101.59777430199016,
              3.03021053854099
            ],
            [
              101.59760220270735,
              3.0301625898661393
            ]
          ]
        ]
      },
      "properties": {
        "name": "element.191",
        "type": "MESH",
        "building": "yes",
        "id": "892545666"
      }
    },
    {
      "type": "Feature",
      "geometry": {
        "type": "Polygon",
        "coordinates": [
          [
            [
              101.59781640769765,
              3.0304813894487053
            ],
            [
              101.5979733048259,
              3.030473388864803
            ],
            [
              101.59798170312683,
              3.030637988596994
            ],
            [
              101.59782480599858,
              3.0306460878723094
            ],
            [
              101.59798170312683,
              3.030637988596994
            ],
            [
              101.59782480599858,
              3.0306460878723094
            ],
            [
              101.59790325456271,
              3.0306420371380804
            ],
            [
              101.59781640769765,
              3.0304813894487053
            ],
            [
              101.5979733048259,
              3.030473388864803
            ],
            [
              101.59789485626177,
              3.0304773891567542
            ],
            [
              101.59781640769765,
              3.0304813894487053
            ]
          ]
        ]
      },
      "properties": {
        "name": "element.192",
        "type": "MESH",
        "building": "yes",
        "id": "892545667"
      }
    },
    {
      "type": "Feature",
      "geometry": {
        "type": "Polygon",
        "coordinates": [
          [
            [
              101.59780770631995,
              3.0307910874898254
            ],
            [
              101.59779570623725,
              3.030682588343221
            ],
            [
              101.59805280317765,
              3.030654088456212
            ],
            [
              101.59806490428595,
              3.0307625876028164
            ],
            [
              101.59805280317765,
              3.030654088456212
            ],
            [
              101.59806490428595,
              3.0307625876028164
            ],
            [
              101.598058855928,
              3.030708338029514
            ],
            [
              101.59780770631995,
              3.0307910874898254
            ],
            [
              101.59779570623725,
              3.030682588343221
            ],
            [
              101.5978017062786,
              3.0307368379165234
            ],
            [
              101.59780770631995,
              3.0307910874898254
            ]
          ]
        ]
      },
      "properties": {
        "name": "element.193",
        "type": "MESH",
        "building": "yes",
        "id": "892545668"
      }
    },
    {
      "type": "Feature",
      "geometry": {
        "type": "Polygon",
        "coordinates": [
          [
            [
              101.59768250487136,
              3.0308596867946167
            ],
            [
              101.59776970312977,
              3.030848986452276
            ],
            [
              101.59778590236294,
              3.0309808864295373
            ],
            [
              101.59769880513012,
              3.0309915867718784
            ],
            [
              101.59776970312977,
              3.030848986452276
            ],
            [
              101.59778590236294,
              3.0309808864295373
            ],
            [
              101.59769880513012,
              3.0309915867718784
            ],
            [
              101.59774240425932,
              3.0309862311178515
            ],
            [
              101.59768250487136,
              3.0308596867946167
            ],
            [
              101.59772610400057,
              3.030854337720018
            ],
            [
              101.59768250487136,
              3.0308596867946167
            ]
          ]
        ]
      },
      "properties": {
        "name": "element.194",
        "type": "MESH",
        "building": "yes",
        "id": "892545669"
      }
    },
    {
      "type": "Feature",
      "geometry": {
        "type": "Polygon",
        "coordinates": [
          [
            [
              101.59784630687884,
              3.0308629852809625
            ],
            [
              101.59799130494997,
              3.030840286255911
            ],
            [
              101.5980060019766,
              3.03093398607681
            ],
            [
              101.59786110493106,
              3.0309567859864175
            ],
            [
              101.59786110493106,
              3.0309567859864175
            ],
            [
              101.59784630687884,
              3.0308629852809625
            ],
            [
              101.59785370370874,
              3.03090988563369
            ],
            [
              101.59799130494997,
              3.030840286255911
            ],
            [
              101.5980060019766,
              3.03093398607681
            ],
            [
              101.59799866224812,
              3.030887193188066
            ],
            [
              101.59784630687884,
              3.0308629852809625
            ]
          ]
        ]
      },
      "properties": {
        "name": "element.195",
        "type": "MESH",
        "building": "yes",
        "id": "892545670"
      }
    },
    {
      "type": "Feature",
      "geometry": {
        "type": "Polygon",
        "coordinates": [
          [
            [
              101.59802060676247,
              3.0309459869526636
            ],
            [
              101.59817400313453,
              3.0309241871160437
            ],
            [
              101.5981874043982,
              3.0310178847438003
            ],
            [
              101.59803410465932,
              3.031039785464976
            ],
            [
              101.59803410465932,
              3.031039785464976
            ],
            [
              101.59802060676247,
              3.0309459869526636
            ],
            [
              101.59802735351468,
              3.0309928851122483
            ],
            [
              101.59817400313453,
              3.0309241871160437
            ],
            [
              101.5981874043982,
              3.0310178847438003
            ],
            [
              101.598180710355,
              3.0309710918550565
            ],
            [
              101.59802060676247,
              3.0309459869526636
            ]
          ]
        ]
      },
      "properties": {
        "name": "element.196",
        "type": "MESH",
        "building": "yes",
        "id": "892545671"
      }
    },
    {
      "type": "Feature",
      "geometry": {
        "type": "Polygon",
        "coordinates": [
          [
            [
              101.59806240060837,
              3.0310543852147123
            ],
            [
              101.59814160027577,
              3.031046283746254
            ],
            [
              101.5981507013634,
              3.0311361850443137
            ],
            [
              101.59807160272157,
              3.031144284319629
            ],
            [
              101.59814160027577,
              3.031046283746254
            ],
            [
              101.5981507013634,
              3.0311361850443137
            ],
            [
              101.59807160272157,
              3.031144284319629
            ],
            [
              101.59811120035907,
              3.031140229199115
            ],
            [
              101.59806240060837,
              3.0310543852147123
            ],
            [
              101.59810200263827,
              3.031050334480483
            ],
            [
              101.59806240060837,
              3.0310543852147123
            ]
          ]
        ]
      },
      "properties": {
        "name": "element.197",
        "type": "MESH",
        "building": "yes",
        "id": "892545672"
      }
    },
    {
      "type": "Feature",
      "geometry": {
        "type": "Polygon",
        "coordinates": [
          [
            [
              101.59771990630045,
              3.031002686266157
            ],
            [
              101.59782860543912,
              3.030989286165378
            ],
            [
              101.59784090420617,
              3.031089284691586
            ],
            [
              101.59773230609309,
              3.031102684792365
            ],
            [
              101.59773230609309,
              3.031102684792365
            ],
            [
              101.59771990630045,
              3.031002686266157
            ],
            [
              101.59772610400057,
              3.031052685529261
            ],
            [
              101.59782860543912,
              3.030989286165378
            ],
            [
              101.59784090420617,
              3.031089284691586
            ],
            [
              101.59783475482264,
              3.031039285428482
            ],
            [
              101.59771990630045,
              3.031002686266157
            ]
          ]
        ]
      },
      "properties": {
        "name": "element.198",
        "type": "MESH",
        "building": "yes",
        "id": "892545673"
      }
    },
    {
      "type": "Feature",
      "geometry": {
        "type": "Polygon",
        "coordinates": [
          [
            [
              101.59815480388069,
              3.0315272837630975
            ],
            [
              101.59824750144493,
              3.031515482463213
            ],
            [
              101.59825950152764,
              3.0316105837021805
            ],
            [
              101.5981668039634,
              3.0316223828089224
            ],
            [
              101.59824750144493,
              3.031515482463213
            ],
            [
              101.59825950152764,
              3.0316105837021805
            ],
            [
              101.5981668039634,
              3.0316223828089224
            ],
            [
              101.59821315274552,
              3.0316164832555517
            ],
            [
              101.59815480388069,
              3.0315272837630975
            ],
            [
              101.59820115266281,
              3.0315213842097264
            ],
            [
              101.59815480388069,
              3.0315272837630975
            ]
          ]
        ]
      },
      "properties": {
        "name": "element.199",
        "type": "MESH",
        "building": "yes",
        "id": "892545674"
      }
    },
    {
      "type": "Feature",
      "geometry": {
        "type": "Polygon",
        "coordinates": [
          [
            [
              101.59782890412346,
              3.0315258845381714
            ],
            [
              101.5980253988892,
              3.0314913842132354
            ],
            [
              101.59804290267017,
              3.0315904835510117
            ],
            [
              101.59784630248642,
              3.0316249838759477
            ],
            [
              101.5980253988892,
              3.0314913842132354
            ],
            [
              101.59804290267017,
              3.0315904835510117
            ],
            [
              101.5980341529759,
              3.0315409338821238
            ],
            [
              101.59784630248642,
              3.0316249838759477
            ],
            [
              101.59782890412346,
              3.0315258845381714
            ],
            [
              101.59783760110874,
              3.0315754342070598
            ],
            [
              101.59782890412346,
              3.0315258845381714
            ]
          ]
        ]
      },
      "properties": {
        "name": "element.200",
        "type": "MESH",
        "building": "yes",
        "id": "892545675"
      }
    },
    {
      "type": "Feature",
      "geometry": {
        "type": "Polygon",
        "coordinates": [
          [
            [
              101.59789190455768,
              3.031354483871035
            ],
            [
              101.59822070331,
              3.0313179834001236
            ],
            [
              101.59823149987051,
              3.031414483864017
            ],
            [
              101.59790260448501,
              3.031450883450373
            ],
            [
              101.59822070331,
              3.0313179834001236
            ],
            [
              101.59823149987051,
              3.031414483864017
            ],
            [
              101.59822610159026,
              3.031366232535499
            ],
            [
              101.59790260448501,
              3.031450883450373
            ],
            [
              101.59789190455768,
              3.031354483871035
            ],
            [
              101.59789725012894,
              3.0314026299287122
            ],
            [
              101.59789190455768,
              3.031354483871035
            ]
          ]
        ]
      },
      "properties": {
        "name": "element.201",
        "type": "MESH",
        "building": "yes",
        "id": "892545676"
      }
    },
    {
      "type": "Feature",
      "geometry": {
        "type": "Polygon",
        "coordinates": [
          [
            [
              101.59805280317765,
              3.031184385930554
            ],
            [
              101.59816799870076,
              3.0311608864084834
            ],
            [
              101.59819209989178,
              3.031278785363916
            ],
            [
              101.59807700100183,
              3.0313022848859865
            ],
            [
              101.59816799870076,
              3.0311608864084834
            ],
            [
              101.59819209989178,
              3.031278785363916
            ],
            [
              101.59807700100183,
              3.0313022848859865
            ],
            [
              101.5981345504468,
              3.03129053402838
            ],
            [
              101.59805280317765,
              3.031184385930554
            ],
            [
              101.5981104009392,
              3.0311726350729473
            ],
            [
              101.59805280317765,
              3.031184385930554
            ]
          ]
        ]
      },
      "properties": {
        "name": "element.202",
        "type": "MESH",
        "building": "yes",
        "id": "892545677"
      }
    },
    {
      "type": "Feature",
      "geometry": {
        "type": "Polygon",
        "coordinates": [
          [
            [
              101.59781950435149,
              3.031233983848577
            ],
            [
              101.59794050664962,
              3.0312275842587124
            ],
            [
              101.5979458039043,
              3.0313293833549273
            ],
            [
              101.59782480599858,
              3.031335782944792
            ],
            [
              101.59781950435149,
              3.031233983848577
            ],
            [
              101.59794050664962,
              3.0312275842587124
            ],
            [
              101.5979458039043,
              3.0313293833549273
            ],
            [
              101.59794315527697,
              3.0312784827102486
            ],
            [
              101.59782480599858,
              3.031335782944792
            ],
            [
              101.59782215737124,
              3.0312848823001133
            ],
            [
              101.59781950435149,
              3.031233983848577
            ]
          ]
        ]
      },
      "properties": {
        "name": "element.203",
        "type": "MESH",
        "building": "yes",
        "id": "892545678"
      }
    },
    {
      "type": "Feature",
      "geometry": {
        "type": "Polygon",
        "coordinates": [
          [
            [
              101.59670100615915,
              3.026325708963954
            ],
            [
              101.59678810778439,
              3.026312508439144
            ],
            [
              101.59679750755635,
              3.026374107233021
            ],
            [
              101.59671040593112,
              3.026387307757831
            ],
            [
              101.59671040593112,
              3.026387307757831
            ],
            [
              101.59670100615915,
              3.026325708963954
            ],
            [
              101.59670570604513,
              3.0263565072643215
            ],
            [
              101.59678810778439,
              3.026312508439144
            ],
            [
              101.59679750755635,
              3.026374107233021
            ],
            [
              101.59679280767037,
              3.026343306739511
            ],
            [
              101.59670100615915,
              3.026325708963954
            ]
          ]
        ]
      },
      "properties": {
        "name": "element.204",
        "type": "MESH",
        "building": "house",
        "id": "892550361"
      }
    },
    {
      "type": "Feature",
      "geometry": {
        "type": "Polygon",
        "coordinates": [
          [
            [
              101.59635500670262,
              3.026129008204741
            ],
            [
              101.59647170443229,
              3.0261103094716404
            ],
            [
              101.59649040734304,
              3.0262266074330353
            ],
            [
              101.59637380624655,
              3.0262453083592784
            ],
            [
              101.59637380624655,
              3.0262453083592784
            ],
            [
              101.59635500670262,
              3.026129008204741
            ],
            [
              101.59636440647459,
              3.0261871593785807
            ],
            [
              101.59647170443229,
              3.0261103094716404
            ],
            [
              101.59649040734304,
              3.0262266074330353
            ],
            [
              101.59648105588766,
              3.0261684584523376
            ],
            [
              101.59635500670262,
              3.026129008204741
            ]
          ]
        ]
      },
      "properties": {
        "name": "element.205",
        "type": "MESH",
        "building": "house",
        "id": "892550362"
      }
    },
    {
      "type": "Feature",
      "geometry": {
        "type": "Polygon",
        "coordinates": [
          [
            [
              101.59639561020357,
              3.0262824097512397
            ],
            [
              101.59648810571665,
              3.0262677091169476
            ],
            [
              101.5965119082233,
              3.026416807717828
            ],
            [
              101.59641940831781,
              3.02643150835212
            ],
            [
              101.59648810571665,
              3.0262677091169476
            ],
            [
              101.5965119082233,
              3.026416807717828
            ],
            [
              101.59641940831781,
              3.02643150835212
            ],
            [
              101.59646565607436,
              3.0264241591315453
            ],
            [
              101.59639561020357,
              3.0262824097512397
            ],
            [
              101.5964418579601,
              3.0262750583375224
            ],
            [
              101.59639561020357,
              3.0262824097512397
            ]
          ]
        ]
      },
      "properties": {
        "name": "element.206",
        "type": "MESH",
        "building": "house",
        "id": "892550363"
      }
    },
    {
      "type": "Feature",
      "geometry": {
        "type": "Polygon",
        "coordinates": [
          [
            [
              101.59637830408136,
              3.0264861066350823
            ],
            [
              101.59650830644152,
              3.0264660064839135
            ],
            [
              101.59653030366488,
              3.026608106767022
            ],
            [
              101.59640030569713,
              3.0266282069181907
            ],
            [
              101.59653030366488,
              3.026608106767022
            ],
            [
              101.59640030569713,
              3.0266282069181907
            ],
            [
              101.596465304681,
              3.0266181579391778
            ],
            [
              101.59637830408136,
              3.0264861066350823
            ],
            [
              101.59650830644152,
              3.0264660064839135
            ],
            [
              101.59644330745765,
              3.026476057656069
            ],
            [
              101.59637830408136,
              3.0264861066350823
            ]
          ]
        ]
      },
      "properties": {
        "name": "element.207",
        "type": "MESH",
        "building": "house",
        "id": "892550364"
      }
    },
    {
      "type": "Feature",
      "geometry": {
        "type": "Polygon",
        "coordinates": [
          [
            [
              101.59640031008955,
              3.0266282069181907
            ],
            [
              101.5965303080573,
              3.026608106767022
            ],
            [
              101.59654950731115,
              3.026731506123887
            ],
            [
              101.59641940831781,
              3.026751606275056
            ],
            [
              101.5965303080573,
              3.026608106767022
            ],
            [
              101.59654950731115,
              3.026731506123887
            ],
            [
              101.59653990988043,
              3.0266698064454545
            ],
            [
              101.59641940831781,
              3.026751606275056
            ],
            [
              101.59640031008955,
              3.0266282069181907
            ],
            [
              101.59640985920369,
              3.0266899065966233
            ],
            [
              101.59640031008955,
              3.0266282069181907
            ]
          ]
        ]
      },
      "properties": {
        "name": "element.208",
        "type": "MESH",
        "building": "house",
        "id": "892550365"
      }
    },
    {
      "type": "Feature",
      "geometry": {
        "type": "Polygon",
        "coordinates": [
          [
            [
              101.59662910668848,
              3.02644660813835
            ],
            [
              101.59676060686277,
              3.026418507403279
            ],
            [
              101.59680560717294,
              3.0266284064941598
            ],
            [
              101.59667420802423,
              3.026656507229231
            ],
            [
              101.59676060686277,
              3.026418507403279
            ],
            [
              101.59680560717294,
              3.0266284064941598
            ],
            [
              101.59667420802423,
              3.026656507229231
            ],
            [
              101.59673990979479,
              3.0266424579582667
            ],
            [
              101.59662910668848,
              3.02644660813835
            ],
            [
              101.59669485677563,
              3.0264325588673855
            ],
            [
              101.59662910668848,
              3.02644660813835
            ]
          ]
        ]
      },
      "properties": {
        "name": "element.209",
        "type": "MESH",
        "building": "house",
        "id": "892550366"
      }
    },
    {
      "type": "Feature",
      "geometry": {
        "type": "Polygon",
        "coordinates": [
          [
            [
              101.59656390565344,
              3.026082110045156
            ],
            [
              101.59673690538169,
              3.0260634113120553
            ],
            [
              101.59675330666605,
              3.026214510058911
            ],
            [
              101.59658030693778,
              3.0262333096765675
            ],
            [
              101.59656390565344,
              3.026082110045156
            ],
            [
              101.59673690538169,
              3.0260634113120553
            ],
            [
              101.59675330666605,
              3.026214510058911
            ],
            [
              101.59674510602387,
              3.026138960685483
            ],
            [
              101.59658030693778,
              3.0262333096765675
            ],
            [
              101.59657210629561,
              3.0261577098608616
            ],
            [
              101.59656390565344,
              3.026082110045156
            ]
          ]
        ]
      },
      "properties": {
        "name": "element.210",
        "type": "MESH",
        "building": "house",
        "id": "892550367"
      }
    },
    {
      "type": "Feature",
      "geometry": {
        "type": "Polygon",
        "coordinates": [
          [
            [
              101.59655730385097,
              3.0258894095778937
            ],
            [
              101.59669410127994,
              3.0258599096178966
            ],
            [
              101.59673050563042,
              3.0260284087574827
            ],
            [
              101.59659370380903,
              3.02605790871748
            ],
            [
              101.59669410127994,
              3.0258599096178966
            ],
            [
              101.59673050563042,
              3.0260284087574827
            ],
            [
              101.59659370380903,
              3.02605790871748
            ],
            [
              101.59666210252351,
              3.0260431598340527
            ],
            [
              101.59655730385097,
              3.0258894095778937
            ],
            [
              101.59662570256546,
              3.025874660694466
            ],
            [
              101.59655730385097,
              3.0258894095778937
            ]
          ]
        ]
      },
      "properties": {
        "name": "element.211",
        "type": "MESH",
        "building": "yes",
        "id": "892550368"
      }
    },
    {
      "type": "Feature",
      "geometry": {
        "type": "Polygon",
        "coordinates": [
          [
            [
              101.59640990312785,
              3.0254655146059095
            ],
            [
              101.59656410331219,
              3.0254481142131793
            ],
            [
              101.59657360410974,
              3.025531512843676
            ],
            [
              101.5964194039254,
              3.025548913236406
            ],
            [
              101.59657360410974,
              3.025531512843676
            ],
            [
              101.5964194039254,
              3.025548913236406
            ],
            [
              101.59640990312785,
              3.0254655146059095
            ],
            [
              101.59641465572284,
              3.0255072128245866
            ],
            [
              101.59656410331219,
              3.0254481142131793
            ],
            [
              101.59656885151476,
              3.0254898124318563
            ],
            [
              101.59640990312785,
              3.0254655146059095
            ]
          ]
        ]
      },
      "properties": {
        "name": "element.212",
        "type": "MESH",
        "building": "yes",
        "id": "892550369"
      }
    },
    {
      "type": "Feature",
      "geometry": {
        "type": "Polygon",
        "coordinates": [
          [
            [
              101.59627590806082,
              3.025471712426663
            ],
            [
              101.59639260579047,
              3.025466312909786
            ],
            [
              101.59640060438147,
              3.0256400119902804
            ],
            [
              101.59628390665182,
              3.025645411507157
            ],
            [
              101.59640060438147,
              3.0256400119902804
            ],
            [
              101.59628390665182,
              3.025645411507157
            ],
            [
              101.59634225551665,
              3.0256427117487186
            ],
            [
              101.59627590806082,
              3.025471712426663
            ],
            [
              101.59639260579047,
              3.025466312909786
            ],
            [
              101.59633425692564,
              3.0254690126682244
            ],
            [
              101.59627590806082,
              3.025471712426663
            ]
          ]
        ]
      },
      "properties": {
        "name": "element.213",
        "type": "MESH",
        "building": "yes",
        "id": "892550370"
      }
    },
    {
      "type": "Feature",
      "geometry": {
        "type": "Polygon",
        "coordinates": [
          [
            [
              101.596417207717,
              3.02556641232055
            ],
            [
              101.59659690588089,
              3.025546410860794
            ],
            [
              101.59660580491733,
              3.0256253113559883
            ],
            [
              101.59642610675344,
              3.025645411507157
            ],
            [
              101.596417207717,
              3.02556641232055
            ],
            [
              101.59659690588089,
              3.025546410860794
            ],
            [
              101.59660580491733,
              3.0256253113559883
            ],
            [
              101.5966013510067,
              3.025585812859256
            ],
            [
              101.59642610675344,
              3.025645411507157
            ],
            [
              101.59642165723523,
              3.025605910817282
            ],
            [
              101.596417207717,
              3.02556641232055
            ]
          ]
        ]
      },
      "properties": {
        "name": "element.214",
        "type": "MESH",
        "building": "yes",
        "id": "892550371"
      }
    },
    {
      "type": "Feature",
      "geometry": {
        "type": "Polygon",
        "coordinates": [
          [
            [
              101.59660850625367,
              3.0256547104314295
            ],
            [
              101.59662060296955,
              3.0258196106241453
            ],
            [
              101.59647440576863,
              3.0258303109664864
            ],
            [
              101.59646230466034,
              3.025665511658326
            ],
            [
              101.59646230466034,
              3.025665511658326
            ],
            [
              101.59660850625367,
              3.0256547104314295
            ],
            [
              101.59653540326079,
              3.0256601121414493
            ],
            [
              101.59662060296955,
              3.0258196106241453
            ],
            [
              101.59647440576863,
              3.0258303109664864
            ],
            [
              101.59654750436908,
              3.025824961891887
            ],
            [
              101.59660850625367,
              3.0256547104314295
            ]
          ]
        ]
      },
      "properties": {
        "name": "element.215",
        "type": "MESH",
        "building": "yes",
        "id": "892550372"
      }
    },
    {
      "type": "Feature",
      "geometry": {
        "type": "Polygon",
        "coordinates": [
          [
            [
              101.59831170100894,
              3.0232923187200345
            ],
            [
              101.59837430173323,
              3.0232923187200345
            ],
            [
              101.59837430173323,
              3.023445018460928
            ],
            [
              101.59831170100894,
              3.023445018460928
            ],
            [
              101.59837430173323,
              3.0232923187200345
            ],
            [
              101.59837430173323,
              3.023445018460928
            ],
            [
              101.59831170100894,
              3.023445018460928
            ],
            [
              101.59834300137109,
              3.023445018460928
            ],
            [
              101.59831170100894,
              3.0232923187200345
            ],
            [
              101.59834300137109,
              3.0232923187200345
            ],
            [
              101.59831170100894,
              3.0232923187200345
            ]
          ]
        ]
      },
      "properties": {
        "name": "element.216",
        "type": "MESH",
        "building": "house",
        "house": "terraced",
        "id": "1033446032"
      }
    },
    {
      "type": "Feature",
      "geometry": {
        "type": "Polygon",
        "coordinates": [
          [
            [
              101.59972199623444,
              3.0275852022006533
            ],
            [
              101.59966819791342,
              3.027597402652476
            ],
            [
              101.5996182956661,
              3.027378002868211
            ],
            [
              101.59967209837954,
              3.0273659033009443
            ],
            [
              101.59972199623444,
              3.0275852022006533
            ],
            [
              101.59966819791342,
              3.027597402652476
            ],
            [
              101.59969509707393,
              3.0275913013299935
            ],
            [
              101.5996182956661,
              3.027378002868211
            ],
            [
              101.59967209837954,
              3.0273659033009443
            ],
            [
              101.5996451948266,
              3.027371954181149
            ],
            [
              101.59972199623444,
              3.0275852022006533
            ]
          ]
        ]
      },
      "properties": {
        "name": "element.217",
        "type": "MESH",
        "building": "industrial",
        "id": "1237457182"
      }
    },
    {
      "type": "Feature",
      "geometry": {
        "type": "Polygon",
        "coordinates": [
          [
            [
              101.59977579455546,
              3.027573001748831
            ],
            [
              101.59972199623444,
              3.0275852022006533
            ],
            [
              101.59967209398712,
              3.0273659033009443
            ],
            [
              101.59972589670056,
              3.0273537028491218
            ],
            [
              101.59977579455546,
              3.027573001748831
            ],
            [
              101.59972199623444,
              3.0275852022006533
            ],
            [
              101.59974889539495,
              3.027579100878171
            ],
            [
              101.59967209398712,
              3.0273659033009443
            ],
            [
              101.59972589670056,
              3.0273537028491218
            ],
            [
              101.59969899314763,
              3.027359801978462
            ],
            [
              101.59977579455546,
              3.027573001748831
            ]
          ]
        ]
      },
      "properties": {
        "name": "element.218",
        "type": "MESH",
        "building": "industrial",
        "id": "1237457183"
      }
    },
    {
      "type": "Feature",
      "geometry": {
        "type": "Polygon",
        "coordinates": [
          [
            [
              101.59982959287647,
              3.0275608012970086
            ],
            [
              101.59977579455546,
              3.027573001748831
            ],
            [
              101.59972589230814,
              3.0273537028491218
            ],
            [
              101.59977979165475,
              3.0273415023972996
            ],
            [
              101.59977979165475,
              3.0273415023972996
            ],
            [
              101.59982959287647,
              3.0275608012970086
            ],
            [
              101.59977579455546,
              3.027573001748831
            ],
            [
              101.59980274203255,
              3.027566889460636
            ],
            [
              101.59972589230814,
              3.0273537028491218
            ],
            [
              101.59975284417766,
              3.0273476015266394
            ],
            [
              101.59982959287647,
              3.0275608012970086
            ]
          ]
        ]
      },
      "properties": {
        "name": "element.219",
        "type": "MESH",
        "building": "industrial",
        "id": "1237457184"
      }
    },
    {
      "type": "Feature",
      "geometry": {
        "type": "Polygon",
        "coordinates": [
          [
            [
              101.59988339558991,
              3.0275486030383285
            ],
            [
              101.5998295972689,
              3.027560803490151
            ],
            [
              101.59977979604717,
              3.0273415045904417
            ],
            [
              101.59983359436819,
              3.0273293041386196
            ],
            [
              101.59983359436819,
              3.0273293041386196
            ],
            [
              101.59988339558991,
              3.0275486030383285
            ],
            [
              101.5998295972689,
              3.027560803490151
            ],
            [
              101.59985649642941,
              3.0275547021676688
            ],
            [
              101.59977979604717,
              3.0273415045904417
            ],
            [
              101.59980669520768,
              3.0273354032679594
            ],
            [
              101.59988339558991,
              3.0275486030383285
            ]
          ]
        ]
      },
      "properties": {
        "name": "element.220",
        "type": "MESH",
        "building": "industrial",
        "id": "1237457185"
      }
    },
    {
      "type": "Feature",
      "geometry": {
        "type": "Polygon",
        "coordinates": [
          [
            [
              101.59993719391095,
              3.0275364025865064
            ],
            [
              101.59988339558991,
              3.0275486030383285
            ],
            [
              101.59983359436819,
              3.0273293041386196
            ],
            [
              101.59988739268921,
              3.027317103686797
            ],
            [
              101.59988339558991,
              3.0275486030383285
            ],
            [
              101.59983359436819,
              3.0273293041386196
            ],
            [
              101.59988739268921,
              3.027317103686797
            ],
            [
              101.5998604935287,
              3.027323202816137
            ],
            [
              101.59993719391095,
              3.0275364025865064
            ],
            [
              101.59991029475043,
              3.027542501715846
            ],
            [
              101.59993719391095,
              3.0275364025865064
            ]
          ]
        ]
      },
      "properties": {
        "name": "element.221",
        "type": "MESH",
        "building": "industrial",
        "id": "1237457186"
      }
    },
    {
      "type": "Feature",
      "geometry": {
        "type": "Polygon",
        "coordinates": [
          [
            [
              101.59999109325754,
              3.0275242021346838
            ],
            [
              101.59993719391095,
              3.0275364025865064
            ],
            [
              101.59988739268921,
              3.027317103686797
            ],
            [
              101.59994119540265,
              3.0273049032349744
            ],
            [
              101.59993719391095,
              3.0275364025865064
            ],
            [
              101.59988739268921,
              3.027317103686797
            ],
            [
              101.59994119540265,
              3.0273049032349744
            ],
            [
              101.59991424792555,
              3.027311013330027
            ],
            [
              101.59999109325754,
              3.0275242021346838
            ],
            [
              101.59996414138804,
              3.0275303012640236
            ],
            [
              101.59999109325754,
              3.0275242021346838
            ]
          ]
        ]
      },
      "properties": {
        "name": "element.222",
        "type": "MESH",
        "building": "industrial",
        "id": "1237457187"
      }
    },
    {
      "type": "Feature",
      "geometry": {
        "type": "Polygon",
        "coordinates": [
          [
            [
              101.60004489157856,
              3.027512001682861
            ],
            [
              101.59999109325754,
              3.0275242021346838
            ],
            [
              101.59994119101023,
              3.0273049032349744
            ],
            [
              101.59999499372367,
              3.027292702783152
            ],
            [
              101.59994119101023,
              3.0273049032349744
            ],
            [
              101.59999499372367,
              3.027292702783152
            ],
            [
              101.59996809017075,
              3.027298801912492
            ],
            [
              101.60004489157856,
              3.027512001682861
            ],
            [
              101.59999109325754,
              3.0275242021346838
            ],
            [
              101.60001799241806,
              3.0275181008122014
            ],
            [
              101.60004489157856,
              3.027512001682861
            ]
          ]
        ]
      },
      "properties": {
        "name": "element.223",
        "type": "MESH",
        "building": "industrial",
        "id": "1237457188"
      }
    },
    {
      "type": "Feature",
      "geometry": {
        "type": "Polygon",
        "coordinates": [
          [
            [
              101.600098694292,
              3.027499902115595
            ],
            [
              101.60004489597098,
              3.027512001682861
            ],
            [
              101.59999499372367,
              3.027292702783152
            ],
            [
              101.60004879643711,
              3.0272805023313296
            ],
            [
              101.59999499372367,
              3.027292702783152
            ],
            [
              101.60004879643711,
              3.0272805023313296
            ],
            [
              101.60002189288419,
              3.027286603653812
            ],
            [
              101.600098694292,
              3.027499902115595
            ],
            [
              101.60004489597098,
              3.027512001682861
            ],
            [
              101.6000717951315,
              3.0275059529957993
            ],
            [
              101.600098694292,
              3.027499902115595
            ]
          ]
        ]
      },
      "properties": {
        "name": "element.224",
        "type": "MESH",
        "building": "industrial",
        "id": "1237457189"
      }
    },
    {
      "type": "Feature",
      "geometry": {
        "type": "Polygon",
        "coordinates": [
          [
            [
              101.60015249261303,
              3.027487703856915
            ],
            [
              101.600098694292,
              3.027499904308737
            ],
            [
              101.60004879204469,
              3.027280504524472
            ],
            [
              101.6001026913913,
              3.0272683040726496
            ],
            [
              101.6001026913913,
              3.0272683040726496
            ],
            [
              101.60015249261303,
              3.027487703856915
            ],
            [
              101.600098694292,
              3.027499904308737
            ],
            [
              101.6001256417691,
              3.0274937920205423
            ],
            [
              101.60004879204469,
              3.027280504524472
            ],
            [
              101.6000757439142,
              3.0272744053951324
            ],
            [
              101.60015249261303,
              3.027487703856915
            ]
          ]
        ]
      },
      "properties": {
        "name": "element.225",
        "type": "MESH",
        "building": "industrial",
        "id": "1237457190"
      }
    },
    {
      "type": "Feature",
      "geometry": {
        "type": "Polygon",
        "coordinates": [
          [
            [
              101.60042159402856,
              3.0272025054108527
            ],
            [
              101.6004747949809,
              3.027190405843586
            ],
            [
              101.600523493706,
              3.0274042043418623
            ],
            [
              101.60047029275367,
              3.027416303909129
            ],
            [
              101.600523493706,
              3.0274042043418623
            ],
            [
              101.60047029275367,
              3.027416303909129
            ],
            [
              101.60049689322983,
              3.027410255222067
            ],
            [
              101.60042159402856,
              3.0272025054108527
            ],
            [
              101.6004747949809,
              3.027190405843586
            ],
            [
              101.60044819450472,
              3.0271964545306482
            ],
            [
              101.60042159402856,
              3.0272025054108527
            ]
          ]
        ]
      },
      "properties": {
        "name": "element.226",
        "type": "MESH",
        "building": "industrial",
        "id": "1237457192"
      }
    },
    {
      "type": "Feature",
      "geometry": {
        "type": "Polygon",
        "coordinates": [
          [
            [
              101.60036839307622,
              3.0272146049781194
            ],
            [
              101.60042159402856,
              3.0272025054108527
            ],
            [
              101.60047029275367,
              3.027416303909129
            ],
            [
              101.60041709180133,
              3.0274283047849826
            ],
            [
              101.60036839307622,
              3.0272146049781194
            ],
            [
              101.60042159402856,
              3.0272025054108527
            ],
            [
              101.60039499355238,
              3.0272085540979146
            ],
            [
              101.60047029275367,
              3.027416303909129
            ],
            [
              101.60041709180133,
              3.0274283047849826
            ],
            [
              101.6004436922775,
              3.0274223043470556
            ],
            [
              101.60036839307622,
              3.0272146049781194
            ]
          ]
        ]
      },
      "properties": {
        "name": "element.227",
        "type": "MESH",
        "building": "industrial",
        "id": "1237457193"
      }
    },
    {
      "type": "Feature",
      "geometry": {
        "type": "Polygon",
        "coordinates": [
          [
            [
              101.60031519212389,
              3.0272267045453862
            ],
            [
              101.60036839307622,
              3.0272146049781194
            ],
            [
              101.60041709180133,
              3.0274283047849826
            ],
            [
              101.600363890849,
              3.027440404352249
            ],
            [
              101.60031519212389,
              3.0272267045453862
            ],
            [
              101.60036839307622,
              3.0272146049781194
            ],
            [
              101.60034179260005,
              3.0272206536651813
            ],
            [
              101.60041709180133,
              3.0274283047849826
            ],
            [
              101.600363890849,
              3.027440404352249
            ],
            [
              101.60039049132516,
              3.0274343534720445
            ],
            [
              101.60031519212389,
              3.0272267045453862
            ]
          ]
        ]
      },
      "properties": {
        "name": "element.228",
        "type": "MESH",
        "building": "industrial",
        "id": "1237457194"
      }
    },
    {
      "type": "Feature",
      "geometry": {
        "type": "Polygon",
        "coordinates": [
          [
            [
              101.60026199117155,
              3.0272387032280967
            ],
            [
              101.60031519212389,
              3.0272267023522437
            ],
            [
              101.600363890849,
              3.0274404021591064
            ],
            [
              101.60031068989666,
              3.027452501726373
            ],
            [
              101.600363890849,
              3.0274404021591064
            ],
            [
              101.60031068989666,
              3.027452501726373
            ],
            [
              101.60033729037282,
              3.0274464530393113
            ],
            [
              101.60026199117155,
              3.0272387032280967
            ],
            [
              101.60031519212389,
              3.0272267023522437
            ],
            [
              101.60028859164771,
              3.02723270279017
            ],
            [
              101.60026199117155,
              3.0272387032280967
            ]
          ]
        ]
      },
      "properties": {
        "name": "element.229",
        "type": "MESH",
        "building": "industrial",
        "id": "1237457195"
      }
    },
    {
      "type": "Feature",
      "geometry": {
        "type": "Polygon",
        "coordinates": [
          [
            [
              101.60020879461163,
              3.027250804988506
            ],
            [
              101.60026199556397,
              3.0272387054212393
            ],
            [
              101.60031069428908,
              3.0274525039195157
            ],
            [
              101.60025749333674,
              3.0274646034867825
            ],
            [
              101.60025749333674,
              3.0274646034867825
            ],
            [
              101.60020879461163,
              3.027250804988506
            ],
            [
              101.60026199556397,
              3.0272387054212393
            ],
            [
              101.6002353950878,
              3.0272447541083016
            ],
            [
              101.60031069428908,
              3.0274525039195157
            ],
            [
              101.6002840938129,
              3.02745855479972
            ],
            [
              101.60020879461163,
              3.027250804988506
            ]
          ]
        ]
      },
      "properties": {
        "name": "element.230",
        "type": "MESH",
        "building": "industrial",
        "id": "1237457196"
      }
    },
    {
      "type": "Feature",
      "geometry": {
        "type": "Polygon",
        "coordinates": [
          [
            [
              101.6001555936593,
              3.027262904555773
            ],
            [
              101.60020879461163,
              3.027250804988506
            ],
            [
              101.60025749333674,
              3.0274646034867825
            ],
            [
              101.6002042923844,
              3.0274767030540493
            ],
            [
              101.60025749333674,
              3.0274646034867825
            ],
            [
              101.6002042923844,
              3.0274767030540493
            ],
            [
              101.60023089286057,
              3.027470654366987
            ],
            [
              101.6001555936593,
              3.027262904555773
            ],
            [
              101.60020879461163,
              3.027250804988506
            ],
            [
              101.60018219413546,
              3.027256853675568
            ],
            [
              101.6001555936593,
              3.027262904555773
            ]
          ]
        ]
      },
      "properties": {
        "name": "element.231",
        "type": "MESH",
        "building": "industrial",
        "id": "1237457198"
      }
    },
    {
      "type": "Feature",
      "geometry": {
        "type": "Polygon",
        "coordinates": [
          [
            [
              101.5997141953022,
              3.027308502181845
            ],
            [
              101.59966019493,
              3.0273207026336677
            ],
            [
              101.59960999399834,
              3.027098802666933
            ],
            [
              101.59966399437053,
              3.027086602215111
            ],
            [
              101.59960999399834,
              3.027098802666933
            ],
            [
              101.59966399437053,
              3.027086602215111
            ],
            [
              101.59963699418444,
              3.027092703537593
            ],
            [
              101.5997141953022,
              3.027308502181845
            ],
            [
              101.59966019493,
              3.0273207026336677
            ],
            [
              101.59968719511609,
              3.027314601311185
            ],
            [
              101.5997141953022,
              3.027308502181845
            ]
          ]
        ]
      },
      "properties": {
        "name": "element.232",
        "type": "MESH",
        "building": "industrial",
        "id": "1237457199"
      }
    },
    {
      "type": "Feature",
      "geometry": {
        "type": "Polygon",
        "coordinates": [
          [
            [
              101.59976819567439,
              3.027296303923165
            ],
            [
              101.5997141953022,
              3.0273085043749877
            ],
            [
              101.59966399437053,
              3.0270866044082534
            ],
            [
              101.59971809576831,
              3.027074403956431
            ],
            [
              101.59971809576831,
              3.027074403956431
            ],
            [
              101.59976819567439,
              3.027296303923165
            ],
            [
              101.5997141953022,
              3.0273085043749877
            ],
            [
              101.59974124380487,
              3.0273023920867925
            ],
            [
              101.59966399437053,
              3.0270866044082534
            ],
            [
              101.59969104726564,
              3.027080505278913
            ],
            [
              101.59976819567439,
              3.027296303923165
            ]
          ]
        ]
      },
      "properties": {
        "name": "element.233",
        "type": "MESH",
        "building": "industrial",
        "id": "1237457200"
      }
    },
    {
      "type": "Feature",
      "geometry": {
        "type": "Polygon",
        "coordinates": [
          [
            [
              101.59982229267975,
              3.027284103471343
            ],
            [
              101.59976819128197,
              3.027296303923165
            ],
            [
              101.5997180913759,
              3.027074403956431
            ],
            [
              101.5997720917481,
              3.027062203504608
            ],
            [
              101.59976819128197,
              3.027296303923165
            ],
            [
              101.5997180913759,
              3.027074403956431
            ],
            [
              101.5997720917481,
              3.027062203504608
            ],
            [
              101.59974504763782,
              3.0270683157928033
            ],
            [
              101.59982229267975,
              3.027284103471343
            ],
            [
              101.59979524417707,
              3.0272902026006827
            ],
            [
              101.59982229267975,
              3.027284103471343
            ]
          ]
        ]
      },
      "properties": {
        "name": "element.234",
        "type": "MESH",
        "building": "industrial",
        "id": "1237457201"
      }
    },
    {
      "type": "Feature",
      "geometry": {
        "type": "Polygon",
        "coordinates": [
          [
            [
              101.59987629305195,
              3.0272719030195203
            ],
            [
              101.59982229267975,
              3.027284103471343
            ],
            [
              101.5997720917481,
              3.027062203504608
            ],
            [
              101.59982619314587,
              3.027050003052786
            ],
            [
              101.59982619314587,
              3.027050003052786
            ],
            [
              101.59987629305195,
              3.0272719030195203
            ],
            [
              101.59982229267975,
              3.027284103471343
            ],
            [
              101.59984934118243,
              3.0272779911831478
            ],
            [
              101.5997720917481,
              3.027062203504608
            ],
            [
              101.59979914464319,
              3.0270561043752684
            ],
            [
              101.59987629305195,
              3.0272719030195203
            ]
          ]
        ]
      },
      "properties": {
        "name": "element.235",
        "type": "MESH",
        "building": "industrial",
        "id": "1237457202"
      }
    },
    {
      "type": "Feature",
      "geometry": {
        "type": "Polygon",
        "coordinates": [
          [
            [
              101.59993039444973,
              3.0272597025676977
            ],
            [
              101.59987629305195,
              3.0272719030195203
            ],
            [
              101.59982619314587,
              3.027050003052786
            ],
            [
              101.59988019351808,
              3.0270378026009634
            ],
            [
              101.59987629305195,
              3.0272719030195203
            ],
            [
              101.59982619314587,
              3.027050003052786
            ],
            [
              101.59988019351808,
              3.0270378026009634
            ],
            [
              101.5998531494078,
              3.0270439148891586
            ],
            [
              101.59993039444973,
              3.0272597025676977
            ],
            [
              101.59990334594704,
              3.027265801697038
            ],
            [
              101.59993039444973,
              3.0272597025676977
            ]
          ]
        ]
      },
      "properties": {
        "name": "element.236",
        "type": "MESH",
        "building": "industrial",
        "id": "1237457203"
      }
    },
    {
      "type": "Feature",
      "geometry": {
        "type": "Polygon",
        "coordinates": [
          [
            [
              101.59998439482192,
              3.0272475043090177
            ],
            [
              101.59993039444973,
              3.0272597047608403
            ],
            [
              101.59988019351808,
              3.027037804794106
            ],
            [
              101.59993429491585,
              3.0270257052268392
            ],
            [
              101.59993429491585,
              3.0270257052268392
            ],
            [
              101.59998439482192,
              3.0272475043090177
            ],
            [
              101.59993039444973,
              3.0272597047608403
            ],
            [
              101.59995742977516,
              3.0272535968589303
            ],
            [
              101.59988019351808,
              3.027037804794106
            ],
            [
              101.59990724641317,
              3.0270317561070437
            ],
            [
              101.59998439482192,
              3.0272475043090177
            ]
          ]
        ]
      },
      "properties": {
        "name": "element.237",
        "type": "MESH",
        "building": "industrial",
        "id": "1237457204"
      }
    },
    {
      "type": "Feature",
      "geometry": {
        "type": "Polygon",
        "coordinates": [
          [
            [
              101.60003849182729,
              3.0272354047417513
            ],
            [
              101.5999843904295,
              3.0272475043090177
            ],
            [
              101.59993429052344,
              3.0270257052268392
            ],
            [
              101.59998829089562,
              3.0270135047750166
            ],
            [
              101.5999843904295,
              3.0272475043090177
            ],
            [
              101.59993429052344,
              3.0270257052268392
            ],
            [
              101.59998829089562,
              3.0270135047750166
            ],
            [
              101.5999612555702,
              3.027019614870069
            ],
            [
              101.60003849182729,
              3.0272354047417513
            ],
            [
              101.6000114433246,
              3.027241455621956
            ],
            [
              101.60003849182729,
              3.0272354047417513
            ]
          ]
        ]
      },
      "properties": {
        "name": "element.238",
        "type": "MESH",
        "building": "industrial",
        "id": "1237457205"
      }
    },
    {
      "type": "Feature",
      "geometry": {
        "type": "Polygon",
        "coordinates": [
          [
            [
              101.60009249219948,
              3.0272232042899287
            ],
            [
              101.60003849182729,
              3.0272354047417513
            ],
            [
              101.59998829089562,
              3.0270135047750166
            ],
            [
              101.60004229126783,
              3.0270013043231945
            ],
            [
              101.59998829089562,
              3.0270135047750166
            ],
            [
              101.60004229126783,
              3.0270013043231945
            ],
            [
              101.60001529108172,
              3.027007405645677
            ],
            [
              101.60009249219948,
              3.0272232042899287
            ],
            [
              101.60003849182729,
              3.0272354047417513
            ],
            [
              101.60006549201339,
              3.0272293034192685
            ],
            [
              101.60009249219948,
              3.0272232042899287
            ]
          ]
        ]
      },
      "properties": {
        "name": "element.239",
        "type": "MESH",
        "building": "industrial",
        "id": "1237457206"
      }
    },
    {
      "type": "Feature",
      "geometry": {
        "type": "Polygon",
        "coordinates": [
          [
            [
              101.60020529385544,
              3.0271951035548574
            ],
            [
              101.60015189524434,
              3.02720730400668
            ],
            [
              101.60010139562834,
              3.0269868032648715
            ],
            [
              101.60015469321385,
              3.0269746050061914
            ],
            [
              101.60015189524434,
              3.02720730400668
            ],
            [
              101.60010139562834,
              3.0269868032648715
            ],
            [
              101.60015469321385,
              3.0269746050061914
            ],
            [
              101.6001279961045,
              3.026980715101244
            ],
            [
              101.60020529385544,
              3.0271951035548574
            ],
            [
              101.60017859235369,
              3.0272012026841977
            ],
            [
              101.60020529385544,
              3.0271951035548574
            ]
          ]
        ]
      },
      "properties": {
        "name": "element.240",
        "type": "MESH",
        "building": "industrial",
        "id": "1237457207"
      }
    },
    {
      "type": "Feature",
      "geometry": {
        "type": "Polygon",
        "coordinates": [
          [
            [
              101.60025859144095,
              3.027182905296178
            ],
            [
              101.60020529385544,
              3.027195105748
            ],
            [
              101.60015469321385,
              3.0269746050061914
            ],
            [
              101.60020809182494,
              3.026962505438925
            ],
            [
              101.60020809182494,
              3.026962505438925
            ],
            [
              101.60025859144095,
              3.027182905296178
            ],
            [
              101.60020529385544,
              3.027195105748
            ],
            [
              101.60023197778752,
              3.02718899784609
            ],
            [
              101.60015469321385,
              3.0269746050061914
            ],
            [
              101.60018139032319,
              3.0269685563191295
            ],
            [
              101.60025859144095,
              3.027182905296178
            ]
          ]
        ]
      },
      "properties": {
        "name": "element.241",
        "type": "MESH",
        "building": "industrial",
        "id": "1237457208"
      }
    },
    {
      "type": "Feature",
      "geometry": {
        "type": "Polygon",
        "coordinates": [
          [
            [
              101.60031189341886,
              3.0271707048443552
            ],
            [
              101.60025859144095,
              3.027182905296178
            ],
            [
              101.60020809621736,
              3.026962505438925
            ],
            [
              101.60026139380287,
              3.0269503049871025
            ],
            [
              101.60025859144095,
              3.027182905296178
            ],
            [
              101.60020809621736,
              3.026962505438925
            ],
            [
              101.60026139380287,
              3.0269503049871025
            ],
            [
              101.60023474501011,
              3.026956406309585
            ],
            [
              101.60031189341886,
              3.0271707048443552
            ],
            [
              101.60028524462611,
              3.027176803973695
            ],
            [
              101.60031189341886,
              3.0271707048443552
            ]
          ]
        ]
      },
      "properties": {
        "name": "element.242",
        "type": "MESH",
        "building": "industrial",
        "id": "1237457209"
      }
    },
    {
      "type": "Feature",
      "geometry": {
        "type": "Polygon",
        "coordinates": [
          [
            [
              101.60036519100437,
              3.0271586052770885
            ],
            [
              101.60031188902644,
              3.0271707048443552
            ],
            [
              101.60026139380287,
              3.0269503049871025
            ],
            [
              101.60031469138836,
              3.0269381067284225
            ],
            [
              101.60026139380287,
              3.0269503049871025
            ],
            [
              101.60031469138836,
              3.0269381067284225
            ],
            [
              101.60028804259562,
              3.0269442058577627
            ],
            [
              101.60036519100437,
              3.0271586052770885
            ],
            [
              101.60031188902644,
              3.0271707048443552
            ],
            [
              101.60033854221162,
              3.027164656157293
            ],
            [
              101.60036519100437,
              3.0271586052770885
            ]
          ]
        ]
      },
      "properties": {
        "name": "element.243",
        "type": "MESH",
        "building": "industrial",
        "id": "1237457210"
      }
    },
    {
      "type": "Feature",
      "geometry": {
        "type": "Polygon",
        "coordinates": [
          [
            [
              101.60041859400788,
              3.027146404825266
            ],
            [
              101.60036519539679,
              3.0271586052770885
            ],
            [
              101.60031469578078,
              3.02693810453528
            ],
            [
              101.60036809439188,
              3.0269259062766003
            ],
            [
              101.60036809439188,
              3.0269259062766003
            ],
            [
              101.60041859400788,
              3.027146404825266
            ],
            [
              101.60036519539679,
              3.0271586052770885
            ],
            [
              101.60039189250612,
              3.027152503954606
            ],
            [
              101.60031469578078,
              3.02693810453528
            ],
            [
              101.60034139289012,
              3.02693200540594
            ],
            [
              101.60041859400788,
              3.027146404825266
            ]
          ]
        ]
      },
      "properties": {
        "name": "element.244",
        "type": "MESH",
        "building": "industrial",
        "id": "1237457211"
      }
    },
    {
      "type": "Feature",
      "geometry": {
        "type": "Polygon",
        "coordinates": [
          [
            [
              101.60047189159339,
              3.0271342043734437
            ],
            [
              101.60041858961546,
              3.027146404825266
            ],
            [
              101.60036809439188,
              3.0269259040834577
            ],
            [
              101.60042139197738,
              3.0269137058247777
            ],
            [
              101.60047189159339,
              3.0271342043734437
            ],
            [
              101.60041858961546,
              3.027146404825266
            ],
            [
              101.60044524280063,
              3.0271403035027835
            ],
            [
              101.60036809439188,
              3.0269259040834577
            ],
            [
              101.60042139197738,
              3.0269137058247777
            ],
            [
              101.60039474318462,
              3.0269198049541175
            ],
            [
              101.60047189159339,
              3.0271342043734437
            ]
          ]
        ]
      },
      "properties": {
        "name": "element.245",
        "type": "MESH",
        "building": "industrial",
        "id": "1237457212"
      }
    },
    {
      "type": "Feature",
      "geometry": {
        "type": "Polygon",
        "coordinates": [
          [
            [
              101.6005251935713,
              3.0271220061147637
            ],
            [
              101.6004718959858,
              3.0271342065665863
            ],
            [
              101.6004213963698,
              3.0269137058247777
            ],
            [
              101.6004746939553,
              3.0269015075660977
            ],
            [
              101.6004213963698,
              3.0269137058247777
            ],
            [
              101.6004746939553,
              3.0269015075660977
            ],
            [
              101.60044804516255,
              3.0269076066954375
            ],
            [
              101.6005251935713,
              3.0271220061147637
            ],
            [
              101.6004718959858,
              3.0271342065665863
            ],
            [
              101.60049854477856,
              3.0271281052441035
            ],
            [
              101.6005251935713,
              3.0271220061147637
            ]
          ]
        ]
      },
      "properties": {
        "name": "element.246",
        "type": "MESH",
        "building": "industrial",
        "id": "1237457213"
      }
    },
    {
      "type": "Feature",
      "geometry": {
        "type": "Polygon",
        "coordinates": [
          [
            [
              101.60024689443499,
              3.0267756058336204
            ],
            [
              101.60018099500567,
              3.026789604662307
            ],
            [
              101.60013379409469,
              3.026566706815727
            ],
            [
              101.6001997945496,
              3.026552806678454
            ],
            [
              101.6001997945496,
              3.026552806678454
            ],
            [
              101.60024689443499,
              3.0267756058336204
            ],
            [
              101.60018099500567,
              3.026789604662307
            ],
            [
              101.60021398205588,
              3.0267825975719647
            ],
            [
              101.60013379409469,
              3.026566706815727
            ],
            [
              101.60016679432215,
              3.0265597567470905
            ],
            [
              101.60024689443499,
              3.0267756058336204
            ]
          ]
        ]
      },
      "properties": {
        "name": "element.247",
        "type": "MESH",
        "building": "industrial",
        "id": "1237457216"
      }
    },
    {
      "type": "Feature",
      "geometry": {
        "type": "Polygon",
        "coordinates": [
          [
            [
              101.6003128948899,
              3.026761705696347
            ],
            [
              101.60024689443499,
              3.0267756058336204
            ],
            [
              101.6001997945496,
              3.026552806678454
            ],
            [
              101.60026569397891,
              3.0265389065411807
            ],
            [
              101.60024689443499,
              3.0267756058336204
            ],
            [
              101.6001997945496,
              3.026552806678454
            ],
            [
              101.60026569397891,
              3.0265389065411807
            ],
            [
              101.60023269814388,
              3.02654586757553
            ],
            [
              101.6003128948899,
              3.026761705696347
            ],
            [
              101.60027989466245,
              3.0267686557649838
            ],
            [
              101.6003128948899,
              3.026761705696347
            ]
          ]
        ]
      },
      "properties": {
        "name": "element.248",
        "type": "MESH",
        "building": "industrial",
        "id": "1237457217"
      }
    },
    {
      "type": "Feature",
      "geometry": {
        "type": "Polygon",
        "coordinates": [
          [
            [
              101.60037879431921,
              3.0267478077522165
            ],
            [
              101.6003128948899,
              3.0267617078894897
            ],
            [
              101.60026569397891,
              3.0265389087343233
            ],
            [
              101.60033169443382,
              3.02652500859705
            ],
            [
              101.60033169443382,
              3.02652500859705
            ],
            [
              101.60037879431921,
              3.0267478077522165
            ],
            [
              101.6003128948899,
              3.0267617078894897
            ],
            [
              101.60034589072492,
              3.0267547468551403
            ],
            [
              101.60026569397891,
              3.0265389087343233
            ],
            [
              101.60029869420637,
              3.0265319586656867
            ],
            [
              101.60037879431921,
              3.0267478077522165
            ]
          ]
        ]
      },
      "properties": {
        "name": "element.249",
        "type": "MESH",
        "building": "industrial",
        "id": "1237457218"
      }
    },
    {
      "type": "Feature",
      "geometry": {
        "type": "Polygon",
        "coordinates": [
          [
            [
              101.60044469374853,
              3.0267339076149433
            ],
            [
              101.60037879431921,
              3.0267478077522165
            ],
            [
              101.60033169443382,
              3.02652500859705
            ],
            [
              101.60039759386314,
              3.026511108459777
            ],
            [
              101.60033169443382,
              3.02652500859705
            ],
            [
              101.60039759386314,
              3.026511108459777
            ],
            [
              101.60036464634469,
              3.0265180585284135
            ],
            [
              101.60044469374853,
              3.0267339076149433
            ],
            [
              101.60037879431921,
              3.0267478077522165
            ],
            [
              101.60041174183766,
              3.02674085768358
            ],
            [
              101.60044469374853,
              3.0267339076149433
            ]
          ]
        ]
      },
      "properties": {
        "name": "element.250",
        "type": "MESH",
        "building": "industrial",
        "id": "1237457219"
      }
    },
    {
      "type": "Feature",
      "geometry": {
        "type": "Polygon",
        "coordinates": [
          [
            [
              101.60051069420344,
              3.02672000747767
            ],
            [
              101.60044469374853,
              3.0267339076149433
            ],
            [
              101.60039759386314,
              3.026511108459777
            ],
            [
              101.60046349329245,
              3.026497107437948
            ],
            [
              101.60044469374853,
              3.0267339076149433
            ],
            [
              101.60039759386314,
              3.026511108459777
            ],
            [
              101.60046349329245,
              3.026497107437948
            ],
            [
              101.60043050624225,
              3.0265041167214326
            ],
            [
              101.60051069420344,
              3.02672000747767
            ],
            [
              101.60047769397598,
              3.0267269575463067
            ],
            [
              101.60051069420344,
              3.02672000747767
            ]
          ]
        ]
      },
      "properties": {
        "name": "element.251",
        "type": "MESH",
        "building": "industrial",
        "id": "1237457220"
      }
    },
    {
      "type": "Feature",
      "geometry": {
        "type": "Polygon",
        "coordinates": [
          [
            [
              101.6003920945573,
              3.02618451006242
            ],
            [
              101.60045819603779,
              3.026169511160746
            ],
            [
              101.6005051948976,
              3.026375508651089
            ],
            [
              101.60043919444269,
              3.0263906084373193
            ],
            [
              101.60045819603779,
              3.026169511160746
            ],
            [
              101.6005051948976,
              3.026375508651089
            ],
            [
              101.60043919444269,
              3.0263906084373193
            ],
            [
              101.60047222980948,
              3.0263830508682052
            ],
            [
              101.6003920945573,
              3.02618451006242
            ],
            [
              101.60042514310133,
              3.026177009515012
            ],
            [
              101.6003920945573,
              3.02618451006242
            ]
          ]
        ]
      },
      "properties": {
        "name": "element.252",
        "type": "MESH",
        "building": "industrial",
        "id": "1237457221"
      }
    },
    {
      "type": "Feature",
      "geometry": {
        "type": "Polygon",
        "coordinates": [
          [
            [
              101.60032609410239,
              3.0261995089640945
            ],
            [
              101.6003920945573,
              3.02618451006242
            ],
            [
              101.60043919444269,
              3.0263906084373193
            ],
            [
              101.6003730929622,
              3.0264056073389933
            ],
            [
              101.6003730929622,
              3.0264056073389933
            ],
            [
              101.60032609410239,
              3.0261995089640945
            ],
            [
              101.6003920945573,
              3.02618451006242
            ],
            [
              101.60035904601325,
              3.026192019382399
            ],
            [
              101.60043919444269,
              3.0263906084373193
            ],
            [
              101.60040614150624,
              3.0263981089847274
            ],
            [
              101.60032609410239,
              3.0261995089640945
            ]
          ]
        ]
      },
      "properties": {
        "name": "element.253",
        "type": "MESH",
        "building": "industrial",
        "id": "1237457222"
      }
    },
    {
      "type": "Feature",
      "geometry": {
        "type": "Polygon",
        "coordinates": [
          [
            [
              101.60026009364749,
              3.026214510058911
            ],
            [
              101.60032609410239,
              3.026199511157237
            ],
            [
              101.6003730929622,
              3.026405609532136
            ],
            [
              101.6003070925073,
              3.0264206084338103
            ],
            [
              101.60026009364749,
              3.026214510058911
            ],
            [
              101.60032609410239,
              3.026199511157237
            ],
            [
              101.60029309387494,
              3.026207009511503
            ],
            [
              101.6003730929622,
              3.026405609532136
            ],
            [
              101.6003070925073,
              3.0264206084338103
            ],
            [
              101.60034009273475,
              3.0264131100795444
            ],
            [
              101.60026009364749,
              3.026214510058911
            ]
          ]
        ]
      },
      "properties": {
        "name": "element.254",
        "type": "MESH",
        "building": "industrial",
        "id": "1237457223"
      }
    },
    {
      "type": "Feature",
      "geometry": {
        "type": "Polygon",
        "coordinates": [
          [
            [
              101.60019399655941,
              3.0262296076519988
            ],
            [
              101.60026009803991,
              3.0262145078657685
            ],
            [
              101.60030709689971,
              3.0264206062406678
            ],
            [
              101.60024099541923,
              3.0264357060268976
            ],
            [
              101.60026009803991,
              3.0262145078657685
            ],
            [
              101.60030709689971,
              3.0264206062406678
            ],
            [
              101.60024099541923,
              3.0264357060268976
            ],
            [
              101.60027404396325,
              3.0264281572303537
            ],
            [
              101.60019399655941,
              3.0262296076519988
            ],
            [
              101.60022704510345,
              3.026222058855455
            ],
            [
              101.60019399655941,
              3.0262296076519988
            ]
          ]
        ]
      },
      "properties": {
        "name": "element.255",
        "type": "MESH",
        "building": "industrial",
        "id": "1237457224"
      }
    },
    {
      "type": "Feature",
      "geometry": {
        "type": "Polygon",
        "coordinates": [
          [
            [
              101.6001279961045,
              3.0262446087468153
            ],
            [
              101.60019399655941,
              3.0262296098451413
            ],
            [
              101.60024099541923,
              3.02643570822004
            ],
            [
              101.60017499496432,
              3.0264507071217146
            ],
            [
              101.60019399655941,
              3.0262296098451413
            ],
            [
              101.60024099541923,
              3.02643570822004
            ],
            [
              101.60017499496432,
              3.0264507071217146
            ],
            [
              101.60020799519177,
              3.0264432087674487
            ],
            [
              101.6001279961045,
              3.0262446087468153
            ],
            [
              101.60016099633197,
              3.0262371081994073
            ],
            [
              101.6001279961045,
              3.0262446087468153
            ]
          ]
        ]
      },
      "properties": {
        "name": "element.256",
        "type": "MESH",
        "building": "industrial",
        "id": "1237457225"
      }
    },
    {
      "type": "Feature",
      "geometry": {
        "type": "Polygon",
        "coordinates": [
          [
            [
              101.60006189462402,
              3.02625960764849
            ],
            [
              101.6001279961045,
              3.0262446087468153
            ],
            [
              101.60017499496432,
              3.0264507071217146
            ],
            [
              101.60010899450941,
              3.0264657060233886
            ],
            [
              101.6001279961045,
              3.0262446087468153
            ],
            [
              101.60017499496432,
              3.0264507071217146
            ],
            [
              101.60010899450941,
              3.0264657060233886
            ],
            [
              101.60014204305345,
              3.0264581967034103
            ],
            [
              101.60006189462402,
              3.02625960764849
            ],
            [
              101.60009494316806,
              3.0262521071010813
            ],
            [
              101.60006189462402,
              3.02625960764849
            ]
          ]
        ]
      },
      "properties": {
        "name": "element.257",
        "type": "MESH",
        "building": "industrial",
        "id": "1237457226"
      }
    },
    {
      "type": "Feature",
      "geometry": {
        "type": "Polygon",
        "coordinates": [
          [
            [
              101.59966959470196,
              3.026906505737894
            ],
            [
              101.59960259277602,
              3.026921605524124
            ],
            [
              101.59955249286995,
              3.0266990059449266
            ],
            [
              101.59961949479589,
              3.0266839061586968
            ],
            [
              101.59961949479589,
              3.0266839061586968
            ],
            [
              101.59966959470196,
              3.026906505737894
            ],
            [
              101.59960259277602,
              3.026921605524124
            ],
            [
              101.599636093739,
              3.026914054534438
            ],
            [
              101.59955249286995,
              3.0266990059449266
            ],
            [
              101.59958599383292,
              3.026691457148383
            ],
            [
              101.59966959470196,
              3.026906505737894
            ]
          ]
        ]
      },
      "properties": {
        "name": "element.258",
        "type": "MESH",
        "building": "industrial",
        "id": "1237457227"
      }
    },
    {
      "type": "Feature",
      "geometry": {
        "type": "Polygon",
        "coordinates": [
          [
            [
              101.59973669326106,
              3.0268915046430775
            ],
            [
              101.59966959470196,
              3.0269065035447515
            ],
            [
              101.59961949479589,
              3.026683903965554
            ],
            [
              101.59968659335499,
              3.02666890506388
            ],
            [
              101.59966959470196,
              3.0269065035447515
            ],
            [
              101.59961949479589,
              3.026683903965554
            ],
            [
              101.59968659335499,
              3.02666890506388
            ],
            [
              101.59965304407544,
              3.0266764056112883
            ],
            [
              101.59973669326106,
              3.0268915046430775
            ],
            [
              101.59970314398151,
              3.026899002997343
            ],
            [
              101.59973669326106,
              3.0268915046430775
            ]
          ]
        ]
      },
      "properties": {
        "name": "element.259",
        "type": "MESH",
        "building": "industrial",
        "id": "1237457228"
      }
    },
    {
      "type": "Feature",
      "geometry": {
        "type": "Polygon",
        "coordinates": [
          [
            [
              101.59980379621258,
              3.0268764048568473
            ],
            [
              101.59973669765348,
              3.0268915046430775
            ],
            [
              101.59968659774741,
              3.02666890506388
            ],
            [
              101.59975369630652,
              3.02665380527765
            ],
            [
              101.59968659774741,
              3.02666890506388
            ],
            [
              101.59975369630652,
              3.02665380527765
            ],
            [
              101.59972014702696,
              3.026661354074194
            ],
            [
              101.59980379621258,
              3.0268764048568473
            ],
            [
              101.59973669765348,
              3.0268915046430775
            ],
            [
              101.59977024693303,
              3.026883953653391
            ],
            [
              101.59980379621258,
              3.0268764048568473
            ]
          ]
        ]
      },
      "properties": {
        "name": "element.260",
        "type": "MESH",
        "building": "industrial",
        "id": "1237457229"
      }
    },
    {
      "type": "Feature",
      "geometry": {
        "type": "Polygon",
        "coordinates": [
          [
            [
              101.5998708947717,
              3.0268613050706175
            ],
            [
              101.59980379621258,
              3.0268764048568473
            ],
            [
              101.59975369630652,
              3.02665380527765
            ],
            [
              101.59982079486562,
              3.02663870549142
            ],
            [
              101.5998708947717,
              3.0268613050706175
            ],
            [
              101.59980379621258,
              3.0268764048568473
            ],
            [
              101.59983734549215,
              3.026868853867161
            ],
            [
              101.59975369630652,
              3.02665380527765
            ],
            [
              101.59982079486562,
              3.02663870549142
            ],
            [
              101.59978724558607,
              3.026646256481106
            ],
            [
              101.5998708947717,
              3.0268613050706175
            ]
          ]
        ]
      },
      "properties": {
        "name": "element.261",
        "type": "MESH",
        "building": "industrial",
        "id": "1237457230"
      }
    },
    {
      "type": "Feature",
      "geometry": {
        "type": "Polygon",
        "coordinates": [
          [
            [
              101.5999379933308,
              3.026846306168943
            ],
            [
              101.5998708947717,
              3.0268613050706175
            ],
            [
              101.59982079486562,
              3.02663870549142
            ],
            [
              101.59988789342472,
              3.0266237065897457
            ],
            [
              101.59982079486562,
              3.02663870549142
            ],
            [
              101.59988789342472,
              3.0266237065897457
            ],
            [
              101.59985434414517,
              3.026631207137154
            ],
            [
              101.5999379933308,
              3.026846306168943
            ],
            [
              101.5998708947717,
              3.0268613050706175
            ],
            [
              101.59990444405125,
              3.0268538067163515
            ],
            [
              101.5999379933308,
              3.026846306168943
            ]
          ]
        ]
      },
      "properties": {
        "name": "element.262",
        "type": "MESH",
        "building": "industrial",
        "id": "1237457231"
      }
    },
    {
      "type": "Feature",
      "geometry": {
        "type": "Polygon",
        "coordinates": [
          [
            [
              101.60000509628232,
              3.026831206382713
            ],
            [
              101.59993799772322,
              3.026846306168943
            ],
            [
              101.59988789781714,
              3.0266237065897457
            ],
            [
              101.59995499637625,
              3.026608606803516
            ],
            [
              101.60000509628232,
              3.026831206382713
            ],
            [
              101.59993799772322,
              3.026846306168943
            ],
            [
              101.59997154700277,
              3.026838755179257
            ],
            [
              101.59988789781714,
              3.0266237065897457
            ],
            [
              101.59995499637625,
              3.026608606803516
            ],
            [
              101.59992144709669,
              3.026616157793202
            ],
            [
              101.60000509628232,
              3.026831206382713
            ]
          ]
        ]
      },
      "properties": {
        "name": "element.263",
        "type": "MESH",
        "building": "industrial",
        "id": "1237457232"
      }
    },
    {
      "type": "Feature",
      "geometry": {
        "type": "Polygon",
        "coordinates": [
          [
            [
              101.60007209381584,
              3.0268162074810387
            ],
            [
              101.60000509628232,
              3.026831206382713
            ],
            [
              101.59995499637625,
              3.026608606803516
            ],
            [
              101.60002209493535,
              3.0265936079018414
            ],
            [
              101.60002209493535,
              3.0265936079018414
            ],
            [
              101.60007209381584,
              3.0268162074810387
            ],
            [
              101.60000509628232,
              3.026831206382713
            ],
            [
              101.60003864116946,
              3.0268236970627345
            ],
            [
              101.59995499637625,
              3.026608606803516
            ],
            [
              101.5999885456558,
              3.02660110844925
            ],
            [
              101.60007209381584,
              3.0268162074810387
            ]
          ]
        ]
      },
      "properties": {
        "name": "element.264",
        "type": "MESH",
        "building": "industrial",
        "id": "1237457233"
      }
    },
    {
      "type": "Feature",
      "geometry": {
        "type": "Polygon",
        "coordinates": [
          [
            [
              101.59966669570687,
              3.0265694065741657
            ],
            [
              101.59960049759322,
              3.0265850063968895
            ],
            [
              101.59954979592604,
              3.026371207898613
            ],
            [
              101.59961609506529,
              3.0263555071913335
            ],
            [
              101.59954979592604,
              3.026371207898613
            ],
            [
              101.59961609506529,
              3.0263555071913335
            ],
            [
              101.59958294549565,
              3.0263633564484023
            ],
            [
              101.59966669570687,
              3.0265694065741657
            ],
            [
              101.59960049759322,
              3.0265850063968895
            ],
            [
              101.59963353735242,
              3.026577220740954
            ],
            [
              101.59966669570687,
              3.0265694065741657
            ]
          ]
        ]
      },
      "properties": {
        "name": "element.265",
        "type": "MESH",
        "building": "industrial",
        "id": "1237457234"
      }
    },
    {
      "type": "Feature",
      "geometry": {
        "type": "Polygon",
        "coordinates": [
          [
            [
              101.59973299484612,
              3.026553705866886
            ],
            [
              101.59966669570687,
              3.0265694065741657
            ],
            [
              101.59961609506529,
              3.0263555071913335
            ],
            [
              101.59968229757136,
              3.0263399073686097
            ],
            [
              101.59973299484612,
              3.026553705866886
            ],
            [
              101.59966669570687,
              3.0265694065741657
            ],
            [
              101.59969984527649,
              3.0265615551239544
            ],
            [
              101.59961609506529,
              3.0263555071913335
            ],
            [
              101.59968229757136,
              3.0263399073686097
            ],
            [
              101.59964925341974,
              3.026347693024545
            ],
            [
              101.59973299484612,
              3.026553705866886
            ]
          ]
        ]
      },
      "properties": {
        "name": "element.266",
        "type": "MESH",
        "building": "industrial",
        "id": "1237457235"
      }
    },
    {
      "type": "Feature",
      "geometry": {
        "type": "Polygon",
        "coordinates": [
          [
            [
              101.59979929398537,
              3.026538106044162
            ],
            [
              101.59973299484612,
              3.026553705866886
            ],
            [
              101.59968229317894,
              3.0263399073686097
            ],
            [
              101.59974859671061,
              3.02632420666133
            ],
            [
              101.59968229317894,
              3.0263399073686097
            ],
            [
              101.59974859671061,
              3.02632420666133
            ],
            [
              101.59971544274856,
              3.0263320559183984
            ],
            [
              101.59979929398537,
              3.026538106044162
            ],
            [
              101.59973299484612,
              3.026553705866886
            ],
            [
              101.59976614441574,
              3.0265459070520953
            ],
            [
              101.59979929398537,
              3.026538106044162
            ]
          ]
        ]
      },
      "properties": {
        "name": "element.267",
        "type": "MESH",
        "building": "industrial",
        "id": "1237457236"
      }
    },
    {
      "type": "Feature",
      "geometry": {
        "type": "Polygon",
        "coordinates": [
          [
            [
              101.59986549649145,
              3.0265224075300248
            ],
            [
              101.59979929837777,
              3.0265381082373044
            ],
            [
              101.59974859671061,
              3.0263242088544726
            ],
            [
              101.59981489584985,
              3.0263086090317484
            ],
            [
              101.59981489584985,
              3.0263086090317484
            ],
            [
              101.59986549649145,
              3.0265224075300248
            ],
            [
              101.59979929837777,
              3.0265381082373044
            ],
            [
              101.59983243477015,
              3.0265302480145233
            ],
            [
              101.59974859671061,
              3.0263242088544726
            ],
            [
              101.59978174628023,
              3.026316407846539
            ],
            [
              101.59986549649145,
              3.0265224075300248
            ]
          ]
        ]
      },
      "properties": {
        "name": "element.268",
        "type": "MESH",
        "building": "industrial",
        "id": "1237457237"
      }
    },
    {
      "type": "Feature",
      "geometry": {
        "type": "Polygon",
        "coordinates": [
          [
            [
              101.59993179563068,
              3.026506807707301
            ],
            [
              101.59986549649145,
              3.0265224075300248
            ],
            [
              101.59981489584985,
              3.0263086090317484
            ],
            [
              101.5998811949891,
              3.0262929083244687
            ],
            [
              101.59981489584985,
              3.0263086090317484
            ],
            [
              101.5998811949891,
              3.0262929083244687
            ],
            [
              101.59984804541948,
              3.0263007575815375
            ],
            [
              101.59993179563068,
              3.026506807707301
            ],
            [
              101.59986549649145,
              3.0265224075300248
            ],
            [
              101.59989864606106,
              3.026514606522092
            ],
            [
              101.59993179563068,
              3.026506807707301
            ]
          ]
        ]
      },
      "properties": {
        "name": "element.269",
        "type": "MESH",
        "building": "industrial",
        "id": "1237457238"
      }
    },
    {
      "type": "Feature",
      "geometry": {
        "type": "Polygon",
        "coordinates": [
          [
            [
              101.59999809476993,
              3.0264911070000213
            ],
            [
              101.59993179563068,
              3.026506807707301
            ],
            [
              101.5998811949891,
              3.0262929083244687
            ],
            [
              101.59994739749517,
              3.026277308501745
            ],
            [
              101.59999809476993,
              3.0264911070000213
            ],
            [
              101.59993179563068,
              3.026506807707301
            ],
            [
              101.59996494520031,
              3.02649895625709
            ],
            [
              101.5998811949891,
              3.0262929083244687
            ],
            [
              101.59994739749517,
              3.026277308501745
            ],
            [
              101.59991435334355,
              3.0262850941576804
            ],
            [
              101.59999809476993,
              3.0264911070000213
            ]
          ]
        ]
      },
      "properties": {
        "name": "element.270",
        "type": "MESH",
        "building": "industrial",
        "id": "1237457239"
      }
    },
    {
      "type": "Feature",
      "geometry": {
        "type": "Polygon",
        "coordinates": [
          [
            [
              101.59968329464998,
              3.0257990104364825
            ],
            [
              101.5996773956342,
              3.025729810210642
            ],
            [
              101.59989759627345,
              3.0257111114775412
            ],
            [
              101.59990349528921,
              3.025780311703382
            ],
            [
              101.5996773956342,
              3.025729810210642
            ],
            [
              101.59989759627345,
              3.0257111114775412
            ],
            [
              101.59990349528921,
              3.025780311703382
            ],
            [
              101.59990054358512,
              3.0257457104938905
            ],
            [
              101.59968329464998,
              3.0257990104364825
            ],
            [
              101.59968034294589,
              3.025764411420133
            ],
            [
              101.59968329464998,
              3.0257990104364825
            ]
          ]
        ]
      },
      "properties": {
        "name": "element.271",
        "type": "MESH",
        "building": "industrial",
        "id": "1237457240"
      }
    },
    {
      "type": "Feature",
      "geometry": {
        "type": "Polygon",
        "coordinates": [
          [
            [
              101.59968919805816,
              3.025868309353737
            ],
            [
              101.5996832990424,
              3.0257990104364825
            ],
            [
              101.59990349968163,
              3.02578030951024
            ],
            [
              101.5999093986974,
              3.0258495097360805
            ],
            [
              101.5996832990424,
              3.0257990104364825
            ],
            [
              101.59990349968163,
              3.02578030951024
            ],
            [
              101.5999093986974,
              3.0258495097360805
            ],
            [
              101.5999064426009,
              3.0258148602774533
            ],
            [
              101.59968919805816,
              3.025868309353737
            ],
            [
              101.59968624635407,
              3.0258336598951097
            ],
            [
              101.59968919805816,
              3.025868309353737
            ]
          ]
        ]
      },
      "properties": {
        "name": "element.272",
        "type": "MESH",
        "building": "industrial",
        "id": "1237457241"
      }
    },
    {
      "type": "Feature",
      "geometry": {
        "type": "Polygon",
        "coordinates": [
          [
            [
              101.59969509707393,
              3.025937509579578
            ],
            [
              101.59968919805816,
              3.025868309353737
            ],
            [
              101.59990939430499,
              3.0258495097360805
            ],
            [
              101.59991529771317,
              3.0259188108464774
            ],
            [
              101.59991529771317,
              3.0259188108464774
            ],
            [
              101.59969509707393,
              3.025937509579578
            ],
            [
              101.59968919805816,
              3.025868309353737
            ],
            [
              101.59969214976225,
              3.025902958812364
            ],
            [
              101.59990939430499,
              3.0258495097360805
            ],
            [
              101.59991234600908,
              3.0258841591947077
            ],
            [
              101.59969509707393,
              3.025937509579578
            ]
          ]
        ]
      },
      "properties": {
        "name": "element.273",
        "type": "MESH",
        "building": "industrial",
        "id": "1237457242"
      }
    },
    {
      "type": "Feature",
      "geometry": {
        "type": "Polygon",
        "coordinates": [
          [
            [
              101.5997009960897,
              3.0260068084968323
            ],
            [
              101.59969509707393,
              3.025937509579578
            ],
            [
              101.59991529771317,
              3.025918808653335
            ],
            [
              101.59992119672894,
              3.025988008879176
            ],
            [
              101.59969509707393,
              3.025937509579578
            ],
            [
              101.59991529771317,
              3.025918808653335
            ],
            [
              101.59992119672894,
              3.025988008879176
            ],
            [
              101.59991824063243,
              3.0259533594205488
            ],
            [
              101.5997009960897,
              3.0260068084968323
            ],
            [
              101.5996980443856,
              3.025972159038205
            ],
            [
              101.5997009960897,
              3.0260068084968323
            ]
          ]
        ]
      },
      "properties": {
        "name": "element.274",
        "type": "MESH",
        "building": "industrial",
        "id": "1237457243"
      }
    },
    {
      "type": "Feature",
      "geometry": {
        "type": "Polygon",
        "coordinates": [
          [
            [
              101.59934229815619,
              3.0258415091521784
            ],
            [
              101.59933459824953,
              3.025773409883881
            ],
            [
              101.59956359689963,
              3.0257478093312793
            ],
            [
              101.59957129680629,
              3.0258159085995766
            ],
            [
              101.59957129680629,
              3.0258159085995766
            ],
            [
              101.59934229815619,
              3.0258415091521784
            ],
            [
              101.59933459824953,
              3.025773409883881
            ],
            [
              101.59933845039907,
              3.0258074584214585
            ],
            [
              101.59956359689963,
              3.0257478093312793
            ],
            [
              101.59956744904918,
              3.0257818600619992
            ],
            [
              101.59934229815619,
              3.0258415091521784
            ]
          ]
        ]
      },
      "properties": {
        "name": "element.275",
        "type": "MESH",
        "building": "industrial",
        "id": "1237457244"
      }
    },
    {
      "type": "Feature",
      "geometry": {
        "type": "Polygon",
        "coordinates": [
          [
            [
              101.59934989703726,
              3.0259095097290625
            ],
            [
              101.59934229815619,
              3.0258415091521784
            ],
            [
              101.59957129680629,
              3.025815910792719
            ],
            [
              101.59957889568736,
              3.0258839091764607
            ],
            [
              101.59934989703726,
              3.0259095097290625
            ],
            [
              101.59934229815619,
              3.0258415091521784
            ],
            [
              101.59934609759672,
              3.0258755094406204
            ],
            [
              101.59957129680629,
              3.025815910792719
            ],
            [
              101.59957889568736,
              3.0258839091764607
            ],
            [
              101.59957509624682,
              3.025849911081161
            ],
            [
              101.59934989703726,
              3.0259095097290625
            ]
          ]
        ]
      },
      "properties": {
        "name": "element.276",
        "type": "MESH",
        "building": "industrial",
        "id": "1237457245"
      }
    },
    {
      "type": "Feature",
      "geometry": {
        "type": "Polygon",
        "coordinates": [
          [
            [
              101.59935749591834,
              3.0259776089973602
            ],
            [
              101.59934989703726,
              3.0259095097290625
            ],
            [
              101.59957889568736,
              3.0258839091764607
            ],
            [
              101.59958649456844,
              3.0259520084447584
            ],
            [
              101.59957889568736,
              3.0258839091764607
            ],
            [
              101.59958649456844,
              3.0259520084447584
            ],
            [
              101.5995826951279,
              3.025917959907181
            ],
            [
              101.59935749591834,
              3.0259776089973602
            ],
            [
              101.59934989703726,
              3.0259095097290625
            ],
            [
              101.5993536964778,
              3.02594355826664
            ],
            [
              101.59935749591834,
              3.0259776089973602
            ]
          ]
        ]
      },
      "properties": {
        "name": "element.277",
        "type": "MESH",
        "building": "industrial",
        "id": "1237457246"
      }
    },
    {
      "type": "Feature",
      "geometry": {
        "type": "Polygon",
        "coordinates": [
          [
            [
              101.59936519582499,
              3.0260457082656576
            ],
            [
              101.59935749591834,
              3.0259776089973602
            ],
            [
              101.59958649456844,
              3.0259520084447584
            ],
            [
              101.59959419447509,
              3.0260201077130557
            ],
            [
              101.59935749591834,
              3.0259776089973602
            ],
            [
              101.59958649456844,
              3.0259520084447584
            ],
            [
              101.59959419447509,
              3.0260201077130557
            ],
            [
              101.59959034671797,
              3.0259860591754784
            ],
            [
              101.59936519582499,
              3.0260457082656576
            ],
            [
              101.59936134367545,
              3.0260116575349376
            ],
            [
              101.59936519582499,
              3.0260457082656576
            ]
          ]
        ]
      },
      "properties": {
        "name": "element.278",
        "type": "MESH",
        "building": "industrial",
        "id": "1237457247"
      }
    },
    {
      "type": "Feature",
      "geometry": {
        "type": "Polygon",
        "coordinates": [
          [
            [
              101.59937279909848,
              3.026113807533955
            ],
            [
              101.5993652002174,
              3.0260457082656576
            ],
            [
              101.5995941988675,
              3.0260201077130557
            ],
            [
              101.59960179774859,
              3.026088206981353
            ],
            [
              101.59960179774859,
              3.026088206981353
            ],
            [
              101.59937279909848,
              3.026113807533955
            ],
            [
              101.5993652002174,
              3.0260457082656576
            ],
            [
              101.59936899965794,
              3.026079756803235
            ],
            [
              101.5995941988675,
              3.0260201077130557
            ],
            [
              101.59959799830804,
              3.0260541584437757
            ],
            [
              101.59937279909848,
              3.026113807533955
            ]
          ]
        ]
      },
      "properties": {
        "name": "element.279",
        "type": "MESH",
        "building": "industrial",
        "id": "1237457248"
      }
    },
    {
      "type": "Feature",
      "geometry": {
        "type": "Polygon",
        "coordinates": [
          [
            [
              101.59928640025994,
              3.0252491128474657
            ],
            [
              101.59927949977313,
              3.0251802130821495
            ],
            [
              101.59950799768772,
              3.025157612748511
            ],
            [
              101.59951480154136,
              3.025226413822414
            ],
            [
              101.59928640025994,
              3.0252491128474657
            ],
            [
              101.59927949977313,
              3.0251802130821495
            ],
            [
              101.59928295221275,
              3.0252146629648076
            ],
            [
              101.59950799768772,
              3.025157612748511
            ],
            [
              101.59951480154136,
              3.025226413822414
            ],
            [
              101.59951140620316,
              3.0251920670174544
            ],
            [
              101.59928640025994,
              3.0252491128474657
            ]
          ]
        ]
      },
      "properties": {
        "name": "element.280",
        "type": "MESH",
        "building": "industrial",
        "id": "1237457249"
      }
    },
    {
      "type": "Feature",
      "geometry": {
        "type": "Polygon",
        "coordinates": [
          [
            [
              101.59929319972115,
              3.025317911728226
            ],
            [
              101.59928640025994,
              3.0252491128474657
            ],
            [
              101.59951479714894,
              3.0252264116292715
            ],
            [
              101.59952169763574,
              3.0252953113945877
            ],
            [
              101.59951479714894,
              3.0252264116292715
            ],
            [
              101.59952169763574,
              3.0252953113945877
            ],
            [
              101.59951824958854,
              3.0252608615119296
            ],
            [
              101.59929319972115,
              3.025317911728226
            ],
            [
              101.59928640025994,
              3.0252491128474657
            ],
            [
              101.59928979559812,
              3.025283457459283
            ],
            [
              101.59929319972115,
              3.025317911728226
            ]
          ]
        ]
      },
      "properties": {
        "name": "element.281",
        "type": "MESH",
        "building": "industrial",
        "id": "1237457250"
      }
    },
    {
      "type": "Feature",
      "geometry": {
        "type": "Polygon",
        "coordinates": [
          [
            [
              101.59930009581554,
              3.0253868114935423
            ],
            [
              101.59929319532874,
              3.025317911728226
            ],
            [
              101.59952169324332,
              3.0252953113945877
            ],
            [
              101.59952849709695,
              3.0253641124684907
            ],
            [
              101.59930009581554,
              3.0253868114935423
            ],
            [
              101.59929319532874,
              3.025317911728226
            ],
            [
              101.59929664776834,
              3.025352361610884
            ],
            [
              101.59952169324332,
              3.0252953113945877
            ],
            [
              101.59952849709695,
              3.0253641124684907
            ],
            [
              101.59952510175876,
              3.025329765663531
            ],
            [
              101.59930009581554,
              3.0253868114935423
            ]
          ]
        ]
      },
      "properties": {
        "name": "element.282",
        "type": "MESH",
        "building": "industrial",
        "id": "1237457251"
      }
    },
    {
      "type": "Feature",
      "geometry": {
        "type": "Polygon",
        "coordinates": [
          [
            [
              101.59930689966916,
              3.0254556103743027
            ],
            [
              101.59930010020796,
              3.0253868114935423
            ],
            [
              101.59952849709695,
              3.025364110275348
            ],
            [
              101.59953539758375,
              3.0254330100406643
            ],
            [
              101.59952849709695,
              3.025364110275348
            ],
            [
              101.59953539758375,
              3.0254330100406643
            ],
            [
              101.59953194953655,
              3.0253985601580062
            ],
            [
              101.59930689966916,
              3.0254556103743027
            ],
            [
              101.59930010020796,
              3.0253868114935423
            ],
            [
              101.59930349554614,
              3.0254211561053594
            ],
            [
              101.59930689966916,
              3.0254556103743027
            ]
          ]
        ]
      },
      "properties": {
        "name": "element.283",
        "type": "MESH",
        "building": "industrial",
        "id": "1237457252"
      }
    },
    {
      "type": "Feature",
      "geometry": {
        "type": "Polygon",
        "coordinates": [
          [
            [
              101.59931379576355,
              3.025524510139619
            ],
            [
              101.59930689527675,
              3.0254556103743027
            ],
            [
              101.59953539319133,
              3.0254330100406643
            ],
            [
              101.59954219704497,
              3.0255018111145673
            ],
            [
              101.59931379576355,
              3.025524510139619
            ],
            [
              101.59930689527675,
              3.0254556103743027
            ],
            [
              101.59931034771635,
              3.0254900602569608
            ],
            [
              101.59953539319133,
              3.0254330100406643
            ],
            [
              101.59954219704497,
              3.0255018111145673
            ],
            [
              101.59953880170677,
              3.0254674643096076
            ],
            [
              101.59931379576355,
              3.025524510139619
            ]
          ]
        ]
      },
      "properties": {
        "name": "element.284",
        "type": "MESH",
        "building": "industrial",
        "id": "1237457253"
      }
    },
    {
      "type": "Feature",
      "geometry": {
        "type": "Polygon",
        "coordinates": [
          [
            [
              101.59932059961717,
              3.025593311213522
            ],
            [
              101.59931380015597,
              3.0255245123327614
            ],
            [
              101.59954219704497,
              3.0255018111145673
            ],
            [
              101.59954909753176,
              3.0255707108798835
            ],
            [
              101.59954219704497,
              3.0255018111145673
            ],
            [
              101.59954909753176,
              3.0255707108798835
            ],
            [
              101.59954564948457,
              3.0255362609972254
            ],
            [
              101.59932059961717,
              3.025593311213522
            ],
            [
              101.59931380015597,
              3.0255245123327614
            ],
            [
              101.59931719549415,
              3.0255588569445786
            ],
            [
              101.59932059961717,
              3.025593311213522
            ]
          ]
        ]
      },
      "properties": {
        "name": "element.285",
        "type": "MESH",
        "building": "industrial",
        "id": "1237457254"
      }
    },
    {
      "type": "Feature",
      "geometry": {
        "type": "Polygon",
        "coordinates": [
          [
            [
              101.59932749571156,
              3.025662210978838
            ],
            [
              101.59932059522477,
              3.025593311213522
            ],
            [
              101.59954909313934,
              3.0255707108798835
            ],
            [
              101.59955589699298,
              3.0256395119537864
            ],
            [
              101.59932749571156,
              3.025662210978838
            ],
            [
              101.59932059522477,
              3.025593311213522
            ],
            [
              101.59932404766437,
              3.02562776109618
            ],
            [
              101.59954909313934,
              3.0255707108798835
            ],
            [
              101.59955589699298,
              3.0256395119537864
            ],
            [
              101.59955250165478,
              3.0256051651488267
            ],
            [
              101.59932749571156,
              3.025662210978838
            ]
          ]
        ]
      },
      "properties": {
        "name": "element.286",
        "type": "MESH",
        "building": "industrial",
        "id": "1237457255"
      }
    },
    {
      "type": "Feature",
      "geometry": {
        "type": "Polygon",
        "coordinates": [
          [
            [
              101.5996223981834,
              3.0252148120984987
            ],
            [
              101.59961519901225,
              3.0251461119091516
            ],
            [
              101.59982589885395,
              3.0251243120725317
            ],
            [
              101.59983299699951,
              3.0251929135704656
            ],
            [
              101.5996223981834,
              3.0252148120984987
            ],
            [
              101.59961519901225,
              3.0251461119091516
            ],
            [
              101.59961879640161,
              3.0251804631003965
            ],
            [
              101.59982589885395,
              3.0251243120725317
            ],
            [
              101.59983299699951,
              3.0251929135704656
            ],
            [
              101.59982945231914,
              3.0251586676500617
            ],
            [
              101.5996223981834,
              3.0252148120984987
            ]
          ]
        ]
      },
      "properties": {
        "name": "element.287",
        "type": "MESH",
        "building": "industrial",
        "id": "1237457256"
      }
    },
    {
      "type": "Feature",
      "geometry": {
        "type": "Polygon",
        "coordinates": [
          [
            [
              101.59962949632896,
              3.02528341140329
            ],
            [
              101.5996223981834,
              3.0252148120984987
            ],
            [
              101.59983299699951,
              3.025192911377323
            ],
            [
              101.59984009514505,
              3.02526161156667
            ],
            [
              101.59984009514505,
              3.02526161156667
            ],
            [
              101.59962949632896,
              3.02528341140329
            ],
            [
              101.5996223981834,
              3.0252148120984987
            ],
            [
              101.59962595164859,
              3.025249161096601
            ],
            [
              101.59983299699951,
              3.025192911377323
            ],
            [
              101.59983654607228,
              3.025227262568568
            ],
            [
              101.59962949632896,
              3.02528341140329
            ]
          ]
        ]
      },
      "properties": {
        "name": "element.288",
        "type": "MESH",
        "building": "industrial",
        "id": "1237457257"
      }
    },
    {
      "type": "Feature",
      "geometry": {
        "type": "Polygon",
        "coordinates": [
          [
            [
              101.59963659886692,
              3.025352012901224
            ],
            [
              101.59962950072136,
              3.0252834135964326
            ],
            [
              101.59984009953747,
              3.0252616137598127
            ],
            [
              101.59984729870862,
              3.025330213064604
            ],
            [
              101.59984009953747,
              3.0252616137598127
            ],
            [
              101.59984729870862,
              3.025330213064604
            ],
            [
              101.59984369692684,
              3.025295912315637
            ],
            [
              101.59963659886692,
              3.025352012901224
            ],
            [
              101.59962950072136,
              3.0252834135964326
            ],
            [
              101.59963304979415,
              3.025317712152257
            ],
            [
              101.59963659886692,
              3.025352012901224
            ]
          ]
        ]
      },
      "properties": {
        "name": "element.289",
        "type": "MESH",
        "building": "industrial",
        "id": "1237457258"
      }
    },
    {
      "type": "Feature",
      "geometry": {
        "type": "Polygon",
        "coordinates": [
          [
            [
              101.59964379803807,
              3.0254207108974285
            ],
            [
              101.59963659886692,
              3.0253520107080814
            ],
            [
              101.59984729870862,
              3.025330210871462
            ],
            [
              101.59985439685417,
              3.0253988101762532
            ],
            [
              101.59964379803807,
              3.0254207108974285
            ],
            [
              101.59963659886692,
              3.0253520107080814
            ],
            [
              101.59964019625629,
              3.025386361899326
            ],
            [
              101.59984729870862,
              3.025330210871462
            ],
            [
              101.59985439685417,
              3.0253988101762532
            ],
            [
              101.59985085217382,
              3.0253645664489914
            ],
            [
              101.59964379803807,
              3.0254207108974285
            ]
          ]
        ]
      },
      "properties": {
        "name": "element.290",
        "type": "MESH",
        "building": "industrial",
        "id": "1237457259"
      }
    },
    {
      "type": "Feature",
      "geometry": {
        "type": "Polygon",
        "coordinates": [
          [
            [
              101.59965089618362,
              3.0254893123953623
            ],
            [
              101.59964379803807,
              3.025420713090571
            ],
            [
              101.59985439685417,
              3.025398812369396
            ],
            [
              101.59986149499973,
              3.025467512558743
            ],
            [
              101.59986149499973,
              3.025467512558743
            ],
            [
              101.59965089618362,
              3.0254893123953623
            ],
            [
              101.59964379803807,
              3.025420713090571
            ],
            [
              101.59964735150326,
              3.0254550620886733
            ],
            [
              101.59985439685417,
              3.025398812369396
            ],
            [
              101.59985794592696,
              3.0254331635606406
            ],
            [
              101.59965089618362,
              3.0254893123953623
            ]
          ]
        ]
      },
      "properties": {
        "name": "element.291",
        "type": "MESH",
        "building": "industrial",
        "id": "1237457260"
      }
    },
    {
      "type": "Feature",
      "geometry": {
        "type": "Polygon",
        "coordinates": [
          [
            [
              101.5996579987216,
              3.0255579117001536
            ],
            [
              101.59965090057604,
              3.0254893123953623
            ],
            [
              101.59986149939215,
              3.025467512558743
            ],
            [
              101.59986869856328,
              3.025536111863534
            ],
            [
              101.59986149939215,
              3.025467512558743
            ],
            [
              101.59986869856328,
              3.025536111863534
            ],
            [
              101.59986509678151,
              3.02550181330771
            ],
            [
              101.5996579987216,
              3.0255579117001536
            ],
            [
              101.59965090057604,
              3.0254893123953623
            ],
            [
              101.59965444964882,
              3.0255236109511867
            ],
            [
              101.5996579987216,
              3.0255579117001536
            ]
          ]
        ]
      },
      "properties": {
        "name": "element.292",
        "type": "MESH",
        "building": "industrial",
        "id": "1237457261"
      }
    },
    {
      "type": "Feature",
      "geometry": {
        "type": "Polygon",
        "coordinates": [
          [
            [
              101.59966519789273,
              3.0256266118895008
            ],
            [
              101.5996579987216,
              3.0255579117001536
            ],
            [
              101.59986869856328,
              3.025536111863534
            ],
            [
              101.59987579670884,
              3.0256048120528813
            ],
            [
              101.59966519789273,
              3.0256266118895008
            ],
            [
              101.5996579987216,
              3.0255579117001536
            ],
            [
              101.59966159611096,
              3.0255922628913985
            ],
            [
              101.59986869856328,
              3.025536111863534
            ],
            [
              101.59987579670884,
              3.0256048120528813
            ],
            [
              101.59987224763607,
              3.025570463054779
            ],
            [
              101.59966519789273,
              3.0256266118895008
            ]
          ]
        ]
      },
      "properties": {
        "name": "element.293",
        "type": "MESH",
        "building": "industrial",
        "id": "1237457262"
      }
    },
    {
      "type": "Feature",
      "geometry": {
        "type": "Polygon",
        "coordinates": [
          [
            [
              101.59933099646776,
              3.028238598571336
            ],
            [
              101.5992944954841,
              3.0282454981976947
            ],
            [
              101.59928079553609,
              3.0281520988373205
            ],
            [
              101.59934699804218,
              3.0280814993865532
            ],
            [
              101.59951119536716,
              3.0280496001286425
            ],
            [
              101.59950659650676,
              3.0279835010063207
            ],
            [
              101.5998099939127,
              3.027942500206964
            ],
            [
              101.59984199706153,
              3.0281816996818733
            ],
            [
              101.59973469471142,
              3.0281954002431775
            ],
            [
              101.59974189388257,
              3.028250899907714
            ],
            [
              101.5993404972653,
              3.028292198974453
            ],
            [
              101.5998099939127,
              3.027942500206964
            ],
            [
              101.59984199706153,
              3.0281816996818733
            ],
            [
              101.59982988277599,
              3.028091151406771
            ],
            [
              101.59973469471142,
              3.0281954002431775
            ],
            [
              101.59974189388257,
              3.028250899907714
            ],
            [
              101.5993404972653,
              3.028292198974453
            ],
            [
              101.59933099646776,
              3.028238598571336
            ],
            [
              101.5992944954841,
              3.0282454981976947
            ],
            [
              101.59928079553609,
              3.0281520988373205
            ],
            [
              101.59934699804218,
              3.0280814993865532
            ],
            [
              101.59928542075099,
              3.0281471708460845
            ],
            [
              101.59951119536716,
              3.0280496001286425
            ],
            [
              101.59950659650676,
              3.0279835010063207
            ],
            [
              101.59933099646776,
              3.028238598571336
            ]
          ]
        ]
      },
      "properties": {
        "name": "element.294",
        "type": "MESH",
        "building": "industrial",
        "id": "1237457263"
      }
    },
    {
      "type": "Feature",
      "geometry": {
        "type": "Polygon",
        "coordinates": [
          [
            [
              101.59930359657173,
              3.0282959974972927
            ],
            [
              101.59990119366282,
              3.0282344995879718
            ],
            [
              101.59993549404564,
              3.0285665961936186
            ],
            [
              101.59933789695455,
              3.028628096296082
            ],
            [
              101.59933789695455,
              3.028628096296082
            ],
            [
              101.59930359657173,
              3.0282959974972927
            ],
            [
              101.59932074895934,
              3.0284620468966876
            ],
            [
              101.59990119366282,
              3.0282344995879718
            ],
            [
              101.59993549404564,
              3.0285665961936186
            ],
            [
              101.59991834605043,
              3.028400548987366
            ],
            [
              101.59930359657173,
              3.0282959974972927
            ]
          ]
        ]
      },
      "properties": {
        "name": "element.295",
        "type": "MESH",
        "building": "industrial",
        "id": "1237457264"
      }
    },
    {
      "type": "Feature",
      "geometry": {
        "type": "Polygon",
        "coordinates": [
          [
            [
              101.59938119300699,
              3.0288809963322954
            ],
            [
              101.59934929088375,
              3.028885494467598
            ],
            [
              101.59934239478936,
              3.0287920951072236
            ],
            [
              101.59944049063385,
              3.0287807960369757
            ],
            [
              101.59942679068584,
              3.0286850960701006
            ],
            [
              101.59995139020205,
              3.0286235981607796
            ],
            [
              101.59998108733207,
              3.0288877972672408
            ],
            [
              101.59940169241622,
              3.0290176949053844
            ],
            [
              101.59942679068584,
              3.0286850960701006
            ],
            [
              101.59995139020205,
              3.0286235981607796
            ],
            [
              101.59998108733207,
              3.0288877972672408
            ],
            [
              101.59996316187909,
              3.0287283294885397
            ],
            [
              101.59940169241622,
              3.0290176949053844
            ],
            [
              101.59938119300699,
              3.0288809963322954
            ],
            [
              101.59934929088375,
              3.028885494467598
            ],
            [
              101.59934239478936,
              3.0287920951072236
            ],
            [
              101.59934787213312,
              3.0288662759597207
            ],
            [
              101.59944049063385,
              3.0287807960369757
            ],
            [
              101.59938119300699,
              3.0288809963322954
            ]
          ]
        ]
      },
      "properties": {
        "name": "element.296",
        "type": "MESH",
        "building": "industrial",
        "id": "1237457265"
      }
    },
    {
      "type": "Feature",
      "geometry": {
        "type": "Polygon",
        "coordinates": [
          [
            [
              101.59949589218701,
              3.0303953897511833
            ],
            [
              101.59980839068056,
              3.0303315890422193
            ],
            [
              101.59985788882554,
              3.030573389584154
            ],
            [
              101.59954539033198,
              3.030637188099975
            ],
            [
              101.59985788882554,
              3.030573389584154
            ],
            [
              101.59954539033198,
              3.030637188099975
            ],
            [
              101.59949589218701,
              3.0303953897511833
            ],
            [
              101.59952063906329,
              3.0305162889255794
            ],
            [
              101.59980839068056,
              3.0303315890422193
            ],
            [
              101.59983313755684,
              3.0304524882166155
            ],
            [
              101.59949589218701,
              3.0303953897511833
            ]
          ]
        ]
      },
      "properties": {
        "name": "element.297",
        "type": "MESH",
        "building": "industrial",
        "id": "1237457266"
      }
    },
    {
      "type": "Feature",
      "geometry": {
        "type": "Polygon",
        "coordinates": [
          [
            [
              101.59862459921243,
              3.0232923187200345
            ],
            [
              101.59868719993672,
              3.0232923187200345
            ],
            [
              101.59868719993672,
              3.023445018460928
            ],
            [
              101.59862459921243,
              3.023445018460928
            ],
            [
              101.59868719993672,
              3.0232923187200345
            ],
            [
              101.59868719993672,
              3.023445018460928
            ],
            [
              101.59862459921243,
              3.023445018460928
            ],
            [
              101.59865589957457,
              3.023445018460928
            ],
            [
              101.59862459921243,
              3.0232923187200345
            ],
            [
              101.59865589957457,
              3.0232923187200345
            ],
            [
              101.59862459921243,
              3.0232923187200345
            ]
          ]
        ]
      },
      "properties": {
        "name": "element.298",
        "type": "MESH",
        "building": "house",
        "house": "terraced",
        "id": "1237457268"
      }
    },
    {
      "type": "Feature",
      "geometry": {
        "type": "Polygon",
        "coordinates": [
          [
            [
              101.59856199848812,
              3.0232923187200345
            ],
            [
              101.59862459921243,
              3.0232923187200345
            ],
            [
              101.59862459921243,
              3.023445018460928
            ],
            [
              101.59856199848812,
              3.023445018460928
            ],
            [
              101.59856199848812,
              3.0232923187200345
            ],
            [
              101.59862459921243,
              3.0232923187200345
            ],
            [
              101.59859329885028,
              3.0232923187200345
            ],
            [
              101.59862459921243,
              3.023445018460928
            ],
            [
              101.59856199848812,
              3.023445018460928
            ],
            [
              101.59859329885028,
              3.023445018460928
            ],
            [
              101.59856199848812,
              3.0232923187200345
            ]
          ]
        ]
      },
      "properties": {
        "name": "element.299",
        "type": "MESH",
        "building": "house",
        "house": "terraced",
        "id": "1237457269"
      }
    },
    {
      "type": "Feature",
      "geometry": {
        "type": "Polygon",
        "coordinates": [
          [
            [
              101.59849939776383,
              3.0232923187200345
            ],
            [
              101.59856199848812,
              3.0232923187200345
            ],
            [
              101.59856199848812,
              3.023445018460928
            ],
            [
              101.59849939776383,
              3.023445018460928
            ],
            [
              101.59856199848812,
              3.0232923187200345
            ],
            [
              101.59856199848812,
              3.023445018460928
            ],
            [
              101.59849939776383,
              3.023445018460928
            ],
            [
              101.59853069812598,
              3.023445018460928
            ],
            [
              101.59849939776383,
              3.0232923187200345
            ],
            [
              101.59853069812598,
              3.0232923187200345
            ],
            [
              101.59849939776383,
              3.0232923187200345
            ]
          ]
        ]
      },
      "properties": {
        "name": "element.300",
        "type": "MESH",
        "building": "house",
        "house": "terraced",
        "id": "1237457270"
      }
    },
    {
      "type": "Feature",
      "geometry": {
        "type": "Polygon",
        "coordinates": [
          [
            [
              101.59843680143194,
              3.0232923187200345
            ],
            [
              101.59849940215625,
              3.0232923187200345
            ],
            [
              101.59849940215625,
              3.023445018460928
            ],
            [
              101.59843680143194,
              3.023445018460928
            ],
            [
              101.59843680143194,
              3.0232923187200345
            ],
            [
              101.59849940215625,
              3.0232923187200345
            ],
            [
              101.5984681017941,
              3.0232923187200345
            ],
            [
              101.59849940215625,
              3.023445018460928
            ],
            [
              101.59843680143194,
              3.023445018460928
            ],
            [
              101.5984681017941,
              3.023445018460928
            ],
            [
              101.59843680143194,
              3.0232923187200345
            ]
          ]
        ]
      },
      "properties": {
        "name": "element.301",
        "type": "MESH",
        "building": "house",
        "house": "terraced",
        "id": "1237457271"
      }
    },
    {
      "type": "Feature",
      "geometry": {
        "type": "Polygon",
        "coordinates": [
          [
            [
              101.59837430173323,
              3.0232923187200345
            ],
            [
              101.59843680143194,
              3.0232923187200345
            ],
            [
              101.59843680143194,
              3.023445018460928
            ],
            [
              101.59837430173323,
              3.023445018460928
            ],
            [
              101.59837430173323,
              3.0232923187200345
            ],
            [
              101.59843680143194,
              3.0232923187200345
            ],
            [
              101.5984055537788,
              3.0232923187200345
            ],
            [
              101.59843680143194,
              3.023445018460928
            ],
            [
              101.59837430173323,
              3.023445018460928
            ],
            [
              101.5984055537788,
              3.023445018460928
            ],
            [
              101.59837430173323,
              3.0232923187200345
            ]
          ]
        ]
      },
      "properties": {
        "name": "element.302",
        "type": "MESH",
        "building": "house",
        "house": "terraced",
        "id": "1237457272"
      }
    }
  ],
  "crs": {
    "type": "name",
    "properties": {
      "name": "urn:ogc:def:crs:EPSG::4326"
    }
  }
}