{
  "type": "FeatureCollection",
  "features": [
    {
      "type": "Feature",
      "geometry": {
        "type": "Polygon",
        "coordinates": [
          [
            [
              101.612735947208,
              2.9302267825736275
            ],
            [
              101.61278694575748,
              2.9303767803629395
            ],
            [
              101.61267984704666,
              2.9304130812578824
            ],
            [
              101.61262894732307,
              2.93026308346857
            ],
            [
              101.612735947208,
              2.9302267825736275
            ],
            [
              101.61278694575748,
              2.9303767803629395
            ],
            [
              101.61267984704666,
              2.9304130812578824
            ],
            [
              101.61262894732307,
              2.93026308346857
            ],
            [
              101.61246704636423,
              2.930150680528285
            ],
            [
              101.61269234522706,
              2.930070380808165
            ],
            [
              101.61273354683703,
              2.93018538042919
            ],
            [
              101.6125082479742,
              2.930265781033866
            ],
            [
              101.61246704636423,
              2.930150680528285
            ],
            [
              101.61269234522706,
              2.930070380808165
            ],
            [
              101.61273354683703,
              2.93018538042919
            ],
            [
              101.6125082479742,
              2.930265781033866
            ],
            [
              101.61299074449975,
              2.930342681383084
            ],
            [
              101.61303364591497,
              2.9304711819894442
            ],
            [
              101.61297494553476,
              2.930490779910977
            ],
            [
              101.61293204631568,
              2.930362178420061
            ],
            [
              101.61299074449975,
              2.930342681383084
            ],
            [
              101.61303364591497,
              2.9304711819894442
            ],
            [
              101.61297494553476,
              2.930490779910977
            ],
            [
              101.61293204631568,
              2.930362178420061
            ],
            [
              101.61268104613409,
              2.9305143781244607
            ],
            [
              101.61286614482258,
              2.930455378204466
            ],
            [
              101.61291594648077,
              2.9306112799334345
            ],
            [
              101.61273084559615,
              2.930670279853429
            ],
            [
              101.61268104613409,
              2.9305143781244607
            ],
            [
              101.61286614482258,
              2.930455378204466
            ],
            [
              101.61291594648077,
              2.9306112799334345
            ],
            [
              101.61273084559615,
              2.930670279853429
            ],
            [
              101.61296784544389,
              2.9310802790744246
            ],
            [
              101.61306174540857,
              2.931048079355989
            ],
            [
              101.61309294583887,
              2.931138976340751
            ],
            [
              101.61299904587419,
              2.9311710751746314
            ],
            [
              101.61296784544389,
              2.9310802790744246
            ],
            [
              101.61306174540857,
              2.931048079355989
            ],
            [
              101.61309294583887,
              2.931138976340751
            ],
            [
              101.61299904587419,
              2.9311710751746314
            ],
            [
              101.61281764766609,
              2.9314764746564177
            ],
            [
              101.6131180454178,
              2.9313693747347394
            ],
            [
              101.61315734517851,
              2.931479176607999
            ],
            [
              101.61285694742678,
              2.9315862765296776
            ],
            [
              101.61281764766609,
              2.9314764746564177
            ],
            [
              101.6131180454178,
              2.9313693747347394
            ],
            [
              101.61315734517851,
              2.931479176607999
            ],
            [
              101.61285694742678,
              2.9315862765296776
            ],
            [
              101.61296314572397,
              2.9315857764931836
            ],
            [
              101.61323674409152,
              2.9314946733530247
            ],
            [
              101.61329414436229,
              2.9316666727480682
            ],
            [
              101.61302054599473,
              2.9317576750036713
            ],
            [
              101.61296314572397,
              2.9315857764931836
            ],
            [
              101.61323674409152,
              2.9314946733530247
            ],
            [
              101.61329414436229,
              2.9316666727480682
            ],
            [
              101.61302054599473,
              2.9317576750036713
            ],
            [
              101.61433883939246,
              2.9290309847750513
            ],
            [
              101.61438133891573,
              2.9291515856820647
            ],
            [
              101.61420964101738,
              2.929211883942429
            ],
            [
              101.61416714149411,
              2.9290911865371445
            ],
            [
              101.61433883939246,
              2.9290309847750513
            ],
            [
              101.61438133891573,
              2.9291515856820647
            ],
            [
              101.61420964101738,
              2.929211883942429
            ],
            [
              101.61416714149411,
              2.9290911865371445
            ],
            [
              101.61460033927543,
              2.9294019855358084
            ],
            [
              101.61462053928653,
              2.9294735828664207
            ],
            [
              101.6145253392124,
              2.929500383067979
            ],
            [
              101.6145051392013,
              2.929428684852811
            ],
            [
              101.61460033927543,
              2.9294019855358084
            ],
            [
              101.61462053928653,
              2.9294735828664207
            ],
            [
              101.6145253392124,
              2.929500383067979
            ],
            [
              101.6145051392013,
              2.929428684852811
            ],
            [
              101.61427964049057,
              2.9292314862502464
            ],
            [
              101.6142925405629,
              2.9292643877742877
            ],
            [
              101.61434823883229,
              2.929242587937668
            ],
            [
              101.61433744045713,
              2.9292150859305037
            ],
            [
              101.6144032387321,
              2.9291892858019333
            ],
            [
              101.61446103869866,
              2.929335884220344
            ],
            [
              101.61427913977273,
              2.92940728416813
            ],
            [
              101.61421924030512,
              2.929255286232842
            ],
            [
              101.61427964049057,
              2.9292314862502464
            ],
            [
              101.6142925405629,
              2.9292643877742877
            ],
            [
              101.61434823883229,
              2.929242587937668
            ],
            [
              101.61433744045713,
              2.9292150859305037
            ],
            [
              101.6144032387321,
              2.9291892858019333
            ],
            [
              101.61446103869866,
              2.929335884220344
            ],
            [
              101.61427913977273,
              2.92940728416813
            ],
            [
              101.61421924030512,
              2.929255286232842
            ],
            [
              101.61447563857624,
              2.9294014854993145
            ],
            [
              101.61449153856324,
              2.929483482711743
            ],
            [
              101.6144470383648,
              2.9294920842166947
            ],
            [
              101.61445333906407,
              2.9295249857407355
            ],
            [
              101.61425243921445,
              2.9295637824318628
            ],
            [
              101.61423013970229,
              2.9294487828108378
            ],
            [
              101.61447563857624,
              2.9294014854993145
            ],
            [
              101.61449153856324,
              2.929483482711743
            ],
            [
              101.6144470383648,
              2.9294920842166947
            ],
            [
              101.61445333906407,
              2.9295249857407355
            ],
            [
              101.61425243921445,
              2.9295637824318628
            ],
            [
              101.61423013970229,
              2.9294487828108378
            ],
            [
              101.61457303917342,
              2.929577485186309
            ],
            [
              101.614580637786,
              2.9296038862359297
            ],
            [
              101.61463553885991,
              2.9295880824509517
            ],
            [
              101.61466133900457,
              2.929677685481629
            ],
            [
              101.61435873853365,
              2.9297643847916137
            ],
            [
              101.61432543860231,
              2.929648385097601
            ],
            [
              101.61457303917342,
              2.929577485186309
            ],
            [
              101.614580637786,
              2.9296038862359297
            ],
            [
              101.61463553885991,
              2.9295880824509517
            ],
            [
              101.61466133900457,
              2.929677685481629
            ],
            [
              101.61435873853365,
              2.9297643847916137
            ],
            [
              101.61432543860231,
              2.929648385097601
            ],
            [
              101.61444103853545,
              2.929802282294309
            ],
            [
              101.61464493829975,
              2.9297486818911915
            ],
            [
              101.61466473861506,
              2.929823783863546
            ],
            [
              101.61446083885076,
              2.929877384266663
            ],
            [
              101.61444103853545,
              2.929802282294309
            ],
            [
              101.61464493829975,
              2.9297486818911915
            ],
            [
              101.61466473861506,
              2.929823783863546
            ],
            [
              101.61446083885076,
              2.929877384266663
            ],
            [
              101.6145802380902,
              2.929965781068956
            ],
            [
              101.61461063693275,
              2.9300633802972507
            ],
            [
              101.61453893765433,
              2.9300855836720934
            ],
            [
              101.61454813724626,
              2.930115081438948
            ],
            [
              101.61449953906775,
              2.9301301834183207
            ],
            [
              101.61449033947582,
              2.930100681265181
            ],
            [
              101.61442953959457,
              2.930119581767393
            ],
            [
              101.61439913855588,
              2.9300219825390985
            ],
            [
              101.6145802380902,
              2.929965781068956
            ],
            [
              101.61461063693275,
              2.9300633802972507
            ],
            [
              101.61453893765433,
              2.9300855836720934
            ],
            [
              101.61454813724626,
              2.930115081438948
            ],
            [
              101.61449953906775,
              2.9301301834183207
            ],
            [
              101.61449033947582,
              2.930100681265181
            ],
            [
              101.61442953959457,
              2.930119581767393
            ],
            [
              101.61439913855588,
              2.9300219825390985
            ],
            [
              101.61460403755969,
              2.9301536807472486
            ],
            [
              101.61459623909921,
              2.9301279815032335
            ],
            [
              101.61471183683624,
              2.9300926806812786
            ],
            [
              101.61475243670637,
              2.9302256816160837
            ],
            [
              101.61455513851126,
              2.9302857824936215
            ],
            [
              101.61456193773222,
              2.9303081832512907
            ],
            [
              101.61447773807728,
              2.930333882495306
            ],
            [
              101.614482837493,
              2.930350581082431
            ],
            [
              101.61437463852066,
              2.9303834826064716
            ],
            [
              101.61435094007318,
              2.930306183105315
            ],
            [
              101.6144551376952,
              2.9302744790370885
            ],
            [
              101.61443403946659,
              2.9302054827735016
            ],
            [
              101.61460403755969,
              2.9301536807472486
            ],
            [
              101.61459623909921,
              2.9301279815032335
            ],
            [
              101.61471183683624,
              2.9300926806812786
            ],
            [
              101.61475243670637,
              2.9302256816160837
            ],
            [
              101.61455513851126,
              2.9302857824936215
            ],
            [
              101.61456193773222,
              2.9303081832512907
            ],
            [
              101.61447773807728,
              2.930333882495306
            ],
            [
              101.614482837493,
              2.930350581082431
            ],
            [
              101.61437463852066,
              2.9303834826064716
            ],
            [
              101.61435094007318,
              2.930306183105315
            ],
            [
              101.6144551376952,
              2.9302744790370885
            ],
            [
              101.61443403946659,
              2.9302054827735016
            ],
            [
              101.61444813862633,
              2.9305693777525037
            ],
            [
              101.61444493886376,
              2.930559780560849
            ],
            [
              101.61448713751712,
              2.9305454812716376
            ],
            [
              101.6145299379103,
              2.9306716790783547
            ],
            [
              101.61445453815149,
              2.930697277437814
            ],
            [
              101.6144470383648,
              2.930675078449256
            ],
            [
              101.61436423764518,
              2.9307031769911847
            ],
            [
              101.61433213899738,
              2.930608577981854
            ],
            [
              101.61444813862633,
              2.9305693777525037
            ],
            [
              101.61444493886376,
              2.930559780560849
            ],
            [
              101.61448713751712,
              2.9305454812716376
            ],
            [
              101.6145299379103,
              2.9306716790783547
            ],
            [
              101.61445453815149,
              2.930697277437814
            ],
            [
              101.6144470383648,
              2.930675078449256
            ],
            [
              101.61436423764518,
              2.9307031769911847
            ],
            [
              101.61433213899738,
              2.930608577981854
            ],
            [
              101.61469953630761,
              2.9304860821997054
            ],
            [
              101.6147378368288,
              2.930617477754188
            ],
            [
              101.61453493850014,
              2.930676477674182
            ],
            [
              101.61449663797896,
              2.9305450821196994
            ],
            [
              101.61469953630761,
              2.9304860821997054
            ],
            [
              101.6147378368288,
              2.930617477754188
            ],
            [
              101.61453493850014,
              2.930676477674182
            ],
            [
              101.61449663797896,
              2.9305450821196994
            ],
            [
              101.61456663745214,
              2.930383381721916
            ],
            [
              101.61455283916231,
              2.930346681675035
            ],
            [
              101.61464153868927,
              2.930313481883612
            ],
            [
              101.61469983717753,
              2.9304687783052454
            ],
            [
              101.61461403654323,
              2.9305008815254103
            ],
            [
              101.61460573736494,
              2.9304788799196793
            ],
            [
              101.61443993827392,
              2.9305409809431926
            ],
            [
              101.61440803947403,
              2.9304561808946277
            ],
            [
              101.61448053814405,
              2.930428981541131
            ],
            [
              101.61447603827204,
              2.93041727893266
            ],
            [
              101.61456663745214,
              2.930383381721916
            ],
            [
              101.61455283916231,
              2.930346681675035
            ],
            [
              101.61464153868927,
              2.930313481883612
            ],
            [
              101.61469983717753,
              2.9304687783052454
            ],
            [
              101.61461403654323,
              2.9305008815254103
            ],
            [
              101.61460573736494,
              2.9304788799196793
            ],
            [
              101.61443993827392,
              2.9305409809431926
            ],
            [
              101.61440803947403,
              2.9304561808946277
            ],
            [
              101.61448053814405,
              2.930428981541131
            ],
            [
              101.61447603827204,
              2.93041727893266
            ],
            [
              101.61449643813106,
              2.9308008771040353
            ],
            [
              101.61462503696242,
              2.930774778708082
            ],
            [
              101.61465313645603,
              2.9308024780980726
            ],
            [
              101.61474853637806,
              2.9308245805883595
            ],
            [
              101.61476123660249,
              2.9308871772620817
            ],
            [
              101.61452383705894,
              2.930935378148322
            ],
            [
              101.61449643813106,
              2.9308008771040353
            ],
            [
              101.61462503696242,
              2.930774778708082
            ],
            [
              101.61465313645603,
              2.9308024780980726
            ],
            [
              101.61474853637806,
              2.9308245805883595
            ],
            [
              101.61476123660249,
              2.9308871772620817
            ],
            [
              101.61452383705894,
              2.930935378148322
            ],
            [
              101.61450173739469,
              2.930848279686399
            ],
            [
              101.6145298368883,
              2.9309861801015873
            ],
            [
              101.61446353789552,
              2.930999676700637
            ],
            [
              101.61443533737989,
              2.930861776285449
            ],
            [
              101.61450173739469,
              2.930848279686399
            ],
            [
              101.6145298368883,
              2.9309861801015873
            ],
            [
              101.61446353789552,
              2.930999676700637
            ],
            [
              101.61443533737989,
              2.930861776285449
            ],
            [
              101.612735947208,
              2.9302267825736275
            ]
          ]
        ]
      },
      "properties": {
        "name": "None_buildings",
        "type": "MESH"
      }
    },
    {
      "type": "Feature",
      "geometry": {
        "type": "Polygon",
        "coordinates": [
          [
            [
              101.60818181978358,
              2.920848637607258
            ],
            [
              101.6081590195536,
              2.9208613359024316
            ],
            [
              101.60814562095958,
              2.920884135812039
            ],
            [
              101.60814221915297,
              2.9209028389314247
            ],
            [
              101.60814421982813,
              2.920929639132983
            ],
            [
              101.60815092022321,
              2.920943736653083
            ],
            [
              101.60816371927352,
              2.920959136899838
            ],
            [
              101.60818042084827,
              2.920972537000617
            ],
            [
              101.60821532175898,
              2.9209812350038398
            ],
            [
              101.60824282170887,
              2.9209819368094454
            ],
            [
              101.60826892052732,
              2.9209745371465927
            ],
            [
              101.6082830218832,
              2.920950438896615
            ],
            [
              101.60828442081852,
              2.9208861359580145
            ],
            [
              101.60825822097806,
              2.9208586383371355
            ],
            [
              101.6082254195684,
              2.920846637461282
            ],
            [
              101.60819992029366,
              2.920845334734627
            ],
            [
              101.62758984024775,
              2.956667949157013
            ],
            [
              101.62727336023016,
              2.9559796489231713
            ],
            [
              101.62708026762554,
              2.955674247248242
            ],
            [
              101.62677448276496,
              2.9552215453492967
            ],
            [
              101.62622740901317,
              2.9544689421768546
            ],
            [
              101.62591361705968,
              2.9540591425318277
            ],
            [
              101.62573652546409,
              2.9538019417431385
            ],
            [
              101.62534764340622,
              2.953244839680953
            ],
            [
              101.6246958713146,
              2.9523234391015425
            ],
            [
              101.62439418004182,
              2.9519149356037433
            ],
            [
              101.6243015823827,
              2.9517864349973832
            ],
            [
              101.62415008888772,
              2.951631033304909
            ],
            [
              101.62381749805456,
              2.951301632071415
            ],
            [
              101.62357210679103,
              2.9510538288984116
            ],
            [
              101.62321531898871,
              2.950713628631164
            ],
            [
              101.62268703533206,
              2.9502315276567774
            ],
            [
              101.62212375413496,
              2.949727925113153
            ],
            [
              101.62183675936953,
              2.9494895217489776
            ],
            [
              101.6212895758112,
              2.948977923007736
            ],
            [
              101.62087118653989,
              2.948621721572684
            ],
            [
              101.62025970466395,
              2.948024419208161
            ],
            [
              101.61966962188654,
              2.9474807172467545
            ],
            [
              101.61935312869217,
              2.9472182200188866
            ],
            [
              101.61908483617663,
              2.946918220053977
            ],
            [
              101.61872544376317,
              2.9464628183965926
            ],
            [
              101.61855114784208,
              2.9461762185324623
            ],
            [
              101.618451851984,
              2.9459191208214714
            ],
            [
              101.61837145383149,
              2.9457048200935585
            ],
            [
              101.61824805763399,
              2.945455718580185
            ],
            [
              101.61807906097653,
              2.9451611225184373
            ],
            [
              101.61787256758176,
              2.944783423900433
            ],
            [
              101.61772507104484,
              2.9443602263477695
            ],
            [
              101.61744077752029,
              2.9435995260931542
            ],
            [
              101.61727708232257,
              2.943184329124393
            ],
            [
              101.61715638516984,
              2.942761127185445
            ],
            [
              101.61700089032455,
              2.9421772336942706
            ],
            [
              101.6168640933369,
              2.9415986344491327
            ],
            [
              101.61670579842483,
              2.9408968376162408
            ],
            [
              101.61663070173206,
              2.9403986389757786
            ],
            [
              101.61649660378917,
              2.9396433426243256
            ],
            [
              101.61638660838184,
              2.938882646755996
            ],
            [
              101.61629281163529,
              2.93813534660216
            ],
            [
              101.61613721576798,
              2.9372192534276405
            ],
            [
              101.61608091575874,
              2.936838953742611
            ],
            [
              101.61597091815527,
              2.93622015858142
            ],
            [
              101.61586632083744,
              2.935944256866488
            ],
            [
              101.61576712160912,
              2.935770156440913
            ],
            [
              101.61557932387588,
              2.9355317574630226
            ],
            [
              101.61544792497773,
              2.935336260739051
            ],
            [
              101.61535672625392,
              2.9350737591248985
            ],
            [
              101.61520112819049,
              2.934661264107718
            ],
            [
              101.61506433120284,
              2.934243365187376
            ],
            [
              101.61491953151456,
              2.933761264212989
            ],
            [
              101.61476123440636,
              2.9332523674233286
            ],
            [
              101.61462443522258,
              2.9328692692884473
            ],
            [
              101.61447963773043,
              2.93246487135344
            ],
            [
              101.61435623714067,
              2.9319344729945422
            ],
            [
              101.61413903980437,
              2.9311443758576283
            ],
            [
              101.61391104189678,
              2.930346080753986
            ],
            [
              101.61376084192285,
              2.9299335813505203
            ],
            [
              101.61348454231441,
              2.9289907888589983
            ],
            [
              101.61325384316595,
              2.9282594898729672
            ],
            [
              101.6130044439637,
              2.927447895553101
            ],
            [
              101.61279784295851,
              2.9269255942763763
            ],
            [
              101.61263694343532,
              2.926424698070618
            ],
            [
              101.61239284349669,
              2.925631903368408
            ],
            [
              101.61230914236344,
              2.92537320466338
            ],
            [
              101.61217024148249,
              2.924943506636296
            ],
            [
              101.61203074105782,
              2.924386308075839
            ],
            [
              101.61192084008411,
              2.9239658124747567
            ],
            [
              101.61181884078903,
              2.923711311444506
            ],
            [
              101.61159353753393,
              2.923215814755625
            ],
            [
              101.61141923722059,
              2.9229372154753968
            ],
            [
              101.61114023637126,
              2.922572916958172
            ],
            [
              101.6107272342088,
              2.922101522905553
            ],
            [
              101.61018813021569,
              2.9217131261383504
            ],
            [
              101.60936462508762,
              2.9210542315593777
            ],
            [
              101.60885232267482,
              2.920655136642977
            ],
            [
              101.60809861717203,
              2.920167640537998
            ],
            [
              101.60765341314362,
              2.92001494518339
            ],
            [
              101.60743611039304,
              2.9198890456440547
            ],
            [
              101.60726710934331,
              2.9197336483378655
            ],
            [
              101.60695330640918,
              2.919481950143752
            ],
            [
              101.6065563030596,
              2.919171155531373
            ],
            [
              101.60625859996037,
              2.918983655005019
            ],
            [
              101.60593139623607,
              2.9187131615795336
            ],
            [
              101.60570469404567,
              2.9185256654394647
            ],
            [
              101.60564709392699,
              2.9184707623096924
            ],
            [
              101.60549889023596,
              2.918397765754154
            ],
            [
              101.60531848907125,
              2.918292665978451
            ],
            [
              101.60481018581264,
              2.9182189720035927
            ],
            [
              101.6044574828136,
              2.9181573754028585
            ],
            [
              101.60399157805625,
              2.918033879547722
            ],
            [
              101.60327607205264,
              2.917870784311298
            ],
            [
              101.6022325629331,
              2.917542698963315
            ],
            [
              101.60159415649353,
              2.9174489026441446
            ],
            [
              101.60078414658923,
              2.917151617789671
            ],
            [
              101.59996873749736,
              2.91691052563277
            ],
            [
              101.59886642587755,
              2.916690943817676
            ],
            [
              101.59852572363528,
              2.9166694466347236
            ],
            [
              101.59771301688235,
              2.9166614592096765
            ],
            [
              101.59682521124054,
              2.9167391710216264
            ],
            [
              101.59645500837321,
              2.9167953768780537
            ],
            [
              101.5959401068396,
              2.916950782956813
            ],
            [
              101.59559670774871,
              2.91711418523319
            ],
            [
              101.5951408085633,
              2.9173525929836504
            ],
            [
              101.59457480855627,
              2.9176713048405154
            ],
            [
              101.59423420843409,
              2.91782670653299
            ],
            [
              101.59395790882564,
              2.917944513376437
            ],
            [
              101.59302180807137,
              2.918220428250224
            ],
            [
              101.59238350704608,
              2.918383839299171
            ],
            [
              101.59187650609303,
              2.918525849663436
            ],
            [
              101.5917645078144,
              2.918578651762677
            ],
            [
              101.59154660771624,
              2.9186812557421953
            ],
            [
              101.59120331074543,
              2.918892858904812
            ],
            [
              101.59075541426067,
              2.9192678687300906
            ],
            [
              101.59038522127592,
              2.919624074551428
            ],
            [
              101.59002582666633,
              2.9200178796080776
            ],
            [
              101.5898300306247,
              2.9202401853061777
            ],
            [
              101.58919164614643,
              2.9210463932680217
            ],
            [
              101.58887785199681,
              2.9213999980223337
            ],
            [
              101.58869945589952,
              2.9216088992333695
            ],
            [
              101.5885941602121,
              2.9217370050740765
            ],
            [
              101.58848756221911,
              2.9218741027991033
            ],
            [
              101.58834146681365,
              2.9221058083060316
            ],
            [
              101.58820467202213,
              2.922341509718626
            ],
            [
              101.58808397926165,
              2.9226536114439448
            ],
            [
              101.58796859015706,
              2.9231223123175525
            ],
            [
              101.58786939751714,
              2.9235107134710403
            ],
            [
              101.58778760262543,
              2.9237009115626904
            ],
            [
              101.58774330666715,
              2.9238603135471157
            ],
            [
              101.58771790841443,
              2.923990213378402
            ],
            [
              101.58769751075154,
              2.924072614129053
            ],
            [
              101.58768111224285,
              2.924158015098668
            ],
            [
              101.58766041590617,
              2.924269711847062
            ],
            [
              101.58763741802441,
              2.924408112298744
            ],
            [
              101.5876106230325,
              2.924579510772738
            ],
            [
              101.58754482695367,
              2.9247750162692796
            ],
            [
              101.58731424200401,
              2.9253375178483423
            ],
            [
              101.58710235051973,
              2.925739319102609
            ],
            [
              101.58674026564991,
              2.9263313272210962
            ],
            [
              101.58657397023333,
              2.926575029217593
            ],
            [
              101.58626818317661,
              2.927057235462821
            ],
            [
              101.58600799438373,
              2.927464339735694
            ],
            [
              101.58581490397525,
              2.927842042739983
            ],
            [
              101.58553601952084,
              2.9284125449029483
            ],
            [
              101.58546342422106,
              2.928580750161437
            ],
            [
              101.585350931813,
              2.928841150745059
            ],
            [
              101.58508804397538,
              2.929355455824166
            ],
            [
              101.58465626928681,
              2.930233962922228
            ],
            [
              101.58455167636124,
              2.9304643613162162
            ],
            [
              101.58423789099615,
              2.930986671365511
            ],
            [
              101.5840179023776,
              2.93132957358434
            ],
            [
              101.58372291589217,
              2.9317768781595506
            ],
            [
              101.58341983007634,
              2.9322536848879013
            ],
            [
              101.58333493424793,
              2.9323786896250894
            ],
            [
              101.58278686125664,
              2.9331858011616507
            ],
            [
              101.58247577713243,
              2.9337135063415376
            ],
            [
              101.5823282871839,
              2.9339840085395927
            ],
            [
              101.58209490216747,
              2.9344581133163623
            ],
            [
              101.5820037144243,
              2.9348331143690705
            ],
            [
              101.58197892010756,
              2.9350366160632295
            ],
            [
              101.58195812933725,
              2.935360815162672
            ],
            [
              101.58199573807724,
              2.935668811325199
            ],
            [
              101.58206544326889,
              2.9359099078683855
            ],
            [
              101.58216735252262,
              2.936250103749348
            ],
            [
              101.58233636235687,
              2.9366035988465344
            ],
            [
              101.58254556797317,
              2.936943790341212
            ],
            [
              101.58266897295519,
              2.9371285845296997
            ],
            [
              101.58282457760703,
              2.937337582239006
            ],
            [
              101.58315448257221,
              2.9376428676773823
            ],
            [
              101.58343338679178,
              2.937913361102867
            ],
            [
              101.58379819266766,
              2.9382883489967204
            ],
            [
              101.58418179961934,
              2.938708936709789
            ],
            [
              101.58459750741495,
              2.939199025109223
            ],
            [
              101.5848309143927,
              2.939558016221557
            ],
            [
              101.58496761694673,
              2.939785611779408
            ],
            [
              101.58516082375014,
              2.9400990030725267
            ],
            [
              101.58530563002682,
              2.940404398168029
            ],
            [
              101.58540223562467,
              2.940733795015237
            ],
            [
              101.58539954536444,
              2.9411061950009203
            ],
            [
              101.58534055509496,
              2.941440995751291
            ],
            [
              101.58525206420043,
              2.9417543958169796
            ],
            [
              101.58507907936944,
              2.9421661978011246
            ],
            [
              101.58485638951,
              2.942482203320124
            ],
            [
              101.58475319551975,
              2.9425928034972597
            ],
            [
              101.5845788029689,
              2.9427856070422203
            ],
            [
              101.58432401226554,
              2.942999912156418
            ],
            [
              101.58405042268251,
              2.9431981196045403
            ],
            [
              101.58354893621392,
              2.9434177321236294
            ],
            [
              101.58324584380969,
              2.943538341803213
            ],
            [
              101.5827844564934,
              2.9436561530329453
            ],
            [
              101.58180817972224,
              2.9439240804816853
            ],
            [
              101.5811939966054,
              2.944189297206274
            ],
            [
              101.58083191173559,
              2.9444732082776786
            ],
            [
              101.58058242249199,
              2.9446821138749995
            ],
            [
              101.58041083220404,
              2.944920517239175
            ],
            [
              101.58024984483562,
              2.9452098190548863
            ],
            [
              101.58009165533782,
              2.9454803256392266
            ],
            [
              101.57991997500852,
              2.9459678261304902
            ],
            [
              101.57981538647522,
              2.9463106274647632
            ],
            [
              101.57973499930335,
              2.946699028618251
            ],
            [
              101.5797055074628,
              2.9468999292453844
            ],
            [
              101.57964642715199,
              2.947497227223623
            ],
            [
              101.57964644691715,
              2.94813742745578
            ],
            [
              101.57966925593166,
              2.9484374230344046
            ],
            [
              101.57967205819457,
              2.9485070246053264
            ],
            [
              101.57981547871272,
              2.949286515705028
            ],
            [
              101.5799790948497,
              2.9499374053138134
            ],
            [
              101.58007840827683,
              2.9503981056035187
            ],
            [
              101.58012931678495,
              2.9507087993313417
            ],
            [
              101.58016693211333,
              2.9512363948541025
            ],
            [
              101.5801159445445,
              2.951616795423688
            ],
            [
              101.58003555737263,
              2.952010495209497
            ],
            [
              101.57992557294594,
              2.9524363991000264
            ],
            [
              101.57977808738968,
              2.9527551021843217
            ],
            [
              101.57954740581026,
              2.9531542080664352
            ],
            [
              101.57932752480211,
              2.9535587112722834
            ],
            [
              101.57901635283267,
              2.9542364186277674
            ],
            [
              101.5788527674415,
              2.954573822638306
            ],
            [
              101.57868109150446,
              2.955135025876998
            ],
            [
              101.57853900842998,
              2.9555890283094564
            ],
            [
              101.57850142384744,
              2.9559720277529244
            ],
            [
              101.57850953196235,
              2.9562666260078148
            ],
            [
              101.57851623674969,
              2.956450224933631
            ],
            [
              101.57862495400892,
              2.9570702197437786
            ],
            [
              101.57873486157102,
              2.9574157142570625
            ],
            [
              101.5789440715796,
              2.957860404606393
            ],
            [
              101.57920957720515,
              2.9582969956804086
            ],
            [
              101.57943757950498,
              2.9586156856058485
            ],
            [
              101.57982658235005,
              2.9590709732198217
            ],
            [
              101.580169881517,
              2.959408460569776
            ],
            [
              101.58063928031844,
              2.9598102442789025
            ],
            [
              101.58105228028477,
              2.960297729418169
            ],
            [
              101.58142508446903,
              2.960798616851357
            ],
            [
              101.58175238701922,
              2.961264604807671
            ],
            [
              101.58209568618616,
              2.9616288923591836
            ],
            [
              101.58223918796115,
              2.961814989274327
            ],
            [
              101.58236928894597,
              2.961983784488153
            ],
            [
              101.58267508917947,
              2.962373473016298
            ],
            [
              101.58280918712236,
              2.9624806694362475
            ],
            [
              101.58354537189362,
              2.9628582474314133
            ],
            [
              101.58379486992176,
              2.9630537397690997
            ],
            [
              101.58422666437549,
              2.963369826434372
            ],
            [
              101.5844680608771,
              2.9635760191143996
            ],
            [
              101.58462495904998,
              2.9637448143282255
            ],
            [
              101.58475106088062,
              2.9639671090606132
            ],
            [
              101.58489996294124,
              2.96422020428651
            ],
            [
              101.58502196459567,
              2.964501498938892
            ],
            [
              101.58509707007296,
              2.9647491968410544
            ],
            [
              101.5851936822592,
              2.9653893904937845
            ],
            [
              101.58529559810133,
              2.966152685235997
            ],
            [
              101.58533581364857,
              2.966790181323431
            ],
            [
              101.58531173087819,
              2.967384779543231
            ],
            [
              101.58525534302372,
              2.967794576995115
            ],
            [
              101.58515885382081,
              2.9680811812455303
            ],
            [
              101.5849925693849,
              2.9683945813112196
            ],
            [
              101.58482628275284,
              2.9686195845746153
            ],
            [
              101.5846009970668,
              2.96888749009193
            ],
            [
              101.58433011531304,
              2.9691070982247343
            ],
            [
              101.58368105105069,
              2.9694580141863205
            ],
            [
              101.58318217797775,
              2.969728525156946
            ],
            [
              101.58256800803771,
              2.9699213418607613
            ],
            [
              101.58223812503384,
              2.970021151776713
            ],
            [
              101.58174564928991,
              2.9701805669199937
            ],
            [
              101.58126447483511,
              2.970392880660786
            ],
            [
              101.58047592332488,
              2.970864301031115
            ],
            [
              101.58008704565927,
              2.971102612283304
            ],
            [
              101.57930118880154,
              2.9714508350658795
            ],
            [
              101.57883191517955,
              2.971651748851868
            ],
            [
              101.57840273851373,
              2.9718124623355187
            ],
            [
              101.57834134348103,
              2.97183576228162
            ],
            [
              101.5783039455696,
              2.9718499650725607
            ],
            [
              101.57780997206449,
              2.9720374787577697
            ],
            [
              101.57713951089973,
              2.972337500654105
            ],
            [
              101.57679353025708,
              2.9725036136546326
            ],
            [
              101.57619006865083,
              2.9728571306832436
            ],
            [
              101.57592188594184,
              2.973044639982168
            ],
            [
              101.57580379998862,
              2.9732080422585447
            ],
            [
              101.57563221628907,
              2.973526749729125
            ],
            [
              101.57549544126273,
              2.9740089515880674
            ],
            [
              101.57545795330995,
              2.9743892512730974
            ],
            [
              101.5754256657949,
              2.9746169521017896
            ],
            [
              101.57532918537652,
              2.975077652391495
            ],
            [
              101.57514140301618,
              2.9753642566419103
            ],
            [
              101.57485982830154,
              2.9757338669503115
            ],
            [
              101.5743850687448,
              2.9761650826320176
            ],
            [
              101.57412228412532,
              2.9762989915278246
            ],
            [
              101.57371730882095,
              2.976494602295207
            ],
            [
              101.57337663183418,
              2.976617817428101
            ],
            [
              101.5726632758426,
              2.9769338404922405
            ],
            [
              101.57236019661516,
              2.977083851440408
            ],
            [
              101.57145366456601,
              2.977758883162021
            ],
            [
              101.57093330454929,
              2.9781098035098923
            ],
            [
              101.57037814903616,
              2.978503520840841
            ],
            [
              101.56986858519848,
              2.978800840785595
            ],
            [
              101.56953330630122,
              2.9789454566031703
            ],
            [
              101.56912833099683,
              2.9790847694021396
            ],
            [
              101.56855436781952,
              2.9792588961454247
            ],
            [
              101.56788120541388,
              2.9793714219016905
            ],
            [
              101.56731263593382,
              2.979430347254839
            ],
            [
              101.56669836497176,
              2.979454471822527
            ],
            [
              101.56627728763634,
              2.9794759909369044
            ],
            [
              101.56553443321583,
              2.979639423917276
            ],
            [
              101.56529564791374,
              2.979706332309187
            ],
            [
              101.5649011701146,
              2.979815849073919
            ],
            [
              101.56393322985595,
              2.980038492515967
            ],
            [
              101.56355505173961,
              2.9801002119326823
            ],
            [
              101.56282548830272,
              2.9801189457560633
            ],
            [
              101.56222201791195,
              2.980108273924575
            ],
            [
              101.5615837476325,
              2.9800172014884114
            ],
            [
              101.56121595721486,
              2.9799163213189113
            ],
            [
              101.56080587371022,
              2.9797547437371086
            ],
            [
              101.56037138240787,
              2.979513765623618
            ],
            [
              101.5595479914786,
              2.978868306235705
            ],
            [
              101.55919928982989,
              2.978525425948302
            ],
            [
              101.55904928970386,
              2.9783653353171258
            ],
            [
              101.55880399067782,
              2.9781372484953508
            ],
            [
              101.55848578450141,
              2.977783564787908
            ],
            [
              101.5580002814728,
              2.9772210939128407
            ],
            [
              101.55746927900623,
              2.9767095214893096
            ],
            [
              101.55679197030562,
              2.975951562662841
            ],
            [
              101.55662026801502,
              2.975756070325154
            ],
            [
              101.5560583615958,
              2.9751655009081586
            ],
            [
              101.55580896019742,
              2.9748816161544642
            ],
            [
              101.55557825665669,
              2.9746258299426986
            ],
            [
              101.55539455470738,
              2.9744316403316673
            ],
            [
              101.5551061456337,
              2.9740901592691897
            ],
            [
              101.55446513897526,
              2.9734152942264074
            ],
            [
              101.55408963135397,
              2.972982718796341
            ],
            [
              101.55362562405365,
              2.972509947450222
            ],
            [
              101.55291481118154,
              2.9717412860882697
            ],
            [
              101.55230050508139,
              2.971202926622035
            ],
            [
              101.55189550342344,
              2.9708092487676514
            ],
            [
              101.55157230324559,
              2.9705882677276314
            ],
            [
              101.55118470812039,
              2.9704101933278158
            ],
            [
              101.55069392559331,
              2.9703513206100873
            ],
            [
              101.55008774956939,
              2.9703433551164653
            ],
            [
              101.54941458277149,
              2.970495993449368
            ],
            [
              101.5487816359131,
              2.970911229894695
            ],
            [
              101.54784831106815,
              2.9715433856800995
            ],
            [
              101.54758014153595,
              2.971864799488546
            ],
            [
              101.54723949968727,
              2.9725505162005024
            ],
            [
              101.5472100056506,
              2.972618819431054
            ],
            [
              101.54708663141442,
              2.9729737269120213
            ],
            [
              101.54675677696024,
              2.9734799436815256
            ],
            [
              101.54639473162078,
              2.9740879617403877
            ],
            [
              101.54610777638568,
              2.9746263782283275
            ],
            [
              101.54586372036968,
              2.9751754928654663
            ],
            [
              101.54545349631267,
              2.9760380163408637
            ],
            [
              101.5449814709388,
              2.9769540393348226
            ],
            [
              101.54430568635297,
              2.9781887785719316
            ],
            [
              101.5439007549712,
              2.9790271994110666
            ],
            [
              101.54365130965022,
              2.979603114249764
            ],
            [
              101.54355482923182,
              2.9798093222817883
            ],
            [
              101.54317669064585,
              2.980537844749393
            ],
            [
              101.54283334755628,
              2.9811459636928106
            ],
            [
              101.54234802021813,
              2.981852993363748
            ],
            [
              101.54207575270584,
              2.9821798066890715
            ],
            [
              101.54177008643632,
              2.982337927878267
            ],
            [
              101.54161040137346,
              2.982457037448369
            ],
            [
              101.5412363212372,
              2.982489162599959
            ],
            [
              101.54098012940239,
              2.9824262808177098
            ],
            [
              101.54073073678852,
              2.9823057983403922
            ],
            [
              101.54057513652896,
              2.982166507472848
            ],
            [
              101.54033102341354,
              2.9817942259168606
            ],
            [
              101.54003331592205,
              2.981456749532619
            ],
            [
              101.53977579762423,
              2.9811032675942886
            ],
            [
              101.53948609283337,
              2.9807845864414184
            ],
            [
              101.53925549031466,
              2.9806051040441064
            ],
            [
              101.53903818756407,
              2.9804524218483532
            ],
            [
              101.53881559653053,
              2.980382837822572
            ],
            [
              101.5382577178152,
              2.9802703734742964
            ],
            [
              101.53767834337158,
              2.9802650134339848
            ],
            [
              101.53705077703366,
              2.980302560033877
            ],
            [
              101.53616573632051,
              2.980452623617465
            ],
            [
              101.53534228389958,
              2.9806321805816225
            ],
            [
              101.53484881330841,
              2.9806831141234387
            ],
            [
              101.53419434876042,
              2.9806991635403786
            ],
            [
              101.53340858194404,
              2.9806269214258663
            ],
            [
              101.53143449753533,
              2.9807717697165486
            ],
            [
              101.53136749797683,
              2.9807904728359342
            ],
            [
              101.5298172843819,
              2.9809003931388895
            ],
            [
              101.52886513869599,
              2.9809406680080732
            ],
            [
              101.52819457211696,
              2.981023717928909
            ],
            [
              101.52756432649946,
              2.98123007070834
            ],
            [
              101.52718356134103,
              2.9814685003902257
            ],
            [
              101.52699579215748,
              2.9817149131108733
            ],
            [
              101.52681071982255,
              2.981998828568563
            ],
            [
              101.52675984864865,
              2.982301429600498
            ],
            [
              101.52675987500223,
              2.9826389279161645
            ],
            [
              101.52678402365652,
              2.9832228257936237
            ],
            [
              101.52690474057444,
              2.9835791149543764
            ],
            [
              101.52719177487023,
              2.9841013899133912
            ],
            [
              101.52746809204771,
              2.9845137665008754
            ],
            [
              101.52777381102437,
              2.9850226413591106
            ],
            [
              101.52801263585681,
              2.9854485189319298
            ],
            [
              101.52820035233323,
              2.9857887016540374
            ],
            [
              101.52839886498867,
              2.98608328455693
            ],
            [
              101.52849008347766,
              2.9863832801355548
            ],
            [
              101.52852229632425,
              2.9865894750087243
            ],
            [
              101.52846862288746,
              2.986833177005221
            ],
            [
              101.52834794110764,
              2.987052886022581
            ],
            [
              101.52818166765238,
              2.9872832010771533
            ],
            [
              101.52796979373713,
              2.9874386159284825
            ],
            [
              101.52770161981266,
              2.9875109369961255
            ],
            [
              101.52732883978584,
              2.9875484660508778
            ],
            [
              101.52705524581054,
              2.987476188846085
            ],
            [
              101.52681655274596,
              2.987323506650332
            ],
            [
              101.52641154230348,
              2.9869405401040012
            ],
            [
              101.52605203569122,
              2.986568872627919
            ],
            [
              101.5258348295704,
              2.9863432903748985
            ],
            [
              101.52573022346805,
              2.9862067014589355
            ],
            [
              101.52566050949187,
              2.9859897075520117
            ],
            [
              101.52562959675471,
              2.9858103084941154
            ],
            [
              101.52554108389887,
              2.9856657189942504
            ],
            [
              101.52534127991852,
              2.985507632895335
            ],
            [
              101.52479409196793,
              2.985213080696438
            ],
            [
              101.52433010223665,
              2.985041717312724
            ],
            [
              101.52381242149951,
              2.984929261737019
            ],
            [
              101.52358442798419,
              2.9848917809314024
            ],
            [
              101.52305345626345,
              2.9848918247942526
            ],
            [
              101.52255188634189,
              2.98494546906022
            ],
            [
              101.52234540612389,
              2.984988283588438
            ],
            [
              101.5210312150985,
              2.9854517954868505
            ],
            [
              101.52082063250819,
              2.9855348103174064
            ],
            [
              101.5205055580143,
              2.985690238327591
            ],
            [
              101.51958295467993,
              2.9862099166058655
            ],
            [
              101.51910020120708,
              2.9864322573942457
            ],
            [
              101.51892051378488,
              2.9864911739748243
            ],
            [
              101.5188024234394,
              2.986523285967559
            ],
            [
              101.51866173930023,
              2.986558196410146
            ],
            [
              101.51845915941055,
              2.986643913192283
            ],
            [
              101.51808369131962,
              2.9868287468573365
            ],
            [
              101.51751105460531,
              2.9871836982011537
            ],
            [
              101.51679374557828,
              2.9877140570834864
            ],
            [
              101.51672805491374,
              2.987775662456791
            ],
            [
              101.51661676378923,
              2.9878586729010617
            ],
            [
              101.51653087750583,
              2.987910983736379
            ],
            [
              101.51641558942326,
              2.9879738918363383
            ],
            [
              101.51619770689415,
              2.9880790135434667
            ],
            [
              101.51610311514825,
              2.988121218378065
            ],
            [
              101.5159462323483,
              2.988170831648086
            ],
            [
              101.5157450491978,
              2.988240450764148
            ],
            [
              101.51550907055088,
              2.98827797104633
            ],
            [
              101.5152086837798,
              2.988304801951884
            ],
            [
              101.51479031207754,
              2.988310236559041
            ],
            [
              101.51431823180037,
              2.9882325817687967
            ],
            [
              101.51378723372606,
              2.987956732689285
            ],
            [
              101.5133928262031,
              2.987597868779217
            ],
            [
              101.51306031443066,
              2.9873354022553444
            ],
            [
              101.51282149838273,
              2.9870408237387367
            ],
            [
              101.51265788663801,
              2.9867997403544058
            ],
            [
              101.51248346992972,
              2.9865238561846135
            ],
            [
              101.51238953702307,
              2.986100768289076
            ],
            [
              101.51233590750888,
              2.9857150734734543
            ],
            [
              101.51227689308197,
              2.985562378118846
            ],
            [
              101.51226348789956,
              2.9854900833689135
            ],
            [
              101.51226347911505,
              2.9854150822811145
            ],
            [
              101.51228497484333,
              2.985356178859391
            ],
            [
              101.51231717012088,
              2.9852891783554947
            ],
            [
              101.51235195683279,
              2.985211475316115
            ],
            [
              101.51236535323068,
              2.9851418737451936
            ],
            [
              101.5123707381434,
              2.9849971745882025
            ],
            [
              101.5123466246272,
              2.9848820740826216
            ],
            [
              101.51210248515822,
              2.984303501155194
            ],
            [
              101.51171352403965,
              2.9834438375376386
            ],
            [
              101.5112789624611,
              2.9825679841420225
            ],
            [
              101.5110321261435,
              2.9820350066475245
            ],
            [
              101.51076919657939,
              2.9815850352110127
            ],
            [
              101.5105090780627,
              2.981271661463034
            ],
            [
              101.51020596808942,
              2.9809797892842926
            ],
            [
              101.50986795720546,
              2.9807200247120007
            ],
            [
              101.50973315869683,
              2.9806323341015983
            ],
            [
              101.50968155840752,
              2.9805981430097575
            ],
            [
              101.50965075108464,
              2.9805606446590005
            ],
            [
              101.50963054668125,
              2.9805111454323905
            ],
            [
              101.50962384409004,
              2.9804763490332147
            ],
            [
              101.50962384409004,
              2.9804428465881236
            ],
            [
              101.50964663992777,
              2.9804187439518612
            ],
            [
              101.50972042113818,
              2.9803135389053175
            ],
            [
              101.50966441980275,
              2.9802689435453753
            ],
            [
              101.50961712392979,
              2.9802346471826935
            ],
            [
              101.50954943039396,
              2.9802941559117517
            ],
            [
              101.50947773990006,
              2.9803343606003745
            ],
            [
              101.50934094730468,
              2.9803504758115897
            ],
            [
              101.50925774908538,
              2.98035048458416
            ],
            [
              101.50918665593906,
              2.9803249914955416
            ],
            [
              101.50908204105218,
              2.9801951004368257
            ],
            [
              101.5089627384425,
              2.980039812787762
            ],
            [
              101.50885673560097,
              2.979988923108796
            ],
            [
              101.50855774556908,
              2.97992065058224
            ],
            [
              101.5083069474315,
              2.9798603742533007
            ],
            [
              101.50798775299626,
              2.979772008155003
            ],
            [
              101.50786165995014,
              2.979756020146054
            ],
            [
              101.5077275729879,
              2.979765332229181
            ],
            [
              101.50749558251452,
              2.979796154654116
            ],
            [
              101.50712280248769,
              2.979837692773389
            ],
            [
              101.50680902810325,
              2.9799007236893296
            ],
            [
              101.50654615124627,
              2.9800185480779167
            ],
            [
              101.50640936743541,
              2.980125762043006
            ],
            [
              101.50603391691352,
              2.9803935973797606
            ],
            [
              101.50565446064907,
              2.9807271348800413
            ],
            [
              101.50530581170749,
              2.9810418683763804
            ],
            [
              101.5048350051862,
              2.9816942142317973
            ],
            [
              101.50449266353228,
              2.9821574454079673
            ],
            [
              101.50435109215627,
              2.9823490602696836
            ],
            [
              101.50423581285823,
              2.9825204719025327
            ],
            [
              101.50415264099249,
              2.9827374789683114
            ],
            [
              101.50401858916835,
              2.983112392295319
            ],
            [
              101.50376384677986,
              2.983535616165693
            ],
            [
              101.50355199043366,
              2.983899936614343
            ],
            [
              101.50343402307152,
              2.984157047484189
            ],
            [
              101.50329995367834,
              2.984367361079006
            ],
            [
              101.50322216672532,
              2.9844677719160075
            ],
            [
              101.50297540946843,
              2.9847784963478254
            ],
            [
              101.50280114209704,
              2.985024913454758
            ],
            [
              101.50264558576009,
              2.985332927162425
            ],
            [
              101.50233456093142,
              2.9858606586600223
            ],
            [
              101.50209320615629,
              2.986227580175698
            ],
            [
              101.50181566793009,
              2.986680310585496
            ],
            [
              101.50156760177923,
              2.9868678330432754
            ],
            [
              101.5014885147168,
              2.9869053401666026
            ],
            [
              101.50139322899356,
              2.9869990531463566
            ],
            [
              101.5013624304552,
              2.987045955692227
            ],
            [
              101.50134903405731,
              2.987080756477688
            ],
            [
              101.5013597423911,
              2.9871276546372725
            ],
            [
              101.50139734893494,
              2.9872133494879844
            ],
            [
              101.50140136346205,
              2.987317848342638
            ],
            [
              101.50140807483778,
              2.9874383483650955
            ],
            [
              101.50136518879549,
              2.9875494529650104
            ],
            [
              101.50126320926557,
              2.987706161770425
            ],
            [
              101.50090529265202,
              2.9883489981598874
            ],
            [
              101.50071212098669,
              2.9885312175990606
            ],
            [
              101.50047345427566,
              2.9886464453069075
            ],
            [
              101.5002347699956,
              2.9887321664753297
            ],
            [
              101.4999880830149,
              2.9887240957108667
            ],
            [
              101.49973319128951,
              2.9886223207392195
            ],
            [
              101.49957767887517,
              2.9884616379595643
            ],
            [
              101.49930945224355,
              2.9880572663422673
            ],
            [
              101.49894731905886,
              2.98751090629213
            ],
            [
              101.49861197866994,
              2.986996645075873
            ],
            [
              101.49825514255274,
              2.9864717822086884
            ],
            [
              101.49793860104349,
              2.985904017087585
            ],
            [
              101.4977427588831,
              2.9854700424325924
            ],
            [
              101.4975335115403,
              2.984899566587338
            ],
            [
              101.49743155836396,
              2.9843344771001052
            ],
            [
              101.4974395962027,
              2.9837907795249836
            ],
            [
              101.49756021649085,
              2.98309706661541
            ],
            [
              101.4976620554684,
              2.9825773576331405
            ],
            [
              101.49781487103411,
              2.9818917418057396
            ],
            [
              101.49787382396936,
              2.981489936165188
            ],
            [
              101.4978415935537,
              2.9811712418534624
            ],
            [
              101.49780936313806,
              2.98087924685874
            ],
            [
              101.4976591038686,
              2.980281962039357
            ],
            [
              101.4974605648596,
              2.9797784866979984
            ],
            [
              101.49710383415666,
              2.9793714262879756
            ],
            [
              101.49680872688404,
              2.979122355478597
            ],
            [
              101.4962642094285,
              2.9787501177854603
            ],
            [
              101.4958162953747,
              2.9784394679204875
            ],
            [
              101.49551859666772,
              2.978276100734391
            ],
            [
              101.49511088937662,
              2.97811274670715
            ],
            [
              101.49466699863443,
              2.978005594150051
            ],
            [
              101.49440681862608,
              2.9780123227112933
            ],
            [
              101.49427671983737,
              2.9780164370466555
            ],
            [
              101.49399784636364,
              2.9780887668868683
            ],
            [
              101.49354458253518,
              2.9782522174123804
            ],
            [
              101.49287942722245,
              2.9784156898693177
            ],
            [
              101.491940704288,
              2.97868899490351
            ],
            [
              101.49135874719455,
              2.978852362089606
            ],
            [
              101.49038493008989,
              2.979161371483976
            ],
            [
              101.48959269786444,
              2.9794003582240607
            ],
            [
              101.48899594763391,
              2.979621426989781
            ],
            [
              101.48825560558704,
              2.9798156122145274
            ],
            [
              101.48765217033437,
              2.980083482641562
            ],
            [
              101.48720701462084,
              2.980287133469412
            ],
            [
              101.4868637593765,
              2.980544275043253
            ],
            [
              101.48649361470665,
              2.9808604165370887
            ],
            [
              101.48621476758647,
              2.981195247991454
            ],
            [
              101.48600021439167,
              2.9815005729063953
            ],
            [
              101.48585005175195,
              2.981789887880962
            ],
            [
              101.4856060352663,
              2.982395217147098
            ],
            [
              101.4853701356801,
              2.983099742249281
            ],
            [
              101.48516102010514,
              2.9837398679145926
            ],
            [
              101.48499747863659,
              2.9841764874994605
            ],
            [
              101.48486334775174,
              2.984642499580342
            ],
            [
              101.48473199277622,
              2.9849961174935093
            ],
            [
              101.48450675760118,
              2.9853952431139055
            ],
            [
              101.48409912058628,
              2.985783591631973
            ],
            [
              101.48383895814696,
              2.9859390196421574
            ],
            [
              101.4835519765583,
              2.985968556885577
            ],
            [
              101.48334018170378,
              2.9859711798840274
            ],
            [
              101.48302899875368,
              2.9859257204259335
            ],
            [
              101.48227532180059,
              2.9858080100807576
            ],
            [
              101.48152435048064,
              2.9857197010041654
            ],
            [
              101.48111666075859,
              2.9856634512848874
            ],
            [
              101.48074118388314,
              2.9856581965154168
            ],
            [
              101.48034420249488,
              2.9856689473000353
            ],
            [
              101.4797595397683,
              2.9857011207007607
            ],
            [
              101.47944846223247,
              2.9857734593135437
            ],
            [
              101.47912660608668,
              2.985947599215684
            ],
            [
              101.4788208431874,
              2.9861190371662434
            ],
            [
              101.47847489109445,
              2.9863414788391793
            ],
            [
              101.47764350624907,
              2.9869414831552836
            ],
            [
              101.47703479149794,
              2.987364755274793
            ],
            [
              101.47617390822361,
              2.9879002636557552
            ],
            [
              101.4755582712682,
              2.988144342872765
            ],
            [
              101.47537637893068,
              2.9881095684050143
            ],
            [
              101.47521189751814,
              2.988193986846781
            ],
            [
              101.47521870552363,
              2.988217488561994
            ],
            [
              101.47519730642509,
              2.9882484908246156
            ],
            [
              101.47515901468843,
              2.9882461967975424
            ],
            [
              101.47513570934836,
              2.988223396887935
            ],
            [
              101.47501741695885,
              2.9882657113796594
            ],
            [
              101.4748714796748,
              2.9886644290755475
            ],
            [
              101.47475178176158,
              2.9886158465825092
            ],
            [
              101.47474328712765,
              2.9886351462366596
            ],
            [
              101.47469248622994,
              2.9886147543975357
            ],
            [
              101.47470107749363,
              2.9885971522356938
            ],
            [
              101.47467657745841,
              2.9885865549710515
            ],
            [
              101.47455269811213,
              2.9886627710598046
            ],
            [
              101.47454199856287,
              2.9886948742799695
            ],
            [
              101.47453791375958,
              2.988765875075817
            ],
            [
              101.47451511792185,
              2.9888247784975404
            ],
            [
              101.47446822613698,
              2.9888689834781146
            ],
            [
              101.47437704278609,
              2.9889239962650125
            ],
            [
              101.47428314501752,
              2.9889132060038284
            ],
            [
              101.47408205849679,
              2.9889641307730748
            ],
            [
              101.47381119650821,
              2.9891168656042484
            ],
            [
              101.47341695589118,
              2.9893660197530427
            ],
            [
              101.47320508197595,
              2.9894892436585065
            ],
            [
              101.473103084877,
              2.9895133594536243
            ],
            [
              101.4729377074431,
              2.9895849787156616
            ],
            [
              101.47288121417435,
              2.989620485693013
            ],
            [
              101.47280013302515,
              2.9897035970218395
            ],
            [
              101.47256948658381,
              2.9900518285769846
            ],
            [
              101.4722905516184,
              2.990400064518415
            ],
            [
              101.47208679460262,
              2.990667891082599
            ],
            [
              101.47192592362912,
              2.990825911387239
            ],
            [
              101.47160137941923,
              2.9910697537448567
            ],
            [
              101.47128764017287,
              2.991377793770234
            ],
            [
              101.47100339935545,
              2.9916938299932285
            ],
            [
              101.47070837114353,
              2.9921438672240157
            ],
            [
              101.4705743193194,
              2.9924331865848672
            ],
            [
              101.47041349226852,
              2.9929072080222214
            ],
            [
              101.47028216364656,
              2.99342422382548
            ],
            [
              101.47025270914025,
              2.9937402293444793
            ],
            [
              101.4702822514918,
              2.9940777232738607
            ],
            [
              101.47033058393848,
              2.994300015813106
            ],
            [
              101.47034133619489,
              2.9947366134665487
            ],
            [
              101.47028240961322,
              2.9952107226296034
            ],
            [
              101.47025566074005,
              2.995604422415412
            ],
            [
              101.47031203102547,
              2.996182916389709
            ],
            [
              101.47038992339274,
              2.9968927050339333
            ],
            [
              101.47039527316738,
              2.997238203933502
            ],
            [
              101.47036310424339,
              2.9974900073984565
            ],
            [
              101.47024786008343,
              2.9978275232592635
            ],
            [
              101.4701432979037,
              2.9980498377299334
            ],
            [
              101.47003061882452,
              2.9981837510120255
            ],
            [
              101.4698804474003,
              2.9982908684788443
            ],
            [
              101.46971156494163,
              2.9983498947165486
            ],
            [
              101.46948088336221,
              2.9984034249391054
            ],
            [
              101.46901155264081,
              2.998695485728103
            ],
            [
              101.46863070842168,
              2.998896338106101
            ],
            [
              101.46837062504308,
              2.9989419730155964
            ],
            [
              101.46787706660668,
              2.9990116403807936
            ],
            [
              101.46754448455805,
              2.9989527852082056
            ],
            [
              101.46727098721252,
              2.998829622710732
            ],
            [
              101.46684716910585,
              2.9985350792844048
            ],
            [
              101.46645553749222,
              2.9980958323148013
            ],
            [
              101.46616578877875,
              2.997661976089505
            ],
            [
              101.46562919496316,
              2.996713950759937
            ],
            [
              101.46529654263834,
              2.996113994692968
            ],
            [
              101.46477073621725,
              2.995203371215886
            ],
            [
              101.46415617097367,
              2.9944496539270453
            ],
            [
              101.46361191705383,
              2.9938456317738495
            ],
            [
              101.46301107323549,
              2.9932430176181497
            ],
            [
              101.4625979546781,
              2.9929056728224595
            ],
            [
              101.46227343682177,
              2.9927182205452407
            ],
            [
              101.46173164256844,
              2.992477194182615
            ],
            [
              101.46134004609291,
              2.992364751765765
            ],
            [
              101.46061857320188,
              2.992268455264125
            ],
            [
              101.46043618893106,
              2.9922537787544012
            ],
            [
              101.46011160079856,
              2.9922551253439065
            ],
            [
              101.45963423223841,
              2.9922444929889838
            ],
            [
              101.4594679412141,
              2.99224721687199
            ],
            [
              101.45935534119563,
              2.9922633320832057
            ],
            [
              101.459274857394,
              2.992314147195326
            ],
            [
              101.45917028642975,
              2.9924320593096136
            ],
            [
              101.45906030419918,
              2.992544576293309
            ],
            [
              101.45893422872211,
              2.992622292491544
            ],
            [
              101.45868485367731,
              2.9927053292535253
            ],
            [
              101.45849716355447,
              2.9927347568398193
            ],
            [
              101.45843006736621,
              2.9927401651292667
            ],
            [
              101.4583857758002,
              2.9927307740930083
            ],
            [
              101.45834687793143,
              2.9927080794542418
            ],
            [
              101.45830536227476,
              2.9926892842228705
            ],
            [
              101.4582637763419,
              2.9926879902687853
            ],
            [
              101.45822617858256,
              2.9926973944638986
            ],
            [
              101.45820337396032,
              2.9927254973921125
            ],
            [
              101.45819668015363,
              2.992769697986401
            ],
            [
              101.458190003916,
              2.992843299849274
            ],
            [
              101.45819411507286,
              2.992933100262778
            ],
            [
              101.4581860333115,
              2.993112499320674
            ],
            [
              101.45810027879595,
              2.993329515159023
            ],
            [
              101.45795811007237,
              2.9935625321651766
            ],
            [
              101.45763100956623,
              2.994004481086361
            ],
            [
              101.45734138383608,
              2.994406321817193
            ],
            [
              101.45690698916347,
              2.995054483156687
            ],
            [
              101.45653429698189,
              2.995641140007433
            ],
            [
              101.45616418745011,
              2.996061692630221
            ],
            [
              101.45578877206633,
              2.996450146419129
            ],
            [
              101.45553670895741,
              2.9966429850543697
            ],
            [
              101.45517736925109,
              2.9968145370483397
            ],
            [
              101.45482328268965,
              2.9968680892023216
            ],
            [
              101.45455240313203,
              2.9968601280949847
            ],
            [
              101.45420641590098,
              2.9967476812918497
            ],
            [
              101.45391141404264,
              2.9966325237645632
            ],
            [
              101.45360560722075,
              2.9964477690526405
            ],
            [
              101.4533024708939,
              2.9961130165514054
            ],
            [
              101.45310935193572,
              2.99592024371044
            ],
            [
              101.45277940524406,
              2.9954327914683114
            ],
            [
              101.45259695069704,
              2.9950551191680175
            ],
            [
              101.45234478217385,
              2.9944793578492965
            ],
            [
              101.45214352874717,
              2.994002590597511
            ],
            [
              101.45174369238886,
              2.9929313501350494
            ],
            [
              101.45148878309443,
              2.992184089457779
            ],
            [
              101.45120982177546,
              2.991605630573762
            ],
            [
              101.45084494781952,
              2.990962785411729
            ],
            [
              101.45065451692544,
              2.9906950158692505
            ],
            [
              101.45023864002775,
              2.9901111793997814
            ],
            [
              101.44988188297125,
              2.9895648325084996
            ],
            [
              101.44968605837992,
              2.9893104630668
            ],
            [
              101.44928370964797,
              2.9889141227374005
            ],
            [
              101.44877939017064,
              2.9885766989885796
            ],
            [
              101.44825096596163,
              2.9882579827454294
            ],
            [
              101.44774675189858,
              2.987998257649703
            ],
            [
              101.44719413511265,
              2.9876984462950498
            ],
            [
              101.44678113953859,
              2.9875324078613676
            ],
            [
              101.44613733940177,
              2.9873638078372253
            ],
            [
              101.44527376806334,
              2.987157643668051
            ],
            [
              101.44466487762176,
              2.9870827390785233
            ],
            [
              101.44402791184399,
              2.9870748393791766
            ],
            [
              101.44355983730942,
              2.9870401131605613
            ],
            [
              101.44346194258279,
              2.9870414246597865
            ],
            [
              101.4434136452742,
              2.9870334328484542
            ],
            [
              101.4433828291668,
              2.987013339276713
            ],
            [
              101.44336673592028,
              2.9869999435622185
            ],
            [
              101.4433342331844,
              2.9869711476009697
            ],
            [
              101.4433080377362,
              2.986966550774254
            ],
            [
              101.44324923413785,
              2.9869546595555265
            ],
            [
              101.44282495923598,
              2.986938425914615
            ],
            [
              101.44212759107664,
              2.9868903390717856
            ],
            [
              101.44173870023425,
              2.9868206980242986
            ],
            [
              101.4413121940635,
              2.986708268766304
            ],
            [
              101.44098228250992,
              2.9865476210769284
            ],
            [
              101.44049677948131,
              2.9862959974496603
            ],
            [
              101.44001934064498,
              2.9859692762363226
            ],
            [
              101.43969482278867,
              2.9856961247221068
            ],
            [
              101.43922806593257,
              2.9852168002661466
            ],
            [
              101.43898394403263,
              2.984991840865601
            ],
            [
              101.43862177570983,
              2.98454459769838
            ],
            [
              101.43809329879369,
              2.9838991865596025
            ],
            [
              101.4375836207572,
              2.9832644691837378
            ],
            [
              101.43718116661098,
              2.9827663319512663
            ],
            [
              101.43665810096113,
              2.9822789191857026
            ],
            [
              101.43607336795836,
              2.981813016761947
            ],
            [
              101.43570722903107,
              2.9815257765002015
            ],
            [
              101.43536101340243,
              2.981301330295005
            ],
            [
              101.43526860021828,
              2.9812586473553377
            ],
            [
              101.43499770309161,
              2.9812051916996265
            ],
            [
              101.43459271900271,
              2.981138256990006
            ],
            [
              101.43387122854264,
              2.9810071772480455
            ],
            [
              101.43338574308306,
              2.980977758434322
            ],
            [
              101.43273398416822,
              2.98098586867535
            ],
            [
              101.43177655898386,
              2.9811976297442278
            ],
            [
              101.43108193159577,
              2.9814174440324286
            ],
            [
              101.43076275472956,
              2.9815218990242314
            ],
            [
              101.42992866425102,
              2.981872942188083
            ],
            [
              101.42909736725086,
              2.9823149832212534
            ],
            [
              101.42837858242395,
              2.982706204756018
            ],
            [
              101.42775906270927,
              2.9830920136150505
            ],
            [
              101.4274024286361,
              2.983298274282496
            ],
            [
              101.427147642325,
              2.9833626166976615
            ],
            [
              101.42680966657912,
              2.9833840744040487
            ],
            [
              101.42635638518162,
              2.9833815566764392
            ],
            [
              101.42611769211703,
              2.983311898083812
            ],
            [
              101.42572337243931,
              2.9831405654040934
            ],
            [
              101.42535055727438,
              2.982902227834194
            ],
            [
              101.42509571825615,
              2.982679974771514
            ],
            [
              101.42480867517583,
              2.9823318221694994
            ],
            [
              101.42459403413577,
              2.9820425598303535
            ],
            [
              101.42438747485707,
              2.981614094349364
            ],
            [
              101.42428011041443,
              2.981239115228081
            ],
            [
              101.42408150991376,
              2.9806606475714936
            ],
            [
              101.42393930605208,
              2.979993673455488
            ],
            [
              101.4238130724536,
              2.9791499934605974
            ],
            [
              101.42375664067652,
              2.978467005017932
            ],
            [
              101.42372708954044,
              2.978167009439307
            ],
            [
              101.42369214470712,
              2.9779019155306994
            ],
            [
              101.4236679521302,
              2.9772939194032624
            ],
            [
              101.42372953163789,
              2.97665370601225
            ],
            [
              101.4238044460518,
              2.9756519925538645
            ],
            [
              101.4238284805073,
              2.9752207900310137
            ],
            [
              101.42392756992908,
              2.974660968472107
            ],
            [
              101.42402405913198,
              2.9740127544971924
            ],
            [
              101.42411787783985,
              2.9736109356977853
            ],
            [
              101.42425990601106,
              2.9731984099766096
            ],
            [
              101.42432965512532,
              2.972954699207543
            ],
            [
              101.42433234318942,
              2.9728997960777708
            ],
            [
              101.42433234318942,
              2.972854196258556
            ],
            [
              101.42434033710555,
              2.972819395473095
            ],
            [
              101.42435242460948,
              2.9727925952715366
            ],
            [
              101.42437652934116,
              2.972776589717447
            ],
            [
              101.42439931639436,
              2.972777888057817
            ],
            [
              101.424447631272,
              2.9727912793860263
            ],
            [
              101.42448252339818,
              2.97278857304816
            ],
            [
              101.42451731011008,
              2.9727644660256125
            ],
            [
              101.42474797412045,
              2.97253412465333
            ],
            [
              101.42524677691722,
              2.972124239475745
            ],
            [
              101.42582868130351,
              2.971725034902218
            ],
            [
              101.42605124598349,
              2.97158839773712
            ],
            [
              101.42679685874428,
              2.971226669582925
            ],
            [
              101.42751829649721,
              2.9709774452535704
            ],
            [
              101.42803324524762,
              2.9707952565183926
            ],
            [
              101.42847840974568,
              2.970663882895335
            ],
            [
              101.42925083287129,
              2.9704307474594858
            ],
            [
              101.43004207244563,
              2.970176114840684
            ],
            [
              101.43086539309871,
              2.9698893746154327
            ],
            [
              101.431600218465,
              2.9696482517545357
            ],
            [
              101.43218495146778,
              2.9693642529574307
            ],
            [
              101.43282588785003,
              2.96909624655556
            ],
            [
              101.43330863253836,
              2.9688792658074914
            ],
            [
              101.4336947826095,
              2.9686381034700298
            ],
            [
              101.43392813468398,
              2.9684237632655517
            ],
            [
              101.43430356763682,
              2.9680969016910925
            ],
            [
              101.43468709992005,
              2.9677513369972486
            ],
            [
              101.4349284283416,
              2.967424497354215
            ],
            [
              101.4351482698194,
              2.967100364049047
            ],
            [
              101.43541907910083,
              2.966583418426349
            ],
            [
              101.4354995453334,
              2.9663611061488218
            ],
            [
              101.43560141066452,
              2.96616818856045
            ],
            [
              101.435716663609,
              2.9658789700841544
            ],
            [
              101.43583460461758,
              2.9655976491140623
            ],
            [
              101.4358775785051,
              2.965482544222197
            ],
            [
              101.4359606273875,
              2.965161029529195
            ],
            [
              101.43604105848199,
              2.964740516382972
            ],
            [
              101.43605982222357,
              2.964520912636453
            ],
            [
              101.43607048663473,
              2.9643414105008583
            ],
            [
              101.43611602560304,
              2.9639155044171863
            ],
            [
              101.43614006005853,
              2.96351379966119
            ],
            [
              101.43611590261972,
              2.963146803578669
            ],
            [
              101.4361238438287,
              2.9628629012798346
            ],
            [
              101.43608631634555,
              2.962648609324492
            ],
            [
              101.4360218730833,
              2.962359318474493
            ],
            [
              101.43587431066247,
              2.9619388426116933
            ],
            [
              101.43568372164697,
              2.961379073688207
            ],
            [
              101.43553087094315,
              2.9610978996586637
            ],
            [
              101.4353564278813,
              2.960736327217587
            ],
            [
              101.43530010151851,
              2.9606050369339454
            ],
            [
              101.4350291165466,
              2.9600399803438506
            ],
            [
              101.43474746716353,
              2.959681127399495
            ],
            [
              101.43437180581309,
              2.9592096872908837
            ],
            [
              101.43394804041357,
              2.958805357343295
            ],
            [
              101.43360460069425,
              2.9584599154654314
            ],
            [
              101.43306003053159,
              2.958036803445326
            ],
            [
              101.43211585240822,
              2.957359260575531
            ],
            [
              101.43104558123873,
              2.95685323899571
            ],
            [
              101.43043665565905,
              2.956606940318473
            ],
            [
              101.42982514742954,
              2.956459644480742
            ],
            [
              101.428714730989,
              2.9562107315776247
            ],
            [
              101.42797444164927,
              2.956135857692092
            ],
            [
              101.42698735991456,
              2.956087825677826
            ],
            [
              101.4260110831434,
              2.956179093303674
            ],
            [
              101.42519305077327,
              2.9563881348758305
            ],
            [
              101.42404254176881,
              2.956790133512924
            ],
            [
              101.42365628628339,
              2.957017902329034
            ],
            [
              101.42327015378129,
              2.9573205691552444
            ],
            [
              101.42286522239952,
              2.957642140869952
            ],
            [
              101.42141707617975,
              2.9589440955389246
            ],
            [
              101.42017276603649,
              2.960369317976211
            ],
            [
              101.41869255630701,
              2.9622819838830563
            ],
            [
              101.41743765202874,
              2.963755411592868
            ],
            [
              101.41665465233719,
              2.9647251534196397
            ],
            [
              101.41609688782066,
              2.965384155462596
            ],
            [
              101.41560340844497,
              2.9659092464166026
            ],
            [
              101.41499200562973,
              2.9663860575312384
            ],
            [
              101.41434838118339,
              2.96672907598662
            ],
            [
              101.413865618926,
              2.9668469661694825
            ],
            [
              101.41342574271091,
              2.966887247618094
            ],
            [
              101.41294835658174,
              2.9668685335329954
            ],
            [
              101.41225624156728,
              2.9666651612342454
            ],
            [
              101.41188342640235,
              2.9665366321170326
            ],
            [
              101.41154550336363,
              2.9663705936833504
            ],
            [
              101.41095806472771,
              2.9660359025901055
            ],
            [
              101.4104269173165,
              2.9657119008734893
            ],
            [
              101.40987426539247,
              2.965278103863041
            ],
            [
              101.40916876276465,
              2.9646193342931912
            ],
            [
              101.40869666491844,
              2.9640248216059497
            ],
            [
              101.4083746770048,
              2.9635427820395535
            ],
            [
              101.4079936570952,
              2.9628410531940794
            ],
            [
              101.40776821109162,
              2.96209649446839
            ],
            [
              101.40766622277718,
              2.961574212929948
            ],
            [
              101.4076607763728,
              2.9612903128242563
            ],
            [
              101.40770624506492,
              2.960663503920308
            ],
            [
              101.40775988336361,
              2.9602911916603256
            ],
            [
              101.40804133948717,
              2.9595706368794854
            ],
            [
              101.4082987435862,
              2.9590964882398656
            ],
            [
              101.40887530698238,
              2.958501778169797
            ],
            [
              101.40899929174293,
              2.9583838550897967
            ],
            [
              101.40905496805102,
              2.95832354586372
            ],
            [
              101.4094170133905,
              2.9580302766531954
            ],
            [
              101.41024029890548,
              2.957521121072718
            ],
            [
              101.41084911907089,
              2.957180907646615
            ],
            [
              101.41208278237202,
              2.9565806774368313
            ],
            [
              101.41288201586248,
              2.956296630390591
            ],
            [
              101.41362754077804,
              2.9560312930431634
            ],
            [
              101.41408358051582,
              2.955769909931694
            ],
            [
              101.41421707013048,
              2.955695384755822
            ],
            [
              101.41468830709341,
              2.955420397581319
            ],
            [
              101.41518445696416,
              2.955171907954708
            ],
            [
              101.41558301078207,
              2.9549963337373613
            ],
            [
              101.41565360321057,
              2.954961421101632
            ],
            [
              101.41571918846084,
              2.9549289099569593
            ],
            [
              101.41586156801299,
              2.9548335850174547
            ],
            [
              101.4162826102103,
              2.9545416075678723
            ],
            [
              101.41658037040894,
              2.95431515244413
            ],
            [
              101.41692050714752,
              2.9540708911962916
            ],
            [
              101.41696511495637,
              2.954039682778274
            ],
            [
              101.41706169200452,
              2.95397626586925
            ],
            [
              101.41722536524091,
              2.953860136779829
            ],
            [
              101.41729295336248,
              2.9538108239703327
            ],
            [
              101.41736004955074,
              2.95376931216877
            ],
            [
              101.41733594481904,
              2.953721716589864
            ],
            [
              101.41739553902448,
              2.953658806296762
            ],
            [
              101.41749750976987,
              2.9535890862961445
            ],
            [
              101.4176181915497,
              2.9534966650773327
            ],
            [
              101.41786626648508,
              2.953350720215392
            ],
            [
              101.41851656716906,
              2.9529046043234253
            ],
            [
              101.41858715959756,
              2.952859092229911
            ],
            [
              101.4186325580135,
              2.952825982357331
            ],
            [
              101.4187070507703,
              2.95277386890484
            ],
            [
              101.41872994323778,
              2.9527561658584425
            ],
            [
              101.41918297866862,
              2.952487986198313
            ],
            [
              101.41927778124307,
              2.952423867483684
            ],
            [
              101.41929986553441,
              2.9524011640723473
            ],
            [
              101.41932115921867,
              2.952379162466616
            ],
            [
              101.41948743267395,
              2.952234827371283
            ],
            [
              101.41958752353136,
              2.952144013725936
            ],
            [
              101.4196074116919,
              2.9521256088739327
            ],
            [
              101.4196297068118,
              2.9521049056085715
            ],
            [
              101.41981386555632,
              2.951849474685894
            ],
            [
              101.4198286586934,
              2.951818669806099
            ],
            [
              101.41984575337557,
              2.9517831628287476
            ],
            [
              101.41991511597081,
              2.951633353649692
            ],
            [
              101.42018724293072,
              2.951206103169657
            ],
            [
              101.42037818332716,
              2.950885772773614
            ],
            [
              101.4204098778869,
              2.9508332645554702
            ],
            [
              101.4204323662663,
              2.9507839583254016
            ],
            [
              101.42046265530232,
              2.9507252522865044
            ],
            [
              101.42050982819195,
              2.9506274469028133
            ],
            [
              101.42054022264224,
              2.9505837419587335
            ],
            [
              101.42077445316905,
              2.9501935029518163
            ],
            [
              101.42102117528785,
              2.9497649541314113
            ],
            [
              101.42104366366725,
              2.9497109501900707
            ],
            [
              101.42105065614773,
              2.9496939489492786
            ],
            [
              101.42105935282571,
              2.949672548264597
            ],
            [
              101.42090314643403,
              2.9496048766590905
            ],
            [
              101.42103718068913,
              2.949277453640147
            ],
            [
              101.42116980942052,
              2.9488629277729963
            ],
            [
              101.42118620134082,
              2.9488001249438773
            ],
            [
              101.42122320175257,
              2.9488083185243212
            ],
            [
              101.42132139515297,
              2.9488274032505046
            ],
            [
              101.4214408646686,
              2.948626081540008
            ],
            [
              101.42146995900946,
              2.948572775017988
            ],
            [
              101.42149914119555,
              2.9485193719976976
            ],
            [
              101.42153412116697,
              2.94844646316786
            ],
            [
              101.42162976705565,
              2.9481349492047357
            ],
            [
              101.42162235291806,
              2.9479795475122614
            ],
            [
              101.42162542750118,
              2.947923249543848
            ],
            [
              101.42163498506243,
              2.947606647490084
            ],
            [
              101.42163567025524,
              2.9475416427458785
            ],
            [
              101.42163935975499,
              2.9474857439294033
            ],
            [
              101.42165369609687,
              2.947137240424586
            ],
            [
              101.42165366095877,
              2.946933642232157
            ],
            [
              101.42165234328029,
              2.946877339877459
            ],
            [
              101.42164294384045,
              2.9468064443524518
            ],
            [
              101.42161072220934,
              2.946750146384039
            ],
            [
              101.42153303188609,
              2.946732162615399
            ],
            [
              101.42153550912164,
              2.946667061372922
            ],
            [
              101.421494011034,
              2.9466651708840725
            ],
            [
              101.42150068727165,
              2.946538569539132
            ],
            [
              101.4214611920553,
              2.9465351745545156
            ],
            [
              101.42147654740187,
              2.946230573376605
            ],
            [
              101.42154694657084,
              2.9462345605097013
            ],
            [
              101.42155093474439,
              2.9461762580090274
            ],
            [
              101.4215991266387,
              2.946175648315408
            ],
            [
              101.4216035189003,
              2.94612514901581
            ],
            [
              101.4216082098357,
              2.9461124507206358
            ],
            [
              101.42161121414263,
              2.94605644663332
            ],
            [
              101.42174870949988,
              2.9460738250946252
            ],
            [
              101.42184799218116,
              2.9460015040269827
            ],
            [
              101.42178885477094,
              2.9457724171322197
            ],
            [
              101.42168426623762,
              2.945828737032058
            ],
            [
              101.42166284957004,
              2.9457069386692303
            ],
            [
              101.42167293420269,
              2.9456259371435047
            ],
            [
              101.42167620204532,
              2.9454718337914003
            ],
            [
              101.42167149354088,
              2.9453948369439114
            ],
            [
              101.42165258924695,
              2.9447934421754507
            ],
            [
              101.42165107830895,
              2.9447647383261875
            ],
            [
              101.42164057201919,
              2.9446682400554365
            ],
            [
              101.42163586351475,
              2.944632741850655
            ],
            [
              101.42162641136778,
              2.9443381457889077
            ],
            [
              101.42164779289728,
              2.944228339529363
            ],
            [
              101.42169877826997,
              2.9441506321036983
            ],
            [
              101.4217228654326,
              2.944067626045712
            ],
            [
              101.4217201422304,
              2.943963127191059
            ],
            [
              101.4217015190412,
              2.9438592292574555
            ],
            [
              101.42169301562274,
              2.9438106336055623
            ],
            [
              101.42159274907485,
              2.9434864476649745
            ],
            [
              101.42158733780856,
              2.9433940505707303
            ],
            [
              101.42157516245939,
              2.942991551897143
            ],
            [
              101.42159656155792,
              2.9429033480913915
            ],
            [
              101.42159534929372,
              2.942878648920364
            ],
            [
              101.42161471038287,
              2.942695543451614
            ],
            [
              101.42162140418955,
              2.942661742739141
            ],
            [
              101.42163948273831,
              2.9425113370253206
            ],
            [
              101.42165726261328,
              2.942364238570416
            ],
            [
              101.42165984526311,
              2.942336236526758
            ],
            [
              101.42164744151634,
              2.942232838629648
            ],
            [
              101.42161261966635,
              2.9421390423104783
            ],
            [
              101.42151600748011,
              2.942041359742768
            ],
            [
              101.42137118583052,
              2.9419033847607343
            ],
            [
              101.42125714515024,
              2.941717906311781
            ],
            [
              101.42120484209906,
              2.941662415419814
            ],
            [
              101.42097147245553,
              2.9418003553115675
            ],
            [
              101.42072478547483,
              2.941912999497529
            ],
            [
              101.4205369899377,
              2.9419611302032087
            ],
            [
              101.42025272276672,
              2.9420469829601816
            ],
            [
              101.41998182564005,
              2.942116632780239
            ],
            [
              101.41929788023218,
              2.94230955036861
            ],
            [
              101.41877762562974,
              2.9425721440947488
            ],
            [
              101.41886014744075,
              2.94271813281954
            ],
            [
              101.41909692547928,
              2.9431640864189608
            ],
            [
              101.41935979355173,
              2.943563141858796
            ],
            [
              101.41948054560774,
              2.943863119892281
            ],
            [
              101.41958929800505,
              2.9441390040620727
            ],
            [
              101.41964692447729,
              2.944343190016697
            ],
            [
              101.4196520370698,
              2.944366989999292
            ],
            [
              101.4196603296597,
              2.9443753897351326
            ],
            [
              101.4197321343524,
              2.944365976767449
            ],
            [
              101.4197529536724,
              2.944509974118835
            ],
            [
              101.41978250480847,
              2.944789871739433
            ],
            [
              101.41985629480341,
              2.945277354685557
            ],
            [
              101.41988589864663,
              2.945869253146918
            ],
            [
              101.41986458739332,
              2.946351354121305
            ],
            [
              101.41982973040524,
              2.946611263441003
            ],
            [
              101.4198245299675,
              2.946645165038032
            ],
            [
              101.41976541012632,
              2.9470263770703484
            ],
            [
              101.4196340990734,
              2.9475540997953753
            ],
            [
              101.41951886369797,
              2.947931820344805
            ],
            [
              101.41926927782461,
              2.9485404656424268
            ],
            [
              101.41925578479696,
              2.948569068607134
            ],
            [
              101.41889683160967,
              2.9493327296041474
            ],
            [
              101.4184490493237,
              2.9499355104386784
            ],
            [
              101.41808700398423,
              2.950203477363984
            ],
            [
              101.41762836402758,
              2.9505436600860913
            ],
            [
              101.41668167353058,
              2.951079532528712
            ],
            [
              101.41594147203607,
              2.9515564620730435
            ],
            [
              101.41490628625228,
              2.95201735535929
            ],
            [
              101.41366181798759,
              2.952617581182789
            ],
            [
              101.41322737060784,
              2.9528747622331952
            ],
            [
              101.41251937317543,
              2.953319592943647
            ],
            [
              101.41187576629812,
              2.9537563112199283
            ],
            [
              101.41073063342186,
              2.954602925639507
            ],
            [
              101.40941926222843,
              2.955671872074896
            ],
            [
              101.40877027922292,
              2.9561862955836995
            ],
            [
              101.40813471896887,
              2.9568319150710165
            ],
            [
              101.40743747379285,
              2.9575900493488865
            ],
            [
              101.40720953298468,
              2.957879392834306
            ],
            [
              101.40670551218113,
              2.9587472895088704
            ],
            [
              101.40635154860301,
              2.959470557207004
            ],
            [
              101.40621482628382,
              2.9598615835520845
            ],
            [
              101.40619485027804,
              2.9599703897386416
            ],
            [
              101.4061639814635,
              2.960137494039587
            ],
            [
              101.40613982402468,
              2.9603678990130025
            ],
            [
              101.40610507245087,
              2.960525906158787
            ],
            [
              101.40607019789373,
              2.9607188149745887
            ],
            [
              101.40605143415216,
              2.9608795174925264
            ],
            [
              101.40611593012154,
              2.961441907221321
            ],
            [
              101.4061938488424,
              2.962055291899922
            ],
            [
              101.40632807635701,
              2.962687368732196
            ],
            [
              101.40664201764739,
              2.9635043099335188
            ],
            [
              101.40689965014401,
              2.9642006633866833
            ],
            [
              101.407264541669,
              2.964805893961406
            ],
            [
              101.40762403949674,
              2.9653362287191705
            ],
            [
              101.40825174638704,
              2.9659950092547325
            ],
            [
              101.40875070730522,
              2.9664448162055557
            ],
            [
              101.4092228754276,
              2.9668787294525574
            ],
            [
              101.40964672867236,
              2.9672214518336997
            ],
            [
              101.41028518781907,
              2.9676070326059105
            ],
            [
              101.41070890051145,
              2.9678158504775305
            ],
            [
              101.41094773412841,
              2.9679846084079338
            ],
            [
              101.41112474227104,
              2.9680943751909132
            ],
            [
              101.41137685808708,
              2.9682014268634562
            ],
            [
              101.41168535297308,
              2.9682602688771893
            ],
            [
              101.41218684383394,
              2.9682976795022453
            ],
            [
              101.41273673741767,
              2.9683377745337425
            ],
            [
              101.41339652538673,
              2.968420754274018
            ],
            [
              101.41376672276373,
              2.9684179865281615
            ],
            [
              101.41420120528157,
              2.968375005321112
            ],
            [
              101.41480196125467,
              2.9682918939922853
            ],
            [
              101.41540269965873,
              2.9681069857603863
            ],
            [
              101.41589884952947,
              2.967860494086608
            ],
            [
              101.416577366102,
              2.9675147714865022
            ],
            [
              101.4172987511478,
              2.9670593413182655
            ],
            [
              101.41778956002842,
              2.966622651552837
            ],
            [
              101.41845461871141,
              2.9659529316224
            ],
            [
              101.41925372921852,
              2.9650527869802645
            ],
            [
              101.41948427024559,
              2.964763445687988
            ],
            [
              101.41979808855264,
              2.9643375878534513
            ],
            [
              101.42053277336656,
              2.9632687576546157
            ],
            [
              101.42068023037312,
              2.9630303301658727
            ],
            [
              101.42111191941258,
              2.9624677540199644
            ],
            [
              101.4217206341637,
              2.9615167460165734
            ],
            [
              101.42194855740284,
              2.9611739052057353
            ],
            [
              101.42228106917528,
              2.9607104459427434
            ],
            [
              101.4228146411149,
              2.95999785226924
            ],
            [
              101.42314184703532,
              2.959569294676265
            ],
            [
              101.42358694125718,
              2.95905761478875
            ],
            [
              101.4242332361986,
              2.958489601842542
            ],
            [
              101.42488764803946,
              2.9580903884964456
            ],
            [
              101.42550179162592,
              2.9578679819137896
            ],
            [
              101.42620984176548,
              2.9576750599391333
            ],
            [
              101.42677312296257,
              2.9575918630777482
            ],
            [
              101.4271861009676,
              2.9575944926556264
            ],
            [
              101.42754819901421,
              2.9576025305229514
            ],
            [
              101.42809269890068,
              2.9576506371040634
            ],
            [
              101.42874988665088,
              2.957722826583155
            ],
            [
              101.42929969238938,
              2.957840532542046
            ],
            [
              101.4295921115979,
              2.957918185139148
            ],
            [
              101.42986831457658,
              2.9579878371523476
            ],
            [
              101.4304477241583,
              2.9581832395711904
            ],
            [
              101.431123658081,
              2.9584724273434913
            ],
            [
              101.43166018162042,
              2.9587187369864405
            ],
            [
              101.4322073344329,
              2.959064145967166
            ],
            [
              101.4326231761925,
              2.959404278246996
            ],
            [
              101.43305233528926,
              2.9598247058606604
            ],
            [
              101.43354061422721,
              2.9603630258503295
            ],
            [
              101.43393228097894,
              2.96089596167512
            ],
            [
              101.4342595747446,
              2.961493207017938
            ],
            [
              101.43457088067802,
              2.962213656527937
            ],
            [
              101.4347184606679,
              2.9626850330354153
            ],
            [
              101.43478293906824,
              2.9631591224601874
            ],
            [
              101.43483121880779,
              2.96364931393732
            ],
            [
              101.43485279359679,
              2.9641555109685416
            ],
            [
              101.43480996026163,
              2.9645198182583368
            ],
            [
              101.4347295467362,
              2.965012630540777
            ],
            [
              101.4345687196853,
              2.965457257288975
            ],
            [
              101.43439708767089,
              2.9658054866509773
            ],
            [
              101.4340887860444,
              2.9663064376852986
            ],
            [
              101.43385543396992,
              2.966547575898193
            ],
            [
              101.4334906829973,
              2.9668208370695344
            ],
            [
              101.43301334957526,
              2.9670994166114797
            ],
            [
              101.43244212716918,
              2.967429010841515
            ],
            [
              101.4318922862926,
              2.967664804366095
            ],
            [
              101.43118695935523,
              2.96797832286148
            ],
            [
              101.43044672272265,
              2.9682034445545717
            ],
            [
              101.4294034200394,
              2.968624124379626
            ],
            [
              101.42832262501112,
              2.969026105471579
            ],
            [
              101.42663571545057,
              2.9697762961872525
            ],
            [
              101.42565413282739,
              2.9702720648258056
            ],
            [
              101.42490864304992,
              2.9706899944501433
            ],
            [
              101.42428914090429,
              2.9711535019622706
            ],
            [
              101.42376085724764,
              2.97168929545176
            ],
            [
              101.423074346759,
              2.972613419914177
            ],
            [
              101.42278217351712,
              2.9732482688785926
            ],
            [
              101.42255156221388,
              2.973781312167366
            ],
            [
              101.42245774350603,
              2.9741536288136334
            ],
            [
              101.42233447907638,
              2.974892950314992
            ],
            [
              101.42226494079067,
              2.975854564355596
            ],
            [
              101.42221945452951,
              2.9764437740242315
            ],
            [
              101.42221685431063,
              2.9770303738532715
            ],
            [
              101.42232153068917,
              2.9775017547470353
            ],
            [
              101.42243428882907,
              2.9777856351144445
            ],
            [
              101.42250674357648,
              2.9780936225044012
            ],
            [
              101.42258993301125,
              2.9786588084899046
            ],
            [
              101.42260086095813,
              2.9794034066921595
            ],
            [
              101.42264386998374,
              2.9800382030211545
            ],
            [
              101.42275397519762,
              2.9806193814018926
            ],
            [
              101.4228827387388,
              2.980991658571595
            ],
            [
              101.42333623096485,
              2.9822289813305893
            ],
            [
              101.42351056861243,
              2.98254775020916
            ],
            [
              101.42389153581489,
              2.982970881967548
            ],
            [
              101.42424028138622,
              2.9833618227800702
            ],
            [
              101.42435029875486,
              2.9834823052573882
            ],
            [
              101.42463734183518,
              2.983768852486098
            ],
            [
              101.42494576644499,
              2.9839803986270095
            ],
            [
              101.42531327575789,
              2.9841410375438144
            ],
            [
              101.42577188057645,
              2.984365957467795
            ],
            [
              101.42617428201554,
              2.9844997874104715
            ],
            [
              101.42632449736239,
              2.9845426589603954
            ],
            [
              101.42679657763954,
              2.9845612787403653
            ],
            [
              101.42716935766637,
              2.9845720163661285
            ],
            [
              101.42763873231038,
              2.984555835360638
            ],
            [
              101.42814558173039,
              2.9844459457616774
            ],
            [
              101.4288938122791,
              2.984207419581521
            ],
            [
              101.42947313401558,
              2.9839636210867537
            ],
            [
              101.43050030831421,
              2.983451846894111
            ],
            [
              101.43094814330732,
              2.98326156984933
            ],
            [
              101.43176345247524,
              2.982899832922565
            ],
            [
              101.43259483732062,
              2.9825354905424897
            ],
            [
              101.43312847953642,
              2.9823238040404574
            ],
            [
              101.43363004067346,
              2.9821897196932485
            ],
            [
              101.43389821459795,
              2.9821495720263314
            ],
            [
              101.43425769485663,
              2.9821280134353882
            ],
            [
              101.4344587901619,
              2.982136079813566
            ],
            [
              101.43472699922445,
              2.9822244371392936
            ],
            [
              101.43500599568152,
              2.982334190763418
            ],
            [
              101.4352876099265,
              2.98248414468988
            ],
            [
              101.43559613995059,
              2.9827197934670537
            ],
            [
              101.43572214515147,
              2.9828214719404302
            ],
            [
              101.43577585372637,
              2.982907263289413
            ],
            [
              101.43580536972433,
              2.982998261158731
            ],
            [
              101.43585637266608,
              2.9830839516231578
            ],
            [
              101.43607900762225,
              2.9832929142421842
            ],
            [
              101.43647594508789,
              2.9836838506684216
            ],
            [
              101.43707694702765,
              2.9844578501392602
            ],
            [
              101.43730488783584,
              2.984819416000909
            ],
            [
              101.43773956361318,
              2.9853549419270116
            ],
            [
              101.43813920671197,
              2.98581027779012
            ],
            [
              101.43857377707504,
              2.9862843080000445
            ],
            [
              101.43905931524175,
              2.986739529819742
            ],
            [
              101.43928463826202,
              2.986908191251875
            ],
            [
              101.43978895773935,
              2.987213511780531
            ],
            [
              101.4402529738242,
              2.9874785355085782
            ],
            [
              101.44066607481255,
              2.987665970240657
            ],
            [
              101.44119177581938,
              2.987834688694495
            ],
            [
              101.4418220653595,
              2.987949683929235
            ],
            [
              101.44229676342458,
              2.9880327119186463
            ],
            [
              101.44301293046357,
              2.9880967955429947
            ],
            [
              101.44412057099478,
              2.988158221078613
            ],
            [
              101.44454976522965,
              2.988179656853575
            ],
            [
              101.44476435356256,
              2.9881769198117136
            ],
            [
              101.44493324480574,
              2.988200996130266
            ],
            [
              101.44506473154911,
              2.988227774400399
            ],
            [
              101.44524442775584,
              2.988270545065767
            ],
            [
              101.4457728343958,
              2.9884124633180464
            ],
            [
              101.44615901960505,
              2.9884740028970755
            ],
            [
              101.4466284118181,
              2.9885917307873915
            ],
            [
              101.44695301751966,
              2.9887363816952472
            ],
            [
              101.44729902231975,
              2.9889291282185027
            ],
            [
              101.44771474109601,
              2.9891326650029413
            ],
            [
              101.44817875718087,
              2.9894405909849078
            ],
            [
              101.44848997526906,
              2.9897110449338276
            ],
            [
              101.44889230643196,
              2.9900377836923053
            ],
            [
              101.44938056780086,
              2.990533210200626
            ],
            [
              101.44972922552697,
              2.9910688545564246
            ],
            [
              101.45025511979328,
              2.991907073626448
            ],
            [
              101.45052868741502,
              2.992488234462046
            ],
            [
              101.45072194692557,
              2.992951601613052
            ],
            [
              101.45104384699398,
              2.9937015554693334
            ],
            [
              101.45142759010577,
              2.994807596717256
            ],
            [
              101.45181930956463,
              2.9957718381425953
            ],
            [
              101.45191054562267,
              2.996031624646312
            ],
            [
              101.45198565329609,
              2.996170810243015
            ],
            [
              101.45212776931254,
              2.996334190587967
            ],
            [
              101.45238798445898,
              2.996537749303831
            ],
            [
              101.4527233248479,
              2.9968511011203844
            ],
            [
              101.45309614001282,
              2.9971643432798123
            ],
            [
              101.45331615718106,
              2.9973732137868527
            ],
            [
              101.45346897274678,
              2.9974749887585
            ],
            [
              101.45383107079338,
              2.9976249339123915
            ],
            [
              101.45408585710449,
              2.9977293976767645
            ],
            [
              101.45425216569785,
              2.997793573413099
            ],
            [
              101.45439976325677,
              2.997806951582453
            ],
            [
              101.45456865449997,
              2.997806925264743
            ],
            [
              101.45478051963067,
              2.997739994941407
            ],
            [
              101.45510779582729,
              2.997656844136015
            ],
            [
              101.45550735108085,
              2.997555086709508
            ],
            [
              101.45580502343425,
              2.9974559435088817
            ],
            [
              101.45612957642868,
              2.9973004979535567
            ],
            [
              101.45669538756846,
              2.9970058141661085
            ],
            [
              101.45711642976578,
              2.9966763515246244
            ],
            [
              101.45763401387316,
              2.9961592786996603
            ],
            [
              101.45818107884041,
              2.995417299109571
            ],
            [
              101.4585001678614,
              2.9948172553169012
            ],
            [
              101.4587387906498,
              2.9944128222916135
            ],
            [
              101.45899622988692,
              2.9940967816823343
            ],
            [
              101.45921608893374,
              2.9938663525843507
            ],
            [
              101.45957541107101,
              2.993432399860784
            ],
            [
              101.45968537573253,
              2.993274383942429
            ],
            [
              101.45979804602719,
              2.993177969011094
            ],
            [
              101.45999914133245,
              2.993116341706364
            ],
            [
              101.4601574208716,
              2.9931163197749386
            ],
            [
              101.46052749526528,
              2.993118863820259
            ],
            [
              101.46094859016975,
              2.99315630514931
            ],
            [
              101.46136167358904,
              2.99322054667992
            ],
            [
              101.46188735702681,
              2.9934213727402077
            ],
            [
              101.4622387730932,
              2.9936356252189853
            ],
            [
              101.46271621192952,
              2.9940721570781523
            ],
            [
              101.46308635659938,
              2.994548805900242
            ],
            [
              101.46365511933897,
              2.9953094228154415
            ],
            [
              101.46400119441525,
              2.995941473330005
            ],
            [
              101.46470400897897,
              2.9971466753236946
            ],
            [
              101.4653639023623,
              2.998083984958924
            ],
            [
              101.46545550737031,
              2.998208572999034
            ],
            [
              101.46552841891292,
              2.9983314591605503
            ],
            [
              101.46568854320195,
              2.998584837301832
            ],
            [
              101.46602917187383,
              2.998916892237771
            ],
            [
              101.46653349135117,
              2.99928101968988
            ],
            [
              101.46692781981342,
              2.9996425680063887
            ],
            [
              101.46708871714048,
              2.99974164541274
            ],
            [
              101.46720272268267,
              2.9997912279787657
            ],
            [
              101.46745080640257,
              2.9998406965013804
            ],
            [
              101.46756610326966,
              2.9998500787650686
            ],
            [
              101.4676305026093,
              2.9998527719440795
            ],
            [
              101.46772299485414,
              2.9998339591675682
            ],
            [
              101.46782757460294,
              2.9997790428789406
            ],
            [
              101.46788257450272,
              2.999781736057952
            ],
            [
              101.46794027125115,
              2.9998165280708426
            ],
            [
              101.46800197374216,
              2.9998486225184373
            ],
            [
              101.46806707584365,
              2.9998746112572645
            ],
            [
              101.46828086478494,
              2.9998820811006777
            ],
            [
              101.46857193996142,
              2.999895446111177
            ],
            [
              101.46872613469728,
              2.9998834233038982
            ],
            [
              101.46891250714165,
              2.9998150981419216
            ],
            [
              101.46927185563248,
              2.999599450824503
            ],
            [
              101.46992087377609,
              2.999268562640383
            ],
            [
              101.47015954048712,
              2.999182832699391
            ],
            [
              101.4703258227269,
              2.999106410455241
            ],
            [
              101.4704117090103,
              2.999060898361727
            ],
            [
              101.47044920135535,
              2.9990099955239056
            ],
            [
              101.47045989212009,
              2.998924291900624
            ],
            [
              101.4705027781624,
              2.9988278857418584
            ],
            [
              101.4706181540902,
              2.998747471978328
            ],
            [
              101.47107137399603,
              2.9983725104021848
            ],
            [
              101.47122154542026,
              2.998219793116151
            ],
            [
              101.4713904981551,
              2.997957269570573
            ],
            [
              101.47150034861781,
              2.9976331581968307
            ],
            [
              101.47156740088346,
              2.997301046239186
            ],
            [
              101.47157407712109,
              2.9971122473724616
            ],
            [
              101.47157405955205,
              2.996995747641955
            ],
            [
              101.47154052902697,
              2.9966984540149113
            ],
            [
              101.4714760769802,
              2.996318062217896
            ],
            [
              101.47135261050651,
              2.995736879450873
            ],
            [
              101.47124252286169,
              2.9950458948105907
            ],
            [
              101.47113783769862,
              2.994333408601071
            ],
            [
              101.47109756944424,
              2.993800413561433
            ],
            [
              101.4711350266512,
              2.9935005100947936
            ],
            [
              101.4711993820682,
              2.9932219020419955
            ],
            [
              101.47141928503765,
              2.9925602748074467
            ],
            [
              101.47171421661982,
              2.9921799356458516
            ],
            [
              101.47215672819186,
              2.991662976864298
            ],
            [
              101.4728512940883,
              2.9909530873355186
            ],
            [
              101.473207936946,
              2.990671843125415
            ],
            [
              101.47364506360532,
              2.99031018515178
            ],
            [
              101.4743691718533,
              2.9899403950056924
            ],
            [
              101.47535075447648,
              2.9894501662451374
            ],
            [
              101.476114059267,
              2.989018371573807
            ],
            [
              101.47623183336965,
              2.9889062581283343
            ],
            [
              101.47624212883085,
              2.988855057023131
            ],
            [
              101.47627991984969,
              2.9888161506748783
            ],
            [
              101.4763318188128,
              2.988808843124011
            ],
            [
              101.47636872259478,
              2.9888344414834704
            ],
            [
              101.47641521907613,
              2.9888789315725717
            ],
            [
              101.47643002978225,
              2.98893072921254
            ],
            [
              101.4763889357827,
              2.988963635122866
            ],
            [
              101.47639093865398,
              2.9890020370483397
            ],
            [
              101.47640044350808,
              2.989037636137677
            ],
            [
              101.47642844856807,
              2.9890585323995795
            ],
            [
              101.4764936385148,
              2.9890604228884294
            ],
            [
              101.47657873419111,
              2.989023613184423
            ],
            [
              101.47661032333656,
              2.9890051074478636
            ],
            [
              101.47662481779984,
              2.9889691048203035
            ],
            [
              101.47662471238557,
              2.9888965074167038
            ],
            [
              101.47661530416121,
              2.988846609038155
            ],
            [
              101.47654710990756,
              2.988826515466414
            ],
            [
              101.47651420308362,
              2.9888067201620547
            ],
            [
              101.47650640242702,
              2.988772423799373
            ],
            [
              101.47653049837417,
              2.9887254203689473
            ],
            [
              101.47656449447899,
              2.988714713447179
            ],
            [
              101.4765973925184,
              2.9887166083223136
            ],
            [
              101.47662118979177,
              2.9886908081937427
            ],
            [
              101.4766207857037,
              2.9886554064872324
            ],
            [
              101.47661938017998,
              2.988611407662055
            ],
            [
              101.47665657385124,
              2.988596801332891
            ],
            [
              101.4767166687745,
              2.9886064950228164
            ],
            [
              101.47674296963699,
              2.9886381903184733
            ],
            [
              101.47677697452633,
              2.988633286451805
            ],
            [
              101.47679146898962,
              2.9886015867698634
            ],
            [
              101.4767730654135,
              2.9885564869871426
            ],
            [
              101.47678215739502,
              2.988524186384151
            ],
            [
              101.47680504986249,
              2.9884970835289253
            ],
            [
              101.47684335038367,
              2.988501781240197
            ],
            [
              101.47688814266752,
              2.9884919735068602
            ],
            [
              101.47693984837112,
              2.9885016671967857
            ],
            [
              101.47698515015729,
              2.9885369636324555
            ],
            [
              101.47699945136107,
              2.988564057715111
            ],
            [
              101.4772334271367,
              2.9884699324245636
            ],
            [
              101.4774955924473,
              2.9883610955340116
            ],
            [
              101.47759947821875,
              2.988287484898569
            ],
            [
              101.47773355639646,
              2.9881414698560675
            ],
            [
              101.4778784307532,
              2.987995450427281
            ],
            [
              101.4780192027376,
              2.9878776304249794
            ],
            [
              101.47807949970489,
              2.9878468255451844
            ],
            [
              101.47815599533298,
              2.9878427155961074
            ],
            [
              101.47823639128937,
              2.9878829071258752
            ],
            [
              101.47828529473007,
              2.9879065974513446
            ],
            [
              101.47832549270827,
              2.987918694825469
            ],
            [
              101.47844038548729,
              2.987904978912167
            ],
            [
              101.4784724841351,
              2.9878868767138314
            ],
            [
              101.47848588053299,
              2.987846772909764
            ],
            [
              101.47847916915725,
              2.987751673863939
            ],
            [
              101.47848315733079,
              2.987661974334991
            ],
            [
              101.47851134686576,
              2.987606970320663
            ],
            [
              101.47894178850292,
              2.987355219491129
            ],
            [
              101.47935473136985,
              2.9870712689431587
            ],
            [
              101.47978918753411,
              2.9868676137290238
            ],
            [
              101.48007615155373,
              2.98671487889785
            ],
            [
              101.48062059873307,
              2.9865354096593935
            ],
            [
              101.48087537625965,
              2.9864897791361833
            ],
            [
              101.4811892648429,
              2.9865219393780538
            ],
            [
              101.48149765431461,
              2.9865594026385303
            ],
            [
              101.48169885503415,
              2.986650479460979
            ],
            [
              101.48198846319525,
              2.986827141477014
            ],
            [
              101.48224065807202,
              2.9869450141147365
            ],
            [
              101.48253565114584,
              2.9870145762090927
            ],
            [
              101.48291113680581,
              2.987065430797778
            ],
            [
              101.48331352067584,
              2.9871108814833023
            ],
            [
              101.4835079133899,
              2.9871349578018545
            ],
            [
              101.48369030644525,
              2.9871510379227897
            ],
            [
              101.48382040523396,
              2.9871510203776497
            ],
            [
              101.48395588893538,
              2.987120206725285
            ],
            [
              101.48427905397513,
              2.9869768673166543
            ],
            [
              101.48465710471588,
              2.9867304195057263
            ],
            [
              101.485037948935,
              2.9864143745101615
            ],
            [
              101.4854536764958,
              2.986042027159899
            ],
            [
              101.48574062294637,
              2.9856749959870976
            ],
            [
              101.48595776757553,
              2.9853455684358936
            ],
            [
              101.48607643769954,
              2.9850971555692705
            ],
            [
              101.48619106694287,
              2.9845901448821746
            ],
            [
              101.48645913545306,
              2.9835643156286715
            ],
            [
              101.48681301118594,
              2.9826428755726955
            ],
            [
              101.48711070989292,
              2.9819063393623333
            ],
            [
              101.48731986060596,
              2.981587517848342
            ],
            [
              101.48748883090985,
              2.9813999997768477
            ],
            [
              101.48771139558983,
              2.9812124729327834
            ],
            [
              101.48804925713691,
              2.981019634297543
            ],
            [
              101.48849721511334,
              2.980880282022008
            ],
            [
              101.48877339173846,
              2.980794552081016
            ],
            [
              101.48960214122688,
              2.9806417558418516
            ],
            [
              101.49043356121037,
              2.980341760263227
            ],
            [
              101.49100220975114,
              2.980084495873405
            ],
            [
              101.49194353290447,
              2.979797790738434
            ],
            [
              101.49279105491898,
              2.9795271964283927
            ],
            [
              101.49337570886105,
              2.9793209313746627
            ],
            [
              101.49380747696121,
              2.9792351838885303
            ],
            [
              101.49419105316706,
              2.979192242158046
            ],
            [
              101.49463892329825,
              2.9791332948734723
            ],
            [
              101.49501181752389,
              2.9791707537476637
            ],
            [
              101.49533360339349,
              2.9792484173104783
            ],
            [
              101.4955777165089,
              2.97939829228381
            ],
            [
              101.4958754240004,
              2.97960455733754
            ],
            [
              101.49627243174223,
              2.979893815290401
            ],
            [
              101.49657826491769,
              2.9803276802882674
            ],
            [
              101.49669358813836,
              2.9805606665904256
            ],
            [
              101.4967848241964,
              2.9809597571205417
            ],
            [
              101.49673387396179,
              2.9814016621788757
            ],
            [
              101.4966132448891,
              2.981966870095804
            ],
            [
              101.49649532144957,
              2.982609684553842
            ],
            [
              101.49641226378264,
              2.982965890375179
            ],
            [
              101.49640687886992,
              2.9831560928531142
            ],
            [
              101.49643368923475,
              2.9832444896554073
            ],
            [
              101.49647929847924,
              2.9833381807037362
            ],
            [
              101.49651420817446,
              2.9834265775060294
            ],
            [
              101.4965357214718,
              2.983549775093783
            ],
            [
              101.49650356133233,
              2.9839140779972935
            ],
            [
              101.4965088847534,
              2.9841899753259407
            ],
            [
              101.49659215324888,
              2.984830065900972
            ],
            [
              101.49670480597449,
              2.9853630521680397
            ],
            [
              101.49690336255254,
              2.9859764302672134
            ],
            [
              101.4970295083058,
              2.9864344154464826
            ],
            [
              101.49722535925072,
              2.987042394028779
            ],
            [
              101.4974506910555,
              2.987454867114534
            ],
            [
              101.49764650686232,
              2.9876958452280244
            ],
            [
              101.49786371298315,
              2.9878860213882494
            ],
            [
              101.49813462767885,
              2.9881189945315527
            ],
            [
              101.49838143764289,
              2.988362665824054
            ],
            [
              101.49864167035838,
              2.9887965352082055
            ],
            [
              101.49871538129261,
              2.9889345277353794
            ],
            [
              101.49876048981929,
              2.9890151213365965
            ],
            [
              101.49881398756561,
              2.9890879161230233
            ],
            [
              101.49889139678412,
              2.9891571097694367
            ],
            [
              101.49898899283696,
              2.989221096895515
            ],
            [
              101.49937799787814,
              2.9894473546364306
            ],
            [
              101.49959659195363,
              2.9895384314588793
            ],
            [
              101.49982448883921,
              2.9895986112895474
            ],
            [
              101.5002643738388,
              2.9897338623885754
            ],
            [
              101.50045077263674,
              2.989769943969266
            ],
            [
              101.50054066466272,
              2.9897646321780895
            ],
            [
              101.50067874858303,
              2.9897177208596495
            ],
            [
              101.50091212701108,
              2.9896252930614104
            ],
            [
              101.50120849925504,
              2.9895114645784893
            ],
            [
              101.50151416552455,
              2.98932393334814
            ],
            [
              101.50177973044563,
              2.9891257039685923
            ],
            [
              101.5019244993881,
              2.9889649904849414
            ],
            [
              101.50209076405885,
              2.988689075611154
            ],
            [
              101.50235090014458,
              2.988188148701401
            ],
            [
              101.5025814323871,
              2.987706025795589
            ],
            [
              101.5030587833782,
              2.9865114824745325
            ],
            [
              101.50341539988231,
              2.985898047353653
            ],
            [
              101.50385249140355,
              2.9850704036168474
            ],
            [
              101.5041394378541,
              2.984655175944091
            ],
            [
              101.50497618125866,
              2.983563596277926
            ],
            [
              101.50525373705392,
              2.983236866292018
            ],
            [
              101.50539988516651,
              2.9828337535385256
            ],
            [
              101.50588252444057,
              2.981473009491241
            ],
            [
              101.50629015267096,
              2.9809399705887527
            ],
            [
              101.50668440207251,
              2.9805810321118393
            ],
            [
              101.50701696655209,
              2.980449702351632
            ],
            [
              101.50750774029463,
              2.9803880531154774
            ],
            [
              101.50795302777601,
              2.9805032106427634
            ],
            [
              101.50818892736223,
              2.980637185332846
            ],
            [
              101.50816484898411,
              2.980797885657642
            ],
            [
              101.5082882451816,
              2.980846073385027
            ],
            [
              101.50835264452124,
              2.9808138692803063
            ],
            [
              101.50867712723947,
              2.9808808390802075
            ],
            [
              101.50892395477256,
              2.9812397117628455
            ],
            [
              101.5090902633659,
              2.981416496594861
            ],
            [
              101.50930478142263,
              2.9817164746283455
            ],
            [
              101.50972331124632,
              2.982278831460002
            ],
            [
              101.51010155524658,
              2.98287609434796
            ],
            [
              101.51024637689618,
              2.983251077855529
            ],
            [
              101.51048241703477,
              2.983759957100049
            ],
            [
              101.5108043698103,
              2.984461723228945
            ],
            [
              101.51115311538163,
              2.985149988372507
            ],
            [
              101.51138913795117,
              2.985570462042164
            ],
            [
              101.51154477334883,
              2.98598564585207
            ],
            [
              101.51178351033604,
              2.9865400240312496
            ],
            [
              101.51193103761878,
              2.9868882073372593
            ],
            [
              101.51214566108979,
              2.9872524883093443
            ],
            [
              101.51241659335454,
              2.987737260531317
            ],
            [
              101.51275991009054,
              2.9881657260123062
            ],
            [
              101.51283101202138,
              2.9882568203798954
            ],
            [
              101.51311672863869,
              2.988599591010173
            ],
            [
              101.51351635416844,
              2.9890923550434776
            ],
            [
              101.51370416727461,
              2.9893093357915466
            ],
            [
              101.51383826302137,
              2.989378924203613
            ],
            [
              101.51406355968807,
              2.9894566009252825
            ],
            [
              101.51443634849942,
              2.9895717672251387
            ],
            [
              101.51487083101725,
              2.989636026300889
            ],
            [
              101.51509081304741,
              2.9896360087557485
            ],
            [
              101.51530269574717,
              2.989601089540592
            ],
            [
              101.51554138002723,
              2.989563564872125
            ],
            [
              101.51589535238988,
              2.9894644348303534
            ],
            [
              101.51648810566233,
              2.989282281185456
            ],
            [
              101.51665708475075,
              2.989196564403319
            ],
            [
              101.51674557125303,
              2.9891028601961347
            ],
            [
              101.51691723840554,
              2.988856342204646
            ],
            [
              101.51726319049848,
              2.9885403147542213
            ],
            [
              101.51765475183593,
              2.9883420809883887
            ],
            [
              101.51806240641989,
              2.9881009449686373
            ],
            [
              101.51871944483318,
              2.9878303857488766
            ],
            [
              101.51927998525903,
              2.9874928391840747
            ],
            [
              101.51996650453222,
              2.9870294808056386
            ],
            [
              101.52040364876058,
              2.9866758453473317
            ],
            [
              101.52076572045361,
              2.9865044117830575
            ],
            [
              101.5209453990913,
              2.9864360997799357
            ],
            [
              101.52109698482376,
              2.9863757839744314
            ],
            [
              101.52119088259232,
              2.986322280069585
            ],
            [
              101.52126057021493,
              2.9862512705011675
            ],
            [
              101.52130616189038,
              2.9861749666867135
            ],
            [
              101.52136384985428,
              2.9861400650166967
            ],
            [
              101.5214536452505,
              2.9861213575110264
            ],
            [
              101.52171242851966,
              2.9861012332352894
            ],
            [
              101.5220249115792,
              2.9860958074007025
            ],
            [
              101.52219930193391,
              2.9861024920990946
            ],
            [
              101.52229050285385,
              2.986127985187713
            ],
            [
              101.52236820196161,
              2.9861908801288175
            ],
            [
              101.52242990445262,
              2.986236471175462
            ],
            [
              101.52248219871927,
              2.9862484676650305
            ],
            [
              101.52255729760817,
              2.9862444629867944
            ],
            [
              101.52272498537168,
              2.9862109473828484
            ],
            [
              101.52302666346768,
              2.9861292221200926
            ],
            [
              101.52329084921861,
              2.986110501455567
            ],
            [
              101.52358593013766,
              2.986119778448414
            ],
            [
              101.52394931950919,
              2.9862336464079
            ],
            [
              101.52478620346609,
              2.986603173376886
            ],
            [
              101.52522600940499,
              2.9869165383522946
            ],
            [
              101.52570081288435,
              2.987294096609178
            ],
            [
              101.52628011705178,
              2.987811051004446
            ],
            [
              101.52655912229336,
              2.98807882493321
            ],
            [
              101.52704191968884,
              2.9883707848376524
            ],
            [
              101.52750861505328,
              2.988619745989905
            ],
            [
              101.52776070451576,
              2.988654625728496
            ],
            [
              101.52796989036689,
              2.98865191061806
            ],
            [
              101.52832937062558,
              2.988614381563308
            ],
            [
              101.5287799376054,
              2.9885607460699104
            ],
            [
              101.52884423153075,
              2.988550043534427
            ],
            [
              101.52892342400747,
              2.988508536119149
            ],
            [
              101.52894352299657,
              2.988458936007983
            ],
            [
              101.52893411477221,
              2.9883987342458895
            ],
            [
              101.52891131014997,
              2.9883371376451553
            ],
            [
              101.52890460755876,
              2.988276839384791
            ],
            [
              101.52892200091472,
              2.9882125364461904
            ],
            [
              101.52899308527651,
              2.9880893344721517
            ],
            [
              101.52915806740687,
              2.9878791217618907
            ],
            [
              101.52929943673884,
              2.9876311080472058
            ],
            [
              101.5294418953517,
              2.987250900474162
            ],
            [
              101.52955166675369,
              2.9869662919834368
            ],
            [
              101.52953875350458,
              2.9866949958677904
            ],
            [
              101.5294405337506,
              2.986424704211417
            ],
            [
              101.52929731966874,
              2.9861207171134114
            ],
            [
              101.52904248943503,
              2.9855421354134135
            ],
            [
              101.52888428017206,
              2.9853145486281325
            ],
            [
              101.52875547270827,
              2.985204759913728
            ],
            [
              101.52846846476605,
              2.9849181863673078
            ],
            [
              101.52829416225657,
              2.9847601002683923
            ],
            [
              101.52819226178735,
              2.9846262089177253
            ],
            [
              101.52798303201361,
              2.9841870277423976
            ],
            [
              101.52765370902308,
              2.983628552772996
            ],
            [
              101.52753899193452,
              2.9833339654838187
            ],
            [
              101.52745718166989,
              2.983130371677674
            ],
            [
              101.52744107085434,
              2.9830165738987486
            ],
            [
              101.52746796027986,
              2.9828826693892263
            ],
            [
              101.52753474022529,
              2.982691765105686
            ],
            [
              101.52762212866216,
              2.982547859866286
            ],
            [
              101.52774151033255,
              2.982421951554381
            ],
            [
              101.52787689740421,
              2.9823576398432103
            ],
            [
              101.52837175595006,
              2.9821567041257966
            ],
            [
              101.52934799758313,
              2.98200932494865
            ],
            [
              101.53024114641119,
              2.981977155934209
            ],
            [
              101.53111279951096,
              2.9819100896360373
            ],
            [
              101.53242701688991,
              2.9817679915460715
            ],
            [
              101.5335695495473,
              2.9816742083857566
            ],
            [
              101.53522705730867,
              2.98156158613122
            ],
            [
              101.53585732049523,
              2.9814463408782332
            ],
            [
              101.5367531573874,
              2.9812078761060676
            ],
            [
              101.53709103650351,
              2.9811516527045
            ],
            [
              101.5374075165211,
              2.9810954293029326
            ],
            [
              101.53771330577395,
              2.9811007103901135
            ],
            [
              101.5379171945576,
              2.981159596266697
            ],
            [
              101.53810759031359,
              2.981226583611738
            ],
            [
              101.53851698423314,
              2.98137135294929
            ],
            [
              101.53895246818662,
              2.981545220901758
            ],
            [
              101.53929847298672,
              2.9818023975658794
            ],
            [
              101.53953987168444,
              2.982016579864096
            ],
            [
              101.53990738099735,
              2.982367451962832
            ],
            [
              101.54011658441753,
              2.9825335386456495
            ],
            [
              101.54026679097986,
              2.982753129233313
            ],
            [
              101.54047330633593,
              2.983136113324784
            ],
            [
              101.54066590700725,
              2.9832940985391434
            ],
            [
              101.54082539881061,
              2.983368187279655
            ],
            [
              101.5410246932886,
              2.983468571798946
            ],
            [
              101.54121919141694,
              2.983559758278521
            ],
            [
              101.54142348428866,
              2.9836081477750174
            ],
            [
              101.54149988328699,
              2.9836055423217074
            ],
            [
              101.54159707525176,
              2.9836021341782355
            ],
            [
              101.54166686828863,
              2.9835900324178266
            ],
            [
              101.5417177658161,
              2.983567228121934
            ],
            [
              101.54176446434147,
              2.983538024236177
            ],
            [
              101.54185455841149,
              2.983481520112367
            ],
            [
              101.54204233637957,
              2.98336370449635
            ],
            [
              101.54227560939333,
              2.983186893346624
            ],
            [
              101.54252108410984,
              2.982994677563858
            ],
            [
              101.5428554582012,
              2.9827761572297424
            ],
            [
              101.54315802353403,
              2.9825627381451216
            ],
            [
              101.5433297082556,
              2.9823565257268116
            ],
            [
              101.54362735425542,
              2.981842207488849
            ],
            [
              101.54378022252828,
              2.981435098829691
            ],
            [
              101.54405107573233,
              2.9808806855602312
            ],
            [
              101.54431922330323,
              2.980310170238411
            ],
            [
              101.54467586616093,
              2.9796672505095327
            ],
            [
              101.54503259686385,
              2.9789360304766324
            ],
            [
              101.54548842357696,
              2.9780763054510864
            ],
            [
              101.54576467487051,
              2.9775565876962466
            ],
            [
              101.54605162132108,
              2.976908474605888
            ],
            [
              101.54631707204337,
              2.9762896575132722
            ],
            [
              101.54663091231173,
              2.9755718419674357
            ],
            [
              101.54700894548343,
              2.9747897234829987
            ],
            [
              101.5473548843996,
              2.9740478053009
            ],
            [
              101.54762043175162,
              2.9733539915067704
            ],
            [
              101.54774640620668,
              2.9729977856854335
            ],
            [
              101.54794227032838,
              2.9725986732238923
            ],
            [
              101.54812994727443,
              2.9723415623540466
            ],
            [
              101.54828553435722,
              2.9721754537398035
            ],
            [
              101.54859120501901,
              2.9719370372167733
            ],
            [
              101.54891307873385,
              2.9717254208953015
            ],
            [
              101.54926445087762,
              2.971532599805201
            ],
            [
              101.54967212742288,
              2.9713718775489797
            ],
            [
              101.54999661014112,
              2.9713155576491417
            ],
            [
              101.55030509624258,
              2.9713209396208784
            ],
            [
              101.55065908617428,
              2.9714066169264504
            ],
            [
              101.55095948172988,
              2.971532498920645
            ],
            [
              101.5513671846287,
              2.9718672733533054
            ],
            [
              101.55228719652874,
              2.972775221196516
            ],
            [
              101.55278880158839,
              2.973230486879064
            ],
            [
              101.55324750742898,
              2.973680462701861
            ],
            [
              101.55362831651001,
              2.9741331404762392
            ],
            [
              101.5540924204401,
              2.9746500115320917
            ],
            [
              101.55445982873098,
              2.9750490889033525
            ],
            [
              101.5548890273581,
              2.9754213660730544
            ],
            [
              101.55534763217666,
              2.9758686399442706
            ],
            [
              101.55566953663734,
              2.9761900186624364
            ],
            [
              101.55602353535355,
              2.976530196998259
            ],
            [
              101.55644734028343,
              2.976937274953422
            ],
            [
              101.55672083762896,
              2.977197960645571
            ],
            [
              101.5568733413441,
              2.9773432519510417
            ],
            [
              101.55716623930914,
              2.9776028366856466
            ],
            [
              101.55727354226012,
              2.9777260298871155
            ],
            [
              101.55739684182785,
              2.9778640224142894
            ],
            [
              101.55750014342851,
              2.977984513664177
            ],
            [
              101.55766104514784,
              2.9781425076511066
            ],
            [
              101.5578595446265,
              2.978311296285505
            ],
            [
              101.55818814289384,
              2.978615278997226
            ],
            [
              101.5588801437095,
              2.979334340248012
            ],
            [
              101.55919934692929,
              2.9796531222854377
            ],
            [
              101.5597035434233,
              2.9800922946881956
            ],
            [
              101.56017563687725,
              2.980435170589314
            ],
            [
              101.56048673198211,
              2.980654752404408
            ],
            [
              101.56065042717981,
              2.9807324466712175
            ],
            [
              101.56094271901274,
              2.980852929148535
            ],
            [
              101.56140539985007,
              2.980981508708026
            ],
            [
              101.56179298619077,
              2.981069787080623
            ],
            [
              101.56208397352201,
              2.981128773841762
            ],
            [
              101.56250235400881,
              2.98114075278619
            ],
            [
              101.56279293725198,
              2.981121439973185
            ],
            [
              101.56304552304003,
              2.981112627926551
            ],
            [
              101.56365159364967,
              2.9810751032580844
            ],
            [
              101.56414246402197,
              2.981024178488838
            ],
            [
              101.56447504167834,
              2.9809304655090836
            ],
            [
              101.56488201546175,
              2.9807698485237037
            ],
            [
              101.56549957622775,
              2.9805741193266253
            ],
            [
              101.56637122054299,
              2.980322381655946
            ],
            [
              101.56672529831991,
              2.980263368577097
            ],
            [
              101.56742526669811,
              2.9802553372891993
            ],
            [
              101.56783164313394,
              2.980249920227182
            ],
            [
              101.5680059368589,
              2.9802580129230702
            ],
            [
              101.56816682979371,
              2.9802727069779347
            ],
            [
              101.56844051600649,
              2.98029009421181
            ],
            [
              101.5687358999916,
              2.9803007835884383
            ],
            [
              101.56907077919304,
              2.9801842706990764
            ],
            [
              101.56949855033515,
              2.9800249520540665
            ],
            [
              101.56993832113595,
              2.979818634364916
            ],
            [
              101.57056867656,
              2.979430211280003
            ],
            [
              101.5713357147729,
              2.978857081732303
            ],
            [
              101.57242193424426,
              2.9781498459059685
            ],
            [
              101.57329897225677,
              2.977638312959003
            ],
            [
              101.57361805249322,
              2.9775043031786397
            ],
            [
              101.57394363327685,
              2.977382991693451
            ],
            [
              101.57410622162463,
              2.977330983511801
            ],
            [
              101.57468558728372,
              2.977086465666288
            ],
            [
              101.5749095706642,
              2.9769632593059643
            ],
            [
              101.57513075617405,
              2.97677445166667
            ],
            [
              101.57529444258722,
              2.97660164519518
            ],
            [
              101.57560551133852,
              2.9761784388699466
            ],
            [
              101.57576639109654,
              2.975814232464707
            ],
            [
              101.57592736748431,
              2.9752892292364015
            ],
            [
              101.57614452968252,
              2.97457402353016
            ],
            [
              101.57628260921055,
              2.9741509224757676
            ],
            [
              101.57654008358577,
              2.9737652145012907
            ],
            [
              101.57696525450899,
              2.973379502140529
            ],
            [
              101.57739162671578,
              2.973170486886082
            ],
            [
              101.57822307964122,
              2.9728249616688034
            ],
            [
              101.57927182214046,
              2.972420533029801
            ],
            [
              101.5798805874026,
              2.97214991240205
            ],
            [
              101.58087833135235,
              2.9717052834607096
            ],
            [
              101.58138520053754,
              2.971373171503065
            ],
            [
              101.58174327746865,
              2.9711159597486634
            ],
            [
              101.58248222936471,
              2.9705583444911285
            ],
            [
              101.58266052004774,
              2.970486536618835
            ],
            [
              101.58290460900571,
              2.970454332514114
            ],
            [
              101.58325599432627,
              2.9703820202190414
            ],
            [
              101.58362077604471,
              2.970268213667546
            ],
            [
              101.5837454701555,
              2.970277609090089
            ],
            [
              101.58384506468737,
              2.9702351059881082
            ],
            [
              101.58397875854219,
              2.9701597013620864
            ],
            [
              101.58471901054769,
              2.9695088863201464
            ],
            [
              101.5852151779875,
              2.9690641740393904
            ],
            [
              101.58542706288338,
              2.9688070719421145
            ],
            [
              101.5856040490647,
              2.9685499654585534
            ],
            [
              101.58582152970187,
              2.9681359615593217
            ],
            [
              101.5859956147944,
              2.967799958966852
            ],
            [
              101.58609220501933,
              2.967542856869576
            ],
            [
              101.58618878645973,
              2.966942859132899
            ],
            [
              101.5861726712519,
              2.9663080628039036
            ],
            [
              101.58605455674899,
              2.9656277675402496
            ],
            [
              101.5859338486156,
              2.965078672641394
            ],
            [
              101.58557983013422,
              2.963867987791412
            ],
            [
              101.58548862701815,
              2.963668490775489
            ],
            [
              101.58533172884528,
              2.9634715970197343
            ],
            [
              101.58504603199313,
              2.963234505154784
            ],
            [
              101.58485023375536,
              2.9630939093674424
            ],
            [
              101.58459813770449,
              2.9629011189813372
            ],
            [
              101.58424674140328,
              2.962598428030559
            ],
            [
              101.58373714462363,
              2.962101545275607
            ],
            [
              101.58333484640269,
              2.961634158094367
            ],
            [
              101.58288014850083,
              2.9612136734589973
            ],
            [
              101.58242015133534,
              2.960750387454264
            ],
            [
              101.58208765273969,
              2.9604315988374106
            ],
            [
              101.581814052176,
              2.9601189071567546
            ],
            [
              101.58143045181272,
              2.959701120086681
            ],
            [
              101.58110855394044,
              2.959405830991898
            ],
            [
              101.58057215558048,
              2.9589129507220395
            ],
            [
              101.58028245518189,
              2.95863705997282
            ],
            [
              101.57997675157814,
              2.9582245715350672
            ],
            [
              101.57970314442606,
              2.957715681324834
            ],
            [
              101.57959583927897,
              2.957498786109324
            ],
            [
              101.57955293786375,
              2.9573942872546706
            ],
            [
              101.57955023662286,
              2.9573272889439166
            ],
            [
              101.57956633206551,
              2.957201488095995
            ],
            [
              101.57960112756193,
              2.957102287873663
            ],
            [
              101.57961462498184,
              2.957000587468862
            ],
            [
              101.57960652125918,
              2.9569201890573287
            ],
            [
              101.57957971748274,
              2.956794289517994
            ],
            [
              101.57940141142682,
              2.9564393973890244
            ],
            [
              101.5793624103399,
              2.9563228998516604
            ],
            [
              101.57938520617762,
              2.9562023998292024
            ],
            [
              101.5794066008839,
              2.956096598247894
            ],
            [
              101.57946169302119,
              2.955905097429589
            ],
            [
              101.57950998593752,
              2.95569609752714
            ],
            [
              101.57951258176413,
              2.955564897162341
            ],
            [
              101.57950457467123,
              2.9553532983860094
            ],
            [
              101.57955286758757,
              2.9551443971749736
            ],
            [
              101.57981834027115,
              2.9544934922141906
            ],
            [
              101.57998462470707,
              2.9541238884852166
            ],
            [
              101.58044058099189,
              2.9531140801378
            ],
            [
              101.58075165413544,
              2.95243367521702
            ],
            [
              101.58087504154841,
              2.952128372233504
            ],
            [
              101.58089913529943,
              2.951975668106326
            ],
            [
              101.58089383383968,
              2.9518631686677703
            ],
            [
              101.58085352825107,
              2.9516944721453573
            ],
            [
              101.58079722384957,
              2.9514694732682463
            ],
            [
              101.58073551037792,
              2.9509658794971925
            ],
            [
              101.58057189204479,
              2.9502667890021668
            ],
            [
              101.58039217607288,
              2.9495944943224144
            ],
            [
              101.58033046699349,
              2.9492758000106893
            ],
            [
              101.58029825195075,
              2.9487481036033727
            ],
            [
              101.58027413184615,
              2.94804100813816
            ],
            [
              101.58027142840913,
              2.947923109182727
            ],
            [
              101.58028352250146,
              2.947774510618341
            ],
            [
              101.58029551557176,
              2.947566907747675
            ],
            [
              101.58033040550181,
              2.947218706896525
            ],
            [
              101.58040008873216,
              2.946752611476228
            ],
            [
              101.58054767091818,
              2.946214208147143
            ],
            [
              101.58074605400189,
              2.9458446022250264
            ],
            [
              101.5808641465435,
              2.9456195989616303
            ],
            [
              101.58111083132808,
              2.94523919400576
            ],
            [
              101.58141121590302,
              2.944931189070663
            ],
            [
              101.5815498115218,
              2.9448332828024157
            ],
            [
              101.5818671985414,
              2.944631175946898
            ],
            [
              101.58247608019848,
              2.944316459995699
            ],
            [
              101.58315066130461,
              2.9440847413299154
            ],
            [
              101.58376884357563,
              2.943851724323762
            ],
            [
              101.58420203257242,
              2.9436842120983084
            ],
            [
              101.58439112602285,
              2.943582511693507
            ],
            [
              101.5846244188018,
              2.943403002978485
            ],
            [
              101.58504420042004,
              2.943006592468525
            ],
            [
              101.5853123875213,
              2.9426891877245995
            ],
            [
              101.58542478110347,
              2.9424934848452318
            ],
            [
              101.58569816644633,
              2.94202428393513
            ],
            [
              101.58586335062073,
              2.941535081565273
            ],
            [
              101.585930833328,
              2.9408964823271533
            ],
            [
              101.58591531766389,
              2.9402409871190818
            ],
            [
              101.5857643073177,
              2.93975889053098
            ],
            [
              101.58550939802328,
              2.9392469979086413
            ],
            [
              101.58510398568886,
              2.9386395105902685
            ],
            [
              101.5845527788189,
              2.9381363291300078
            ],
            [
              101.58383416968246,
              2.9374780530172244
            ],
            [
              101.58336846477302,
              2.93713886598182
            ],
            [
              101.58309366292578,
              2.936919275394156
            ],
            [
              101.58284715822393,
              2.9366479836647947
            ],
            [
              101.58267964834702,
              2.936282189424373
            ],
            [
              101.58261003978512,
              2.9359526916926084
            ],
            [
              101.58259182946851,
              2.9355959946073478
            ],
            [
              101.58265881585024,
              2.9351139945175166
            ],
            [
              101.58278550185167,
              2.9346550926046753
            ],
            [
              101.58302028580343,
              2.934136690735346
            ],
            [
              101.58343116430741,
              2.933514281275287
            ],
            [
              101.5843070251938,
              2.932281761498405
            ],
            [
              101.5845428105812,
              2.9317643597020635
            ],
            [
              101.58490868816891,
              2.930977552278925
            ],
            [
              101.58538046098776,
              2.9299875458152953
            ],
            [
              101.58591953423503,
              2.9290688340286106
            ],
            [
              101.58647210709834,
              2.928021525137295
            ],
            [
              101.5865232044737,
              2.9279452257091263
            ],
            [
              101.58690998922665,
              2.9273680169163443
            ],
            [
              101.58718228089639,
              2.9269616144490764
            ],
            [
              101.58746176928675,
              2.9265268063999277
            ],
            [
              101.58769935769755,
              2.9260588029456405
            ],
            [
              101.5879960352037,
              2.925114203304684
            ],
            [
              101.58822121327933,
              2.9241526024229354
            ],
            [
              101.58832430844369,
              2.923872801300608
            ],
            [
              101.58835180619747,
              2.9237880977503137
            ],
            [
              101.58837160431663,
              2.9236933013581563
            ],
            [
              101.58839910207041,
              2.9235977987741077
            ],
            [
              101.58842769788959,
              2.9234279004095955
            ],
            [
              101.58845669340455,
              2.923271397759578
            ],
            [
              101.58849919073171,
              2.9231331990770073
            ],
            [
              101.58858318834261,
              2.922972797019594
            ],
            [
              101.58879877811117,
              2.922520895617667
            ],
            [
              101.58906026920961,
              2.9221580884373535
            ],
            [
              101.58931216321645,
              2.9218188882430938
            ],
            [
              101.58977385140265,
              2.9212291785379643
            ],
            [
              101.59028484052924,
              2.920620669215179
            ],
            [
              101.59105613045136,
              2.919891357216268
            ],
            [
              101.59154762452481,
              2.9195280499994607
            ],
            [
              101.5921138221836,
              2.919260539247799
            ],
            [
              101.59300502084751,
              2.918932024043882
            ],
            [
              101.59387832104538,
              2.9186243086035972
            ],
            [
              101.59467841981137,
              2.918278099125853
            ],
            [
              101.59551201725854,
              2.917771886742633
            ],
            [
              101.5959552173176,
              2.9175683806621895
            ],
            [
              101.59644921827436,
              2.9174233744652462
            ],
            [
              101.59746352324649,
              2.9172820571340163
            ],
            [
              101.59836922955047,
              2.9172571430350223
            ],
            [
              101.59922043777054,
              2.9173418334264616
            ],
            [
              101.5999634459202,
              2.917548023913346
            ],
            [
              101.60048375103364,
              2.9176900167324713
            ],
            [
              101.6015888638183,
              2.918022102372406
            ],
            [
              101.60207706808781,
              2.918121197323897
            ],
            [
              101.60256247009441,
              2.9182524919938237
            ],
            [
              101.60297017299324,
              2.9183461874284378
            ],
            [
              101.60355357953301,
              2.918533679182222
            ],
            [
              101.60400818300126,
              2.9186542757029503
            ],
            [
              101.60431538656233,
              2.9186595743352717
            ],
            [
              101.60458888830013,
              2.918691769667422
            ],
            [
              101.60480489094128,
              2.918772069387542
            ],
            [
              101.60503689239532,
              2.9188845688260976
            ],
            [
              101.60538149606396,
              2.919072064966167
            ],
            [
              101.60577309912787,
              2.9193238596585513
            ],
            [
              101.60601820050215,
              2.919483156372136
            ],
            [
              101.60669580787653,
              2.9200042470341914
            ],
            [
              101.60729401414177,
              2.9203604440829585
            ],
            [
              101.60767481663441,
              2.920564042275388
            ],
            [
              101.60779821722417,
              2.9206738397623626
            ],
            [
              101.60790281893426,
              2.920829237068552
            ],
            [
              101.6080021191846,
              2.92094973709101
            ],
            [
              101.60819522057373,
              2.921067636046442
            ],
            [
              101.60844462197213,
              2.921142637134241
            ],
            [
              101.60865122517343,
              2.921239034520436
            ],
            [
              101.60888182549601,
              2.921421131143628
            ],
            [
              101.60943702932403,
              2.921900626664705
            ],
            [
              101.6096972312937,
              2.9220479268887214
            ],
            [
              101.61013173357671,
              2.9223747226689043
            ],
            [
              101.6105582353552,
              2.922800617786864
            ],
            [
              101.61086133654395,
              2.9231944184572285
            ],
            [
              101.61109733715217,
              2.9235479135544145
            ],
            [
              101.61134143928693,
              2.9240006132602177
            ],
            [
              101.61147824066684,
              2.924418507794275
            ],
            [
              101.61171424127507,
              2.925128305211069
            ],
            [
              101.61192614373999,
              2.9257845022247455
            ],
            [
              101.61210854338374,
              2.926470297889833
            ],
            [
              101.61237674366178,
              2.927155997056649
            ],
            [
              101.61262084360041,
              2.927860390570281
            ],
            [
              101.61282744460559,
              2.9285407911047763
            ],
            [
              101.61315994320125,
              2.9295264858502175
            ],
            [
              101.61336384296554,
              2.930359480854765
            ],
            [
              101.61364814307849,
              2.931339876967885
            ],
            [
              101.61386544143681,
              2.9320201722315393
            ],
            [
              101.61408803905876,
              2.933088969533237
            ],
            [
              101.61429183780103,
              2.9337264634275284
            ],
            [
              101.61444203557883,
              2.934200563818013
            ],
            [
              101.61467813281682,
              2.9349853579363203
            ],
            [
              101.61491412903278,
              2.935550557080679
            ],
            [
              101.61509922772129,
              2.936048755721141
            ],
            [
              101.61517962587381,
              2.9363728539360285
            ],
            [
              101.61520112599436,
              2.936554954945506
            ],
            [
              101.61521992487403,
              2.9366433517477986
            ],
            [
              101.61532992467362,
              2.9367478549887367
            ],
            [
              101.61543182294669,
              2.9368710525764907
            ],
            [
              101.6154988225052,
              2.9370076502650235
            ],
            [
              101.61554442076904,
              2.9371389493212354
            ],
            [
              101.61558731998812,
              2.9376130497117203
            ],
            [
              101.61564101758236,
              2.9382049481730816
            ],
            [
              101.61573221630616,
              2.9387835430319345
            ],
            [
              101.61581001423981,
              2.9392469408869357
            ],
            [
              101.61591991301741,
              2.9397183393258395
            ],
            [
              101.61600040999582,
              2.9401549369792823
            ],
            [
              101.61604600825966,
              2.940554036281968
            ],
            [
              101.61608620623785,
              2.9408834375154616
            ],
            [
              101.61628740256512,
              2.9415477316113114
            ],
            [
              101.6164697978166,
              2.942337929632781
            ],
            [
              101.61659589525499,
              2.942739726500763
            ],
            [
              101.61669239324242,
              2.943087927351913
            ],
            [
              101.61681848848467,
              2.9434870266545987
            ],
            [
              101.61717248061248,
              2.944306621558367
            ],
            [
              101.61742997475287,
              2.9449012219713095
            ],
            [
              101.61765256798255,
              2.9453994206117717
            ],
            [
              101.6178135641355,
              2.945798515528173
            ],
            [
              101.61800665893625,
              2.9463209176894534
            ],
            [
              101.61819975154087,
              2.9467708145591196
            ],
            [
              101.61835264836343,
              2.9469932167554904
            ],
            [
              101.61870133903149,
              2.947338715655059
            ],
            [
              101.61911433021329,
              2.947684214554628
            ],
            [
              101.61954081881501,
              2.948088717760476
            ],
            [
              101.62003970506474,
              2.9485012171639413
            ],
            [
              101.62057879368493,
              2.948945815401286
            ],
            [
              101.62095698058579,
              2.949334220941059
            ],
            [
              101.62142906964748,
              2.949650322958329
            ],
            [
              101.62182335857938,
              2.950001120490219
            ],
            [
              101.62230884403894,
              2.950453820196022
            ],
            [
              101.62276743128847,
              2.9508556258365743
            ],
            [
              101.62302491884046,
              2.9511288255999255
            ],
            [
              101.62349160542037,
              2.9516270286266724
            ],
            [
              101.6238402938923,
              2.9520341285132607
            ],
            [
              101.62429897777156,
              2.9526609308377814
            ],
            [
              101.62487555434454,
              2.9533841327416397
            ],
            [
              101.62542543035923,
              2.9541046348870594
            ],
            [
              101.62593231052507,
              2.9547769383393816
            ],
            [
              101.6262259990972,
              2.9551680392513076
            ],
            [
              101.62646738901041,
              2.955457341067019
            ],
            [
              101.62666587970455,
              2.955734543315464
            ],
            [
              101.6268214711796,
              2.956022443713107
            ],
            [
              101.62697296467456,
              2.956311743335676
            ],
            [
              101.62709095399802,
              2.9566358437437055
            ],
            [
              101.6272385471647,
              2.9571099441341904
            ],
            [
              101.62734574030912,
              2.9575625429554377
            ],
            [
              101.62766491717534,
              2.958481342467823
            ],
            [
              101.62789559875476,
              2.9592205411532007
            ],
            [
              101.62809678190526,
              2.9598741414861376
            ],
            [
              101.62816647831238,
              2.960254441171167
            ],
            [
              101.62822817201886,
              2.960669640333071
            ],
            [
              101.62833545740081,
              2.9612294399605523
            ],
            [
              101.6284896477444,
              2.961750438510622
            ],
            [
              101.62868143584733,
              2.9622312389514964
            ],
            [
              101.62883162044834,
              2.9627374381758607
            ],
            [
              101.62896840865146,
              2.963299937561781
            ],
            [
              101.62910789809547,
              2.963867737773165
            ],
            [
              101.6292338857273,
              2.964432936917523
            ],
            [
              101.62942966639604,
              2.9652069363883617
            ],
            [
              101.62956915144778,
              2.965879235454399
            ],
            [
              101.62961743997185,
              2.9664524329895174
            ],
            [
              101.62970592208185,
              2.967397929625763
            ],
            [
              101.62976491015519,
              2.9680917302610377
            ],
            [
              101.62985069102432,
              2.968959526051046
            ],
            [
              101.62992318090981,
              2.969613025499427
            ],
            [
              101.63003036087747,
              2.970630819078748
            ],
            [
              101.63007595255291,
              2.9711692180215477
            ],
            [
              101.63015373511365,
              2.9719165181753837
            ],
            [
              101.63019402532935,
              2.9724415170174043
            ],
            [
              101.63032540665843,
              2.9732316141543182
            ],
            [
              101.63044069034875,
              2.9741450097635416
            ],
            [
              101.63053186930738,
              2.975055606922913
            ],
            [
              101.63065795356897,
              2.9758511079629892
            ],
            [
              101.63074644007123,
              2.976461806042007
            ],
            [
              101.63079872555336,
              2.976957302730888
            ],
            [
              101.63086712185105,
              2.9772131021015085
            ],
            [
              101.63095431263615,
              2.9774287055560764
            ],
            [
              101.63109110083927,
              2.9777702041636944
            ],
            [
              101.63122108982144,
              2.978133204340549
            ],
            [
              101.63141286913984,
              2.978880504494385
            ],
            [
              101.63149336172599,
              2.978999706176473
            ],
            [
              101.63155775667336,
              2.9790746063797156
            ],
            [
              101.63158725510229,
              2.97913490464008
            ],
            [
              101.63167974295487,
              2.979496505592009
            ],
            [
              101.63176823824166,
              2.979667908452288
            ],
            [
              101.6319479212716,
              2.9799518107511225
            ],
            [
              101.63233419871834,
              2.980383114158529
            ],
            [
              101.63270297300258,
              2.9808170186329606
            ],
            [
              101.63313873806081,
              2.9813366223443896
            ],
            [
              101.63337742234087,
              2.9816446272794868
            ],
            [
              101.63403987202047,
              2.982249934614197
            ],
            [
              101.63463803655922,
              2.982740145829612
            ],
            [
              101.63481502274054,
              2.9828767479044305
            ],
            [
              101.63497190993276,
              2.9830066521220013
            ],
            [
              101.63523069320192,
              2.983254354410449
            ],
            [
              101.63561426062324,
              2.98369906230492
            ],
            [
              101.63608912559427,
              2.984229469436388
            ],
            [
              101.6361264246798,
              2.984261568270268
            ],
            [
              101.63694725931282,
              2.9851212801369584
            ],
            [
              101.63731733370649,
              2.9855712866637503
            ],
            [
              101.63775989359341,
              2.986082894177562
            ],
            [
              101.6379690750523,
              2.986356098327198
            ],
            [
              101.63825604785643,
              2.9869560017587466
            ],
            [
              101.63859390940351,
              2.987681905614186
            ],
            [
              101.63874949209404,
              2.987973808496923
            ],
            [
              101.6390310624164,
              2.9885738128130273
            ],
            [
              101.63916784622725,
              2.988956814449638
            ],
            [
              101.63928183420039,
              2.9893264159854693
            ],
            [
              101.63932882261503,
              2.9895273166126026
            ],
            [
              101.6393314228339,
              2.9896211173180576
            ],
            [
              101.6393167219343,
              2.9896974167462265
            ],
            [
              101.63931801765149,
              2.989764316365567
            ],
            [
              101.63932881822276,
              2.989809916184782
            ],
            [
              101.63936901180871,
              2.989882215321
            ],
            [
              101.63939581338902,
              2.989923718349993
            ],
            [
              101.63944950439485,
              2.9900683166224282
            ],
            [
              101.63951109268706,
              2.990301416967997
            ],
            [
              101.63962107491761,
              2.9908799197148643
            ],
            [
              101.63981414116867,
              2.9918388186450318
            ],
            [
              101.63991672683068,
              2.992157517343042
            ],
            [
              101.63993751979712,
              2.992258621213079
            ],
            [
              101.63993352283906,
              2.9923182176678376
            ],
            [
              101.63993282007719,
              2.9923698179249794
            ],
            [
              101.63994961608557,
              2.992461517599903
            ],
            [
              101.63996971507467,
              2.992503020628896
            ],
            [
              101.64000061024278,
              2.9925405189796526
            ],
            [
              101.64004750641993,
              2.992603519191598
            ],
            [
              101.64007570473943,
              2.9926597206617402
            ],
            [
              101.64008240293838,
              2.9927909188333963
            ],
            [
              101.64015748865049,
              2.993054819672475
            ],
            [
              101.64043365209882,
              2.9937378256602805
            ],
            [
              101.64069922141216,
              2.994412730179628
            ],
            [
              101.64090300038926,
              2.994811833868599
            ],
            [
              101.64113367318416,
              2.995117136852115
            ],
            [
              101.64160833611115,
              2.995561844746586
            ],
            [
              101.64198919789932,
              2.9958939567042306
            ],
            [
              101.64241566453973,
              2.9961939654417105
            ],
            [
              101.64285552757802,
              2.996488574662313
            ],
            [
              101.6433516862333,
              2.996793886418399
            ],
            [
              101.64407312398622,
              2.9972519066879486
            ],
            [
              101.6452076275894,
              2.997961734808738
            ],
            [
              101.64585487125932,
              2.998410254384903
            ],
            [
              101.64667830171894,
              2.9989558775391547
            ],
            [
              101.64762402152613,
              2.999509900429246
            ],
            [
              101.64798078736715,
              2.9997028136313326
            ],
            [
              101.64825966523316,
              2.99985542126024
            ],
            [
              101.6485788377071,
              3.0000268328930892
            ],
            [
              101.6489731046777,
              3.0002599420112284
            ],
            [
              101.6492358761204,
              3.0004447493585715
            ],
            [
              101.64946115521805,
              3.0006509573905964
            ],
            [
              101.64960603835931,
              3.0008330627863584
            ],
            [
              101.64968913116432,
              3.0010259628295897
            ],
            [
              101.6497455190188,
              3.0011812636375086
            ],
            [
              101.64980450709213,
              3.001427663199301
            ],
            [
              101.64984199943717,
              3.0016017636248757
            ],
            [
              101.64988488547948,
              3.0018455665059283
            ],
            [
              101.64992247445427,
              3.0021535670547403
            ],
            [
              101.64995466094732,
              3.0024401669188707
            ],
            [
              101.64999753820508,
              3.003034762945528
            ],
            [
              101.65007800443766,
              3.0037926647502915
            ],
            [
              101.650153076973,
              3.00451586665415
            ],
            [
              101.65019596301529,
              3.004839960482752
            ],
            [
              101.65024684297371,
              3.005233664654846
            ],
            [
              101.65026833430973,
              3.005544362768954
            ],
            [
              101.65030851911115,
              3.0059648583700365
            ],
            [
              101.65038087722881,
              3.006934464221972
            ],
            [
              101.65043455066561,
              3.0075799587001657
            ],
            [
              101.6504774367079,
              3.0078852616836818
            ],
            [
              101.65054181847849,
              3.0082468582493256
            ],
            [
              101.65067319102305,
              3.008691460872956
            ],
            [
              101.65081266289802,
              3.009178864865949
            ],
            [
              101.65101912554695,
              3.009859274173014
            ],
            [
              101.65118809585086,
              3.010472573319057
            ],
            [
              101.65132216524404,
              3.0109466780958267
            ],
            [
              101.65137315061673,
              3.011134174235896
            ],
            [
              101.65145623463722,
              3.0114233795533365
            ],
            [
              101.65152592225984,
              3.011667081549833
            ],
            [
              101.65163861012354,
              3.0119027829624274
            ],
            [
              101.65176468560061,
              3.012143888278184
            ],
            [
              101.6520355563737,
              3.0125295918663757
            ],
            [
              101.65223932217403,
              3.0128590018724393
            ],
            [
              101.65242439450896,
              3.013231309746137
            ],
            [
              101.65257187786908,
              3.0134492116140623
            ],
            [
              101.65287743872433,
              3.0138533200542574
            ],
            [
              101.65314320568945,
              3.0141388321196994
            ],
            [
              101.6532288899288,
              3.0142531299351187
            ],
            [
              101.65333758083445,
              3.0143589359027123
            ],
            [
              101.65343006429478,
              3.0144526357236114
            ],
            [
              101.65350115744108,
              3.0145022358347777
            ],
            [
              101.6535722505874,
              3.0145397385718193
            ],
            [
              101.6536406468851,
              3.014570547837899
            ],
            [
              101.65376803125613,
              3.0146066469637303
            ],
            [
              101.65390342711233,
              3.0146200514507946
            ],
            [
              101.65407910879195,
              3.014656264620036
            ],
            [
              101.65425479047157,
              3.014712470476464
            ],
            [
              101.65461255774824,
              3.0148021787779817
            ],
            [
              101.65513671267897,
              3.0147867039643814
            ],
            [
              101.65580006716445,
              3.0146890301692415
            ],
            [
              101.65642072008261,
              3.014486252212113
            ],
            [
              101.65819612492996,
              3.0133888300142826
            ],
            [
              101.66079637015288,
              3.0120583469474482
            ],
            [
              101.66884368738812,
              3.011011638977182
            ],
            [
              101.66927815233691,
              3.010979557688443
            ],
            [
              101.67006258390576,
              3.0110893990382674
            ],
            [
              101.67026646390487,
              3.0111497104574867
            ],
            [
              101.67032546076274,
              3.0111611147985755
            ],
            [
              101.67066872479158,
              3.0112515336782693
            ],
            [
              101.67098659276384,
              3.0113519445152708
            ],
            [
              101.6715028504082,
              3.0115086752521103
            ],
            [
              101.67200299723702,
              3.011649299550305
            ],
            [
              101.67238856752964,
              3.0117611235009654
            ],
            [
              101.67274323386961,
              3.0118629379491777
            ],
            [
              101.67341506541997,
              3.0120524780980724
            ],
            [
              101.67358604737969,
              3.01210738561413
            ],
            [
              101.67374093609288,
              3.012163591470557
            ],
            [
              101.67397561463036,
              3.0122125073212582
            ],
            [
              101.67409160547479,
              3.0122326140518543
            ],
            [
              101.67429608282148,
              3.01226542346391
            ],
            [
              101.67444027198542,
              3.012272134480012
            ],
            [
              101.67462525647511,
              3.0122842406267063
            ],
            [
              101.674848541486,
              3.0123103565677996
            ],
            [
              101.6749592264784,
              3.0123163657782963
            ],
            [
              101.67515161632117,
              3.0123170763564717
            ],
            [
              101.67524220232448,
              3.012319778308053
            ],
            [
              101.67533669744063,
              3.0123290860048955
            ],
            [
              101.67560757699825,
              3.012358596930605
            ],
            [
              101.67575236350974,
              3.0123760104821904
            ],
            [
              101.67591264592019,
              3.012386019984638
            ],
            [
              101.67601994008665,
              3.0123941258393816
            ],
            [
              101.676198924747,
              3.0124148378773126
            ],
            [
              101.6763116126107,
              3.012428242364377
            ],
            [
              101.67643830300439,
              3.0124383483650954
            ],
            [
              101.67670117986137,
              3.012459060403027
            ],
            [
              101.67680706850412,
              3.01246716625777
            ],
            [
              101.67691166582195,
              3.0124838780037497
            ],
            [
              101.67707995093302,
              3.0125019845883707
            ],
            [
              101.6772013354747,
              3.0125106957504486
            ],
            [
              101.67734412789945,
              3.012518705106921
            ],
            [
              101.67741351684825,
              3.0125222053623784
            ],
            [
              101.67756251114638,
              3.0125297146823566
            ],
            [
              101.67797307340751,
              3.0125013441907558
            ],
            [
              101.67826005499617,
              3.0124330585053443
            ],
            [
              101.6784397512029,
              3.0123781685344273
            ],
            [
              101.67874152592864,
              3.012276389176495
            ],
            [
              101.6790110175316,
              3.012178706608785
            ],
            [
              101.67925780114206,
              3.012051521887935
            ],
            [
              101.6795554910645,
              3.0118881415429835
            ],
            [
              101.67966148512153,
              3.0118211454253725
            ],
            [
              101.67979288401966,
              3.011728752717413
            ],
            [
              101.67984387817688,
              3.0116912587529416
            ],
            [
              101.67992027717521,
              3.0116484661561485
            ],
            [
              101.68005166728882,
              3.011586873941699
            ],
            [
              101.6801415593148,
              3.011543976074065
            ],
            [
              101.68029845089929,
              3.011498490298261
            ],
            [
              101.68038424933745,
              3.0114729884370726
            ],
            [
              101.68058403574877,
              3.011427502661269
            ],
            [
              101.68080401777893,
              3.0113766217548728
            ],
            [
              101.6812022904921,
              3.0113163454259335
            ],
            [
              101.68157236488577,
              3.01127216676307
            ],
            [
              101.68202834313189,
              3.0111677994969677
            ],
            [
              101.68216382683332,
              3.011135709435658
            ],
            [
              101.6823006194287,
              3.011123612061534
            ],
            [
              101.6823958173067,
              3.0111169185905715
            ],
            [
              101.68257820157753,
              3.011118234476082
            ],
            [
              101.68272568493767,
              3.011127638671195
            ],
            [
              101.68280877774268,
              3.011133042574357
            ],
            [
              101.68294027327056,
              3.011133051346927
            ],
            [
              101.68307566034224,
              3.0111343672324375
            ],
            [
              101.68321644989568,
              3.0111316740534266
            ],
            [
              101.68332644091076,
              3.0111330776646374
            ],
            [
              101.68342703248601,
              3.0111330864372077
            ],
            [
              101.68355842259962,
              3.01114109579368
            ],
            [
              101.68365500843228,
              3.0111585005726953
            ],
            [
              101.68386279754424,
              3.011192011790356
            ],
            [
              101.68400097809428,
              3.011228224959598
            ],
            [
              101.68417396292529,
              3.0112978353030897
            ],
            [
              101.68429735033826,
              3.011347338915985
            ],
            [
              101.68452932324259,
              3.0114746552253857
            ],
            [
              101.68467810671214,
              3.011576364402757
            ],
            [
              101.68487798096868,
              3.011745183741151
            ],
            [
              101.68520913114003,
              3.012007702900444
            ],
            [
              101.68540630854794,
              3.012175109855057
            ],
            [
              101.68555648875669,
              3.012309023137149
            ],
            [
              101.68563827266776,
              3.01240812686121
            ],
            [
              101.6857468493746,
              3.012551435565846
            ],
            [
              101.6858112399297,
              3.0126612418253904
            ],
            [
              101.68585142912337,
              3.012753643305919
            ],
            [
              101.68600428861171,
              3.013150049429594
            ],
            [
              101.6861665563244,
              3.0134566595260504
            ],
            [
              101.68625363730295,
              3.0136508666822217
            ],
            [
              101.68634621739304,
              3.0138597678932575
            ],
            [
              101.68641320816701,
              3.013965573860851
            ],
            [
              101.68647889004703,
              3.0140579753413803
            ],
            [
              101.68656607643986,
              3.0142052843379665
            ],
            [
              101.68669885450814,
              3.0143767968553714
            ],
            [
              101.68681952750345,
              3.0145508972809463
            ],
            [
              101.68685842537221,
              3.0146472990534265
            ],
            [
              101.68691740466102,
              3.014757105312971
            ],
            [
              101.6870044944241,
              3.0148602093289836
            ],
            [
              101.6871265729431,
              3.015014220569102
            ],
            [
              101.6873934291891,
              3.015349034478328
            ],
            [
              101.68766957946065,
              3.0157347556116596
            ],
            [
              101.68782645347608,
              3.0159061628582235
            ],
            [
              101.68790964291085,
              3.015995871159742
            ],
            [
              101.68806781703573,
              3.0161217838579315
            ],
            [
              101.68821799724448,
              3.016232993728687
            ],
            [
              101.68846076632784,
              3.0164097083801424
            ],
            [
              101.68870212988747,
              3.01655971932831
            ],
            [
              101.68899439975911,
              3.0167512420780405
            ],
            [
              101.6891137814295,
              3.0168235543731132
            ],
            [
              101.68925186534979,
              3.016913359172902
            ],
            [
              101.68949322890944,
              3.0170592733308474
            ],
            [
              101.68964211779328,
              3.0171382878694524
            ],
            [
              101.68972120485572,
              3.017171790314543
            ],
            [
              101.68991838226363,
              3.017244111382186
            ],
            [
              101.69016915404762,
              3.017321827580421
            ],
            [
              101.69049092234819,
              3.0174303442721655
            ],
            [
              101.69088787738288,
              3.0175615731478165
            ],
            [
              101.69127403623855,
              3.0177008991056407
            ],
            [
              101.69152480802255,
              3.017775922124865
            ],
            [
              101.69197806306647,
              3.0179232574391612
            ],
            [
              101.6922435313578,
              3.018016974805201
            ],
            [
              101.6925225014613,
              3.0181013932469676
            ],
            [
              101.69263108695266,
              3.018142905048531
            ],
            [
              101.69272898167928,
              3.0181818113967833
            ],
            [
              101.69282157055389,
              3.018231315009679
            ],
            [
              101.69291675086284,
              3.018279520282204
            ],
            [
              101.69301994265696,
              3.0183572277078685
            ],
            [
              101.69326000610717,
              3.0185688484156254
            ],
            [
              101.69354696134225,
              3.0188205685411647
            ],
            [
              101.69382451713751,
              3.019092483123001
            ],
            [
              101.69407797698561,
              3.0193362026646375
            ],
            [
              101.69420536135664,
              3.019446017696752
            ],
            [
              101.69433004009453,
              3.0195572187949375
            ],
            [
              101.69450970994768,
              3.019700536272143
            ],
            [
              101.6946303917275,
              3.0198210450671708
            ],
            [
              101.69475776731402,
              3.019971056015338
            ],
            [
              101.6949173469626,
              3.0201437616022724
            ],
            [
              101.69505141635578,
              3.0202924742100694
            ],
            [
              101.69517079802617,
              3.0204263874921615
            ],
            [
              101.69524048564878,
              3.0205616868403244
            ],
            [
              101.69529676808897,
              3.0206727914402394
            ],
            [
              101.69535574737777,
              3.020836198102901
            ],
            [
              101.69548180528581,
              3.0212446051024293
            ],
            [
              101.69555958345428,
              3.021442812550552
            ],
            [
              101.69562256848567,
              3.0216129126841755
            ],
            [
              101.6956547549787,
              3.021762914859773
            ],
            [
              101.69567213955014,
              3.0219142153757406
            ],
            [
              101.69568292694464,
              3.022105720580331
            ],
            [
              101.6956882152276,
              3.0222637145672606
            ],
            [
              101.69571099349629,
              3.022468615486345
            ],
            [
              101.69573917424674,
              3.0227445215875623
            ],
            [
              101.69576994643153,
              3.0230150237856175
            ],
            [
              101.69580482977318,
              3.023197124795095
            ],
            [
              101.69582361986832,
              3.0233284238513067
            ],
            [
              101.6958585119945,
              3.023398025422228
            ],
            [
              101.69602735931507,
              3.0237971334974842
            ],
            [
              101.69615883727391,
              3.0240140440649923
            ],
            [
              101.696384090018,
              3.024308662058165
            ],
            [
              101.69649667246742,
              3.0244345747563552
            ],
            [
              101.69667374210171,
              3.024622088441564
            ],
            [
              101.69693379912674,
              3.024825708565419
            ],
            [
              101.69711887146167,
              3.024954217944349
            ],
            [
              101.6973924390834,
              3.0250881399990113
            ],
            [
              101.69768209995163,
              3.025206060885869
            ],
            [
              101.69801466443121,
              3.025323885274456
            ],
            [
              101.69840231665583,
              3.0254280156811664
            ],
            [
              101.69860729472035,
              3.0254605355984094
            ],
            [
              101.69898545965991,
              3.0255489631046975
            ],
            [
              101.69933951108325,
              3.0256694894448657
            ],
            [
              101.69969347466137,
              3.0258008235913576
            ],
            [
              101.70005552878536,
              3.0259508520846654
            ],
            [
              101.70036668538188,
              3.0261222768763694
            ],
            [
              101.70067773656413,
              3.0262990003003947
            ],
            [
              101.70086011205044,
              3.0264169124146822
            ],
            [
              101.70104778460424,
              3.0265535276483555
            ],
            [
              101.70127844861462,
              3.0267651483561124
            ],
            [
              101.70146081531641,
              3.0269284585205036
            ],
            [
              101.70169147932678,
              3.0271427811798413
            ],
            [
              101.70188454557783,
              3.0273516911634473
            ],
            [
              101.70212590035295,
              3.027595410705084
            ],
            [
              101.7022492789814,
              3.0277133228193716
            ],
            [
              101.70234846503293,
              3.0277910302450364
            ],
            [
              101.70245304478172,
              3.027863342540109
            ],
            [
              101.70256032137912,
              3.027983851335137
            ],
            [
              101.70271859213375,
              3.0282302640557845
            ],
            [
              101.7028284601655,
              3.0284579648844767
            ],
            [
              101.70291433766438,
              3.028611976124595
            ],
            [
              101.70298261976326,
              3.028764583753503
            ],
            [
              101.70304430468524,
              3.0289145859291002
            ],
            [
              101.7031690536993,
              3.0293176942963074
            ],
            [
              101.70321193974159,
              3.0294997953057847
            ],
            [
              101.70326820461274,
              3.0297997996569794
            ],
            [
              101.70333786588178,
              3.0301828100661603
            ],
            [
              101.7034156264812,
              3.0306033144398126
            ],
            [
              101.70346659428485,
              3.030868412734706
            ],
            [
              101.70355235758493,
              3.031275521393864
            ],
            [
              101.70360062853995,
              3.0315541206740924
            ],
            [
              101.70361131052017,
              3.0317416255867315
            ],
            [
              101.70361129295112,
              3.031910322109144
            ],
            [
              101.70361127538207,
              3.032159419236233
            ],
            [
              101.7036246454264,
              3.032424526303696
            ],
            [
              101.70363541525185,
              3.0327861228693402
            ],
            [
              101.70365678799682,
              3.0331209192334256
            ],
            [
              101.70366485218912,
              3.033493218334553
            ],
            [
              101.7036675314687,
              3.0337423242342116
            ],
            [
              101.70367819587987,
              3.0341360196337357
            ],
            [
              101.70368088394397,
              3.034347622796352
            ],
            [
              101.70367006141139,
              3.0345779203057845
            ],
            [
              101.70365934429307,
              3.0348002172313144
            ],
            [
              101.70364048392175,
              3.0355019175659357
            ],
            [
              101.70363246365206,
              3.035780508073594
            ],
            [
              101.70358414877441,
              3.036013507534607
            ],
            [
              101.70352512556298,
              3.03637240214867
            ],
            [
              101.7034607086543,
              3.03659729575494
            ],
            [
              101.70344190099011,
              3.0367686942289343
            ],
            [
              101.70344188342106,
              3.0369106958206293
            ],
            [
              101.70344997396694,
              3.037106192544601
            ],
            [
              101.70348484852407,
              3.0372775910185945
            ],
            [
              101.70355452736216,
              3.0374945980843733
            ],
            [
              101.70367519157293,
              3.037719509235784
            ],
            [
              101.70377176862108,
              3.0378749153145432
            ],
            [
              101.70395142968971,
              3.038174831940037
            ],
            [
              101.70407739096798,
              3.038394540957397
            ],
            [
              101.7042061720782,
              3.038520348384746
            ],
            [
              101.704393844632,
              3.0386168642006375
            ],
            [
              101.70453871898873,
              3.0387105815666766
            ],
            [
              101.70465669513541,
              3.0388230897778024
            ],
            [
              101.70472638275801,
              3.038930194085766
            ],
            [
              101.70481226904141,
              3.0390133054145925
            ],
            [
              101.70499193889457,
              3.0391365161612014
            ],
            [
              101.70529757881053,
              3.0394498460463297
            ],
            [
              101.70545584956515,
              3.0395677581606173
            ],
            [
              101.70572130907195,
              3.0397337790491594
            ],
            [
              101.70593856789992,
              3.03992399468595
            ],
            [
              101.70604854134595,
              3.040095401932514
            ],
            [
              101.70608332805784,
              3.040197207608156
            ],
            [
              101.70613961049804,
              3.0403391127015804
            ],
            [
              101.7062334731285,
              3.040676619789817
            ],
            [
              101.70637832113167,
              3.041105133519942
            ],
            [
              101.70646948691352,
              3.041413138455039
            ],
            [
              101.70659814504042,
              3.041726547293298
            ],
            [
              101.70672419416391,
              3.042152359071842
            ],
            [
              101.70684484080564,
              3.042554063827838
            ],
            [
              101.70689312054519,
              3.042773772845198
            ],
            [
              101.70692260140507,
              3.0429397761886
            ],
            [
              101.70692258383603,
              3.043087076412616
            ],
            [
              101.70690907323933,
              3.0432424737188057
            ],
            [
              101.7068581493583,
              3.0435986663812877
            ],
            [
              101.7068178371813,
              3.043826261939139
            ],
            [
              101.70679640294468,
              3.04414765381616
            ],
            [
              101.7067829714087,
              3.0445681581898127
            ],
            [
              101.70684462997708,
              3.0449324567070377
            ],
            [
              101.70690887997982,
              3.0453984644016345
            ],
            [
              101.70696525026524,
              3.0457010654335694
            ],
            [
              101.70699199913841,
              3.046220664758713
            ],
            [
              101.70702147121378,
              3.046576866193765
            ],
            [
              101.70709920545964,
              3.047139372159113
            ],
            [
              101.70721714646821,
              3.047709782210092
            ],
            [
              101.70731770290537,
              3.048082791889395
            ],
            [
              101.70736728275435,
              3.0482353907457327
            ],
            [
              101.70740346620545,
              3.048358601492341
            ],
            [
              101.70743635546033,
              3.048473802882478
            ],
            [
              101.70746313947159,
              3.048566204363007
            ],
            [
              101.70749802281324,
              3.048692108288627
            ],
            [
              101.70752881256709,
              3.048817310408641
            ],
            [
              101.70754619713851,
              3.0489298098471966
            ],
            [
              101.70756638397285,
              3.049091111093042
            ],
            [
              101.70758446252161,
              3.0492565091291093
            ],
            [
              101.70759115632829,
              3.0493683155346294
            ],
            [
              101.70759644461126,
              3.0495170105972864
            ],
            [
              101.70759843869803,
              3.0495886123141838
            ],
            [
              101.70759712980407,
              3.049665609161673
            ],
            [
              101.7076045175881,
              3.0498056106073927
            ],
            [
              101.70759840355994,
              3.049947506928247
            ],
            [
              101.70758569235485,
              3.0500747091942366
            ],
            [
              101.70757098706301,
              3.0501819100004712
            ],
            [
              101.70756287894808,
              3.050294304168186
            ],
            [
              101.70756286137905,
              3.0504256032243977
            ],
            [
              101.70755484989388,
              3.050575605399995
            ],
            [
              101.70754003918775,
              3.050729599094973
            ],
            [
              101.70751722578098,
              3.05087819765936
            ],
            [
              101.70747701901826,
              3.0510415955494516
            ],
            [
              101.70744611506562,
              3.051151393036426
            ],
            [
              101.70741930470079,
              3.051289289065329
            ],
            [
              101.70739108881224,
              3.051495488324784
            ],
            [
              101.7073535613291,
              3.0518142835210647
            ],
            [
              101.70731064893323,
              3.0520699776208446
            ],
            [
              101.70728643878728,
              3.0522333755109363
            ],
            [
              101.70725291704672,
              3.052477068734863
            ],
            [
              101.70723820297034,
              3.052617666715347
            ],
            [
              101.7072354973372,
              3.0526899702378496
            ],
            [
              101.70722469237366,
              3.0527663705505743
            ],
            [
              101.7072099870818,
              3.0528654655020655
            ],
            [
              101.70718318550149,
              3.0529792632809913
            ],
            [
              101.70711746848339,
              3.0532310535870906
            ],
            [
              101.70706645675712,
              3.053411750985357
            ],
            [
              101.70703425269504,
              3.05354834867389
            ],
            [
              101.70698063196538,
              3.0537880416058654
            ],
            [
              101.70690812451083,
              3.054026436197471
            ],
            [
              101.70684650986506,
              3.05421523067791
            ],
            [
              101.70679010444154,
              3.0543947262340767
            ],
            [
              101.70676869655848,
              3.0544978214775194
            ],
            [
              101.70675928833413,
              3.054582117103305
            ],
            [
              101.70675528259154,
              3.05469192336285
            ],
            [
              101.70674987132524,
              3.054828521051383
            ],
            [
              101.70674716569211,
              3.0549116148350697
            ],
            [
              101.70672835802792,
              3.0549919189414747
            ],
            [
              101.70669885081446,
              3.0551312098090184
            ],
            [
              101.70665593841859,
              3.0552999063314314
            ],
            [
              101.70661302602272,
              3.055451206847399
            ],
            [
              101.70658351880927,
              3.0556079024939584
            ],
            [
              101.70656201429647,
              3.0557390962793294
            ],
            [
              101.70653790078026,
              3.0559171969968553
            ],
            [
              101.70652178118017,
              3.056159591880412
            ],
            [
              101.70651506980444,
              3.056254695312522
            ],
            [
              101.7064815568484,
              3.056478290578422
            ],
            [
              101.70647545160477,
              3.0565284872243526
            ],
            [
              101.70645615200729,
              3.056577990837248
            ],
            [
              101.7064077404999,
              3.056701982342593
            ],
            [
              101.70639033835943,
              3.0567728822538847
            ],
            [
              101.70635813429735,
              3.056913480234369
            ],
            [
              101.70622128899483,
              3.057554965648041
            ],
            [
              101.70617437964088,
              3.0577464620800616
            ],
            [
              101.70615287512808,
              3.0578294593654776
            ],
            [
              101.70613677309704,
              3.057908456358942
            ],
            [
              101.70612066228148,
              3.0580330531716218
            ],
            [
              101.70611534764494,
              3.058157553486031
            ],
            [
              101.70610853963946,
              3.058302151758466
            ],
            [
              101.7061018194792,
              3.0585539508371355
            ],
            [
              101.70609110236089,
              3.058786950298149
            ],
            [
              101.70609249031556,
              3.0589342505221655
            ],
            [
              101.70609917533771,
              3.0590560488849934
            ],
            [
              101.70610586035987,
              3.0591632496912275
            ],
            [
              101.70611525101518,
              3.05926765204761
            ],
            [
              101.70614733209393,
              3.059492650924721
            ],
            [
              101.70615542263981,
              3.0595622524956427
            ],
            [
              101.70617681295381,
              3.0596908496002735
            ],
            [
              101.70619029719694,
              3.0597725573178893
            ],
            [
              101.70622238706022,
              3.059923857833857
            ],
            [
              101.70624926770124,
              3.060044357856315
            ],
            [
              101.70627205475444,
              3.060144759920746
            ],
            [
              101.7063149320122,
              3.0603443622075095
            ],
            [
              101.70634712728976,
              3.0604313685574467
            ],
            [
              101.70638860780835,
              3.0605197697460245
            ],
            [
              101.70645698653699,
              3.0606402785410523
            ],
            [
              101.70652136830758,
              3.060756778271559
            ],
            [
              101.70661924546516,
              3.060926887177753
            ],
            [
              101.70666213150746,
              3.0610018926518365
            ],
            [
              101.70671172014096,
              3.061070195882388
            ],
            [
              101.70677340506292,
              3.0611384991129396
            ],
            [
              101.70681899673836,
              3.061189406337046
            ],
            [
              101.70689818043056,
              3.061276412686983
            ],
            [
              101.70697586196928,
              3.061336715333632
            ],
            [
              101.7070965437491,
              3.0614103259690753
            ],
            [
              101.70774962034243,
              3.0618388835620505
            ],
            [
              101.70849109559279,
              3.062246053629199
            ],
            [
              101.70882763067686,
              3.062445576962832
            ],
            [
              101.70925266104773,
              3.062621116089898
            ],
            [
              101.70979377889277,
              3.062767863642
            ],
            [
              101.71021411832824,
              3.0628662041524652
            ],
            [
              101.71042598345896,
              3.0629104310644646
            ],
            [
              101.71053057199227,
              3.062931836135431
            ],
            [
              101.71061506153647,
              3.0629546448176086
            ],
            [
              101.71068474915907,
              3.062973453207835
            ],
            [
              101.71076393285126,
              3.063016263349768
            ],
            [
              101.71082822677661,
              3.0630430547787566
            ],
            [
              101.71092880956733,
              3.063088566872271
            ],
            [
              101.71103478605532,
              3.0631407812093174
            ],
            [
              101.71112726951564,
              3.0631930832720644
            ],
            [
              101.71126134769335,
              3.0632801071671416
            ],
            [
              101.71137402677253,
              3.063360516544387
            ],
            [
              101.71153618907094,
              3.0634930174426986
            ],
            [
              101.71170116241677,
              3.063628343108572
            ],
            [
              101.71182583237014,
              3.063734157848735
            ],
            [
              101.71204168567438,
              3.063904170256658
            ],
            [
              101.71223885429777,
              3.0640608834483576
            ],
            [
              101.71245870456008,
              3.064237703370654
            ],
            [
              101.71262097227277,
              3.0643796260092184
            ],
            [
              101.7127630443666,
              3.0645015296428872
            ],
            [
              101.71292260644614,
              3.0646474525734027
            ],
            [
              101.7130553757299,
              3.064757355331218
            ],
            [
              101.71322164918516,
              3.064885873482718
            ],
            [
              101.71331282375152,
              3.064958194550361
            ],
            [
              101.71363726254714,
              3.065214020238692
            ],
            [
              101.71382102598812,
              3.0653586272836972
            ],
            [
              101.71410656691498,
              3.06558636320267
            ],
            [
              101.7142876247228,
              3.0657282858412342
            ],
            [
              101.71443240244977,
              3.0658380833282086
            ],
            [
              101.71467244833094,
              3.066016219136015
            ],
            [
              101.7148038208755,
              3.0661207179906684
            ],
            [
              101.71487891097988,
              3.0661783362308768
            ],
            [
              101.71506667137892,
              3.0662921515549426
            ],
            [
              101.71520604662412,
              3.0663657709629555
            ],
            [
              101.71530263245678,
              3.0664193713660723
            ],
            [
              101.7153723200794,
              3.0664474786805713
            ],
            [
              101.71563387047337,
              3.06657069819975
            ],
            [
              101.71583763627369,
              3.0666484231705553
            ],
            [
              101.7160294024153,
              3.0667287448221003
            ],
            [
              101.71631905449901,
              3.066841279350936
            ],
            [
              101.71652412040876,
              3.0669189867766007
            ],
            [
              101.71678967654532,
              3.0670261174022744
            ],
            [
              101.71705113030954,
              3.067133248027948
            ],
            [
              101.71738367722008,
              3.067268573693821
            ],
            [
              101.71765722727275,
              3.067381108222657
            ],
            [
              101.71781140443957,
              3.0674454111612577
            ],
            [
              101.71804205966542,
              3.067540435640237
            ],
            [
              101.71834241129841,
              3.067663672704556
            ],
            [
              101.71857036967563,
              3.0677574865688664
            ],
            [
              101.7186588561779,
              3.067792296126897
            ],
            [
              101.7187419401984,
              3.067829807636509
            ],
            [
              101.71881502743148,
              3.067861915242959
            ],
            [
              101.7188646248495,
              3.067882723779161
            ],
            [
              101.71892500966203,
              3.0679135330452407
            ],
            [
              101.71899739413327,
              3.0679664316427524
            ],
            [
              101.71906377877514,
              3.0680146456878474
            ],
            [
              101.71921125335075,
              3.068111056232898
            ],
            [
              101.71936142477497,
              3.0682154673618505
            ],
            [
              101.71948079766084,
              3.0683119831777415
            ],
            [
              101.71959737706833,
              3.0683948839648867
            ],
            [
              101.71969395411647,
              3.0684806972452945
            ],
            [
              101.71977713476672,
              3.068534209922711
            ],
            [
              101.71989241406476,
              3.068619917932278
            ],
            [
              101.7200438768139,
              3.0687284346240227
            ],
            [
              101.72021284711779,
              3.0688503558028315
            ],
            [
              101.7203831087466,
              3.0689748736623805
            ],
            [
              101.72053067995196,
              3.0690886889864464
            ],
            [
              101.72065805553846,
              3.0691878014830776
            ],
            [
              101.72084840737185,
              3.069348514966728
            ],
            [
              101.72099727868664,
              3.069466435853586
            ],
            [
              101.7211621466182,
              3.0696150431905425
            ],
            [
              101.72135390397528,
              3.06976637002422
            ],
            [
              101.72154296448376,
              3.0699230832159197
            ],
            [
              101.72175351193599,
              3.070098499527005
            ],
            [
              101.72187009134348,
              3.070193611731685
            ],
            [
              101.7219733621983,
              3.0702860219847845
            ],
            [
              101.72204044960203,
              3.0703663436363295
            ],
            [
              101.72209532651851,
              3.0704695441506127
            ],
            [
              101.7221664108803,
              3.070583341929538
            ],
            [
              101.7222401833062,
              3.0707158603729896
            ],
            [
              101.72228037249987,
              3.0708056564002084
            ],
            [
              101.72230856203484,
              3.0708939610905155
            ],
            [
              101.72239832229297,
              3.071141768649804
            ],
            [
              101.72246669223709,
              3.0713385724867157
            ],
            [
              101.72252296589276,
              3.071491285386464
            ],
            [
              101.72260073527671,
              3.0717282851394287
            ],
            [
              101.72267579902753,
              3.071914403985997
            ],
            [
              101.72273217809747,
              3.072111295548609
            ],
            [
              101.72280454499965,
              3.0723122049483127
            ],
            [
              101.72284742225743,
              3.0724688128691717
            ],
            [
              101.72287290615925,
              3.0725559069448094
            ],
            [
              101.72290099906446,
              3.07265361583023
            ],
            [
              101.72296266641739,
              3.0728585255218848
            ],
            [
              101.72302163692167,
              3.073011220876493
            ],
            [
              101.72307132218494,
              3.073094226934479
            ],
            [
              101.72312360766706,
              3.073163846050541
            ],
            [
              101.7232388781806,
              3.073307154755176
            ],
            [
              101.72331395950044,
              3.073384862180841
            ],
            [
              101.723423941731,
              3.07347857077431
            ],
            [
              101.72356070797281,
              3.073570981027409
            ],
            [
              101.72368138096812,
              3.073642003754682
            ],
            [
              101.7237926633081,
              3.0737076050336523
            ],
            [
              101.72389854316633,
              3.0737491168352156
            ],
            [
              101.72400042606648,
              3.0737839263932463
            ],
            [
              101.72408231539181,
              3.073809437027005
            ],
            [
              101.72431017713929,
              3.0738509663737084
            ],
            [
              101.7245421412591,
              3.0738897937688305
            ],
            [
              101.72471521393534,
              3.0739126024510077
            ],
            [
              101.72485729481369,
              3.0739394114251364
            ],
            [
              101.72499007288197,
              3.0739661326735646
            ],
            [
              101.72508525319093,
              3.073994239988063
            ],
            [
              101.72517513643238,
              3.0740411556927882
            ],
            [
              101.72526892000214,
              3.0740920716894644
            ],
            [
              101.7253373075153,
              3.074144268481371
            ],
            [
              101.72538429592994,
              3.074196570544118
            ],
            [
              101.72548747015502,
              3.0742969813811194
            ],
            [
              101.72556664506268,
              3.0743973922181205
            ],
            [
              101.72565642288986,
              3.0745232961437403
            ],
            [
              101.72572829785874,
              3.0746148115946927
            ],
            [
              101.7257810840587,
              3.074736223964438
            ],
            [
              101.72581396452907,
              3.074851513080275
            ],
            [
              101.72586792785512,
              3.0751186202937135
            ],
            [
              101.72612991747526,
              3.0767619507543227
            ],
            [
              101.72619654808379,
              3.0772872522500108
            ],
            [
              101.72633196150903,
              3.0779253689967767
            ],
            [
              101.7263708242397,
              3.0781950728909555
            ],
            [
              101.72641767210196,
              3.078612980583868
            ],
            [
              101.72645245002934,
              3.0788071877400394
            ],
            [
              101.72647992801794,
              3.0789677784077094
            ],
            [
              101.7264927094992,
              3.0791258776654797
            ],
            [
              101.72648599812347,
              3.079265186078164
            ],
            [
              101.72648007735482,
              3.07942277652687
            ],
            [
              101.7264792691787,
              3.079498185539177
            ],
            [
              101.72647376128263,
              3.079614579998843
            ],
            [
              101.72645634157313,
              3.079796786279161
            ],
            [
              101.72643222805692,
              3.0799681847531546
            ],
            [
              101.72640671780152,
              3.080106072009488
            ],
            [
              101.72638530991847,
              3.080230572323897
            ],
            [
              101.72636389325089,
              3.080381969338135
            ],
            [
              101.72635307950281,
              3.080478362338045
            ],
            [
              101.72632755167838,
              3.08077836668924
            ],
            [
              101.72630334153241,
              3.0808934628085356
            ],
            [
              101.72629563750556,
              3.080994452635162
            ],
            [
              101.72628712530258,
              3.0811193564877937
            ],
            [
              101.7262992830827,
              3.081483962044971
            ],
            [
              101.72633003769845,
              3.0818219691697015
            ],
            [
              101.72633283117682,
              3.081945960675047
            ],
            [
              101.72634001691681,
              3.0820632674819994
            ],
            [
              101.7263547046396,
              3.0821551689260347
            ],
            [
              101.72637848434394,
              3.0822507723946386
            ],
            [
              101.72640127139714,
              3.082354271176304
            ],
            [
              101.72646474836183,
              3.082538881140821
            ],
            [
              101.72655529922704,
              3.0828070761529482
            ],
            [
              101.72662285221051,
              3.083213597049912
            ],
            [
              101.72666771477053,
              3.083459299192384
            ],
            [
              101.72664187070326,
              3.083879487753514
            ],
            [
              101.72662052431187,
              3.084387279199346
            ],
            [
              101.72660731238896,
              3.0845038842006933
            ],
            [
              101.72658910207235,
              3.084574977108527
            ],
            [
              101.72652687250995,
              3.0849736728729895
            ],
            [
              101.72642094872911,
              3.0853646663209324
            ],
            [
              101.72638333340075,
              3.0855052555288465
            ],
            [
              101.72635112933867,
              3.0856364580867877
            ],
            [
              101.72631231053062,
              3.0858105409672225
            ],
            [
              101.72630020545763,
              3.085886950052517
            ],
            [
              101.72629480297586,
              3.0859618502557598
            ],
            [
              101.72630148799801,
              3.086052944623349
            ],
            [
              101.72631897798372,
              3.0861694443538554
            ],
            [
              101.72636714352447,
              3.086372950434299
            ],
            [
              101.72640872067281,
              3.0865256633340477
            ],
            [
              101.72646099737042,
              3.086711764635476
            ],
            [
              101.72650526258286,
              3.0869072701320177
            ],
            [
              101.72655613375676,
              3.087142971544612
            ],
            [
              101.72658841687954,
              3.087279578005715
            ],
            [
              101.7266298886136,
              3.0874683812587245
            ],
            [
              101.7266620663221,
              3.087626375245654
            ],
            [
              101.72670763164399,
              3.0878446894243727
            ],
            [
              101.72673711250387,
              3.087979892274265
            ],
            [
              101.72676938684214,
              3.0882038910783884
            ],
            [
              101.72677388451801,
              3.088235086337551
            ],
            [
              101.72679267461315,
              3.0882953012585
            ],
            [
              101.72683495452335,
              3.0884125027946117
            ],
            [
              101.72684123545744,
              3.088535704768651
            ],
            [
              101.72689641104772,
              3.0886858034425186
            ],
            [
              101.72691189816213,
              3.08883111229313
            ],
            [
              101.72695178868202,
              3.0888126021702855
            ],
            [
              101.72697818617425,
              3.088803513787695
            ],
            [
              101.72700699062585,
              3.088789916304089
            ],
            [
              101.72707247924636,
              3.0887589140414677
            ],
            [
              101.72702300481166,
              3.08861911436486
            ],
            [
              101.72697443518284,
              3.088372306878559
            ],
            [
              101.72694316228022,
              3.088194714970097
            ],
            [
              101.72690129524261,
              3.087956504602463
            ],
            [
              101.7268746078611,
              3.087817196189779
            ],
            [
              101.72677067816704,
              3.087370689918444
            ],
            [
              101.72673449471596,
              3.0872246968073678
            ],
            [
              101.72668892939407,
              3.087015786823762
            ],
            [
              101.72662596193173,
              3.0867680845353145
            ],
            [
              101.72657229727946,
              3.0865551742597575
            ],
            [
              101.72654011078643,
              3.086417164187443
            ],
            [
              101.72650802970767,
              3.086316770895582
            ],
            [
              101.72647174962682,
              3.0861627596554633
            ],
            [
              101.72645566516483,
              3.086048961876538
            ],
            [
              101.7264516769913,
              3.085969956110503
            ],
            [
              101.72645568273389,
              3.085886967597657
            ],
            [
              101.72647319907315,
              3.0857637656236183
            ],
            [
              101.72650000065346,
              3.0856739695963995
            ],
            [
              101.72653760719732,
              3.085521379512632
            ],
            [
              101.72657381700198,
              3.085391475295061
            ],
            [
              101.72661002680663,
              3.0852535880387277
            ],
            [
              101.72664223965323,
              3.0851329827454292
            ],
            [
              101.72674216360471,
              3.084724602063611
            ],
            [
              101.72676427424963,
              3.084657000638665
            ],
            [
              101.72678637611001,
              3.0845552037355928
            ],
            [
              101.72681130658688,
              3.084239900022199
            ],
            [
              101.72681745575312,
              3.0838319053334637
            ],
            [
              101.7268139682974,
              3.0836935092680666
            ],
            [
              101.72683668507443,
              3.083510706452984
            ],
            [
              101.72682740861792,
              3.0833333075410634
            ],
            [
              101.72679133058111,
              3.083122502682323
            ],
            [
              101.72674236564875,
              3.0828833975125423
            ],
            [
              101.72666931355376,
              3.0825914990160905
            ],
            [
              101.726555466133,
              3.082184890393426
            ],
            [
              101.72652308638045,
              3.082059775999112
            ],
            [
              101.72650080004507,
              3.081959979242016
            ],
            [
              101.72648841386734,
              3.0818576735298797
            ],
            [
              101.72646563559867,
              3.081727681586608
            ],
            [
              101.72645484820417,
              3.0815844781528132
            ],
            [
              101.72642947850115,
              3.0813809720723695
            ],
            [
              101.72642008784584,
              3.081250980129098
            ],
            [
              101.72642540248238,
              3.081119777571157
            ],
            [
              101.72645761532898,
              3.0809376765616796
            ],
            [
              101.72647773188713,
              3.080776980623169
            ],
            [
              101.72648575215682,
              3.080629689171723
            ],
            [
              101.72649385148722,
              3.080550683405688
            ],
            [
              101.72651395926084,
              3.080452886794567
            ],
            [
              101.72653277570954,
              3.08033508872369
            ],
            [
              101.72655288348317,
              3.08020918479807
            ],
            [
              101.72658239948115,
              3.080019100749831
            ],
            [
              101.72660920984598,
              3.0799026010193242
            ],
            [
              101.72663472010137,
              3.079753905956667
            ],
            [
              101.72666704714678,
              3.0794810088469835
            ],
            [
              101.72662901016128,
              3.0789560933443783
            ],
            [
              101.72654988796076,
              3.078303291315318
            ],
            [
              101.72644795235345,
              3.077837590660674
            ],
            [
              101.72636682728164,
              3.0772363713436146
            ],
            [
              101.72630259484795,
              3.0767193686992114
            ],
            [
              101.72619538852672,
              3.076021861653083
            ],
            [
              101.72612302162455,
              3.075763351558311
            ],
            [
              101.7260706570817,
              3.0755209479021848
            ],
            [
              101.7260451819644,
              3.0753576377377936
            ],
            [
              101.72603579130909,
              3.0752196452106197
            ],
            [
              101.72603040639636,
              3.075108549383275
            ],
            [
              101.72603041518089,
              3.075013437178595
            ],
            [
              101.7260224300493,
              3.0749184477898956
            ],
            [
              101.72603053816421,
              3.0748554431916655
            ],
            [
              101.7260225442481,
              3.0747737354740496
            ],
            [
              101.72600375415296,
              3.074713538098241
            ],
            [
              101.72596346832952,
              3.074625128137093
            ],
            [
              101.72589648634008,
              3.0745112250873268
            ],
            [
              101.72584280411876,
              3.0744242187373896
            ],
            [
              101.72577312528067,
              3.0743251237858984
            ],
            [
              101.7256537523948,
              3.074197903974768
            ],
            [
              101.72555048153998,
              3.07410819567325
            ],
            [
              101.72540840944615,
              3.073986274494441
            ],
            [
              101.72532933116824,
              3.0739206732154707
            ],
            [
              101.72522744826807,
              3.073859054683311
            ],
            [
              101.72516576334611,
              3.073828245417231
            ],
            [
              101.72509737583295,
              3.073806840346265
            ],
            [
              101.72502758279606,
              3.07379213751883
            ],
            [
              101.72493110237768,
              3.0737720307882337
            ],
            [
              101.72469103892747,
              3.073733098122271
            ],
            [
              101.72450196963447,
              3.0737036749222617
            ],
            [
              101.72423510460396,
              3.073660759509488
            ],
            [
              101.72414932373485,
              3.073651443040075
            ],
            [
              101.72403403565227,
              3.073621932114366
            ],
            [
              101.72395225174121,
              3.073585718945124
            ],
            [
              101.72387176793958,
              3.073548312706353
            ],
            [
              101.72372159651536,
              3.073474605572639
            ],
            [
              101.72360452517458,
              3.073397091143516
            ],
            [
              101.72347354793355,
              3.0732977681052027
            ],
            [
              101.72337837640913,
              3.0731906725698095
            ],
            [
              101.72330599193789,
              3.0731062629006125
            ],
            [
              101.7232751055543,
              3.0730594524667283
            ],
            [
              101.72320132434388,
              3.0729429527362218
            ],
            [
              101.72315184112465,
              3.0728425418992202
            ],
            [
              101.72312625180855,
              3.072773536863063
            ],
            [
              101.72307137489207,
              3.072610840778577
            ],
            [
              101.72302710089511,
              3.0724555311980883
            ],
            [
              101.72297612430694,
              3.072305520249921
            ],
            [
              101.72287426776035,
              3.071997410043983
            ],
            [
              101.72276840547117,
              3.0717243023926177
            ],
            [
              101.72271073507632,
              3.0715422013831404
            ],
            [
              101.72257129833945,
              3.0711470848272655
            ],
            [
              101.72247613559955,
              3.0708792758082213
            ],
            [
              101.7224131681372,
              3.070695876458374
            ],
            [
              101.72230859717294,
              3.0705029676425726
            ],
            [
              101.72220262946949,
              3.0703181471363745
            ],
            [
              101.72214365018067,
              3.0702405449815506
            ],
            [
              101.7220833619979,
              3.070166837847837
            ],
            [
              101.7219827879917,
              3.0700731292543675
            ],
            [
              101.72188220520097,
              3.0699820173416383
            ],
            [
              101.72168645088583,
              3.069833392459542
            ],
            [
              101.7214651950998,
              3.0696458700017626
            ],
            [
              101.72132443189993,
              3.069538756921229
            ],
            [
              101.72082433777825,
              3.069123621360458
            ],
            [
              101.72054939977092,
              3.068906587976969
            ],
            [
              101.72021956727805,
              3.068638761412785
            ],
            [
              101.71992323017217,
              3.0684204296889255
            ],
            [
              101.71981194783218,
              3.0683401080373804
            ],
            [
              101.71964568316145,
              3.068215502452131
            ],
            [
              101.71946742761652,
              3.0680681759104043
            ],
            [
              101.71930515990383,
              3.067944956391225
            ],
            [
              101.71913219264188,
              3.0678351413591107
            ],
            [
              101.71881974472043,
              3.067695920672127
            ],
            [
              101.71866157059557,
              3.0676235996044845
            ],
            [
              101.71838932065234,
              3.0675177673191807
            ],
            [
              101.71800179141104,
              3.0673503340468575
            ],
            [
              101.71774842819269,
              3.0672498179390155
            ],
            [
              101.71711143606136,
              3.066996746837686
            ],
            [
              101.71681518680072,
              3.066873527318507
            ],
            [
              101.71621579242871,
              3.066622965172217
            ],
            [
              101.71584835339199,
              3.06647432274498
            ],
            [
              101.71545282145006,
              3.066312293375819
            ],
            [
              101.71533343977967,
              3.066262675719513
            ],
            [
              101.71520206723511,
              3.0662037591389346
            ],
            [
              101.71495270975934,
              3.0660283428278494
            ],
            [
              101.71474615926518,
              3.0658622254410366
            ],
            [
              101.71453170270011,
              3.0656974941202946
            ],
            [
              101.71431314376271,
              3.0655327803446926
            ],
            [
              101.71374455671359,
              3.0650988363936955
            ],
            [
              101.71344831623747,
              3.0648498006745974
            ],
            [
              101.71324446259193,
              3.064695789434479
            ],
            [
              101.71272157263253,
              3.0642417387528855
            ],
            [
              101.71226026218083,
              3.0638573949130543
            ],
            [
              101.71186744465656,
              3.0635319501086613
            ],
            [
              101.71152822150839,
              3.063228927993363
            ],
            [
              101.71137805008416,
              3.0631066032763314
            ],
            [
              101.7111244936063,
              3.0629810853437944
            ],
            [
              101.71089462898755,
              3.0628795647766793
            ],
            [
              101.71062377578349,
              3.0627761449481445
            ],
            [
              101.71045949641498,
              3.0627323259606536
            ],
            [
              101.71031471868801,
              3.0626935161106714
            ],
            [
              101.70988968831715,
              3.062598377588281
            ],
            [
              101.70945725259323,
              3.062478237241196
            ],
            [
              101.70910120708311,
              3.0623305071612466
            ],
            [
              101.70880885815076,
              3.06218318061952
            ],
            [
              101.70848711620377,
              3.062009053876235
            ],
            [
              101.70742779933472,
              3.061409053946415
            ],
            [
              101.7070925643601,
              3.0611652291339375
            ],
            [
              101.7069290053225,
              3.0609751187679883
            ],
            [
              101.7068083323272,
              3.060811703332756
            ],
            [
              101.70665277599024,
              3.060543894313712
            ],
            [
              101.70656700390565,
              3.060356380628503
            ],
            [
              101.70649992528644,
              3.0601474794174672
            ],
            [
              101.70645444780979,
              3.060008276275624
            ],
            [
              101.706400774373,
              3.0597510732937923
            ],
            [
              101.70637399914625,
              3.059571674235896
            ],
            [
              101.70634453585542,
              3.0591458712299224
            ],
            [
              101.70631506378005,
              3.0589288641641432
            ],
            [
              101.70628287728702,
              3.0587574656901495
            ],
            [
              101.70626139034326,
              3.0586369656676915
            ],
            [
              101.70626680160956,
              3.0584977625258483
            ],
            [
              101.70628292120963,
              3.058299467352025
            ],
            [
              101.70631783090487,
              3.0580959700441515
            ],
            [
              101.70637413969862,
              3.0579057719525014
            ],
            [
              101.7064438536748,
              3.057696879514036
            ],
            [
              101.70651096743211,
              3.0574799864916677
            ],
            [
              101.7066557890817,
              3.0569497021761807
            ],
            [
              101.70668259944652,
              3.05685190556506
            ],
            [
              101.70670950644111,
              3.0567234049586998
            ],
            [
              101.70674701635521,
              3.0565640161331293
            ],
            [
              101.7067752498128,
              3.0561864183996805
            ],
            [
              101.70681417403513,
              3.0557847224162544
            ],
            [
              101.70684638688172,
              3.0555798214971697
            ],
            [
              101.7068811999472,
              3.0554365303376745
            ],
            [
              101.70692150333967,
              3.05535883168458
            ],
            [
              101.70699120853132,
              3.055222242768617
            ],
            [
              101.70705291980686,
              3.0550214474123245
            ],
            [
              101.70715754347826,
              3.0545875560967475
            ],
            [
              101.70722615938902,
              3.0543193610846204
            ],
            [
              101.70730237391237,
              3.054073369447336
            ],
            [
              101.7074553036769,
              3.053537690001257
            ],
            [
              101.70763134552196,
              3.05283520013533
            ],
            [
              101.70774777559255,
              3.0523486119913534
            ],
            [
              101.70784169093017,
              3.0520004286853437
            ],
            [
              101.70799722091355,
              3.051464740466695
            ],
            [
              101.70807504300464,
              3.051084449554235
            ],
            [
              101.70813677184923,
              3.0506988512368842
            ],
            [
              101.70814220946909,
              3.0502702585536285
            ],
            [
              101.70813683334089,
              3.0500131608426377
            ],
            [
              101.70811535518165,
              3.0497828545606356
            ],
            [
              101.70808858873943,
              3.049458751959463
            ],
            [
              101.70803772635006,
              3.049118648190486
            ],
            [
              101.70799475246253,
              3.048872253014979
            ],
            [
              101.70789959850714,
              3.0485454396896556
            ],
            [
              101.70782852292987,
              3.0482870348657243
            ],
            [
              101.70776956121011,
              3.0480071284725563
            ],
            [
              101.70771018661775,
              3.0477121244863
            ],
            [
              101.70752830306475,
              3.0466599161146015
            ],
            [
              101.70742307326124,
              3.0460394059159626
            ],
            [
              101.70731393434491,
              3.0454869006804928
            ],
            [
              101.70722278613212,
              3.0449725912151
            ],
            [
              101.70719330527223,
              3.044798490789525
            ],
            [
              101.70717722959476,
              3.0445440862575452
            ],
            [
              101.70718255301583,
              3.044268188928898
            ],
            [
              101.70720137824905,
              3.043957596085631
            ],
            [
              101.70724160258082,
              3.0436120971860623
            ],
            [
              101.70728462039096,
              3.043381703178359
            ],
            [
              101.70733282985434,
              3.043188908405969
            ],
            [
              101.70733555305652,
              3.0429961048610084
            ],
            [
              101.70727927940086,
              3.042757701496833
            ],
            [
              101.70711475406571,
              3.0421196900209075
            ],
            [
              101.70699779692373,
              3.041753286086866
            ],
            [
              101.70685025207194,
              3.0412711719536243
            ],
            [
              101.7067082151162,
              3.040791759771963
            ],
            [
              101.70660096487237,
              3.0403686499450004
            ],
            [
              101.7065016909756,
              3.0401168420937608
            ],
            [
              101.70639981685996,
              3.0399427328956157
            ],
            [
              101.70626305061815,
              3.0397713256490517
            ],
            [
              101.70598950056547,
              3.039541001821909
            ],
            [
              101.70564094825365,
              3.0393320742931635
            ],
            [
              101.70548537434765,
              3.03922755789337
            ],
            [
              101.70529051605386,
              3.039041640815913
            ],
            [
              101.70527491474064,
              3.0390002430577607
            ],
            [
              101.70514544843762,
              3.0388425297930737
            ],
            [
              101.70500337634378,
              3.038615521997417
            ],
            [
              101.70497528343857,
              3.0385937133882273
            ],
            [
              101.70486051364287,
              3.038442807637913
            ],
            [
              101.70462505328281,
              3.0381815868189896
            ],
            [
              101.70449318880495,
              3.0380061792804747
            ],
            [
              101.70440200545406,
              3.0378776699015444
            ],
            [
              101.70428932637488,
              3.037727658953377
            ],
            [
              101.70414296743373,
              3.0375002476194974
            ],
            [
              101.70403459277091,
              3.037333937236143
            ],
            [
              101.70391932225739,
              3.0371491342750847
            ],
            [
              101.70385224363818,
              3.036969629946348
            ],
            [
              101.7038469553552,
              3.0368277248529236
            ],
            [
              101.70384957314312,
              3.036613428511296
            ],
            [
              101.7038871884715,
              3.0364045360728302
            ],
            [
              101.70390329928706,
              3.0362465333133306
            ],
            [
              101.70391401640538,
              3.0360161393056275
            ],
            [
              101.70391943645619,
              3.035809940046173
            ],
            [
              101.7039435499724,
              3.0355314372642153
            ],
            [
              101.7039946144058,
              3.0347868478345306
            ],
            [
              101.70400803715725,
              3.034452051470445
            ],
            [
              101.7040321682425,
              3.0340396529515354
            ],
            [
              101.70405269767325,
              3.033691855638609
            ],
            [
              101.70403492658279,
              3.0334155547717385
            ],
            [
              101.70401086577372,
              3.032917457015832
            ],
            [
              101.70397332950607,
              3.0322638566828957
            ],
            [
              101.70391441170891,
              3.031398854956454
            ],
            [
              101.70387154323566,
              3.0310640498197983
            ],
            [
              101.70375889929457,
              3.0305524423059866
            ],
            [
              101.70370262563891,
              3.030206934633848
            ],
            [
              101.70362897619634,
              3.029779728016663
            ],
            [
              101.70356320647109,
              3.029462327659023
            ],
            [
              101.70351233529719,
              3.0291691220496313
            ],
            [
              101.70337958358249,
              3.0288008144678846
            ],
            [
              101.70328440327353,
              3.028591904484279
            ],
            [
              101.70316644469591,
              3.0283052958475785
            ],
            [
              101.70301357642305,
              3.02805618994792
            ],
            [
              101.70285000860093,
              3.0278231729417664
            ],
            [
              101.70273733830628,
              3.0276544676467836
            ],
            [
              101.70263275855748,
              3.0275205543646915
            ],
            [
              101.70252418185065,
              3.027397247119812
            ],
            [
              101.70241020266204,
              3.027276738324784
            ],
            [
              101.70227742459376,
              3.027156229529756
            ],
            [
              101.70209645463116,
              3.0270076134202295
            ],
            [
              101.70190738533817,
              3.0268414960334167
            ],
            [
              101.70176790467869,
              3.0266994856691514
            ],
            [
              101.70164723168338,
              3.0265736782418022
            ],
            [
              101.70155074248048,
              3.026479873150062
            ],
            [
              101.70131468477285,
              3.026308448358358
            ],
            [
              101.70105591907273,
              3.0261089337972957
            ],
            [
              101.70088024617763,
              3.0259924165216487
            ],
            [
              101.70076226124644,
              3.025924104518527
            ],
            [
              101.70053159723605,
              3.0258182897783636
            ],
            [
              101.70011594873598,
              3.0256160557205796
            ],
            [
              101.6999429726895,
              3.025532944391753
            ],
            [
              101.69978068740777,
              3.0254700275192232
            ],
            [
              101.69954731776424,
              3.025384310737086
            ],
            [
              101.69932344419031,
              3.0253065945388515
            ],
            [
              101.6989103959091,
              3.025182059134162
            ],
            [
              101.69850413806434,
              3.0250414260633978
            ],
            [
              101.69820507775626,
              3.0249369008910345
            ],
            [
              101.69793691261631,
              3.024839183233044
            ],
            [
              101.69761904464406,
              3.0247038575671708
            ],
            [
              101.6974769637657,
              3.024639545856
            ],
            [
              101.69731738411711,
              3.024551135894852
            ],
            [
              101.69713371730589,
              3.02444802310627
            ],
            [
              101.69704782223798,
              3.0243985107208045
            ],
            [
              101.69689234496173,
              3.0242752999741955
            ],
            [
              101.69678906532238,
              3.0241935922565797
            ],
            [
              101.69649141053802,
              3.023953873006894
            ],
            [
              101.69642562324373,
              3.0238814642135505
            ],
            [
              101.69633183967396,
              3.023758262239512
            ],
            [
              101.69623795947444,
              3.0236578514025103
            ],
            [
              101.6961547788242,
              3.0234998486430107
            ],
            [
              101.69609579075086,
              3.0233525484189943
            ],
            [
              101.69607709728547,
              3.0232574449868843
            ],
            [
              101.69607710606999,
              3.023161043214404
            ],
            [
              101.6960864176646,
              3.023029744158192
            ],
            [
              101.69609052882146,
              3.0228423445163934
            ],
            [
              101.6960757444689,
              3.0226682440908186
            ],
            [
              101.69606377116376,
              3.0224177433525194
            ],
            [
              101.69602220279995,
              3.022042847570652
            ],
            [
              101.69596853814768,
              3.0216276418293204
            ],
            [
              101.69591765818926,
              3.021398633887688
            ],
            [
              101.69588547169623,
              3.021300933774838
            ],
            [
              101.69575410793618,
              3.020915230186646
            ],
            [
              101.69561865058833,
              3.020517516950031
            ],
            [
              101.69553416982865,
              3.0203769101969766
            ],
            [
              101.69542959007987,
              3.020217503826266
            ],
            [
              101.69528881809546,
              3.020062097747507
            ],
            [
              101.69515334317856,
              3.019920183881512
            ],
            [
              101.69487718412249,
              3.0196322681318715
            ],
            [
              101.69452314148367,
              3.019289339595333
            ],
            [
              101.69423218929052,
              3.0190175215117674
            ],
            [
              101.69396802989316,
              3.0187670997265985
            ],
            [
              101.69374546521317,
              3.0185460835962985
            ],
            [
              101.69354429963172,
              3.018358569911089
            ],
            [
              101.69334052504688,
              3.0181456508629623
            ],
            [
              101.69327074079452,
              3.0180827515355726
            ],
            [
              101.69322244348594,
              3.018050547430852
            ],
            [
              101.6930454704814,
              3.017939434058367
            ],
            [
              101.69291138351916,
              3.0178724203956158
            ],
            [
              101.69274510127937,
              3.017802810052124
            ],
            [
              101.69229455186859,
              3.0176594750297783
            ],
            [
              101.6917729093115,
              3.0174866378542933
            ],
            [
              101.69141355203612,
              3.017364813173755
            ],
            [
              101.69102199069869,
              3.0172401900433656
            ],
            [
              101.69036756128878,
              3.017029937856539
            ],
            [
              101.69014898478234,
              3.016964222534158
            ],
            [
              101.6900162945593,
              3.0169187192132134
            ],
            [
              101.68967034246634,
              3.0167633920875847
            ],
            [
              101.68961394582735,
              3.016728591302124
            ],
            [
              101.6895120629272,
              3.0166615776393724
            ],
            [
              101.68917280464093,
              3.016423156730057
            ],
            [
              101.68885234523432,
              3.0162196331044733
            ],
            [
              101.68855867862351,
              3.016041514841807
            ],
            [
              101.68829181359298,
              3.015864694919511
            ],
            [
              101.68822212597038,
              3.015817796759926
            ],
            [
              101.68815773541527,
              3.0157641875842387
            ],
            [
              101.68806655206438,
              3.0156771812343015
            ],
            [
              101.68790567230636,
              3.0154682712506955
            ],
            [
              101.68747654834769,
              3.014908440919219
            ],
            [
              101.68725938614948,
              3.014623227121159
            ],
            [
              101.68714941270345,
              3.014486620660056
            ],
            [
              101.68707432259907,
              3.0144183174295045
            ],
            [
              101.68688254767294,
              3.014218706370171
            ],
            [
              101.68677126533294,
              3.0140688006928444
            ],
            [
              101.68672297680887,
              3.0139856981365876
            ],
            [
              101.686681390876,
              3.0138946914946994
            ],
            [
              101.68662650517501,
              3.0137606904869068
            ],
            [
              101.68658491045763,
              3.013660288422475
            ],
            [
              101.68654331574024,
              3.0135825809968106
            ],
            [
              101.68650713228914,
              3.0135035840033457
            ],
            [
              101.6863904562519,
              3.013221072156867
            ],
            [
              101.68619870767934,
              3.012729562601082
            ],
            [
              101.68613171690535,
              3.0125889646205977
            ],
            [
              101.68610083052175,
              3.0125326622658997
            ],
            [
              101.68588896539104,
              3.0122233502178624
            ],
            [
              101.68573079126617,
              3.0120251339971698
            ],
            [
              101.68559940993708,
              3.0118925278280178
            ],
            [
              101.68534324445584,
              3.0116688097461366
            ],
            [
              101.68505098336873,
              3.011417089620598
            ],
            [
              101.6849423012476,
              3.0113286884320196
            ],
            [
              101.6848257130556,
              3.0112402784708716
            ],
            [
              101.68457894701419,
              3.0111009612856177
            ],
            [
              101.6844421544188,
              3.01104475542919
            ],
            [
              101.68427857781215,
              3.010987145961552
            ],
            [
              101.68400500140591,
              3.01091752684549
            ],
            [
              101.68378912174809,
              3.010884015627829
            ],
            [
              101.68357853915776,
              3.010849197297228
            ],
            [
              101.68327286410371,
              3.010795579348971
            ],
            [
              101.68303678882705,
              3.010755365887778
            ],
            [
              101.68275650982959,
              3.010754041229698
            ],
            [
              101.68241213895082,
              3.0107225213854423
            ],
            [
              101.68225875239109,
              3.010741013963146
            ],
            [
              101.68182188048296,
              3.010838380718334
            ],
            [
              101.68154289281041,
              3.010894569029621
            ],
            [
              101.68136860786997,
              3.010926659090931
            ],
            [
              101.68085364155051,
              3.011012323237648
            ],
            [
              101.68058005635974,
              3.011074003177798
            ],
            [
              101.68038966938828,
              3.0111060932391074
            ],
            [
              101.680239480395,
              3.0111622815503947
            ],
            [
              101.68007588621931,
              3.0112479720148215
            ],
            [
              101.67991759789564,
              3.011314959359863
            ],
            [
              101.67971640596062,
              3.011411352359773
            ],
            [
              101.67938122369313,
              3.0115720307531437
            ],
            [
              101.67900033555138,
              3.011789002728642
            ],
            [
              101.67854166045663,
              3.011976472551001
            ],
            [
              101.67830297617657,
              3.012056759112266
            ],
            [
              101.67785510604536,
              3.0121424320315526
            ],
            [
              101.67757612715734,
              3.0121799172234542
            ],
            [
              101.67731334693012,
              3.0121933041653786
            ],
            [
              101.67699417884843,
              3.012174583500853
            ],
            [
              101.676066252093,
              3.0120486269398126
            ],
            [
              101.67492635479256,
              3.0119654629755654
            ],
            [
              101.67429610917506,
              3.011874430015967
            ],
            [
              101.6740493255646,
              3.011834216554774
            ],
            [
              101.67342978828087,
              3.011692276371069
            ],
            [
              101.67273255188938,
              3.0114913406536554
            ],
            [
              101.67215050695071,
              3.0113225125426917
            ],
            [
              101.67166245641036,
              3.011180581131557
            ],
            [
              101.67123059168044,
              3.011051957709216
            ],
            [
              101.67081763124447,
              3.0109180356545537
            ],
            [
              101.67053065844033,
              3.010837722775579
            ],
            [
              101.6702221899079,
              3.01074661086285
            ],
            [
              101.66987891709454,
              3.0106956948661736
            ],
            [
              101.66946855687743,
              3.010634067561444
            ],
            [
              101.66899118831729,
              3.010647445730798
            ],
            [
              101.66870691236178,
              3.0106608326727224
            ],
            [
              101.66850842605992,
              3.010692922734032
            ],
            [
              101.66744100107594,
              3.010842863501639
            ],
            [
              101.66622069025009,
              3.0109767066031705
            ],
            [
              101.66561183494657,
              3.0110677746530494
            ],
            [
              101.66375317038829,
              3.0113167840544373
            ],
            [
              101.66251146046389,
              3.011461329691452
            ],
            [
              101.66099337187033,
              3.011654159554123
            ],
            [
              101.66084587972568,
              3.0116755470799492
            ],
            [
              101.66057230331944,
              3.011755842413784
            ],
            [
              101.66036041183516,
              3.0118308303427277
            ],
            [
              101.66010562552405,
              3.0119647173071096
            ],
            [
              101.65907578951489,
              3.0125003704354785
            ],
            [
              101.65832913139583,
              3.012875441668747
            ],
            [
              101.65800565011325,
              3.013081526884791
            ],
            [
              101.65768917009565,
              3.0132744093828823
            ],
            [
              101.65703740239628,
              3.0137055812017377
            ],
            [
              101.65660822573048,
              3.0139706619514905
            ],
            [
              101.65644733718793,
              3.014064458270661
            ],
            [
              101.65608796234352,
              3.0141983364624725
            ],
            [
              101.6558170827859,
              3.0142786317963073
            ],
            [
              101.6553075189482,
              3.0143911049171526
            ],
            [
              101.65491324319309,
              3.0144500916782917
            ],
            [
              101.65463966678685,
              3.0144392838719676
            ],
            [
              101.65455118028459,
              3.01441258016868
            ],
            [
              101.65433119825443,
              3.014324170207532
            ],
            [
              101.65415421646537,
              3.014230365115792
            ],
            [
              101.65382975131618,
              3.0140616510482388
            ],
            [
              101.65354008166342,
              3.013866145551697
            ],
            [
              101.65329330683748,
              3.0136491384859183
            ],
            [
              101.65302244484892,
              3.0133277290637572
            ],
            [
              101.65289106351982,
              3.013153619865612
            ],
            [
              101.65256120467339,
              3.0126501094339737
            ],
            [
              101.65226614132338,
              3.012243000774815
            ],
            [
              101.65210526156535,
              3.011993903647727
            ],
            [
              101.65201138136584,
              3.011830496985065
            ],
            [
              101.65189339643464,
              3.0115947955724707
            ],
            [
              101.65184510791057,
              3.0114555924306274
            ],
            [
              101.6517647207387,
              3.011246594721321
            ],
            [
              101.65172713176389,
              3.0110108933087267
            ],
            [
              101.65165205044404,
              3.010745786241263
            ],
            [
              101.65158765988893,
              3.0104404832577476
            ],
            [
              101.65157966597282,
              3.010335984403094
            ],
            [
              101.65157967475734,
              3.0102261869161198
            ],
            [
              101.65154477384664,
              3.0100868872760054
            ],
            [
              101.65144020288237,
              3.0096877879733195
            ],
            [
              101.65134632268285,
              3.0093503861559237
            ],
            [
              101.65104867668303,
              3.008372779720086
            ],
            [
              101.65094140008561,
              3.0080138763334525
            ],
            [
              101.65090390774057,
              3.0078236782418024
            ],
            [
              101.6508475198861,
              3.0075075762245325
            ],
            [
              101.6508046338438,
              3.0072102738249185
            ],
            [
              101.65077784104803,
              3.007009478468626
            ],
            [
              101.65074035748749,
              3.0066853758674537
            ],
            [
              101.65073226694162,
              3.0064817732887392
            ],
            [
              101.65072428181003,
              3.006128273805268
            ],
            [
              101.6506626144571,
              3.005335479103058
            ],
            [
              101.65062773111545,
              3.004925677264889
            ],
            [
              101.6505580610619,
              3.0041971767287095
            ],
            [
              101.65050978132236,
              3.0037364808252893
            ],
            [
              101.65044010248427,
              3.0030882800092296
            ],
            [
              101.65039182274472,
              3.002657081872664
            ],
            [
              101.6503596362517,
              3.0022981784860305
            ],
            [
              101.65030565974884,
              3.0017919792616663
            ],
            [
              101.65029256641701,
              3.0016687816739127
            ],
            [
              101.65021478385627,
              3.001248281686545
            ],
            [
              101.65016919657307,
              3.0010634787254866
            ],
            [
              101.6500941064687,
              3.0008732762475514
            ],
            [
              101.6499305254698,
              3.000640272400253
            ],
            [
              101.64972404525182,
              3.00045546505291
            ],
            [
              101.649474670207,
              3.0002170573024496
            ],
            [
              101.64927618829739,
              3.0000429524905896
            ],
            [
              101.64905350941861,
              2.9999170485649698
            ],
            [
              101.64881212828992,
              2.9997697395683836
            ],
            [
              101.6482650808917,
              2.999402822438993
            ],
            [
              101.64767233201151,
              2.999001008025871
            ],
            [
              101.64701799044684,
              2.9986045887433406
            ],
            [
              101.64609266830254,
              2.9979858637627106
            ],
            [
              101.64570700138017,
              2.9977207523089624
            ],
            [
              101.64547312223429,
              2.997559946713326
            ],
            [
              101.64473828808347,
              2.997134126162212
            ],
            [
              101.64445930919547,
              2.996946616863288
            ],
            [
              101.64373787144254,
              2.9965046986460986
            ],
            [
              101.64327390806481,
              2.9962581894271803
            ],
            [
              101.64274554973973,
              2.9959341745517083
            ],
            [
              101.64245317445382,
              2.995746669639069
            ],
            [
              101.64198651422748,
              2.9953528558098497
            ],
            [
              101.64161374737743,
              2.994980547936152
            ],
            [
              101.64138577143116,
              2.99471814282027
            ],
            [
              101.64117659436455,
              2.9943806401183184
            ],
            [
              101.64101571021428,
              2.9940404398510707
            ],
            [
              101.64076094586447,
              2.9933655353317232
            ],
            [
              101.64046318127357,
              2.992599431173946
            ],
            [
              101.64030769960507,
              2.9921763301195536
            ],
            [
              101.64012532411876,
              2.9917049272943648
            ],
            [
              101.64005023401438,
              2.9914290255794325
            ],
            [
              101.6399456542656,
              2.991046023942822
            ],
            [
              101.63987316438009,
              2.9906763259087197
            ],
            [
              101.63976058193067,
              2.99019962445121
            ],
            [
              101.6395809120775,
              2.9894711239150307
            ],
            [
              101.63947633232873,
              2.988905924770672
            ],
            [
              101.63940924492499,
              2.9885309237179634
            ],
            [
              101.63933415482062,
              2.988335422607707
            ],
            [
              101.63915447179068,
              2.988024720107314
            ],
            [
              101.63891579629514,
              2.987494413860402
            ],
            [
              101.6386529238304,
              2.9868623107104177
            ],
            [
              101.63843574845542,
              2.986436411206173
            ],
            [
              101.63825876666637,
              2.9860695072356376
            ],
            [
              101.63792079531275,
              2.9855686022573096
            ],
            [
              101.637446035756,
              2.985011491422554
            ],
            [
              101.63697406967765,
              2.9845480847949823
            ],
            [
              101.63644841259344,
              2.9840123746449083
            ],
            [
              101.63581546134279,
              2.9832677676700836
            ],
            [
              101.63531119896486,
              2.9826946600538085
            ],
            [
              101.6349384233303,
              2.982397252383354
            ],
            [
              101.63441006061294,
              2.9819433464491665
            ],
            [
              101.63411098273582,
              2.9816861390810496
            ],
            [
              101.63386960160713,
              2.981455837185332
            ],
            [
              101.63373010777086,
              2.981312532866982
            ],
            [
              101.63344322720422,
              2.9809777321166115
            ],
            [
              101.63321924821601,
              2.9807125285508778
            ],
            [
              101.63278207763406,
              2.9801929204531636
            ],
            [
              101.63232610817246,
              2.979625115855495
            ],
            [
              101.63217322233056,
              2.9794054156107053
            ],
            [
              101.63204723469873,
              2.9790599167111362
            ],
            [
              101.63189434885683,
              2.978585816320652
            ],
            [
              101.63169316570634,
              2.978079612710002
            ],
            [
              101.63149738503762,
              2.9776162104687156
            ],
            [
              101.63131500076679,
              2.977142210962787
            ],
            [
              101.63117551132278,
              2.976753809809299
            ],
            [
              101.63111122178968,
              2.9763574124581944
            ],
            [
              101.63106293765787,
              2.975671713291378
            ],
            [
              101.63098244946399,
              2.975149416400938
            ],
            [
              101.63088326780472,
              2.9743244175940076
            ],
            [
              101.63075718793539,
              2.973231618540603
            ],
            [
              101.63065800627611,
              2.9724870203383484
            ],
            [
              101.63053732888855,
              2.971402226255131
            ],
            [
              101.63045414384604,
              2.9706255292189967
            ],
            [
              101.6303951557727,
              2.9700925297930736
            ],
            [
              101.6303173688197,
              2.969388031008601
            ],
            [
              101.63025838074635,
              2.9687425321441223
            ],
            [
              101.63021009222228,
              2.968105033863546
            ],
            [
              101.63015110854121,
              2.967253335739613
            ],
            [
              101.63010021540602,
              2.9667926398361923
            ],
            [
              101.63002242845302,
              2.966289039485711
            ],
            [
              101.62995803789791,
              2.9658069407044665
            ],
            [
              101.62985074812372,
              2.9653971410594395
            ],
            [
              101.62976225722919,
              2.965024841958312
            ],
            [
              101.62967376633465,
              2.964408843053831
            ],
            [
              101.6295906779219,
              2.963924044514148
            ],
            [
              101.62940559680244,
              2.963120446391899
            ],
            [
              101.62925541220143,
              2.962429446399619
            ],
            [
              101.62918301894568,
              2.962030347096933
            ],
            [
              101.62915212377756,
              2.9618287468573365
            ],
            [
              101.62914412546918,
              2.961775247338775
            ],
            [
              101.62914002309684,
              2.9617477475247536
            ],
            [
              101.62903813580442,
              2.9611812478468824
            ],
            [
              101.62896034445916,
              2.9608383500143387
            ],
            [
              101.62877795579607,
              2.9603428489391725
            ],
            [
              101.62857147118581,
              2.9596839499739147
            ],
            [
              101.62822549713155,
              2.95864735019751
            ],
            [
              101.62794661926556,
              2.9577393497188784
            ],
            [
              101.62771593329387,
              2.95699744908192
            ],
            [
              101.60818181978358,
              2.920848637607258
            ]
          ]
        ]
      },
      "properties": {
        "name": "None_water",
        "type": "MESH"
      }
    }
  ],
  "crs": {
    "type": "name",
    "properties": {
      "name": "urn:ogc:def:crs:EPSG::4326"
    }
  }
}